"id.exposure","id.outcome","outcome","exposure","method","nsnp","b","se","pval"
"eqtl-a-ENSG00000140443","ebi-a-GCST90018627","Graves' disease || id:ebi-a-GCST90018627","ENSG00000140443 || id:eqtl-a-ENSG00000140443","Inverse variance weighted",10,0.198371620711962,0.115539396954379,0.0859942340447829
"eqtl-a-ENSG00000140443","ebi-a-GCST90018627","Graves' disease || id:ebi-a-GCST90018627","ENSG00000140443 || id:eqtl-a-ENSG00000140443","MR Egger",10,0.310797294911642,0.233180342259418,0.219286058427453
"eqtl-a-ENSG00000140443","ebi-a-GCST90018627","Graves' disease || id:ebi-a-GCST90018627","ENSG00000140443 || id:eqtl-a-ENSG00000140443","Weighted median",10,0.25596979876529,0.157736146478024,0.104638157625235
"eqtl-a-ENSG00000140443","ebi-a-GCST90018627","Graves' disease || id:ebi-a-GCST90018627","ENSG00000140443 || id:eqtl-a-ENSG00000140443","Weighted mode",10,0.252656496324337,0.536628415171605,0.648970022269221
