id.exposure	chr.exposure	SNP	effect_allele.exposure	other_allele.exposure	eaf.exposure	beta.exposure	se.exposure	pval.exposure	exposure	mr_keep.exposure	pval_origin.exposure	F_stat
eqtl-a-ENSG00000163599	2	rs13030124	A	G	0.419768	0.211522	0.0119276	2.29932e-70	exposure	TRUE	reported	314.488635156245
eqtl-a-ENSG00000163599	5	rs6890853	A	G	0.27143	0.0950662	0.0133599	1.11429e-12	exposure	TRUE	reported	50.6344217092114
eqtl-a-ENSG00000163599	6	rs477515	A	G	0.265286	-0.0846835	0.0134623	3.1665e-10	exposure	TRUE	reported	39.5693639962713
eqtl-a-ENSG00000163599	1	rs6679677	A	C	0.107034	0.118571	0.0192257	6.95104e-10	exposure	TRUE	reported	38.035807673753
eqtl-a-ENSG00000163599	5	rs2910686	C	T	0.434174	0.0717052	0.0119928	2.24792e-09	exposure	TRUE	reported	35.7486890784772
eqtl-a-ENSG00000163599	2	rs148849825	T	C	0.0265553	-0.218953	0.0369721	3.17658e-09	exposure	TRUE	reported	35.0714371059837
eqtl-a-ENSG00000163599	10	rs4147359	A	G	0.360737	0.071808	0.0123792	6.60785e-09	exposure	TRUE	reported	33.64809664843
