id.exposure	chr.exposure	SNP	effect_allele.exposure	other_allele.exposure	eaf.exposure	beta.exposure	se.exposure	pval.exposure	exposure	mr_keep.exposure	pval_origin.exposure	F_stat
eqtl-a-ENSG00000140443	15	rs2654980	T	C	0.231425	-0.269712	0.0139284	1.54739e-83	exposure	TRUE	reported	374.97134274927
eqtl-a-ENSG00000140443	15	rs7181339	C	T	0.951116	-0.294454	0.0274908	9.03858e-27	exposure	TRUE	reported	114.725553104794
eqtl-a-ENSG00000140443	7	rs149007767	T	C	0.149708	0.122686	0.0166496	1.72425e-13	exposure	TRUE	reported	54.2978215487393
eqtl-a-ENSG00000140443	15	rs117212126	T	G	0.0227942	-0.28702	0.0398053	5.57057e-13	exposure	TRUE	reported	51.9927175146205
eqtl-a-ENSG00000140443	6	rs16895831	T	C	0.209742	0.0965187	0.0145964	3.78181e-11	exposure	TRUE	reported	43.7251607802267
eqtl-a-ENSG00000140443	5	rs6893300	A	C	0.297362	-0.0828699	0.0130021	1.844e-10	exposure	TRUE	reported	40.6224979791427
eqtl-a-ENSG00000140443	6	rs9480866	T	C	0.160953	0.101079	0.0161734	4.1151e-10	exposure	TRUE	reported	39.0588289348583
eqtl-a-ENSG00000140443	7	rs56388170	T	G	0.289189	-0.0803087	0.0131099	9.02298e-10	exposure	TRUE	reported	37.5254953373091
eqtl-a-ENSG00000140443	4	rs1531070	A	G	0.413713	-0.0729884	0.0120692	1.47021e-09	exposure	TRUE	reported	36.5721690640744
eqtl-a-ENSG00000140443	15	rs59467480	C	A	0.713387	-0.0755571	0.013147	9.08406e-09	exposure	TRUE	reported	33.0291376894936
