"id.exposure","id.outcome","outcome","exposure","method","nsnp","b","se","pval","b_rescaled","se_rescaled","or_rescaled","or_lo","or_hi"
"eqtl-a-ENSG00000140443","ebi-a-GCST90038636","Hyperthyroidism or thyrotoxicosis || id:ebi-a-GCST90038636","ENSG00000140443 || id:eqtl-a-ENSG00000140443","Inverse variance weighted",10,0.00126087836117502,0.00064861222414263,0.0518998766276383,0.165038855461266,0.0848981332433437,1.17943894546534,0.998639440705487,1.39297144632868
"eqtl-a-ENSG00000140443","ebi-a-GCST90038636","Hyperthyroidism or thyrotoxicosis || id:ebi-a-GCST90038636","ENSG00000140443 || id:eqtl-a-ENSG00000140443","MR Egger",10,0.00154099755765984,0.00132257294340868,0.277521233451534,0.201704209554187,0.173114181006956,1.2234860590966,0.871447562379112,1.71773747661539
"eqtl-a-ENSG00000140443","ebi-a-GCST90038636","Hyperthyroidism or thyrotoxicosis || id:ebi-a-GCST90038636","ENSG00000140443 || id:eqtl-a-ENSG00000140443","Weighted median",10,0.00208487136458364,0.000743412107650237,0.00504005529352772,0.272892924797438,0.0973066769647036,1.31375956622161,1.0856423483538,1.58980920416004
"eqtl-a-ENSG00000140443","ebi-a-GCST90038636","Hyperthyroidism or thyrotoxicosis || id:ebi-a-GCST90038636","ENSG00000140443 || id:eqtl-a-ENSG00000140443","Weighted mode",10,0.00217543914405886,0.00302159034072552,0.489820464493794,0.284747520075233,0.395501919028441,1.32942633228467,0.612359199583386,2.88617264862565
