"exposure1","exposure2"
23.4464884285958,20.9193449485516
