"Exposure","Beta_adjusted","SE_adjusted","P_adjusted","N_SNPs","Outcome"
"TSHR",0.0213940941710063,0.186578490916041,0.911930109434217,9,"finn-b-E4_THYROID"
"GD_liability",0.116854648324208,0.0680362162305398,0.129580903610458,9,"finn-b-E4_THYROID"
