"Analysis","Beta","SE","P","N_SNPs","Cond_F","Outcome"
"MVMR_TSHR_adj",0.127026649045991,0.276955313502904,0.657357403573735,11,25.3500824763787,"FinnGen_R12_GRAVES_OPHT"
"MVMR_GD_liability",0.962174244381447,0.0735364474499353,3.67325445161693e-07,11,99.276838315569,"FinnGen_R12_GRAVES_OPHT"
"UVMR_TSHR_only",-1.56570911846555,0.304897696662485,2.8185167306492e-07,1,NA,"FinnGen_R12_GRAVES_OPHT"
