Gene,Ctrl_TPM,TED_mean_TPM,log2FC,P_value,Direction
INSR,5.7276015,8.35466625,0.5446510769862778,0.02714085272464698,UP
IRS1,1.2029565,1.9249312499999998,0.6782224457707888,0.2863469677564647,UP
IRS2,5.2460455,8.22447425,0.6486931369908778,0.03628256468153058,UP
AKT2,15.1105855,17.021565875,0.17180419917000908,0.4589469682013734,UP
PIK3CD,1.319872,1.848103125,0.4856472369440773,0.2449019607673354,UP
