gene_symbol,ensembl_gene_id,chr,n_instruments_5e8,n_instruments_5e6,has_valid_instrument,single_iv,finan_tier,notes
A1BG,ENSG00000121410,19,0,0,FALSE,FALSE,Tier 3B,no SNP below 5e-8
A2M,ENSG00000175899,12,2,501,TRUE,FALSE,Tier 3B,""
A2ML1,ENSG00000166535,12,0,9,FALSE,FALSE,Tier 3A,no SNP below 5e-8
AADACL2,ENSG00000197953,3,0,0,FALSE,FALSE,Tier 3B,no cis-eQTL in window
AADAT,ENSG00000109576,4,0,0,FALSE,FALSE,Tier 2,no cis-eQTL in window
AAK1,ENSG00000115977,2,0,2,FALSE,FALSE,Tier 1,no SNP below 5e-8
AATK,ENSG00000181409,17,3,935,TRUE,FALSE,Tier 3A,""
ABAT,ENSG00000183044,16,5,1075,TRUE,FALSE,Tier 1,""
ABCA1,ENSG00000165029,9,3,782,TRUE,FALSE,Tier 1,""
ABCA12,ENSG00000144452,2,0,0,FALSE,FALSE,Tier 3B,no cis-eQTL in window
ABCA13,ENSG00000179869,7,1,394,TRUE,TRUE,Tier 3B,""
ABCA2,ENSG00000107331,9,2,756,TRUE,FALSE,Tier 3A,""
ABCA3,ENSG00000167972,16,1,217,TRUE,TRUE,Tier 3B,""
ABCA4,ENSG00000198691,1,0,0,FALSE,FALSE,Tier 1,no cis-eQTL in window
ABCA7,ENSG00000064687,19,3,532,TRUE,FALSE,Tier 2,""
ABCB1,ENSG00000085563,7,2,596,TRUE,FALSE,Tier 1,""
ABCB11,ENSG00000073734,2,0,0,FALSE,FALSE,Tier 1,no cis-eQTL in window
ABCB4,ENSG00000005471,7,2,658,TRUE,FALSE,Tier 1,""
ABCB5,ENSG00000004846,7,0,0,FALSE,FALSE,Tier 1,no cis-eQTL in window
ABCB6,ENSG00000115657,2,0,0,FALSE,FALSE,Tier 1,no SNP below 5e-8
ABCB7,ENSG00000131269,X,0,0,FALSE,FALSE,Tier 1,non-autosomal chr skipped
ABCB8,ENSG00000197150,7,1,32,TRUE,TRUE,Tier 1,""
ABCC1,ENSG00000103222,16,4,510,TRUE,FALSE,Tier 1,""
ABCC10,ENSG00000124574,6,1,181,TRUE,TRUE,Tier 1,""
ABCC11,ENSG00000121270,16,0,0,FALSE,FALSE,Tier 1,no cis-eQTL in window
ABCC12,ENSG00000140798,16,0,0,FALSE,FALSE,Tier 1,no cis-eQTL in window
ABCC2,ENSG00000023839,10,1,526,TRUE,TRUE,Tier 1,""
ABCC3,ENSG00000108846,17,4,855,TRUE,FALSE,Tier 1,""
ABCC4,ENSG00000125257,13,4,1216,TRUE,FALSE,Tier 1,""
ABCC5,ENSG00000114770,3,6,1963,TRUE,FALSE,Tier 1,""
ABCC6,ENSG00000091262,16,1,302,TRUE,TRUE,Tier 1,""
ABCC8,ENSG00000006071,11,0,0,FALSE,FALSE,Tier 1,no cis-eQTL in window
ABCC9,ENSG00000069431,12,0,0,FALSE,FALSE,Tier 1,no cis-eQTL in window
ABCG1,ENSG00000160179,21,3,373,TRUE,FALSE,Tier 1,""
ABCG2,ENSG00000118777,4,2,494,TRUE,FALSE,Tier 1,""
ABHD12,ENSG00000100997,20,6,1219,TRUE,FALSE,Tier 1,""
ABHD16A,ENSG00000204427,6,1,11,TRUE,TRUE,Tier 1,""
ABI3BP,ENSG00000154175,3,1,349,TRUE,TRUE,Tier 3B,""
ABL1,ENSG00000097007,9,1,18,TRUE,TRUE,Tier 1,""
ABL2,ENSG00000143322,1,1,363,TRUE,TRUE,Tier 1,""
ACACA,ENSG00000132142,17,2,500,TRUE,FALSE,Tier 2,""
ACACB,ENSG00000076555,12,4,1541,TRUE,FALSE,Tier 2,""
ACAN,ENSG00000157766,15,0,0,FALSE,FALSE,Tier 3A,no cis-eQTL in window
ACE,ENSG00000159640,17,1,52,TRUE,TRUE,Tier 1,""
ACE2,ENSG00000130234,X,0,0,FALSE,FALSE,Tier 2,non-autosomal chr skipped
ACHE,ENSG00000087085,7,0,0,FALSE,FALSE,Tier 1,no SNP below 5e-8
ACKR2,ENSG00000144648,3,1,225,TRUE,TRUE,Tier 3B,""
ACKR3,ENSG00000144476,2,5,363,TRUE,FALSE,Tier 2,""
ACKR4,ENSG00000129048,3,0,0,FALSE,FALSE,Tier 3B,no cis-eQTL in window
ACLY,ENSG00000131473,17,1,361,TRUE,TRUE,Tier 2,""
ACP1,ENSG00000143727,2,3,416,TRUE,FALSE,Tier 2,""
ACP2,ENSG00000134575,11,11,2382,TRUE,FALSE,Tier 3A,""
ACP5,ENSG00000102575,19,4,1599,TRUE,FALSE,Tier 3A,""
ACP6,ENSG00000162836,1,3,768,TRUE,FALSE,Tier 3A,""
ACPP,ENSG00000014257,3,11,2014,TRUE,FALSE,Tier 2,""
ACR,ENSG00000100312,22,0,0,FALSE,FALSE,Tier 2,no cis-eQTL in window
ACRBP,ENSG00000111644,12,1,79,TRUE,TRUE,Tier 3B,""
ACTN1,ENSG00000072110,14,2,477,TRUE,FALSE,Tier 3A,""
ACTN2,ENSG00000077522,1,0,0,FALSE,FALSE,Tier 3B,no cis-eQTL in window
ACTN4,ENSG00000130402,19,2,807,TRUE,FALSE,Tier 3B,""
ACVR1,ENSG00000115170,2,2,334,TRUE,FALSE,Tier 1,""
ACVR1B,ENSG00000135503,12,1,146,TRUE,TRUE,Tier 1,""
ACVR1C,ENSG00000123612,2,1,55,TRUE,TRUE,Tier 3B,""
ACVR2A,ENSG00000121989,2,1,1181,TRUE,TRUE,Tier 2,""
ACVR2B,ENSG00000114739,3,2,596,TRUE,FALSE,Tier 2,""
ACVRL1,ENSG00000139567,12,4,326,TRUE,FALSE,Tier 1,""
ADA,ENSG00000196839,20,3,298,TRUE,FALSE,Tier 1,""
ADAM10,ENSG00000137845,15,3,716,TRUE,FALSE,Tier 1,""
ADAM12,ENSG00000148848,10,2,553,TRUE,FALSE,Tier 1,""
ADAM17,ENSG00000151694,2,2,747,TRUE,FALSE,Tier 1,""
ADAM23,ENSG00000114948,2,2,255,TRUE,FALSE,Tier 3B,""
ADAM28,ENSG00000042980,8,3,806,TRUE,FALSE,Tier 3A,""
ADAM32,ENSG00000197140,8,0,0,FALSE,FALSE,Tier 3B,no cis-eQTL in window
ADAM33,ENSG00000149451,20,0,0,FALSE,FALSE,Tier 2,no cis-eQTL in window
ADAM8,ENSG00000151651,10,2,551,TRUE,FALSE,Tier 2,""
ADAM9,ENSG00000168615,8,1,546,TRUE,TRUE,Tier 1,""
ADAMDEC1,ENSG00000134028,8,1,469,TRUE,TRUE,Tier 3B,""
ADAMTS1,ENSG00000154734,21,2,311,TRUE,FALSE,Tier 2,""
ADAMTS10,ENSG00000142303,19,1,39,TRUE,TRUE,Tier 3A,""
ADAMTS12,ENSG00000151388,5,0,0,FALSE,FALSE,Tier 3A,no cis-eQTL in window
ADAMTS13,ENSG00000160323,9,1,236,TRUE,TRUE,Tier 3A,""
ADAMTS14,ENSG00000138316,10,0,1,FALSE,FALSE,Tier 3A,no SNP below 5e-8
ADAMTS15,ENSG00000166106,11,0,0,FALSE,FALSE,Tier 3A,no cis-eQTL in window
ADAMTS16,ENSG00000145536,5,0,0,FALSE,FALSE,Tier 3B,no cis-eQTL in window
ADAMTS17,ENSG00000140470,15,5,672,TRUE,FALSE,Tier 3A,""
ADAMTS18,ENSG00000140873,16,0,0,FALSE,FALSE,Tier 3A,no cis-eQTL in window
ADAMTS19,ENSG00000145808,5,0,0,FALSE,FALSE,Tier 3A,no cis-eQTL in window
ADAMTS2,ENSG00000087116,5,1,240,TRUE,TRUE,Tier 3A,""
ADAMTS20,ENSG00000173157,12,0,0,FALSE,FALSE,Tier 3A,no cis-eQTL in window
ADAMTS3,ENSG00000156140,4,0,0,FALSE,FALSE,Tier 3A,no cis-eQTL in window
ADAMTS4,ENSG00000158859,1,1,30,TRUE,TRUE,Tier 2,""
ADAMTS5,ENSG00000154736,21,3,355,TRUE,FALSE,Tier 2,""
ADAMTS6,ENSG00000049192,5,1,1092,TRUE,TRUE,Tier 3A,""
ADAMTS7,ENSG00000136378,15,0,0,FALSE,FALSE,Tier 3A,no cis-eQTL in window
ADAMTS8,ENSG00000134917,11,1,22,TRUE,TRUE,Tier 3A,""
ADAMTS9,ENSG00000163638,3,0,0,FALSE,FALSE,Tier 3A,no cis-eQTL in window
ADAMTSL1,ENSG00000178031,9,0,0,FALSE,FALSE,Tier 3A,no cis-eQTL in window
ADAMTSL3,ENSG00000156218,15,0,0,FALSE,FALSE,Tier 3A,no cis-eQTL in window
ADAMTSL4,ENSG00000143382,1,3,1325,TRUE,FALSE,Tier 3B,""
ADC,ENSG00000142920,1,2,282,TRUE,FALSE,Tier 2,""
ADCK3,ENSG00000163050,1,5,3881,TRUE,FALSE,Tier 2,""
ADCK4,ENSG00000123815,19,1,297,TRUE,TRUE,Tier 2,""
ADCY1,ENSG00000164742,7,0,0,FALSE,FALSE,Tier 1,no cis-eQTL in window
ADCY5,ENSG00000173175,3,0,192,FALSE,FALSE,Tier 1,no SNP below 5e-8
ADCYAP1,ENSG00000141433,18,0,0,FALSE,FALSE,Tier 3A,no cis-eQTL in window
ADCYAP1R1,ENSG00000078549,7,0,0,FALSE,FALSE,Tier 2,no cis-eQTL in window
ADH1A,ENSG00000187758,4,0,0,FALSE,FALSE,Tier 1,no cis-eQTL in window
ADH1B,ENSG00000196616,4,0,0,FALSE,FALSE,Tier 1,no cis-eQTL in window
ADH1C,ENSG00000248144,4,0,0,FALSE,FALSE,Tier 1,no cis-eQTL in window
ADH4,ENSG00000198099,4,0,0,FALSE,FALSE,Tier 1,no cis-eQTL in window
ADH5,ENSG00000197894,4,3,1049,TRUE,FALSE,Tier 1,""
ADH6,ENSG00000172955,4,0,0,FALSE,FALSE,Tier 1,no cis-eQTL in window
ADH7,ENSG00000196344,4,0,0,FALSE,FALSE,Tier 1,no cis-eQTL in window
ADHFE1,ENSG00000147576,8,4,2496,TRUE,FALSE,Tier 1,""
ADIPOQ,ENSG00000181092,3,0,0,FALSE,FALSE,Tier 3A,no cis-eQTL in window
ADK,ENSG00000156110,10,17,1901,TRUE,FALSE,Tier 2,""
ADM,ENSG00000148926,11,2,1903,TRUE,FALSE,Tier 3A,""
ADM2,ENSG00000128165,22,1,197,TRUE,TRUE,Tier 3A,""
ADORA1,ENSG00000163485,1,3,340,TRUE,FALSE,Tier 1,""
ADORA2A,ENSG00000128271,22,1,326,TRUE,TRUE,Tier 1,""
ADORA2B,ENSG00000170425,17,3,1209,TRUE,FALSE,Tier 1,""
ADORA3,ENSG00000121933,1,1,359,TRUE,TRUE,Tier 1,""
ADRA1A,ENSG00000120907,8,0,0,FALSE,FALSE,Tier 1,no cis-eQTL in window
ADRA1B,ENSG00000170214,5,0,0,FALSE,FALSE,Tier 1,no cis-eQTL in window
ADRA1D,ENSG00000171873,20,0,0,FALSE,FALSE,Tier 1,no cis-eQTL in window
ADRA2A,ENSG00000150594,10,1,57,TRUE,TRUE,Tier 1,""
ADRA2B,ENSG00000222040,2,0,0,FALSE,FALSE,Tier 1,no cis-eQTL in window
ADRA2C,ENSG00000184160,4,0,0,FALSE,FALSE,Tier 1,no cis-eQTL in window
ADRB1,ENSG00000043591,10,3,362,TRUE,FALSE,Tier 1,""
ADRB2,ENSG00000169252,5,3,111,TRUE,FALSE,Tier 1,""
ADRB3,ENSG00000188778,8,0,0,FALSE,FALSE,Tier 1,no cis-eQTL in window
ADRBK1,ENSG00000173020,11,0,0,FALSE,FALSE,Tier 1,no SNP below 5e-8
ADRBK2,ENSG00000100077,22,2,281,TRUE,FALSE,Tier 3B,""
AEBP1,ENSG00000106624,7,2,740,TRUE,FALSE,Tier 3A,""
AFM,ENSG00000079557,4,0,0,FALSE,FALSE,Tier 3A,no cis-eQTL in window
AFP,ENSG00000081051,4,0,0,FALSE,FALSE,Tier 1,no cis-eQTL in window
AGA,ENSG00000038002,4,9,1513,TRUE,FALSE,Tier 3A,""
AGER,ENSG00000204305,6,3,5258,TRUE,FALSE,Tier 3A,""
AGGF1,ENSG00000164252,5,1,108,TRUE,TRUE,Tier 3B,""
AGPAT2,ENSG00000169692,9,1,58,TRUE,TRUE,Tier 2,""
AGR2,ENSG00000106541,7,0,0,FALSE,FALSE,Tier 3B,no cis-eQTL in window
AGR3,ENSG00000173467,7,0,0,FALSE,FALSE,Tier 3B,no cis-eQTL in window
AGRN,ENSG00000188157,1,1,77,TRUE,TRUE,Tier 3A,""
AGRP,ENSG00000159723,16,2,536,TRUE,FALSE,Tier 3B,""
AGT,ENSG00000135744,1,0,0,FALSE,FALSE,Tier 3B,no cis-eQTL in window
AGTR1,ENSG00000144891,3,0,0,FALSE,FALSE,Tier 1,no cis-eQTL in window
AGTR2,ENSG00000180772,X,0,0,FALSE,FALSE,Tier 1,non-autosomal chr skipped
AHCY,ENSG00000101444,20,1,13,TRUE,TRUE,Tier 2,""
AHR,ENSG00000106546,7,3,813,TRUE,FALSE,Tier 1,""
AHSG,ENSG00000145192,3,0,0,FALSE,FALSE,Tier 3B,no cis-eQTL in window
AIMP1,ENSG00000164022,4,1,445,TRUE,TRUE,Tier 3B,""
AKR1A1,ENSG00000117448,1,1,603,TRUE,TRUE,Tier 1,""
AKR1B1,ENSG00000085662,7,3,1401,TRUE,FALSE,Tier 1,""
AKR1B10,ENSG00000198074,7,0,0,FALSE,FALSE,Tier 1,no cis-eQTL in window
AKR1C1,ENSG00000187134,10,3,918,TRUE,FALSE,Tier 1,""
AKR1C2,ENSG00000151632,10,5,1941,TRUE,FALSE,Tier 2,""
AKR1C3,ENSG00000196139,10,3,1185,TRUE,FALSE,Tier 1,""
AKT1,ENSG00000142208,14,2,543,TRUE,FALSE,Tier 1,""
AKT1S1,ENSG00000204673,19,0,0,FALSE,FALSE,Tier 2,no SNP below 5e-8
AKT2,ENSG00000105221,19,1,154,TRUE,TRUE,Tier 1,""
AKT3,ENSG00000117020,1,2,311,TRUE,FALSE,Tier 1,""
ALB,ENSG00000163631,4,1,93,TRUE,TRUE,Tier 2,""
ALCAM,ENSG00000170017,3,4,1452,TRUE,FALSE,Tier 3B,""
ALDH16A1,ENSG00000161618,19,2,296,TRUE,FALSE,Tier 3B,""
ALDH1A1,ENSG00000165092,9,3,2232,TRUE,FALSE,Tier 1,""
ALDH1A2,ENSG00000128918,15,2,92,TRUE,FALSE,Tier 1,""
ALDH1A3,ENSG00000184254,15,0,0,FALSE,FALSE,Tier 1,no cis-eQTL in window
ALDH1B1,ENSG00000137124,9,2,62,TRUE,FALSE,Tier 1,""
ALDH1L1,ENSG00000144908,3,0,0,FALSE,FALSE,Tier 3B,no cis-eQTL in window
ALDH1L2,ENSG00000136010,12,0,9,FALSE,FALSE,Tier 3B,no SNP below 5e-8
ALDH2,ENSG00000111275,12,4,1211,TRUE,FALSE,Tier 1,""
ALDH3A1,ENSG00000108602,17,0,0,FALSE,FALSE,Tier 1,no cis-eQTL in window
ALDH3A2,ENSG00000072210,17,1,407,TRUE,TRUE,Tier 1,""
ALDH3B1,ENSG00000006534,11,3,529,TRUE,FALSE,Tier 3B,""
ALDH3B2,ENSG00000132746,11,0,0,FALSE,FALSE,Tier 1,no SNP below 5e-8
ALDH4A1,ENSG00000159423,1,1,127,TRUE,TRUE,Tier 1,""
ALDH5A1,ENSG00000112294,6,5,1474,TRUE,FALSE,Tier 1,""
ALDH6A1,ENSG00000119711,14,2,466,TRUE,FALSE,Tier 1,""
ALDH7A1,ENSG00000164904,5,3,408,TRUE,FALSE,Tier 1,""
ALDH8A1,ENSG00000118514,6,2,913,TRUE,FALSE,Tier 1,""
ALDH9A1,ENSG00000143149,1,4,1050,TRUE,FALSE,Tier 1,""
ALDOA,ENSG00000149925,16,0,0,FALSE,FALSE,Tier 3B,no SNP below 5e-8
ALK,ENSG00000171094,2,0,0,FALSE,FALSE,Tier 1,no SNP below 5e-8
ALOX12,ENSG00000108839,17,2,240,TRUE,FALSE,Tier 2,""
ALOX12B,ENSG00000179477,17,0,0,FALSE,FALSE,Tier 3B,no SNP below 5e-8
ALOX15,ENSG00000161905,17,2,506,TRUE,FALSE,Tier 1,""
ALOX15B,ENSG00000179593,17,3,370,TRUE,FALSE,Tier 3B,""
ALOX5,ENSG00000012779,10,4,1294,TRUE,FALSE,Tier 1,""
ALOX5AP,ENSG00000132965,13,3,597,TRUE,FALSE,Tier 1,""
ALOXE3,ENSG00000179148,17,0,0,FALSE,FALSE,Tier 3B,no SNP below 5e-8
ALPI,ENSG00000163295,2,0,0,FALSE,FALSE,Tier 2,no cis-eQTL in window
ALPL,ENSG00000162551,1,1,257,TRUE,TRUE,Tier 2,""
ALPP,ENSG00000163283,2,0,0,FALSE,FALSE,Tier 3B,no cis-eQTL in window
ALPPL2,ENSG00000163286,2,0,0,FALSE,FALSE,Tier 2,no cis-eQTL in window
AMBN,ENSG00000178522,4,0,0,FALSE,FALSE,Tier 3B,no cis-eQTL in window
AMBP,ENSG00000106927,9,0,0,FALSE,FALSE,Tier 3B,no cis-eQTL in window
AMD1,ENSG00000123505,6,1,478,TRUE,TRUE,Tier 1,""
AMELX,ENSG00000125363,X,0,0,FALSE,FALSE,Tier 3B,non-autosomal chr skipped
AMELY,ENSG00000099721,Y,0,0,FALSE,FALSE,Tier 3B,non-autosomal chr skipped
AMH,ENSG00000104899,19,1,369,TRUE,TRUE,Tier 3A,""
AMHR2,ENSG00000135409,12,0,0,FALSE,FALSE,Tier 3B,no cis-eQTL in window
AMICA1,ENSG00000160593,11,6,872,TRUE,FALSE,Tier 3A,""
AMOT,ENSG00000126016,X,0,0,FALSE,FALSE,Tier 3B,non-autosomal chr skipped
AMPD1,ENSG00000116748,1,0,0,FALSE,FALSE,Tier 2,no cis-eQTL in window
AMPD2,ENSG00000116337,1,0,0,FALSE,FALSE,Tier 2,no SNP below 5e-8
AMPD3,ENSG00000133805,11,4,671,TRUE,FALSE,Tier 2,""
AMTN,ENSG00000187689,4,0,0,FALSE,FALSE,Tier 3B,no cis-eQTL in window
AMY1A,ENSG00000237763,1,0,0,FALSE,FALSE,Tier 2,no cis-eQTL in window
AMY1B,ENSG00000174876,1,0,0,FALSE,FALSE,Tier 2,no cis-eQTL in window
AMY1C,ENSG00000187733,1,0,0,FALSE,FALSE,Tier 2,no cis-eQTL in window
AMY2A,ENSG00000243480,1,0,0,FALSE,FALSE,Tier 1,no cis-eQTL in window
AMY2B,ENSG00000240038,1,4,963,TRUE,FALSE,Tier 2,""
ANG,ENSG00000214274,14,6,588,TRUE,FALSE,Tier 3B,""
ANGPT1,ENSG00000154188,8,6,1493,TRUE,FALSE,Tier 1,""
ANGPT2,ENSG00000091879,8,2,350,TRUE,FALSE,Tier 1,""
ANGPT4,ENSG00000101280,20,1,58,TRUE,TRUE,Tier 3A,""
ANGPTL1,ENSG00000116194,1,0,0,FALSE,FALSE,Tier 3B,no cis-eQTL in window
ANGPTL2,ENSG00000136859,9,0,0,FALSE,FALSE,Tier 3B,no cis-eQTL in window
ANGPTL3,ENSG00000132855,1,0,0,FALSE,FALSE,Tier 3A,no cis-eQTL in window
ANGPTL4,ENSG00000167772,19,0,0,FALSE,FALSE,Tier 3A,no SNP below 5e-8
ANGPTL6,ENSG00000130812,19,2,175,TRUE,FALSE,Tier 3A,""
ANGPTL7,ENSG00000171819,1,0,0,FALSE,FALSE,Tier 3B,no cis-eQTL in window
ANKK1,ENSG00000170209,11,4,666,TRUE,FALSE,Tier 1,""
ANPEP,ENSG00000166825,15,6,1136,TRUE,FALSE,Tier 2,""
ANTXR2,ENSG00000163297,4,2,1033,TRUE,FALSE,Tier 3A,""
ANXA1,ENSG00000135046,9,4,1545,TRUE,FALSE,Tier 3A,""
ANXA2,ENSG00000182718,15,3,484,TRUE,FALSE,Tier 3B,""
AOAH,ENSG00000136250,7,6,1820,TRUE,FALSE,Tier 3A,""
AOC1,ENSG00000002726,7,4,1596,TRUE,FALSE,Tier 2,""
AOC2,ENSG00000131480,17,0,37,FALSE,FALSE,Tier 2,no SNP below 5e-8
AOC3,ENSG00000131471,17,0,0,FALSE,FALSE,Tier 1,no SNP below 5e-8
AOX1,ENSG00000138356,2,0,0,FALSE,FALSE,Tier 1,no cis-eQTL in window
APAF1,ENSG00000120868,12,3,585,TRUE,FALSE,Tier 2,""
APCS,ENSG00000132703,1,0,0,FALSE,FALSE,Tier 3B,no cis-eQTL in window
APEX1,ENSG00000100823,14,2,139,TRUE,FALSE,Tier 1,""
APH1A,ENSG00000117362,1,1,306,TRUE,TRUE,Tier 1,""
APH1B,ENSG00000138613,15,5,1511,TRUE,FALSE,Tier 1,""
APLN,ENSG00000171388,X,0,0,FALSE,FALSE,Tier 3B,non-autosomal chr skipped
APLNR,ENSG00000134817,11,0,0,FALSE,FALSE,Tier 2,no cis-eQTL in window
APLP1,ENSG00000105290,19,0,22,FALSE,FALSE,Tier 3B,no SNP below 5e-8
APOA1,ENSG00000118137,11,0,0,FALSE,FALSE,Tier 3A,no SNP below 5e-8
APOA1BP,ENSG00000163382,1,2,473,TRUE,FALSE,Tier 3B,""
APOA2,ENSG00000158874,1,1,292,TRUE,TRUE,Tier 3B,""
APOA4,ENSG00000110244,11,0,0,FALSE,FALSE,Tier 3A,no cis-eQTL in window
APOA5,ENSG00000110243,11,0,0,FALSE,FALSE,Tier 3A,no cis-eQTL in window
APOB,ENSG00000084674,2,0,0,FALSE,FALSE,Tier 1,no cis-eQTL in window
APOBEC3A,ENSG00000128383,22,4,764,TRUE,FALSE,Tier 2,""
APOBEC3G,ENSG00000239713,22,5,687,TRUE,FALSE,Tier 2,""
APOC1,ENSG00000130208,19,0,0,FALSE,FALSE,Tier 3A,no cis-eQTL in window
APOC2,ENSG00000234906,19,0,0,FALSE,FALSE,Tier 3A,no cis-eQTL in window
APOC3,ENSG00000110245,11,0,0,FALSE,FALSE,Tier 3A,no cis-eQTL in window
APOC4-APOC2,ENSG00000224916,19,0,0,FALSE,FALSE,Tier 3A,no cis-eQTL in window
APOD,ENSG00000189058,3,1,107,TRUE,TRUE,Tier 3B,""
APOE,ENSG00000130203,19,0,0,FALSE,FALSE,Tier 3A,no SNP below 5e-8
APOF,ENSG00000175336,12,0,0,FALSE,FALSE,Tier 3A,no cis-eQTL in window
APOH,ENSG00000091583,17,0,0,FALSE,FALSE,Tier 3A,no cis-eQTL in window
APOL1,ENSG00000100342,22,1,113,TRUE,TRUE,Tier 3A,""
APOM,ENSG00000204444,6,1,1143,TRUE,TRUE,Tier 3A,""
APOO,ENSG00000184831,X,0,0,FALSE,FALSE,Tier 3B,non-autosomal chr skipped
APP,ENSG00000142192,21,2,953,TRUE,FALSE,Tier 1,""
AQP1,ENSG00000240583,7,1,24,TRUE,TRUE,Tier 3A,""
AQP4,ENSG00000171885,18,0,0,FALSE,FALSE,Tier 3B,no cis-eQTL in window
AR,ENSG00000169083,X,0,0,FALSE,FALSE,Tier 1,non-autosomal chr skipped
ARAF,ENSG00000078061,X,0,0,FALSE,FALSE,Tier 2,non-autosomal chr skipped
AREG,ENSG00000109321,4,0,0,FALSE,FALSE,Tier 2,no SNP below 5e-8
AREGB,ENSG00000205595,4,0,0,FALSE,FALSE,Tier 2,no cis-eQTL in window
ARNT,ENSG00000143437,1,2,1028,TRUE,FALSE,Tier 1,""
ARSA,ENSG00000100299,22,3,1136,TRUE,FALSE,Tier 1,""
ARSG,ENSG00000141337,17,3,452,TRUE,FALSE,Tier 3B,""
ARSI,ENSG00000183876,5,0,0,FALSE,FALSE,Tier 3B,no cis-eQTL in window
ART1,ENSG00000129744,11,0,0,FALSE,FALSE,Tier 3B,no cis-eQTL in window
ART4,ENSG00000111339,12,0,0,FALSE,FALSE,Tier 3B,no cis-eQTL in window
ARTN,ENSG00000117407,1,0,0,FALSE,FALSE,Tier 3B,no cis-eQTL in window
ASGR1,ENSG00000141505,17,2,166,TRUE,FALSE,Tier 3A,""
ASIC1,ENSG00000110881,12,5,372,TRUE,FALSE,Tier 2,""
ASIC2,ENSG00000108684,17,0,0,FALSE,FALSE,Tier 3A,no cis-eQTL in window
ASIC3,ENSG00000213199,7,1,67,TRUE,TRUE,Tier 2,""
ASIC5,ENSG00000256394,4,0,0,FALSE,FALSE,Tier 3B,no cis-eQTL in window
ASIP,ENSG00000101440,20,0,0,FALSE,FALSE,Tier 3B,no SNP below 5e-8
ASPN,ENSG00000106819,9,0,0,FALSE,FALSE,Tier 3B,no cis-eQTL in window
ATF1,ENSG00000123268,12,2,1826,TRUE,FALSE,Tier 2,""
ATG4B,ENSG00000168397,2,2,523,TRUE,FALSE,Tier 2,""
ATG4C,ENSG00000125703,1,2,652,TRUE,FALSE,Tier 3B,""
ATIC,ENSG00000138363,2,2,398,TRUE,FALSE,Tier 2,""
ATM,ENSG00000149311,11,1,67,TRUE,TRUE,Tier 2,""
ATP12A,ENSG00000075673,13,0,0,FALSE,FALSE,Tier 2,no cis-eQTL in window
ATP1A1,ENSG00000163399,1,0,1,FALSE,FALSE,Tier 1,no SNP below 5e-8
ATP1A2,ENSG00000018625,1,0,0,FALSE,FALSE,Tier 1,no cis-eQTL in window
ATP1A3,ENSG00000105409,19,0,0,FALSE,FALSE,Tier 1,no SNP below 5e-8
ATP1A4,ENSG00000132681,1,3,553,TRUE,FALSE,Tier 1,""
ATP1B1,ENSG00000143153,1,5,1876,TRUE,FALSE,Tier 3B,""
ATP1B2,ENSG00000129244,17,1,357,TRUE,TRUE,Tier 3B,""
ATP1B3,ENSG00000069849,3,2,371,TRUE,FALSE,Tier 3B,""
ATP2A1,ENSG00000196296,16,1,375,TRUE,TRUE,Tier 3A,""
ATP2A2,ENSG00000174437,12,3,806,TRUE,FALSE,Tier 3B,""
ATP2A3,ENSG00000074370,17,2,459,TRUE,FALSE,Tier 3A,""
ATP2B2,ENSG00000157087,3,1,60,TRUE,TRUE,Tier 3A,""
ATP2B3,ENSG00000067842,X,0,0,FALSE,FALSE,Tier 3A,non-autosomal chr skipped
ATP2B4,ENSG00000058668,1,1,134,TRUE,TRUE,Tier 3A,""
ATP2C1,ENSG00000017260,3,1,459,TRUE,TRUE,Tier 3B,""
ATP2C2,ENSG00000064270,16,1,323,TRUE,TRUE,Tier 3B,""
ATP4A,ENSG00000105675,19,0,0,FALSE,FALSE,Tier 1,no cis-eQTL in window
ATP4B,ENSG00000186009,13,0,0,FALSE,FALSE,Tier 1,no cis-eQTL in window
ATP6AP2,ENSG00000182220,X,0,0,FALSE,FALSE,Tier 3B,non-autosomal chr skipped
ATP6V1B1,ENSG00000116039,2,0,0,FALSE,FALSE,Tier 2,no cis-eQTL in window
ATP7A,ENSG00000165240,X,0,0,FALSE,FALSE,Tier 1,non-autosomal chr skipped
ATP7B,ENSG00000123191,13,3,831,TRUE,FALSE,Tier 1,""
ATR,ENSG00000175054,3,1,5,TRUE,TRUE,Tier 2,""
ATRAID,ENSG00000138085,2,3,977,TRUE,FALSE,Tier 3B,""
ATRN,ENSG00000088812,20,2,172,TRUE,FALSE,Tier 3B,""
AURKA,ENSG00000087586,20,2,80,TRUE,FALSE,Tier 1,""
AURKAIP1,ENSG00000175756,1,1,43,TRUE,TRUE,Tier 1,""
AURKB,ENSG00000178999,17,1,323,TRUE,TRUE,Tier 1,""
AURKC,ENSG00000105146,19,2,164,TRUE,FALSE,Tier 1,""
AVP,ENSG00000101200,20,0,0,FALSE,FALSE,Tier 3B,no cis-eQTL in window
AVPR1A,ENSG00000166148,12,0,0,FALSE,FALSE,Tier 1,no cis-eQTL in window
AVPR1B,ENSG00000198049,1,0,0,FALSE,FALSE,Tier 1,no cis-eQTL in window
AVPR2,ENSG00000126895,X,0,0,FALSE,FALSE,Tier 1,non-autosomal chr skipped
AXIN2,ENSG00000168646,17,4,1637,TRUE,FALSE,Tier 2,""
AXL,ENSG00000167601,19,1,135,TRUE,TRUE,Tier 1,""
AZGP1,ENSG00000160862,7,0,0,FALSE,FALSE,Tier 3B,no cis-eQTL in window
AZIN1,ENSG00000155096,8,3,556,TRUE,FALSE,Tier 2,""
AZU1,ENSG00000172232,19,0,9,FALSE,FALSE,Tier 3B,no SNP below 5e-8
B2M,ENSG00000166710,15,1,138,TRUE,TRUE,Tier 3B,""
B4GALT1,ENSG00000086062,9,2,751,TRUE,FALSE,Tier 3A,""
BACE1,ENSG00000186318,11,2,358,TRUE,FALSE,Tier 1,""
BACE2,ENSG00000182240,21,3,233,TRUE,FALSE,Tier 2,""
BAD,ENSG00000002330,11,2,245,TRUE,FALSE,Tier 2,""
BAMBI,ENSG00000095739,10,3,544,TRUE,FALSE,Tier 3B,""
BCAM,ENSG00000187244,19,1,7,TRUE,TRUE,Tier 3A,""
BCAN,ENSG00000132692,1,0,0,FALSE,FALSE,Tier 3B,no cis-eQTL in window
BCAT1,ENSG00000060982,12,5,1702,TRUE,FALSE,Tier 2,""
BCHE,ENSG00000114200,3,0,0,FALSE,FALSE,Tier 1,no cis-eQTL in window
BCL2,ENSG00000171791,18,2,84,TRUE,FALSE,Tier 1,""
BCL2A1,ENSG00000140379,15,2,300,TRUE,FALSE,Tier 2,""
BCL2L1,ENSG00000171552,20,1,430,TRUE,TRUE,Tier 1,""
BCL2L10,ENSG00000137875,15,0,0,FALSE,FALSE,Tier 2,no cis-eQTL in window
BCL2L2,ENSG00000129473,14,1,6,TRUE,TRUE,Tier 2,""
BCL2L2-PABPN1,ENSG00000258643,14,0,0,FALSE,FALSE,Tier 2,no cis-eQTL in window
BCR,ENSG00000186716,22,2,1100,TRUE,FALSE,Tier 1,""
BDKRB1,ENSG00000100739,14,0,0,FALSE,FALSE,Tier 1,no cis-eQTL in window
BDKRB2,ENSG00000168398,14,0,0,FALSE,FALSE,Tier 1,no cis-eQTL in window
BDNF,ENSG00000176697,11,0,0,FALSE,FALSE,Tier 3A,no cis-eQTL in window
BGLAP,ENSG00000242252,1,1,149,TRUE,TRUE,Tier 3B,""
BGN,ENSG00000182492,X,0,0,FALSE,FALSE,Tier 3B,non-autosomal chr skipped
BHMT,ENSG00000145692,5,0,0,FALSE,FALSE,Tier 2,no cis-eQTL in window
BHMT2,ENSG00000132840,5,0,0,FALSE,FALSE,Tier 2,no cis-eQTL in window
BICD1,ENSG00000151746,12,2,614,TRUE,FALSE,Tier 3A,""
BIRC2,ENSG00000110330,11,1,27,TRUE,TRUE,Tier 1,""
BIRC3,ENSG00000023445,11,2,414,TRUE,FALSE,Tier 1,""
BIRC5,ENSG00000089685,17,1,163,TRUE,TRUE,Tier 2,""
BIRC8,ENSG00000163098,19,0,0,FALSE,FALSE,Tier 2,no cis-eQTL in window
BLK,ENSG00000136573,8,3,5137,TRUE,FALSE,Tier 1,""
BLM,ENSG00000197299,15,4,1172,TRUE,FALSE,Tier 1,""
BMP1,ENSG00000168487,8,3,118,TRUE,FALSE,Tier 2,""
BMP10,ENSG00000163217,2,0,0,FALSE,FALSE,Tier 3A,no cis-eQTL in window
BMP15,ENSG00000130385,X,0,0,FALSE,FALSE,Tier 3B,non-autosomal chr skipped
BMP2,ENSG00000125845,20,3,114,TRUE,FALSE,Tier 3A,""
BMP2K,ENSG00000138756,4,2,522,TRUE,FALSE,Tier 1,""
BMP3,ENSG00000152785,4,0,0,FALSE,FALSE,Tier 3A,no SNP below 5e-8
BMP4,ENSG00000125378,14,1,256,TRUE,TRUE,Tier 2,""
BMP5,ENSG00000112175,6,0,0,FALSE,FALSE,Tier 3B,no cis-eQTL in window
BMP6,ENSG00000153162,6,2,341,TRUE,FALSE,Tier 3A,""
BMP7,ENSG00000101144,20,0,0,FALSE,FALSE,Tier 3B,no cis-eQTL in window
BMP8A,ENSG00000183682,1,3,606,TRUE,FALSE,Tier 3A,""
BMP8B,ENSG00000116985,1,1,96,TRUE,TRUE,Tier 3B,""
BMPER,ENSG00000164619,7,0,0,FALSE,FALSE,Tier 3B,no cis-eQTL in window
BMPR1A,ENSG00000107779,10,1,401,TRUE,TRUE,Tier 2,""
BMPR1B,ENSG00000138696,4,0,0,FALSE,FALSE,Tier 1,no cis-eQTL in window
BMPR2,ENSG00000204217,2,2,1509,TRUE,FALSE,Tier 2,""
BMX,ENSG00000102010,X,0,0,FALSE,FALSE,Tier 1,non-autosomal chr skipped
BOC,ENSG00000144857,3,0,0,FALSE,FALSE,Tier 3A,no cis-eQTL in window
BOLA1,ENSG00000178096,1,1,31,TRUE,TRUE,Tier 3A,""
BOLA3,ENSG00000163170,2,1,19,TRUE,TRUE,Tier 3B,""
BPHL,ENSG00000137274,6,2,199,TRUE,FALSE,Tier 3B,""
BPI,ENSG00000101425,20,6,875,TRUE,FALSE,Tier 3A,""
BPIFA1,ENSG00000198183,20,0,0,FALSE,FALSE,Tier 3B,no cis-eQTL in window
BPIFA2,ENSG00000131050,20,0,0,FALSE,FALSE,Tier 3B,no cis-eQTL in window
BPIFB1,ENSG00000125999,20,0,0,FALSE,FALSE,Tier 3B,no cis-eQTL in window
BPIFB2,ENSG00000078898,20,0,0,FALSE,FALSE,Tier 3B,no cis-eQTL in window
BPIFB3,ENSG00000186190,20,0,0,FALSE,FALSE,Tier 3B,no cis-eQTL in window
BPIFB4,ENSG00000186191,20,0,0,FALSE,FALSE,Tier 3B,no cis-eQTL in window
BPIFB6,ENSG00000167104,20,0,0,FALSE,FALSE,Tier 3B,no cis-eQTL in window
BPIFC,ENSG00000184459,22,0,0,FALSE,FALSE,Tier 3A,no cis-eQTL in window
BPNT1,ENSG00000162813,1,1,101,TRUE,TRUE,Tier 3B,""
BRAF,ENSG00000157764,7,1,102,TRUE,TRUE,Tier 1,""
BRCA1,ENSG00000012048,17,1,745,TRUE,TRUE,Tier 2,""
BRD2,ENSG00000204256,6,2,634,TRUE,FALSE,Tier 2,""
BRD3,ENSG00000169925,9,2,324,TRUE,FALSE,Tier 2,""
BRD4,ENSG00000141867,19,0,0,FALSE,FALSE,Tier 2,no SNP below 5e-8
BRDT,ENSG00000137948,1,0,0,FALSE,FALSE,Tier 2,no cis-eQTL in window
BRPF3,ENSG00000096070,6,2,73,TRUE,FALSE,Tier 3B,""
BRS3,ENSG00000102239,X,0,0,FALSE,FALSE,Tier 2,non-autosomal chr skipped
BRSK1,ENSG00000160469,19,1,215,TRUE,TRUE,Tier 1,""
BRSK2,ENSG00000174672,11,1,109,TRUE,TRUE,Tier 1,""
BSG,ENSG00000172270,19,2,244,TRUE,FALSE,Tier 1,""
BSPH1,ENSG00000188334,19,0,0,FALSE,FALSE,Tier 3A,no cis-eQTL in window
BST1,ENSG00000109743,4,5,1830,TRUE,FALSE,Tier 3A,""
BST2,ENSG00000130303,19,1,63,TRUE,TRUE,Tier 3B,""
BTC,ENSG00000174808,4,0,0,FALSE,FALSE,Tier 3B,no cis-eQTL in window
BTD,ENSG00000169814,3,1,405,TRUE,TRUE,Tier 3A,""
BTK,ENSG00000010671,X,0,0,FALSE,FALSE,Tier 1,non-autosomal chr skipped
BTLA,ENSG00000186265,3,2,122,TRUE,FALSE,Tier 3B,""
BTN1A1,ENSG00000124557,6,0,0,FALSE,FALSE,Tier 3A,no SNP below 5e-8
BTN3A1,ENSG00000026950,6,5,2672,TRUE,FALSE,Tier 3B,""
BTN3A2,ENSG00000186470,6,16,5105,TRUE,FALSE,Tier 3B,""
BTN3A3,ENSG00000111801,6,7,831,TRUE,FALSE,Tier 3A,""
BTNL8,ENSG00000113303,5,4,851,TRUE,FALSE,Tier 3B,""
BUB1,ENSG00000169679,2,0,0,FALSE,FALSE,Tier 3B,no SNP below 5e-8
BUB1B,ENSG00000156970,15,0,0,FALSE,FALSE,Tier 3B,no SNP below 5e-8
C10orf54,ENSG00000107738,10,2,150,TRUE,FALSE,Tier 3A,""
C11orf83,ENSG00000204922,11,1,165,TRUE,TRUE,Tier 3B,""
C12orf39,ENSG00000134548,12,3,1143,TRUE,FALSE,Tier 3B,""
C16orf89,ENSG00000153446,16,0,0,FALSE,FALSE,Tier 3B,no cis-eQTL in window
C17orf72,ENSG00000224383,17,1,169,TRUE,TRUE,Tier 3B,""
C17orf99,ENSG00000187997,17,2,115,TRUE,FALSE,Tier 3B,""
C19orf10,ENSG00000074842,19,1,175,TRUE,TRUE,Tier 3B,""
C1QA,ENSG00000173372,1,2,483,TRUE,FALSE,Tier 3B,""
C1QB,ENSG00000173369,1,3,753,TRUE,FALSE,Tier 3B,""
C1QC,ENSG00000159189,1,3,317,TRUE,FALSE,Tier 3B,""
C1QL1,ENSG00000131094,17,0,0,FALSE,FALSE,Tier 3B,no cis-eQTL in window
C1QL2,ENSG00000144119,2,0,0,FALSE,FALSE,Tier 3B,no cis-eQTL in window
C1QTNF5,ENSG00000223953,11,0,0,FALSE,FALSE,Tier 3A,no cis-eQTL in window
C1QTNF6,ENSG00000133466,22,3,399,TRUE,FALSE,Tier 3A,""
C1QTNF8,ENSG00000184471,16,0,0,FALSE,FALSE,Tier 3B,no cis-eQTL in window
C1QTNF9,ENSG00000240654,13,0,0,FALSE,FALSE,Tier 3B,no cis-eQTL in window
C1QTNF9B,ENSG00000205863,13,0,0,FALSE,FALSE,Tier 3A,no cis-eQTL in window
C1R,ENSG00000159403,12,1,73,TRUE,TRUE,Tier 2,""
C1RL,ENSG00000139178,12,6,835,TRUE,FALSE,Tier 3B,""
C1S,ENSG00000182326,12,1,24,TRUE,TRUE,Tier 2,""
C2,ENSG00000166278,6,2,899,TRUE,FALSE,Tier 3A,""
C2orf40,ENSG00000119147,2,3,737,TRUE,FALSE,Tier 3B,""
C3,ENSG00000125730,19,1,74,TRUE,TRUE,Tier 3A,""
C3AR1,ENSG00000171860,12,6,969,TRUE,FALSE,Tier 2,""
C4A,ENSG00000244731,6,5,8175,TRUE,FALSE,Tier 3A,""
C4B,ENSG00000224389,6,3,8590,TRUE,FALSE,Tier 3B,""
C4BPA,ENSG00000123838,1,4,793,TRUE,FALSE,Tier 3A,""
C4BPB,ENSG00000123843,1,2,717,TRUE,FALSE,Tier 3A,""
C5,ENSG00000106804,9,4,2264,TRUE,FALSE,Tier 1,""
C5AR1,ENSG00000197405,19,1,158,TRUE,TRUE,Tier 2,""
C5AR2,ENSG00000134830,19,0,0,FALSE,FALSE,Tier 3B,no SNP below 5e-8
C6,ENSG00000039537,5,0,0,FALSE,FALSE,Tier 3A,no cis-eQTL in window
C6orf120,ENSG00000185127,6,3,989,TRUE,FALSE,Tier 3B,""
C6orf15,ENSG00000204542,6,0,0,FALSE,FALSE,Tier 3A,no cis-eQTL in window
C6orf25,ENSG00000204420,6,0,0,FALSE,FALSE,Tier 3A,no SNP below 5e-8
C7,ENSG00000112936,5,0,0,FALSE,FALSE,Tier 3B,no cis-eQTL in window
C8A,ENSG00000157131,1,0,0,FALSE,FALSE,Tier 3B,no cis-eQTL in window
C8B,ENSG00000021852,1,0,0,FALSE,FALSE,Tier 3B,no cis-eQTL in window
C8G,ENSG00000176919,9,1,235,TRUE,TRUE,Tier 3A,""
C8orf44-SGK3,ENSG00000270024,8,0,0,FALSE,FALSE,Tier 1,no cis-eQTL in window
C9,ENSG00000113600,5,0,0,FALSE,FALSE,Tier 3A,no cis-eQTL in window
C9orf96,ENSG00000198870,9,1,5,TRUE,TRUE,Tier 3B,""
CA1,ENSG00000133742,8,0,10,FALSE,FALSE,Tier 1,no SNP below 5e-8
CA10,ENSG00000154975,17,0,0,FALSE,FALSE,Tier 3B,no cis-eQTL in window
CA11,ENSG00000063180,19,1,179,TRUE,TRUE,Tier 3B,""
CA12,ENSG00000074410,15,0,0,FALSE,FALSE,Tier 1,no SNP below 5e-8
CA13,ENSG00000185015,8,1,1308,TRUE,TRUE,Tier 1,""
CA14,ENSG00000118298,1,1,293,TRUE,TRUE,Tier 1,""
CA2,ENSG00000104267,8,3,1890,TRUE,FALSE,Tier 1,""
CA3,ENSG00000164879,8,0,65,FALSE,FALSE,Tier 1,no SNP below 5e-8
CA4,ENSG00000167434,17,1,392,TRUE,TRUE,Tier 1,""
CA5A,ENSG00000174990,16,0,0,FALSE,FALSE,Tier 1,no cis-eQTL in window
CA5B,ENSG00000169239,X,0,0,FALSE,FALSE,Tier 1,non-autosomal chr skipped
CA6,ENSG00000131686,1,2,499,TRUE,FALSE,Tier 1,""
CA7,ENSG00000168748,16,0,0,FALSE,FALSE,Tier 1,no cis-eQTL in window
CA8,ENSG00000178538,8,2,1178,TRUE,FALSE,Tier 3A,""
CA9,ENSG00000107159,9,0,0,FALSE,FALSE,Tier 1,no cis-eQTL in window
CACNA1A,ENSG00000141837,19,1,88,TRUE,TRUE,Tier 2,""
CACNA1B,ENSG00000148408,9,0,0,FALSE,FALSE,Tier 1,no cis-eQTL in window
CACNA1C,ENSG00000151067,12,1,11,TRUE,TRUE,Tier 1,""
CACNA1D,ENSG00000157388,3,1,187,TRUE,TRUE,Tier 1,""
CACNA1E,ENSG00000198216,1,2,618,TRUE,FALSE,Tier 3B,""
CACNA1F,ENSG00000102001,X,0,0,FALSE,FALSE,Tier 1,non-autosomal chr skipped
CACNA1G,ENSG00000006283,17,0,0,FALSE,FALSE,Tier 1,no cis-eQTL in window
CACNA1H,ENSG00000196557,16,1,121,TRUE,TRUE,Tier 1,""
CACNA1I,ENSG00000100346,22,1,133,TRUE,TRUE,Tier 1,""
CACNA1S,ENSG00000081248,1,0,0,FALSE,FALSE,Tier 1,no cis-eQTL in window
CACNA2D1,ENSG00000153956,7,0,0,FALSE,FALSE,Tier 1,no cis-eQTL in window
CACNA2D2,ENSG00000007402,3,1,299,TRUE,TRUE,Tier 1,""
CACNA2D3,ENSG00000157445,3,2,525,TRUE,FALSE,Tier 3B,""
CACNA2D4,ENSG00000151062,12,1,177,TRUE,TRUE,Tier 3B,""
CACNB1,ENSG00000067191,17,0,9,FALSE,FALSE,Tier 3B,no SNP below 5e-8
CACNB2,ENSG00000165995,10,1,650,TRUE,TRUE,Tier 3A,""
CACNB3,ENSG00000167535,12,3,730,TRUE,FALSE,Tier 3A,""
CACNB4,ENSG00000182389,2,2,1013,TRUE,FALSE,Tier 3B,""
CACNG1,ENSG00000108878,17,0,0,FALSE,FALSE,Tier 3B,no cis-eQTL in window
CACNG2,ENSG00000166862,22,0,0,FALSE,FALSE,Tier 3B,no cis-eQTL in window
CACNG3,ENSG00000006116,16,0,0,FALSE,FALSE,Tier 3B,no cis-eQTL in window
CACNG4,ENSG00000075461,17,0,0,FALSE,FALSE,Tier 3B,no cis-eQTL in window
CACNG5,ENSG00000075429,17,0,0,FALSE,FALSE,Tier 3B,no cis-eQTL in window
CACNG6,ENSG00000130433,19,2,219,TRUE,FALSE,Tier 3B,""
CACNG7,ENSG00000105605,19,0,0,FALSE,FALSE,Tier 3B,no cis-eQTL in window
CACNG8,ENSG00000142408,19,1,38,TRUE,TRUE,Tier 3B,""
CAD,ENSG00000084774,2,2,538,TRUE,FALSE,Tier 2,""
CADM3,ENSG00000162706,1,0,0,FALSE,FALSE,Tier 3A,no cis-eQTL in window
CALCA,ENSG00000110680,11,0,0,FALSE,FALSE,Tier 1,no cis-eQTL in window
CALCB,ENSG00000175868,11,0,0,FALSE,FALSE,Tier 3A,no cis-eQTL in window
CALCR,ENSG00000004948,7,0,0,FALSE,FALSE,Tier 1,no cis-eQTL in window
CALCRL,ENSG00000064989,2,2,1416,TRUE,FALSE,Tier 1,""
CALM1,ENSG00000198668,14,1,291,TRUE,TRUE,Tier 2,""
CALM2,ENSG00000143933,2,3,233,TRUE,FALSE,Tier 2,""
CALM3,ENSG00000160014,19,2,272,TRUE,FALSE,Tier 2,""
CALR,ENSG00000179218,19,0,0,FALSE,FALSE,Tier 3A,no SNP below 5e-8
CALU,ENSG00000128595,7,2,597,TRUE,FALSE,Tier 3B,""
CAMK1,ENSG00000134072,3,2,231,TRUE,FALSE,Tier 2,""
CAMK1D,ENSG00000183049,10,4,1300,TRUE,FALSE,Tier 1,""
CAMK1G,ENSG00000008118,1,0,0,FALSE,FALSE,Tier 2,no cis-eQTL in window
CAMK2A,ENSG00000070808,5,0,0,FALSE,FALSE,Tier 1,no cis-eQTL in window
CAMK2B,ENSG00000058404,7,0,0,FALSE,FALSE,Tier 1,no cis-eQTL in window
CAMK2D,ENSG00000145349,4,4,976,TRUE,FALSE,Tier 1,""
CAMK2G,ENSG00000148660,10,1,154,TRUE,TRUE,Tier 1,""
CAMK4,ENSG00000152495,5,1,506,TRUE,TRUE,Tier 2,""
CAMKK1,ENSG00000004660,17,1,15,TRUE,TRUE,Tier 1,""
CAMKK2,ENSG00000110931,12,5,2302,TRUE,FALSE,Tier 1,""
CAMKV,ENSG00000164076,3,0,0,FALSE,FALSE,Tier 3B,no cis-eQTL in window
CAMP,ENSG00000164047,3,0,0,FALSE,FALSE,Tier 3B,no SNP below 5e-8
CAPN1,ENSG00000014216,11,5,1064,TRUE,FALSE,Tier 2,""
CAPN2,ENSG00000162909,1,3,279,TRUE,FALSE,Tier 2,""
CAPNS1,ENSG00000126247,19,3,599,TRUE,FALSE,Tier 2,""
CAPZA1,ENSG00000116489,1,1,144,TRUE,TRUE,Tier 3A,""
CAPZA2,ENSG00000198898,7,4,658,TRUE,FALSE,Tier 3A,""
CARM1,ENSG00000142453,19,2,713,TRUE,FALSE,Tier 2,""
CARTPT,ENSG00000164326,5,0,0,FALSE,FALSE,Tier 3B,no cis-eQTL in window
CASK,ENSG00000147044,X,0,0,FALSE,FALSE,Tier 2,non-autosomal chr skipped
CASP1,ENSG00000137752,11,3,1299,TRUE,FALSE,Tier 1,""
CASP2,ENSG00000106144,7,2,54,TRUE,FALSE,Tier 2,""
CASP3,ENSG00000164305,4,4,845,TRUE,FALSE,Tier 2,""
CASP6,ENSG00000138794,4,1,363,TRUE,TRUE,Tier 2,""
CASP7,ENSG00000165806,10,4,1451,TRUE,FALSE,Tier 2,""
CASP8,ENSG00000064012,2,3,1115,TRUE,FALSE,Tier 1,""
CASP9,ENSG00000132906,1,3,963,TRUE,FALSE,Tier 2,""
CASQ2,ENSG00000118729,1,0,0,FALSE,FALSE,Tier 3A,no cis-eQTL in window
CASR,ENSG00000036828,3,0,0,FALSE,FALSE,Tier 1,no cis-eQTL in window
CAT,ENSG00000121691,11,3,1123,TRUE,FALSE,Tier 1,""
CATSPER1,ENSG00000175294,11,2,333,TRUE,FALSE,Tier 3B,""
CATSPER2,ENSG00000166762,15,2,1046,TRUE,FALSE,Tier 3B,""
CATSPER3,ENSG00000152705,5,0,0,FALSE,FALSE,Tier 3B,no SNP below 5e-8
CATSPER4,ENSG00000188782,1,0,0,FALSE,FALSE,Tier 3B,no cis-eQTL in window
CBLN1,ENSG00000102924,16,0,0,FALSE,FALSE,Tier 3B,no cis-eQTL in window
CBLN3,ENSG00000139899,14,5,1397,TRUE,FALSE,Tier 3A,""
CBLN4,ENSG00000054803,20,0,0,FALSE,FALSE,Tier 3B,no cis-eQTL in window
CBR1,ENSG00000159228,21,4,1082,TRUE,FALSE,Tier 1,""
CBR3,ENSG00000159231,21,4,1674,TRUE,FALSE,Tier 1,""
CCDC3,ENSG00000151468,10,4,429,TRUE,FALSE,Tier 3A,""
CCDC80,ENSG00000091986,3,0,0,FALSE,FALSE,Tier 3A,no cis-eQTL in window
CCK,ENSG00000187094,3,0,0,FALSE,FALSE,Tier 3A,no cis-eQTL in window
CCKAR,ENSG00000163394,4,0,0,FALSE,FALSE,Tier 1,no cis-eQTL in window
CCKBR,ENSG00000110148,11,0,0,FALSE,FALSE,Tier 1,no cis-eQTL in window
CCL1,ENSG00000108702,17,0,0,FALSE,FALSE,Tier 3B,no cis-eQTL in window
CCL11,ENSG00000172156,17,0,0,FALSE,FALSE,Tier 1,no cis-eQTL in window
CCL13,ENSG00000181374,17,0,0,FALSE,FALSE,Tier 3B,no cis-eQTL in window
CCL14,ENSG00000213494,17,0,0,FALSE,FALSE,Tier 3B,no cis-eQTL in window
CCL15-CCL14,ENSG00000161574,17,0,0,FALSE,FALSE,Tier 3B,no cis-eQTL in window
CCL16,ENSG00000161573,17,0,0,FALSE,FALSE,Tier 3B,no cis-eQTL in window
CCL17,ENSG00000102970,16,0,0,FALSE,FALSE,Tier 3B,no cis-eQTL in window
CCL18,ENSG00000006074,17,0,0,FALSE,FALSE,Tier 3B,no cis-eQTL in window
CCL19,ENSG00000172724,9,0,0,FALSE,FALSE,Tier 3A,no cis-eQTL in window
CCL2,ENSG00000108691,17,1,96,TRUE,TRUE,Tier 1,""
CCL20,ENSG00000115009,2,0,0,FALSE,FALSE,Tier 3A,no cis-eQTL in window
CCL21,ENSG00000137077,9,0,0,FALSE,FALSE,Tier 3A,no cis-eQTL in window
CCL22,ENSG00000102962,16,0,0,FALSE,FALSE,Tier 3B,no cis-eQTL in window
CCL23,ENSG00000167236,17,4,533,TRUE,FALSE,Tier 3B,""
CCL24,ENSG00000106178,7,0,0,FALSE,FALSE,Tier 3B,no cis-eQTL in window
CCL25,ENSG00000131142,19,1,60,TRUE,TRUE,Tier 3B,""
CCL26,ENSG00000006606,7,0,0,FALSE,FALSE,Tier 3B,no cis-eQTL in window
CCL27,ENSG00000213927,9,0,0,FALSE,FALSE,Tier 3A,no cis-eQTL in window
CCL28,ENSG00000151882,5,1,1242,TRUE,TRUE,Tier 3B,""
CCL3,ENSG00000006075,17,2,96,TRUE,FALSE,Tier 3B,""
CCL3L1,ENSG00000205021,17,3,243,TRUE,FALSE,Tier 3B,""
CCL3L3,ENSG00000256515,17,2,270,TRUE,FALSE,Tier 3B,""
CCL4,ENSG00000129277,17,1,221,TRUE,TRUE,Tier 3B,""
CCL4L1,ENSG00000205020,17,3,334,TRUE,FALSE,Tier 3B,""
CCL4L2,ENSG00000197262,17,2,293,TRUE,FALSE,Tier 3B,""
CCL5,ENSG00000161570,17,2,464,TRUE,FALSE,Tier 2,""
CCL7,ENSG00000108688,17,0,0,FALSE,FALSE,Tier 3A,no cis-eQTL in window
CCL8,ENSG00000108700,17,1,42,TRUE,TRUE,Tier 3B,""
CCNA1,ENSG00000133101,13,1,884,TRUE,TRUE,Tier 1,""
CCNA2,ENSG00000145386,4,1,247,TRUE,TRUE,Tier 1,""
CCNB1,ENSG00000134057,5,1,421,TRUE,TRUE,Tier 1,""
CCNB2,ENSG00000157456,15,0,0,FALSE,FALSE,Tier 1,no SNP below 5e-8
CCNB3,ENSG00000147082,X,0,0,FALSE,FALSE,Tier 1,non-autosomal chr skipped
CCND1,ENSG00000110092,11,1,329,TRUE,TRUE,Tier 1,""
CCND2,ENSG00000118971,12,2,45,TRUE,FALSE,Tier 1,""
CCND3,ENSG00000112576,6,1,346,TRUE,TRUE,Tier 1,""
CCNE1,ENSG00000105173,19,2,165,TRUE,FALSE,Tier 1,""
CCNE2,ENSG00000175305,8,1,259,TRUE,TRUE,Tier 1,""
CCNH,ENSG00000134480,5,1,123,TRUE,TRUE,Tier 2,""
CCNT1,ENSG00000129315,12,2,419,TRUE,FALSE,Tier 1,""
CCR1,ENSG00000163823,3,6,2487,TRUE,FALSE,Tier 1,""
CCR10,ENSG00000184451,17,1,46,TRUE,TRUE,Tier 3B,""
CCR2,ENSG00000121807,3,4,1690,TRUE,FALSE,Tier 1,""
CCR3,ENSG00000183625,3,4,3269,TRUE,FALSE,Tier 2,""
CCR4,ENSG00000183813,3,2,461,TRUE,FALSE,Tier 1,""
CCR5,ENSG00000160791,3,2,1433,TRUE,FALSE,Tier 1,""
CCR6,ENSG00000112486,6,2,781,TRUE,FALSE,Tier 2,""
CCR7,ENSG00000126353,17,1,172,TRUE,TRUE,Tier 3A,""
CCR8,ENSG00000179934,3,2,338,TRUE,FALSE,Tier 2,""
CCR9,ENSG00000173585,3,1,915,TRUE,TRUE,Tier 1,""
CCRL2,ENSG00000121797,3,2,877,TRUE,FALSE,Tier 3B,""
CD101,ENSG00000134256,1,7,1214,TRUE,FALSE,Tier 3B,""
CD109,ENSG00000156535,6,2,442,TRUE,FALSE,Tier 3B,""
CD14,ENSG00000170458,5,3,1257,TRUE,FALSE,Tier 1,""
CD151,ENSG00000177697,11,6,2402,TRUE,FALSE,Tier 3A,""
CD160,ENSG00000117281,1,1,228,TRUE,TRUE,Tier 3A,""
CD163,ENSG00000177575,12,2,220,TRUE,FALSE,Tier 3B,""
CD163L1,ENSG00000177675,12,2,498,TRUE,FALSE,Tier 3B,""
CD164,ENSG00000135535,6,2,1492,TRUE,FALSE,Tier 3A,""
CD164L2,ENSG00000174950,1,1,231,TRUE,TRUE,Tier 3B,""
CD177,ENSG00000204936,19,3,1831,TRUE,FALSE,Tier 3B,""
CD180,ENSG00000134061,5,1,285,TRUE,TRUE,Tier 3A,""
CD19,ENSG00000177455,16,0,0,FALSE,FALSE,Tier 1,no SNP below 5e-8
CD1A,ENSG00000158477,1,4,1450,TRUE,FALSE,Tier 3B,""
CD1B,ENSG00000158485,1,3,1528,TRUE,FALSE,Tier 3B,""
CD1C,ENSG00000158481,1,2,1027,TRUE,FALSE,Tier 3B,""
CD1D,ENSG00000158473,1,1,968,TRUE,TRUE,Tier 3B,""
CD1E,ENSG00000158488,1,3,1461,TRUE,FALSE,Tier 3B,""
CD2,ENSG00000116824,1,1,30,TRUE,TRUE,Tier 1,""
CD200,ENSG00000091972,3,1,87,TRUE,TRUE,Tier 1,""
CD200R1,ENSG00000163606,3,4,1713,TRUE,FALSE,Tier 3A,""
CD207,ENSG00000116031,2,1,398,TRUE,TRUE,Tier 3B,""
CD209,ENSG00000090659,19,2,360,TRUE,FALSE,Tier 3B,""
CD22,ENSG00000012124,19,1,75,TRUE,TRUE,Tier 1,""
CD226,ENSG00000150637,18,2,954,TRUE,FALSE,Tier 3A,""
CD244,ENSG00000122223,1,6,899,TRUE,FALSE,Tier 3A,""
CD247,ENSG00000198821,1,2,462,TRUE,FALSE,Tier 3A,""
CD248,ENSG00000174807,11,1,10,TRUE,TRUE,Tier 1,""
CD27,ENSG00000139193,12,2,304,TRUE,FALSE,Tier 3A,""
CD274,ENSG00000120217,9,1,73,TRUE,TRUE,Tier 1,""
CD276,ENSG00000103855,15,0,0,FALSE,FALSE,Tier 1,no SNP below 5e-8
CD28,ENSG00000178562,2,1,176,TRUE,TRUE,Tier 1,""
CD300A,ENSG00000167851,17,4,383,TRUE,FALSE,Tier 3B,""
CD300C,ENSG00000167850,17,8,1132,TRUE,FALSE,Tier 3B,""
CD300E,ENSG00000186407,17,4,340,TRUE,FALSE,Tier 3B,""
CD300LB,ENSG00000178789,17,6,726,TRUE,FALSE,Tier 3B,""
CD300LD,ENSG00000204345,17,3,582,TRUE,FALSE,Tier 3B,""
CD300LF,ENSG00000186074,17,3,496,TRUE,FALSE,Tier 3A,""
CD300LG,ENSG00000161649,17,0,0,FALSE,FALSE,Tier 3A,no cis-eQTL in window
CD302,ENSG00000241399,2,4,1811,TRUE,FALSE,Tier 3B,""
CD320,ENSG00000167775,19,5,765,TRUE,FALSE,Tier 3B,""
CD33,ENSG00000105383,19,3,257,TRUE,FALSE,Tier 1,""
CD34,ENSG00000174059,1,1,59,TRUE,TRUE,Tier 3A,""
CD36,ENSG00000135218,7,6,1229,TRUE,FALSE,Tier 3A,""
CD37,ENSG00000104894,19,3,655,TRUE,FALSE,Tier 1,""
CD38,ENSG00000004468,4,1,300,TRUE,TRUE,Tier 1,""
CD3D,ENSG00000167286,11,1,167,TRUE,TRUE,Tier 3B,""
CD3E,ENSG00000198851,11,1,302,TRUE,TRUE,Tier 1,""
CD3G,ENSG00000160654,11,1,196,TRUE,TRUE,Tier 3B,""
CD4,ENSG00000010610,12,3,367,TRUE,FALSE,Tier 1,""
CD40,ENSG00000101017,20,3,1046,TRUE,FALSE,Tier 1,""
CD40LG,ENSG00000102245,X,0,0,FALSE,FALSE,Tier 1,non-autosomal chr skipped
CD44,ENSG00000026508,11,3,677,TRUE,FALSE,Tier 1,""
CD46,ENSG00000117335,1,1,142,TRUE,TRUE,Tier 3A,""
CD47,ENSG00000196776,3,5,1545,TRUE,FALSE,Tier 3B,""
CD48,ENSG00000117091,1,4,345,TRUE,FALSE,Tier 3A,""
CD5,ENSG00000110448,11,2,470,TRUE,FALSE,Tier 1,""
CD52,ENSG00000169442,1,4,1204,TRUE,FALSE,Tier 1,""
CD53,ENSG00000143119,1,2,878,TRUE,FALSE,Tier 3A,""
CD55,ENSG00000196352,1,5,2458,TRUE,FALSE,Tier 1,""
CD58,ENSG00000116815,1,1,56,TRUE,TRUE,Tier 3A,""
CD59,ENSG00000085063,11,3,555,TRUE,FALSE,Tier 3B,""
CD5L,ENSG00000073754,1,0,0,FALSE,FALSE,Tier 3A,no cis-eQTL in window
CD6,ENSG00000013725,11,3,513,TRUE,FALSE,Tier 1,""
CD63,ENSG00000135404,12,2,282,TRUE,FALSE,Tier 3A,""
CD68,ENSG00000129226,17,3,480,TRUE,FALSE,Tier 3A,""
CD69,ENSG00000110848,12,2,398,TRUE,FALSE,Tier 3A,""
CD7,ENSG00000173762,17,2,387,TRUE,FALSE,Tier 3B,""
CD70,ENSG00000125726,19,1,248,TRUE,TRUE,Tier 1,""
CD72,ENSG00000137101,9,1,113,TRUE,TRUE,Tier 3B,""
CD74,ENSG00000019582,5,0,0,FALSE,FALSE,Tier 1,no SNP below 5e-8
CD79A,ENSG00000105369,19,0,0,FALSE,FALSE,Tier 3B,no SNP below 5e-8
CD79B,ENSG00000007312,17,1,551,TRUE,TRUE,Tier 1,""
CD80,ENSG00000121594,3,0,69,FALSE,FALSE,Tier 1,no SNP below 5e-8
CD81,ENSG00000110651,11,2,360,TRUE,FALSE,Tier 3B,""
CD82,ENSG00000085117,11,3,182,TRUE,FALSE,Tier 3A,""
CD83,ENSG00000112149,6,2,251,TRUE,FALSE,Tier 3A,""
CD84,ENSG00000066294,1,3,448,TRUE,FALSE,Tier 3B,""
CD86,ENSG00000114013,3,3,1359,TRUE,FALSE,Tier 1,""
CD8A,ENSG00000153563,2,2,877,TRUE,FALSE,Tier 3A,""
CD8B,ENSG00000172116,2,1,35,TRUE,TRUE,Tier 3A,""
CD9,ENSG00000010278,12,5,767,TRUE,FALSE,Tier 3A,""
CD93,ENSG00000125810,20,4,1579,TRUE,FALSE,Tier 3A,""
CD96,ENSG00000153283,3,6,1604,TRUE,FALSE,Tier 3A,""
CD97,ENSG00000123146,19,1,51,TRUE,TRUE,Tier 3B,""
CD99,ENSG00000002586,X,0,0,FALSE,FALSE,Tier 3B,non-autosomal chr skipped
CDA,ENSG00000158825,1,7,1231,TRUE,FALSE,Tier 1,""
CDC25A,ENSG00000164045,3,1,660,TRUE,TRUE,Tier 2,""
CDC25B,ENSG00000101224,20,3,431,TRUE,FALSE,Tier 2,""
CDC25C,ENSG00000158402,5,0,0,FALSE,FALSE,Tier 2,no SNP below 5e-8
CDC42,ENSG00000070831,1,4,1466,TRUE,FALSE,Tier 2,""
CDC42BPA,ENSG00000143776,1,2,1488,TRUE,FALSE,Tier 2,""
CDC42BPB,ENSG00000198752,14,4,914,TRUE,FALSE,Tier 2,""
CDC42BPG,ENSG00000171219,11,1,64,TRUE,TRUE,Tier 2,""
CDC7,ENSG00000097046,1,5,1634,TRUE,FALSE,Tier 2,""
CDCP1,ENSG00000163814,3,2,318,TRUE,FALSE,Tier 3B,""
CDH1,ENSG00000039068,16,4,1325,TRUE,FALSE,Tier 3A,""
CDH13,ENSG00000140945,16,2,246,TRUE,FALSE,Tier 3A,""
CDH2,ENSG00000170558,18,5,2338,TRUE,FALSE,Tier 1,""
CDH3,ENSG00000062038,16,0,0,FALSE,FALSE,Tier 1,no cis-eQTL in window
CDH5,ENSG00000179776,16,0,0,FALSE,FALSE,Tier 3B,no cis-eQTL in window
CDK1,ENSG00000170312,10,0,0,FALSE,FALSE,Tier 1,no SNP below 5e-8
CDK10,ENSG00000185324,16,5,2914,TRUE,FALSE,Tier 3B,""
CDK11A,ENSG00000008128,1,2,259,TRUE,FALSE,Tier 2,""
CDK11B,ENSG00000248333,1,2,415,TRUE,FALSE,Tier 2,""
CDK12,ENSG00000167258,17,3,1154,TRUE,FALSE,Tier 3B,""
CDK13,ENSG00000065883,7,2,727,TRUE,FALSE,Tier 1,""
CDK14,ENSG00000058091,7,1,284,TRUE,TRUE,Tier 2,""
CDK15,ENSG00000138395,2,1,96,TRUE,TRUE,Tier 2,""
CDK16,ENSG00000102225,X,0,0,FALSE,FALSE,Tier 1,non-autosomal chr skipped
CDK17,ENSG00000059758,12,1,100,TRUE,TRUE,Tier 2,""
CDK18,ENSG00000117266,1,1,29,TRUE,TRUE,Tier 2,""
CDK19,ENSG00000155111,6,2,1221,TRUE,FALSE,Tier 1,""
CDK2,ENSG00000123374,12,1,154,TRUE,TRUE,Tier 1,""
CDK20,ENSG00000156345,9,1,22,TRUE,TRUE,Tier 3B,""
CDK3,ENSG00000250506,17,1,53,TRUE,TRUE,Tier 2,""
CDK4,ENSG00000135446,12,1,110,TRUE,TRUE,Tier 1,""
CDK5,ENSG00000164885,7,0,0,FALSE,FALSE,Tier 1,no SNP below 5e-8
CDK5R1,ENSG00000176749,17,5,1651,TRUE,FALSE,Tier 1,""
CDK6,ENSG00000105810,7,1,35,TRUE,TRUE,Tier 1,""
CDK7,ENSG00000134058,5,1,375,TRUE,TRUE,Tier 1,""
CDK8,ENSG00000132964,13,1,286,TRUE,TRUE,Tier 1,""
CDK9,ENSG00000136807,9,2,157,TRUE,FALSE,Tier 1,""
CDKL1,ENSG00000100490,14,2,1439,TRUE,FALSE,Tier 2,""
CDKL2,ENSG00000138769,4,0,0,FALSE,FALSE,Tier 1,no cis-eQTL in window
CDKL3,ENSG00000006837,5,1,270,TRUE,TRUE,Tier 2,""
CDKL4,ENSG00000205111,2,0,0,FALSE,FALSE,Tier 3B,no cis-eQTL in window
CDKL5,ENSG00000008086,X,0,0,FALSE,FALSE,Tier 1,non-autosomal chr skipped
CDKN1A,ENSG00000124762,6,2,445,TRUE,FALSE,Tier 2,""
CDNF,ENSG00000185267,10,0,0,FALSE,FALSE,Tier 3B,no SNP below 5e-8
CEACAM1,ENSG00000079385,19,0,0,FALSE,FALSE,Tier 3B,no SNP below 5e-8
CEACAM16,ENSG00000213892,19,0,0,FALSE,FALSE,Tier 3A,no cis-eQTL in window
CEACAM3,ENSG00000170956,19,1,188,TRUE,TRUE,Tier 1,""
CEACAM5,ENSG00000105388,19,0,0,FALSE,FALSE,Tier 1,no cis-eQTL in window
CEACAM6,ENSG00000086548,19,1,196,TRUE,TRUE,Tier 1,""
CEACAM7,ENSG00000007306,19,0,0,FALSE,FALSE,Tier 3B,no cis-eQTL in window
CEACAM8,ENSG00000124469,19,0,0,FALSE,FALSE,Tier 3B,no SNP below 5e-8
CECR1,ENSG00000093072,22,3,249,TRUE,FALSE,Tier 3B,""
CEL,ENSG00000170835,9,1,126,TRUE,TRUE,Tier 2,""
CELA1,ENSG00000139610,12,2,702,TRUE,FALSE,Tier 1,""
CELA2A,ENSG00000142615,1,0,0,FALSE,FALSE,Tier 3A,no cis-eQTL in window
CELA2B,ENSG00000215704,1,0,0,FALSE,FALSE,Tier 3A,no SNP below 5e-8
CELSR1,ENSG00000075275,22,2,453,TRUE,FALSE,Tier 3B,""
CELSR2,ENSG00000143126,1,1,323,TRUE,TRUE,Tier 3B,""
CELSR3,ENSG00000008300,3,1,789,TRUE,TRUE,Tier 3B,""
CER1,ENSG00000147869,9,0,0,FALSE,FALSE,Tier 3B,no cis-eQTL in window
CES1,ENSG00000198848,16,4,590,TRUE,FALSE,Tier 1,""
CES2,ENSG00000172831,16,1,168,TRUE,TRUE,Tier 1,""
CES3,ENSG00000172828,16,0,0,FALSE,FALSE,Tier 3B,no SNP below 5e-8
CES4A,ENSG00000172824,16,1,210,TRUE,TRUE,Tier 3B,""
CES5A,ENSG00000159398,16,0,0,FALSE,FALSE,Tier 3B,no cis-eQTL in window
CETP,ENSG00000087237,16,3,174,TRUE,FALSE,Tier 1,""
CFB,ENSG00000243649,6,0,0,FALSE,FALSE,Tier 3A,no cis-eQTL in window
CFC1,ENSG00000136698,2,0,0,FALSE,FALSE,Tier 3B,no cis-eQTL in window
CFD,ENSG00000197766,19,6,841,TRUE,FALSE,Tier 1,""
CFH,ENSG00000000971,1,1,901,TRUE,TRUE,Tier 3A,""
CFHR1,ENSG00000244414,1,0,0,FALSE,FALSE,Tier 3A,no cis-eQTL in window
CFHR2,ENSG00000080910,1,0,0,FALSE,FALSE,Tier 3A,no cis-eQTL in window
CFHR3,ENSG00000116785,1,0,0,FALSE,FALSE,Tier 3A,no cis-eQTL in window
CFHR4,ENSG00000134365,1,0,0,FALSE,FALSE,Tier 3A,no cis-eQTL in window
CFHR5,ENSG00000134389,1,0,0,FALSE,FALSE,Tier 3A,no cis-eQTL in window
CFI,ENSG00000205403,4,0,0,FALSE,FALSE,Tier 3A,no cis-eQTL in window
CFP,ENSG00000126759,X,0,0,FALSE,FALSE,Tier 3B,non-autosomal chr skipped
CFTR,ENSG00000001626,7,0,0,FALSE,FALSE,Tier 1,no cis-eQTL in window
CGA,ENSG00000135346,6,0,0,FALSE,FALSE,Tier 3B,no cis-eQTL in window
CGB,ENSG00000104827,19,0,0,FALSE,FALSE,Tier 3B,no cis-eQTL in window
CGB2,ENSG00000104818,19,0,0,FALSE,FALSE,Tier 3B,no cis-eQTL in window
CGB5,ENSG00000189052,19,0,0,FALSE,FALSE,Tier 3B,no cis-eQTL in window
CGB7,ENSG00000196337,19,0,0,FALSE,FALSE,Tier 3B,no cis-eQTL in window
CGB8,ENSG00000213030,19,0,0,FALSE,FALSE,Tier 3B,no cis-eQTL in window
CGREF1,ENSG00000138028,2,1,300,TRUE,TRUE,Tier 3B,""
CHAD,ENSG00000136457,17,0,9,FALSE,FALSE,Tier 3A,no SNP below 5e-8
CHADL,ENSG00000100399,22,1,18,TRUE,TRUE,Tier 3B,""
CHAT,ENSG00000070748,10,0,0,FALSE,FALSE,Tier 1,no cis-eQTL in window
CHEK1,ENSG00000149554,11,1,433,TRUE,TRUE,Tier 1,""
CHEK2,ENSG00000183765,22,1,403,TRUE,TRUE,Tier 1,""
CHGA,ENSG00000100604,14,0,0,FALSE,FALSE,Tier 3B,no SNP below 5e-8
CHGB,ENSG00000089199,20,2,328,TRUE,FALSE,Tier 3A,""
CHI3L1,ENSG00000133048,1,3,465,TRUE,FALSE,Tier 3A,""
CHI3L2,ENSG00000064886,1,5,1481,TRUE,FALSE,Tier 3B,""
CHIA,ENSG00000134216,1,0,0,FALSE,FALSE,Tier 2,no cis-eQTL in window
CHID1,ENSG00000177830,11,1,232,TRUE,TRUE,Tier 3A,""
CHIT1,ENSG00000133063,1,2,162,TRUE,FALSE,Tier 3A,""
CHL1,ENSG00000134121,3,1,539,TRUE,TRUE,Tier 3A,""
CHRD,ENSG00000090539,3,0,0,FALSE,FALSE,Tier 3A,no cis-eQTL in window
CHRDL1,ENSG00000101938,X,0,0,FALSE,FALSE,Tier 3A,non-autosomal chr skipped
CHRDL2,ENSG00000054938,11,0,0,FALSE,FALSE,Tier 3B,no cis-eQTL in window
CHRFAM7A,ENSG00000166664,15,3,650,TRUE,FALSE,Tier 3B,""
CHRM1,ENSG00000168539,11,0,0,FALSE,FALSE,Tier 1,no cis-eQTL in window
CHRM2,ENSG00000181072,7,0,0,FALSE,FALSE,Tier 1,no cis-eQTL in window
CHRM3,ENSG00000133019,1,0,0,FALSE,FALSE,Tier 1,no SNP below 5e-8
CHRM4,ENSG00000180720,11,0,0,FALSE,FALSE,Tier 1,no cis-eQTL in window
CHRM5,ENSG00000184984,15,0,0,FALSE,FALSE,Tier 1,no SNP below 5e-8
CHRNA1,ENSG00000138435,2,0,0,FALSE,FALSE,Tier 1,no cis-eQTL in window
CHRNA10,ENSG00000129749,11,1,195,TRUE,TRUE,Tier 3B,""
CHRNA2,ENSG00000120903,8,2,127,TRUE,FALSE,Tier 1,""
CHRNA3,ENSG00000080644,15,0,0,FALSE,FALSE,Tier 1,no cis-eQTL in window
CHRNA4,ENSG00000101204,20,0,0,FALSE,FALSE,Tier 1,no cis-eQTL in window
CHRNA5,ENSG00000169684,15,0,0,FALSE,FALSE,Tier 2,no cis-eQTL in window
CHRNA6,ENSG00000147434,8,0,0,FALSE,FALSE,Tier 2,no cis-eQTL in window
CHRNA7,ENSG00000175344,15,0,0,FALSE,FALSE,Tier 1,no cis-eQTL in window
CHRNA9,ENSG00000174343,4,0,0,FALSE,FALSE,Tier 3A,no cis-eQTL in window
CHRNB1,ENSG00000170175,17,2,567,TRUE,FALSE,Tier 1,""
CHRNB2,ENSG00000160716,1,1,167,TRUE,TRUE,Tier 1,""
CHRNB3,ENSG00000147432,8,0,0,FALSE,FALSE,Tier 2,no cis-eQTL in window
CHRNB4,ENSG00000117971,15,0,0,FALSE,FALSE,Tier 1,no cis-eQTL in window
CHRND,ENSG00000135902,2,0,0,FALSE,FALSE,Tier 1,no cis-eQTL in window
CHRNE,ENSG00000108556,17,1,671,TRUE,TRUE,Tier 1,""
CHRNG,ENSG00000196811,2,0,0,FALSE,FALSE,Tier 1,no SNP below 5e-8
CHST1,ENSG00000175264,11,0,0,FALSE,FALSE,Tier 1,no cis-eQTL in window
CHST10,ENSG00000115526,2,1,376,TRUE,TRUE,Tier 1,""
CHST11,ENSG00000171310,12,3,392,TRUE,FALSE,Tier 1,""
CHST12,ENSG00000136213,7,4,159,TRUE,FALSE,Tier 1,""
CHST13,ENSG00000180767,3,7,2253,TRUE,FALSE,Tier 1,""
CHST2,ENSG00000175040,3,3,284,TRUE,FALSE,Tier 1,""
CHST3,ENSG00000122863,10,0,0,FALSE,FALSE,Tier 1,no cis-eQTL in window
CHST4,ENSG00000140835,16,0,0,FALSE,FALSE,Tier 1,no cis-eQTL in window
CHST5,ENSG00000135702,16,0,0,FALSE,FALSE,Tier 1,no cis-eQTL in window
CHST6,ENSG00000183196,16,0,0,FALSE,FALSE,Tier 1,no cis-eQTL in window
CHST7,ENSG00000147119,X,0,0,FALSE,FALSE,Tier 1,non-autosomal chr skipped
CHST8,ENSG00000124302,19,1,139,TRUE,TRUE,Tier 1,""
CHST9,ENSG00000154080,18,0,0,FALSE,FALSE,Tier 1,no cis-eQTL in window
CHSY1,ENSG00000131873,15,4,502,TRUE,FALSE,Tier 3A,""
CHUK,ENSG00000213341,10,2,579,TRUE,FALSE,Tier 1,""
CILP,ENSG00000138615,15,1,239,TRUE,TRUE,Tier 3B,""
CILP2,ENSG00000160161,19,0,0,FALSE,FALSE,Tier 3A,no SNP below 5e-8
CISD1,ENSG00000122873,10,6,3165,TRUE,FALSE,Tier 2,""
CIT,ENSG00000122966,12,0,43,FALSE,FALSE,Tier 1,no SNP below 5e-8
CKLF,ENSG00000217555,16,2,525,TRUE,FALSE,Tier 3B,""
CLCA1,ENSG00000016490,1,0,0,FALSE,FALSE,Tier 1,no cis-eQTL in window
CLCA2,ENSG00000137975,1,0,0,FALSE,FALSE,Tier 1,no cis-eQTL in window
CLCA3P,ENSG00000153923,1,0,0,FALSE,FALSE,Tier 1,no cis-eQTL in window
CLCA4,ENSG00000016602,1,0,0,FALSE,FALSE,Tier 1,no cis-eQTL in window
CLCF1,ENSG00000175505,11,2,269,TRUE,FALSE,Tier 3B,""
CLCN1,ENSG00000188037,7,3,451,TRUE,FALSE,Tier 2,""
CLCN2,ENSG00000114859,3,1,105,TRUE,TRUE,Tier 1,""
CLCN3,ENSG00000109572,4,1,222,TRUE,TRUE,Tier 3B,""
CLCN4,ENSG00000073464,X,0,0,FALSE,FALSE,Tier 3B,non-autosomal chr skipped
CLCN5,ENSG00000171365,X,0,0,FALSE,FALSE,Tier 3B,non-autosomal chr skipped
CLCNKA,ENSG00000186510,1,0,0,FALSE,FALSE,Tier 3A,no cis-eQTL in window
CLCNKB,ENSG00000184908,1,0,0,FALSE,FALSE,Tier 3B,no cis-eQTL in window
CLDN18,ENSG00000066405,3,0,0,FALSE,FALSE,Tier 1,no cis-eQTL in window
CLEC10A,ENSG00000132514,17,3,394,TRUE,FALSE,Tier 3B,""
CLEC11A,ENSG00000105472,19,3,103,TRUE,FALSE,Tier 3B,""
CLEC14A,ENSG00000176435,14,0,0,FALSE,FALSE,Tier 3A,no cis-eQTL in window
CLEC3A,ENSG00000166509,16,0,0,FALSE,FALSE,Tier 3B,no cis-eQTL in window
CLEC3B,ENSG00000163815,3,1,1162,TRUE,TRUE,Tier 3B,""
CLEC4C,ENSG00000198178,12,4,1672,TRUE,FALSE,Tier 3B,""
CLEC4M,ENSG00000104938,19,0,0,FALSE,FALSE,Tier 3B,no cis-eQTL in window
CLK1,ENSG00000013441,2,0,0,FALSE,FALSE,Tier 1,no SNP below 5e-8
CLK2,ENSG00000176444,1,1,3,TRUE,TRUE,Tier 1,""
CLK3,ENSG00000179335,15,0,0,FALSE,FALSE,Tier 2,no SNP below 5e-8
CLK4,ENSG00000113240,5,3,1045,TRUE,FALSE,Tier 1,""
CLPS,ENSG00000137392,6,0,0,FALSE,FALSE,Tier 3B,no cis-eQTL in window
CLPSL2,ENSG00000196748,6,0,0,FALSE,FALSE,Tier 3B,no cis-eQTL in window
CLSTN1,ENSG00000171603,1,3,540,TRUE,FALSE,Tier 3B,""
CLU,ENSG00000120885,8,1,69,TRUE,TRUE,Tier 3A,""
CLUL1,ENSG00000079101,18,0,0,FALSE,FALSE,Tier 3B,no cis-eQTL in window
CMA1,ENSG00000092009,14,0,0,FALSE,FALSE,Tier 1,no cis-eQTL in window
CMKLR1,ENSG00000174600,12,3,844,TRUE,FALSE,Tier 2,""
CNDP1,ENSG00000150656,18,1,18,TRUE,TRUE,Tier 3B,""
CNGA1,ENSG00000198515,4,2,718,TRUE,FALSE,Tier 3B,""
CNGA2,ENSG00000183862,X,0,0,FALSE,FALSE,Tier 3B,non-autosomal chr skipped
CNGA3,ENSG00000144191,2,0,0,FALSE,FALSE,Tier 3B,no cis-eQTL in window
CNGA4,ENSG00000132259,11,1,96,TRUE,TRUE,Tier 3B,""
CNGB1,ENSG00000070729,16,0,0,FALSE,FALSE,Tier 3B,no SNP below 5e-8
CNGB3,ENSG00000170289,8,0,0,FALSE,FALSE,Tier 3B,no cis-eQTL in window
CNP,ENSG00000173786,17,1,484,TRUE,TRUE,Tier 3B,""
CNR1,ENSG00000118432,6,3,924,TRUE,FALSE,Tier 1,""
CNR2,ENSG00000188822,1,1,293,TRUE,TRUE,Tier 1,""
CNTF,ENSG00000242689,11,0,18,FALSE,FALSE,Tier 3A,no SNP below 5e-8
CNTFR,ENSG00000122756,9,0,0,FALSE,FALSE,Tier 3B,no cis-eQTL in window
CNTN1,ENSG00000018236,12,0,0,FALSE,FALSE,Tier 3A,no cis-eQTL in window
CNTN2,ENSG00000184144,1,0,0,FALSE,FALSE,Tier 3B,no cis-eQTL in window
CNTN4,ENSG00000144619,3,0,0,FALSE,FALSE,Tier 3A,no cis-eQTL in window
CNTNAP3,ENSG00000106714,9,1,150,TRUE,TRUE,Tier 3B,""
COCH,ENSG00000100473,14,3,338,TRUE,FALSE,Tier 3B,""
COL10A1,ENSG00000123500,6,1,436,TRUE,TRUE,Tier 3B,""
COL11A1,ENSG00000060718,1,0,0,FALSE,FALSE,Tier 3A,no cis-eQTL in window
COL11A2,ENSG00000204248,6,5,1486,TRUE,FALSE,Tier 3A,""
COL12A1,ENSG00000111799,6,0,0,FALSE,FALSE,Tier 3B,no cis-eQTL in window
COL13A1,ENSG00000197467,10,1,102,TRUE,TRUE,Tier 3A,""
COL14A1,ENSG00000187955,8,0,0,FALSE,FALSE,Tier 3B,no cis-eQTL in window
COL15A1,ENSG00000204291,9,1,74,TRUE,TRUE,Tier 3B,""
COL16A1,ENSG00000084636,1,0,0,FALSE,FALSE,Tier 3B,no cis-eQTL in window
COL17A1,ENSG00000065618,10,1,388,TRUE,TRUE,Tier 3A,""
COL18A1,ENSG00000182871,21,8,1292,TRUE,FALSE,Tier 3A,""
COL19A1,ENSG00000082293,6,1,235,TRUE,TRUE,Tier 3B,""
COL1A1,ENSG00000108821,17,1,8,TRUE,TRUE,Tier 3A,""
COL1A2,ENSG00000164692,7,0,0,FALSE,FALSE,Tier 3A,no cis-eQTL in window
COL20A1,ENSG00000101203,20,0,0,FALSE,FALSE,Tier 3A,no cis-eQTL in window
COL21A1,ENSG00000124749,6,0,0,FALSE,FALSE,Tier 3B,no cis-eQTL in window
COL22A1,ENSG00000169436,8,0,0,FALSE,FALSE,Tier 3B,no cis-eQTL in window
COL23A1,ENSG00000050767,5,4,530,TRUE,FALSE,Tier 3A,""
COL24A1,ENSG00000171502,1,1,409,TRUE,TRUE,Tier 3A,""
COL25A1,ENSG00000188517,4,0,0,FALSE,FALSE,Tier 3A,no cis-eQTL in window
COL26A1,ENSG00000160963,7,4,1213,TRUE,FALSE,Tier 3A,""
COL27A1,ENSG00000196739,9,2,138,TRUE,FALSE,Tier 3A,""
COL28A1,ENSG00000215018,7,0,0,FALSE,FALSE,Tier 3A,no cis-eQTL in window
COL2A1,ENSG00000139219,12,0,0,FALSE,FALSE,Tier 3A,no cis-eQTL in window
COL3A1,ENSG00000168542,2,0,0,FALSE,FALSE,Tier 3B,no cis-eQTL in window
COL4A1,ENSG00000187498,13,2,229,TRUE,FALSE,Tier 3A,""
COL4A2,ENSG00000134871,13,1,37,TRUE,TRUE,Tier 3A,""
COL4A3,ENSG00000169031,2,1,154,TRUE,TRUE,Tier 3A,""
COL4A4,ENSG00000081052,2,1,336,TRUE,TRUE,Tier 3A,""
COL4A5,ENSG00000188153,X,0,0,FALSE,FALSE,Tier 3B,non-autosomal chr skipped
COL4A6,ENSG00000197565,X,0,0,FALSE,FALSE,Tier 3B,non-autosomal chr skipped
COL5A1,ENSG00000130635,9,1,100,TRUE,TRUE,Tier 3A,""
COL5A2,ENSG00000204262,2,2,642,TRUE,FALSE,Tier 3B,""
COL5A3,ENSG00000080573,19,3,494,TRUE,FALSE,Tier 3B,""
COL6A1,ENSG00000142156,21,4,1601,TRUE,FALSE,Tier 3A,""
COL6A2,ENSG00000142173,21,5,2124,TRUE,FALSE,Tier 3B,""
COL6A3,ENSG00000163359,2,3,257,TRUE,FALSE,Tier 3A,""
COL6A5,ENSG00000172752,3,0,0,FALSE,FALSE,Tier 3B,no cis-eQTL in window
COL6A6,ENSG00000206384,3,0,0,FALSE,FALSE,Tier 3B,no SNP below 5e-8
COL7A1,ENSG00000114270,3,1,358,TRUE,TRUE,Tier 3B,""
COL8A1,ENSG00000144810,3,0,0,FALSE,FALSE,Tier 3A,no cis-eQTL in window
COL8A2,ENSG00000171812,1,1,34,TRUE,TRUE,Tier 3A,""
COL9A1,ENSG00000112280,6,0,0,FALSE,FALSE,Tier 3B,no cis-eQTL in window
COL9A2,ENSG00000049089,1,2,357,TRUE,FALSE,Tier 3B,""
COL9A3,ENSG00000092758,20,2,697,TRUE,FALSE,Tier 3A,""
COLEC10,ENSG00000184374,8,0,0,FALSE,FALSE,Tier 3A,no cis-eQTL in window
COLQ,ENSG00000206561,3,4,1192,TRUE,FALSE,Tier 3B,""
COMP,ENSG00000105664,19,0,0,FALSE,FALSE,Tier 3B,no cis-eQTL in window
COMT,ENSG00000093010,22,3,506,TRUE,FALSE,Tier 1,""
COPA,ENSG00000122218,1,2,363,TRUE,FALSE,Tier 3B,""
CORIN,ENSG00000145244,4,2,1652,TRUE,FALSE,Tier 3A,""
CORT,ENSG00000241563,1,0,0,FALSE,FALSE,Tier 3B,no SNP below 5e-8
CP,ENSG00000047457,3,0,6,FALSE,FALSE,Tier 3A,no SNP below 5e-8
CPA1,ENSG00000091704,7,0,0,FALSE,FALSE,Tier 2,no cis-eQTL in window
CPA2,ENSG00000158516,7,0,0,FALSE,FALSE,Tier 3B,no cis-eQTL in window
CPA3,ENSG00000163751,3,1,303,TRUE,TRUE,Tier 2,""
CPA4,ENSG00000128510,7,0,0,FALSE,FALSE,Tier 3B,no cis-eQTL in window
CPA5,ENSG00000158525,7,6,1209,TRUE,FALSE,Tier 3B,""
CPA6,ENSG00000165078,8,0,0,FALSE,FALSE,Tier 3B,no cis-eQTL in window
CPAMD8,ENSG00000160111,19,2,389,TRUE,FALSE,Tier 3A,""
CPB1,ENSG00000153002,3,0,0,FALSE,FALSE,Tier 2,no cis-eQTL in window
CPB2,ENSG00000080618,13,0,0,FALSE,FALSE,Tier 2,no cis-eQTL in window
CPE,ENSG00000109472,4,0,0,FALSE,FALSE,Tier 3A,no cis-eQTL in window
CPM,ENSG00000135678,12,2,372,TRUE,FALSE,Tier 2,""
CPN1,ENSG00000120054,10,0,0,FALSE,FALSE,Tier 2,no cis-eQTL in window
CPN2,ENSG00000178772,3,0,0,FALSE,FALSE,Tier 3B,no cis-eQTL in window
CPQ,ENSG00000104324,8,5,813,TRUE,FALSE,Tier 3A,""
CPS1,ENSG00000021826,2,0,0,FALSE,FALSE,Tier 1,no SNP below 5e-8
CPT1A,ENSG00000110090,11,2,952,TRUE,FALSE,Tier 2,""
CPT1B,ENSG00000205560,22,4,421,TRUE,FALSE,Tier 2,""
CPT2,ENSG00000157184,1,2,235,TRUE,FALSE,Tier 2,""
CPXM1,ENSG00000088882,20,2,230,TRUE,FALSE,Tier 3A,""
CPXM2,ENSG00000121898,10,0,0,FALSE,FALSE,Tier 3B,no cis-eQTL in window
CPZ,ENSG00000109625,4,0,0,FALSE,FALSE,Tier 3B,no cis-eQTL in window
CR1,ENSG00000203710,1,3,746,TRUE,FALSE,Tier 3A,""
CR1L,ENSG00000197721,1,1,577,TRUE,TRUE,Tier 3A,""
CR2,ENSG00000117322,1,1,472,TRUE,TRUE,Tier 3A,""
CRB1,ENSG00000134376,1,0,0,FALSE,FALSE,Tier 3A,no cis-eQTL in window
CRB2,ENSG00000148204,9,1,149,TRUE,TRUE,Tier 3A,""
CREBBP,ENSG00000005339,16,0,0,FALSE,FALSE,Tier 2,no SNP below 5e-8
CREG1,ENSG00000143162,1,3,318,TRUE,FALSE,Tier 3B,""
CREG2,ENSG00000175874,2,0,0,FALSE,FALSE,Tier 3A,no SNP below 5e-8
CRELD2,ENSG00000184164,22,5,1139,TRUE,FALSE,Tier 3A,""
CRH,ENSG00000147571,8,0,0,FALSE,FALSE,Tier 3B,no cis-eQTL in window
CRHBP,ENSG00000145708,5,0,2,FALSE,FALSE,Tier 3B,no SNP below 5e-8
CRHR1,ENSG00000120088,17,0,0,FALSE,FALSE,Tier 1,no cis-eQTL in window
CRHR2,ENSG00000106113,7,1,196,TRUE,TRUE,Tier 3B,""
CRIM1,ENSG00000150938,2,3,620,TRUE,FALSE,Tier 3A,""
CRISP1,ENSG00000124812,6,0,0,FALSE,FALSE,Tier 3B,no cis-eQTL in window
CRISP2,ENSG00000124490,6,2,605,TRUE,FALSE,Tier 3B,""
CRISP3,ENSG00000096006,6,2,730,TRUE,FALSE,Tier 3B,""
CRISPLD2,ENSG00000103196,16,4,1118,TRUE,FALSE,Tier 3A,""
CRLF1,ENSG00000006016,19,0,0,FALSE,FALSE,Tier 3A,no SNP below 5e-8
CRLF2,ENSG00000205755,X,0,0,FALSE,FALSE,Tier 1,non-autosomal chr skipped
CRP,ENSG00000132693,1,0,0,FALSE,FALSE,Tier 3A,no cis-eQTL in window
CRTAC1,ENSG00000095713,10,0,0,FALSE,FALSE,Tier 3A,no cis-eQTL in window
CRTAM,ENSG00000109943,11,2,497,TRUE,FALSE,Tier 3B,""
CRTAP,ENSG00000170275,3,1,312,TRUE,TRUE,Tier 3B,""
CRY2,ENSG00000121671,11,2,1125,TRUE,FALSE,Tier 3A,""
CSF1,ENSG00000184371,1,1,61,TRUE,TRUE,Tier 1,""
CSF1R,ENSG00000182578,5,3,512,TRUE,FALSE,Tier 1,""
CSF2,ENSG00000164400,5,0,0,FALSE,FALSE,Tier 1,no cis-eQTL in window
CSF2RA,ENSG00000198223,X,0,0,FALSE,FALSE,Tier 1,non-autosomal chr skipped
CSF2RB,ENSG00000100368,22,2,138,TRUE,FALSE,Tier 3A,""
CSF3,ENSG00000108342,17,0,0,FALSE,FALSE,Tier 3A,no cis-eQTL in window
CSF3R,ENSG00000119535,1,1,121,TRUE,TRUE,Tier 1,""
CSH1,ENSG00000136488,17,0,0,FALSE,FALSE,Tier 3A,no cis-eQTL in window
CSH2,ENSG00000213218,17,0,0,FALSE,FALSE,Tier 3A,no cis-eQTL in window
CSHL1,ENSG00000204414,17,0,0,FALSE,FALSE,Tier 3A,no cis-eQTL in window
CSK,ENSG00000103653,15,3,1470,TRUE,FALSE,Tier 1,""
CSN1S1,ENSG00000126545,4,0,0,FALSE,FALSE,Tier 3B,no cis-eQTL in window
CSN2,ENSG00000135222,4,0,0,FALSE,FALSE,Tier 3B,no cis-eQTL in window
CSN3,ENSG00000171209,4,0,0,FALSE,FALSE,Tier 3B,no cis-eQTL in window
CSNK1A1,ENSG00000113712,5,1,24,TRUE,TRUE,Tier 1,""
CSNK1A1L,ENSG00000180138,13,1,274,TRUE,TRUE,Tier 2,""
CSNK1D,ENSG00000141551,17,4,563,TRUE,FALSE,Tier 1,""
CSNK1E,ENSG00000213923,22,6,808,TRUE,FALSE,Tier 1,""
CSNK1G1,ENSG00000169118,15,2,1340,TRUE,FALSE,Tier 2,""
CSNK1G2,ENSG00000133275,19,1,116,TRUE,TRUE,Tier 2,""
CSNK1G3,ENSG00000151292,5,1,236,TRUE,TRUE,Tier 2,""
CSNK2A1,ENSG00000101266,20,1,38,TRUE,TRUE,Tier 1,""
CSNK2A2,ENSG00000070770,16,1,414,TRUE,TRUE,Tier 2,""
CSPG4,ENSG00000173546,15,0,0,FALSE,FALSE,Tier 3B,no SNP below 5e-8
CSPG5,ENSG00000114646,3,0,0,FALSE,FALSE,Tier 3B,no cis-eQTL in window
CST1,ENSG00000170373,20,0,0,FALSE,FALSE,Tier 3B,no cis-eQTL in window
CST2,ENSG00000170369,20,0,0,FALSE,FALSE,Tier 3A,no cis-eQTL in window
CST3,ENSG00000101439,20,8,1862,TRUE,FALSE,Tier 3A,""
CST4,ENSG00000101441,20,0,0,FALSE,FALSE,Tier 3B,no cis-eQTL in window
CST5,ENSG00000170367,20,0,0,FALSE,FALSE,Tier 3A,no cis-eQTL in window
CST6,ENSG00000175315,11,0,0,FALSE,FALSE,Tier 3B,no cis-eQTL in window
CST7,ENSG00000077984,20,4,2641,TRUE,FALSE,Tier 3B,""
CST8,ENSG00000125815,20,0,0,FALSE,FALSE,Tier 3B,no cis-eQTL in window
CST9,ENSG00000173335,20,0,0,FALSE,FALSE,Tier 3A,no cis-eQTL in window
CST9L,ENSG00000101435,20,0,0,FALSE,FALSE,Tier 3A,no cis-eQTL in window
CTBS,ENSG00000117151,1,6,963,TRUE,FALSE,Tier 3B,""
CTDSP1,ENSG00000144579,2,1,172,TRUE,TRUE,Tier 2,""
CTF1,ENSG00000150281,16,0,0,FALSE,FALSE,Tier 3A,no SNP below 5e-8
CTGF,ENSG00000118523,6,2,348,TRUE,FALSE,Tier 1,""
CTHRC1,ENSG00000164932,8,0,0,FALSE,FALSE,Tier 3B,no cis-eQTL in window
CTLA4,ENSG00000163599,2,2,333,TRUE,FALSE,Tier 1,""
CTNNB1,ENSG00000168036,3,3,1212,TRUE,FALSE,Tier 2,""
CTRB1,ENSG00000168925,16,0,0,FALSE,FALSE,Tier 2,no cis-eQTL in window
CTRB2,ENSG00000168928,16,0,0,FALSE,FALSE,Tier 3A,no cis-eQTL in window
CTRC,ENSG00000162438,1,1,136,TRUE,TRUE,Tier 2,""
CTRL,ENSG00000141086,16,0,0,FALSE,FALSE,Tier 3A,no cis-eQTL in window
CTSA,ENSG00000064601,20,2,319,TRUE,FALSE,Tier 2,""
CTSB,ENSG00000164733,8,6,3016,TRUE,FALSE,Tier 1,""
CTSC,ENSG00000109861,11,12,3118,TRUE,FALSE,Tier 2,""
CTSD,ENSG00000117984,11,3,297,TRUE,FALSE,Tier 1,""
CTSE,ENSG00000196188,1,1,20,TRUE,TRUE,Tier 1,""
CTSF,ENSG00000174080,11,5,1862,TRUE,FALSE,Tier 2,""
CTSG,ENSG00000100448,14,4,1086,TRUE,FALSE,Tier 2,""
CTSH,ENSG00000103811,15,6,1277,TRUE,FALSE,Tier 2,""
CTSK,ENSG00000143387,1,5,2929,TRUE,FALSE,Tier 1,""
CTSL,ENSG00000135047,9,4,1191,TRUE,FALSE,Tier 1,""
CTSS,ENSG00000163131,1,6,1859,TRUE,FALSE,Tier 1,""
CTSV,ENSG00000136943,9,0,7,FALSE,FALSE,Tier 1,no SNP below 5e-8
CTSW,ENSG00000172543,11,15,2449,TRUE,FALSE,Tier 3A,""
CTSZ,ENSG00000101160,20,2,470,TRUE,FALSE,Tier 2,""
CX3CL1,ENSG00000006210,16,0,0,FALSE,FALSE,Tier 3B,no cis-eQTL in window
CX3CR1,ENSG00000168329,3,3,1092,TRUE,FALSE,Tier 2,""
CXADR,ENSG00000154639,21,0,0,FALSE,FALSE,Tier 3B,no cis-eQTL in window
CXCL1,ENSG00000163739,4,3,856,TRUE,FALSE,Tier 3B,""
CXCL10,ENSG00000169245,4,1,1099,TRUE,TRUE,Tier 1,""
CXCL11,ENSG00000169248,4,0,0,FALSE,FALSE,Tier 3B,no cis-eQTL in window
CXCL12,ENSG00000107562,10,0,0,FALSE,FALSE,Tier 3A,no cis-eQTL in window
CXCL13,ENSG00000156234,4,0,0,FALSE,FALSE,Tier 3B,no cis-eQTL in window
CXCL14,ENSG00000145824,5,0,0,FALSE,FALSE,Tier 3B,no cis-eQTL in window
CXCL16,ENSG00000161921,17,3,483,TRUE,FALSE,Tier 3A,""
CXCL17,ENSG00000189377,19,0,0,FALSE,FALSE,Tier 3B,no cis-eQTL in window
CXCL2,ENSG00000081041,4,0,0,FALSE,FALSE,Tier 3A,no SNP below 5e-8
CXCL3,ENSG00000163734,4,0,0,FALSE,FALSE,Tier 3A,no SNP below 5e-8
CXCL5,ENSG00000163735,4,2,1530,TRUE,FALSE,Tier 3A,""
CXCL6,ENSG00000124875,4,2,262,TRUE,FALSE,Tier 3B,""
CXCL9,ENSG00000138755,4,1,834,TRUE,TRUE,Tier 3A,""
CXCR1,ENSG00000163464,2,2,728,TRUE,FALSE,Tier 1,""
CXCR2,ENSG00000180871,2,1,681,TRUE,TRUE,Tier 1,""
CXCR3,ENSG00000186810,X,0,0,FALSE,FALSE,Tier 2,non-autosomal chr skipped
CXCR4,ENSG00000121966,2,1,18,TRUE,TRUE,Tier 1,""
CXCR5,ENSG00000160683,11,1,143,TRUE,TRUE,Tier 1,""
CXCR6,ENSG00000172215,3,5,1585,TRUE,FALSE,Tier 3B,""
CYB5D2,ENSG00000167740,17,2,1051,TRUE,FALSE,Tier 3B,""
CYB5R3,ENSG00000100243,22,4,880,TRUE,FALSE,Tier 1,""
CYBB,ENSG00000165168,X,0,0,FALSE,FALSE,Tier 2,non-autosomal chr skipped
CYP11A1,ENSG00000140459,15,1,51,TRUE,TRUE,Tier 1,""
CYP11B1,ENSG00000160882,8,0,0,FALSE,FALSE,Tier 1,no cis-eQTL in window
CYP11B2,ENSG00000179142,8,0,0,FALSE,FALSE,Tier 1,no cis-eQTL in window
CYP17A1,ENSG00000148795,10,1,424,TRUE,TRUE,Tier 1,""
CYP19A1,ENSG00000137869,15,0,0,FALSE,FALSE,Tier 1,no cis-eQTL in window
CYP1A1,ENSG00000140465,15,0,0,FALSE,FALSE,Tier 1,no cis-eQTL in window
CYP1A2,ENSG00000140505,15,0,0,FALSE,FALSE,Tier 1,no cis-eQTL in window
CYP1B1,ENSG00000138061,2,7,1967,TRUE,FALSE,Tier 1,""
CYP20A1,ENSG00000119004,2,0,0,FALSE,FALSE,Tier 1,no SNP below 5e-8
CYP21A2,ENSG00000231852,6,3,6313,TRUE,FALSE,Tier 3B,""
CYP24A1,ENSG00000019186,20,2,297,TRUE,FALSE,Tier 1,""
CYP26A1,ENSG00000095596,10,0,0,FALSE,FALSE,Tier 1,no cis-eQTL in window
CYP26B1,ENSG00000003137,2,7,1445,TRUE,FALSE,Tier 3B,""
CYP26C1,ENSG00000187553,10,0,0,FALSE,FALSE,Tier 1,no cis-eQTL in window
CYP27A1,ENSG00000135929,2,10,1482,TRUE,FALSE,Tier 1,""
CYP27B1,ENSG00000111012,12,0,0,FALSE,FALSE,Tier 1,no SNP below 5e-8
CYP2A13,ENSG00000197838,19,0,0,FALSE,FALSE,Tier 1,no cis-eQTL in window
CYP2A6,ENSG00000255974,19,0,0,FALSE,FALSE,Tier 1,no SNP below 5e-8
CYP2A7,ENSG00000198077,19,0,0,FALSE,FALSE,Tier 1,no cis-eQTL in window
CYP2B6,ENSG00000197408,19,0,0,FALSE,FALSE,Tier 1,no cis-eQTL in window
CYP2C18,ENSG00000108242,10,0,0,FALSE,FALSE,Tier 1,no cis-eQTL in window
CYP2C19,ENSG00000165841,10,0,0,FALSE,FALSE,Tier 1,no cis-eQTL in window
CYP2C8,ENSG00000138115,10,1,488,TRUE,TRUE,Tier 1,""
CYP2C9,ENSG00000138109,10,0,0,FALSE,FALSE,Tier 1,no cis-eQTL in window
CYP2D6,ENSG00000100197,22,2,1361,TRUE,FALSE,Tier 1,""
CYP2E1,ENSG00000130649,10,2,527,TRUE,FALSE,Tier 1,""
CYP2F1,ENSG00000197446,19,0,0,FALSE,FALSE,Tier 1,no cis-eQTL in window
CYP2J2,ENSG00000134716,1,1,443,TRUE,TRUE,Tier 1,""
CYP2R1,ENSG00000186104,11,2,134,TRUE,FALSE,Tier 1,""
CYP2S1,ENSG00000167600,19,7,1047,TRUE,FALSE,Tier 1,""
CYP2U1,ENSG00000155016,4,4,655,TRUE,FALSE,Tier 3B,""
CYP2W1,ENSG00000073067,7,0,0,FALSE,FALSE,Tier 3B,no cis-eQTL in window
CYP39A1,ENSG00000146233,6,0,0,FALSE,FALSE,Tier 1,no cis-eQTL in window
CYP3A4,ENSG00000160868,7,0,0,FALSE,FALSE,Tier 1,no cis-eQTL in window
CYP3A43,ENSG00000021461,7,0,0,FALSE,FALSE,Tier 1,no cis-eQTL in window
CYP3A5,ENSG00000106258,7,0,3,FALSE,FALSE,Tier 1,no SNP below 5e-8
CYP3A7,ENSG00000160870,7,0,0,FALSE,FALSE,Tier 1,no SNP below 5e-8
CYP46A1,ENSG00000036530,14,1,83,TRUE,TRUE,Tier 1,""
CYP4A11,ENSG00000187048,1,0,0,FALSE,FALSE,Tier 1,no cis-eQTL in window
CYP4A22,ENSG00000162365,1,0,0,FALSE,FALSE,Tier 3B,no cis-eQTL in window
CYP4B1,ENSG00000142973,1,1,403,TRUE,TRUE,Tier 1,""
CYP4F11,ENSG00000171903,19,0,0,FALSE,FALSE,Tier 1,no cis-eQTL in window
CYP4F12,ENSG00000186204,19,4,1755,TRUE,FALSE,Tier 1,""
CYP4F2,ENSG00000186115,19,1,224,TRUE,TRUE,Tier 1,""
CYP4F22,ENSG00000171954,19,5,1014,TRUE,FALSE,Tier 3B,""
CYP4F3,ENSG00000186529,19,3,1106,TRUE,FALSE,Tier 1,""
CYP4F8,ENSG00000186526,19,0,0,FALSE,FALSE,Tier 1,no cis-eQTL in window
CYP4V2,ENSG00000145476,4,4,1105,TRUE,FALSE,Tier 3B,""
CYP4X1,ENSG00000186377,1,0,0,FALSE,FALSE,Tier 3B,no cis-eQTL in window
CYP4Z1,ENSG00000186160,1,0,0,FALSE,FALSE,Tier 1,no cis-eQTL in window
CYP51A1,ENSG00000001630,7,1,939,TRUE,TRUE,Tier 1,""
CYP7A1,ENSG00000167910,8,0,0,FALSE,FALSE,Tier 1,no cis-eQTL in window
CYP7B1,ENSG00000172817,8,0,0,FALSE,FALSE,Tier 1,no cis-eQTL in window
CYP8B1,ENSG00000180432,3,0,0,FALSE,FALSE,Tier 1,no cis-eQTL in window
CYR61,ENSG00000142871,1,0,0,FALSE,FALSE,Tier 3B,no cis-eQTL in window
CYSLTR1,ENSG00000173198,X,0,0,FALSE,FALSE,Tier 1,non-autosomal chr skipped
CYSLTR2,ENSG00000152207,13,1,194,TRUE,TRUE,Tier 3B,""
CYTL1,ENSG00000170891,4,3,433,TRUE,FALSE,Tier 3B,""
DAG1,ENSG00000173402,3,1,518,TRUE,TRUE,Tier 3B,""
DAGLA,ENSG00000134780,11,1,146,TRUE,TRUE,Tier 1,""
DAGLB,ENSG00000164535,7,8,1799,TRUE,FALSE,Tier 1,""
DAND5,ENSG00000179284,19,0,0,FALSE,FALSE,Tier 3B,no cis-eQTL in window
DAO,ENSG00000110887,12,0,0,FALSE,FALSE,Tier 2,no cis-eQTL in window
DAPK1,ENSG00000196730,9,6,1184,TRUE,FALSE,Tier 1,""
DAPK2,ENSG00000035664,15,2,402,TRUE,FALSE,Tier 1,""
DAPK3,ENSG00000167657,19,2,44,TRUE,FALSE,Tier 1,""
DARC,ENSG00000213088,1,1,603,TRUE,TRUE,Tier 3A,""
DBF4,ENSG00000006634,7,0,74,FALSE,FALSE,Tier 2,no SNP below 5e-8
DBH,ENSG00000123454,9,2,166,TRUE,FALSE,Tier 2,""
DCD,ENSG00000161634,12,0,0,FALSE,FALSE,Tier 3A,no cis-eQTL in window
DCK,ENSG00000156136,4,2,581,TRUE,FALSE,Tier 2,""
DCLK1,ENSG00000133083,13,0,0,FALSE,FALSE,Tier 1,no cis-eQTL in window
DCLK2,ENSG00000170390,4,3,1239,TRUE,FALSE,Tier 2,""
DCLK3,ENSG00000163673,3,0,0,FALSE,FALSE,Tier 1,no cis-eQTL in window
DCN,ENSG00000011465,12,0,0,FALSE,FALSE,Tier 3B,no cis-eQTL in window
DCPS,ENSG00000110063,11,3,846,TRUE,FALSE,Tier 1,""
DCT,ENSG00000080166,13,1,247,TRUE,TRUE,Tier 3B,""
DDC,ENSG00000132437,7,0,0,FALSE,FALSE,Tier 1,no cis-eQTL in window
DDO,ENSG00000203797,6,2,1269,TRUE,FALSE,Tier 1,""
DDOST,ENSG00000244038,1,1,418,TRUE,TRUE,Tier 3B,""
DDR1,ENSG00000204580,6,4,7909,TRUE,FALSE,Tier 1,""
DDR2,ENSG00000162733,1,0,0,FALSE,FALSE,Tier 1,no cis-eQTL in window
DDX3X,ENSG00000215301,X,0,0,FALSE,FALSE,Tier 2,non-autosomal chr skipped
DEAF1,ENSG00000177030,11,1,812,TRUE,TRUE,Tier 3B,""
DEFA1,ENSG00000206047,8,0,0,FALSE,FALSE,Tier 3A,no cis-eQTL in window
DEFA1B,ENSG00000240247,8,0,0,FALSE,FALSE,Tier 3A,no cis-eQTL in window
DEFA3,ENSG00000239839,8,4,483,TRUE,FALSE,Tier 3A,""
DEFA4,ENSG00000164821,8,1,43,TRUE,TRUE,Tier 3A,""
DEFA5,ENSG00000164816,8,0,0,FALSE,FALSE,Tier 3B,no cis-eQTL in window
DEFA6,ENSG00000164822,8,0,0,FALSE,FALSE,Tier 3A,no cis-eQTL in window
DEFB1,ENSG00000164825,8,0,0,FALSE,FALSE,Tier 3B,no cis-eQTL in window
DEFB103A,ENSG00000176797,8,0,0,FALSE,FALSE,Tier 3B,no cis-eQTL in window
DEFB103B,ENSG00000177243,8,0,0,FALSE,FALSE,Tier 3B,no cis-eQTL in window
DEFB104A,ENSG00000176782,8,0,0,FALSE,FALSE,Tier 3B,no cis-eQTL in window
DEFB104B,ENSG00000177023,8,0,0,FALSE,FALSE,Tier 3B,no cis-eQTL in window
DEFB105A,ENSG00000186562,8,0,0,FALSE,FALSE,Tier 3B,no cis-eQTL in window
DEFB105B,ENSG00000186599,8,0,0,FALSE,FALSE,Tier 3B,no cis-eQTL in window
DEFB106A,ENSG00000186579,8,0,0,FALSE,FALSE,Tier 3B,no cis-eQTL in window
DEFB106B,ENSG00000187082,8,0,0,FALSE,FALSE,Tier 3B,no cis-eQTL in window
DEFB107A,ENSG00000186572,8,0,0,FALSE,FALSE,Tier 3B,no cis-eQTL in window
DEFB107B,ENSG00000198129,8,0,0,FALSE,FALSE,Tier 3B,no cis-eQTL in window
DEFB108B,ENSG00000184276,11,0,0,FALSE,FALSE,Tier 3B,no cis-eQTL in window
DEFB110,ENSG00000203970,6,0,0,FALSE,FALSE,Tier 3B,no cis-eQTL in window
DEFB112,ENSG00000180872,6,0,0,FALSE,FALSE,Tier 3B,no cis-eQTL in window
DEFB113,ENSG00000214642,6,0,0,FALSE,FALSE,Tier 3B,no cis-eQTL in window
DEFB114,ENSG00000177684,6,0,0,FALSE,FALSE,Tier 3B,no cis-eQTL in window
DEFB115,ENSG00000215547,20,0,0,FALSE,FALSE,Tier 3B,no cis-eQTL in window
DEFB116,ENSG00000215545,20,0,0,FALSE,FALSE,Tier 3B,no cis-eQTL in window
DEFB118,ENSG00000131068,20,0,0,FALSE,FALSE,Tier 3B,no cis-eQTL in window
DEFB126,ENSG00000125788,20,0,0,FALSE,FALSE,Tier 3A,no cis-eQTL in window
DEFB127,ENSG00000088782,20,0,0,FALSE,FALSE,Tier 3A,no cis-eQTL in window
DEFB4A,ENSG00000171711,8,0,0,FALSE,FALSE,Tier 3B,no cis-eQTL in window
DERL1,ENSG00000136986,8,2,259,TRUE,FALSE,Tier 3B,""
DGAT1,ENSG00000185000,8,4,338,TRUE,FALSE,Tier 2,""
DGCR6,ENSG00000183628,22,2,395,TRUE,FALSE,Tier 3B,""
DHCR7,ENSG00000172893,11,1,45,TRUE,TRUE,Tier 1,""
DHFR,ENSG00000228716,5,4,2270,TRUE,FALSE,Tier 1,""
DHFRL1,ENSG00000178700,3,1,396,TRUE,TRUE,Tier 2,""
DHH,ENSG00000139549,12,0,0,FALSE,FALSE,Tier 3A,no cis-eQTL in window
DHODH,ENSG00000102967,16,2,476,TRUE,FALSE,Tier 1,""
DHRS1,ENSG00000157379,14,8,1191,TRUE,FALSE,Tier 1,""
DHRS12,ENSG00000102796,13,3,1232,TRUE,FALSE,Tier 1,""
DHRS13,ENSG00000167536,17,1,463,TRUE,TRUE,Tier 1,""
DHRS2,ENSG00000100867,14,0,0,FALSE,FALSE,Tier 1,no cis-eQTL in window
DHRS3,ENSG00000162496,1,3,376,TRUE,FALSE,Tier 1,""
DHRS4,ENSG00000157326,14,2,231,TRUE,FALSE,Tier 1,""
DHRS4L2,ENSG00000187630,14,2,563,TRUE,FALSE,Tier 1,""
DHRS7,ENSG00000100612,14,4,998,TRUE,FALSE,Tier 1,""
DHRS7B,ENSG00000109016,17,1,252,TRUE,TRUE,Tier 1,""
DHRS7C,ENSG00000184544,17,0,0,FALSE,FALSE,Tier 1,no cis-eQTL in window
DHRS9,ENSG00000073737,2,4,647,TRUE,FALSE,Tier 1,""
DHRSX,ENSG00000169084,X,0,0,FALSE,FALSE,Tier 1,non-autosomal chr skipped
DIO1,ENSG00000211452,1,0,0,FALSE,FALSE,Tier 1,no SNP below 5e-8
DIO3,ENSG00000197406,14,0,0,FALSE,FALSE,Tier 3B,no cis-eQTL in window
DKK1,ENSG00000107984,10,0,0,FALSE,FALSE,Tier 1,no cis-eQTL in window
DKK2,ENSG00000155011,4,1,113,TRUE,TRUE,Tier 3A,""
DKK3,ENSG00000050165,11,6,731,TRUE,FALSE,Tier 3A,""
DKK4,ENSG00000104371,8,0,0,FALSE,FALSE,Tier 3B,no cis-eQTL in window
DKKL1,ENSG00000104901,19,0,0,FALSE,FALSE,Tier 3A,no cis-eQTL in window
DLD,ENSG00000091140,7,1,177,TRUE,TRUE,Tier 3A,""
DLK1,ENSG00000185559,14,1,346,TRUE,TRUE,Tier 1,""
DLL4,ENSG00000128917,15,0,0,FALSE,FALSE,Tier 1,no cis-eQTL in window
DMBT1,ENSG00000187908,10,0,0,FALSE,FALSE,Tier 3B,no cis-eQTL in window
DMD,ENSG00000198947,X,0,0,FALSE,FALSE,Tier 1,non-autosomal chr skipped
DMKN,ENSG00000161249,19,1,49,TRUE,TRUE,Tier 3A,""
DMP1,ENSG00000152592,4,0,0,FALSE,FALSE,Tier 3B,no cis-eQTL in window
DMPK,ENSG00000104936,19,1,677,TRUE,TRUE,Tier 1,""
DNAJA1,ENSG00000086061,9,0,5,FALSE,FALSE,Tier 2,no SNP below 5e-8
DNAJB11,ENSG00000090520,3,1,92,TRUE,TRUE,Tier 3B,""
DNASE1,ENSG00000213918,16,1,176,TRUE,TRUE,Tier 3A,""
DNASE1L3,ENSG00000163687,3,2,1278,TRUE,FALSE,Tier 3A,""
DNMT1,ENSG00000130816,19,2,482,TRUE,FALSE,Tier 1,""
DNMT3A,ENSG00000119772,2,1,142,TRUE,TRUE,Tier 1,""
DNMT3B,ENSG00000088305,20,1,249,TRUE,TRUE,Tier 2,""
DNPEP,ENSG00000123992,2,2,166,TRUE,FALSE,Tier 2,""
DOT1L,ENSG00000104885,19,1,95,TRUE,TRUE,Tier 2,""
DPEP1,ENSG00000015413,16,0,0,FALSE,FALSE,Tier 1,no cis-eQTL in window
DPEP2,ENSG00000167261,16,5,1722,TRUE,FALSE,Tier 2,""
DPEP3,ENSG00000141096,16,4,1543,TRUE,FALSE,Tier 3B,""
DPP10,ENSG00000175497,2,0,0,FALSE,FALSE,Tier 3B,no cis-eQTL in window
DPP4,ENSG00000197635,2,2,209,TRUE,FALSE,Tier 1,""
DPP6,ENSG00000130226,7,0,0,FALSE,FALSE,Tier 3B,no cis-eQTL in window
DPP7,ENSG00000176978,9,1,400,TRUE,TRUE,Tier 2,""
DPP8,ENSG00000074603,15,1,844,TRUE,TRUE,Tier 2,""
DPP9,ENSG00000142002,19,1,267,TRUE,TRUE,Tier 1,""
DPT,ENSG00000143196,1,0,0,FALSE,FALSE,Tier 3A,no cis-eQTL in window
DPYD,ENSG00000188641,1,4,1521,TRUE,FALSE,Tier 1,""
DRAXIN,ENSG00000162490,1,2,180,TRUE,FALSE,Tier 3A,""
DRD1,ENSG00000184845,5,0,0,FALSE,FALSE,Tier 1,no cis-eQTL in window
DRD2,ENSG00000149295,11,0,0,FALSE,FALSE,Tier 1,no cis-eQTL in window
DRD3,ENSG00000151577,3,0,0,FALSE,FALSE,Tier 1,no cis-eQTL in window
DRD4,ENSG00000069696,11,1,747,TRUE,TRUE,Tier 1,""
DRD5,ENSG00000169676,4,0,0,FALSE,FALSE,Tier 1,no cis-eQTL in window
DSCAM,ENSG00000171587,21,0,0,FALSE,FALSE,Tier 3A,no cis-eQTL in window
DSPP,ENSG00000152591,4,0,0,FALSE,FALSE,Tier 3B,no cis-eQTL in window
DST,ENSG00000151914,6,2,761,TRUE,FALSE,Tier 3B,""
DSTYK,ENSG00000133059,1,6,1538,TRUE,FALSE,Tier 1,""
DUSP3,ENSG00000108861,17,4,721,TRUE,FALSE,Tier 2,""
DUT,ENSG00000128951,15,4,469,TRUE,FALSE,Tier 2,""
DYRK1A,ENSG00000157540,21,1,229,TRUE,TRUE,Tier 1,""
DYRK1B,ENSG00000105204,19,1,112,TRUE,TRUE,Tier 1,""
DYRK2,ENSG00000127334,12,1,48,TRUE,TRUE,Tier 1,""
DYRK3,ENSG00000143479,1,0,0,FALSE,FALSE,Tier 2,no SNP below 5e-8
DYRK4,ENSG00000010219,12,3,710,TRUE,FALSE,Tier 2,""
EBI3,ENSG00000105246,19,0,0,FALSE,FALSE,Tier 3B,no SNP below 5e-8
EBP,ENSG00000147155,X,0,0,FALSE,FALSE,Tier 1,non-autosomal chr skipped
EBPL,ENSG00000123179,13,5,2212,TRUE,FALSE,Tier 1,""
ECE1,ENSG00000117298,1,3,1207,TRUE,FALSE,Tier 2,""
ECM1,ENSG00000143369,1,1,604,TRUE,TRUE,Tier 3B,""
ECM2,ENSG00000106823,9,0,0,FALSE,FALSE,Tier 3B,no cis-eQTL in window
EDA,ENSG00000158813,X,0,0,FALSE,FALSE,Tier 3A,non-autosomal chr skipped
EDAR,ENSG00000135960,2,2,289,TRUE,FALSE,Tier 3A,""
EDDM3A,ENSG00000181562,14,0,0,FALSE,FALSE,Tier 3A,no cis-eQTL in window
EDEM2,ENSG00000088298,20,3,2230,TRUE,FALSE,Tier 3A,""
EDIL3,ENSG00000164176,5,0,0,FALSE,FALSE,Tier 3A,no cis-eQTL in window
EDN1,ENSG00000078401,6,2,403,TRUE,FALSE,Tier 3B,""
EDN2,ENSG00000127129,1,0,0,FALSE,FALSE,Tier 3B,no cis-eQTL in window
EDN3,ENSG00000124205,20,1,197,TRUE,TRUE,Tier 3B,""
EDNRA,ENSG00000151617,4,0,0,FALSE,FALSE,Tier 1,no cis-eQTL in window
EDNRB,ENSG00000136160,13,0,0,FALSE,FALSE,Tier 1,no cis-eQTL in window
EEF2,ENSG00000167658,19,2,191,TRUE,FALSE,Tier 1,""
EEF2K,ENSG00000103319,16,0,2,FALSE,FALSE,Tier 2,no SNP below 5e-8
EFEMP1,ENSG00000115380,2,0,0,FALSE,FALSE,Tier 3A,no cis-eQTL in window
EFEMP2,ENSG00000172638,11,3,1031,TRUE,FALSE,Tier 3A,""
EFNA1,ENSG00000169242,1,1,96,TRUE,TRUE,Tier 3A,""
EFNA4,ENSG00000243364,1,0,2,FALSE,FALSE,Tier 3B,no SNP below 5e-8
EFNA5,ENSG00000184349,5,2,49,TRUE,FALSE,Tier 3A,""
EFNB1,ENSG00000090776,X,0,0,FALSE,FALSE,Tier 3B,non-autosomal chr skipped
EFNB3,ENSG00000108947,17,0,0,FALSE,FALSE,Tier 3A,no cis-eQTL in window
EFTUD1,ENSG00000140598,15,2,323,TRUE,FALSE,Tier 3B,""
EFTUD2,ENSG00000108883,17,3,2337,TRUE,FALSE,Tier 3A,""
EGF,ENSG00000138798,4,1,455,TRUE,TRUE,Tier 3A,""
EGFL6,ENSG00000198759,X,0,0,FALSE,FALSE,Tier 3B,non-autosomal chr skipped
EGFL7,ENSG00000172889,9,0,0,FALSE,FALSE,Tier 1,no SNP below 5e-8
EGFL8,ENSG00000241404,6,1,283,TRUE,TRUE,Tier 3A,""
EGFLAM,ENSG00000164318,5,0,0,FALSE,FALSE,Tier 3A,no cis-eQTL in window
EGFR,ENSG00000146648,7,0,0,FALSE,FALSE,Tier 1,no cis-eQTL in window
EGLN1,ENSG00000135766,1,1,570,TRUE,TRUE,Tier 1,""
EGLN2,ENSG00000269858,19,4,993,TRUE,FALSE,Tier 1,""
EGLN3,ENSG00000129521,14,2,259,TRUE,FALSE,Tier 1,""
EHMT1,ENSG00000181090,9,1,469,TRUE,TRUE,Tier 2,""
EHMT2,ENSG00000204371,6,1,408,TRUE,TRUE,Tier 2,""
EIF2AK1,ENSG00000086232,7,3,1263,TRUE,FALSE,Tier 2,""
EIF2AK2,ENSG00000055332,2,2,1026,TRUE,FALSE,Tier 2,""
EIF2AK3,ENSG00000172071,2,1,183,TRUE,TRUE,Tier 2,""
EIF2AK4,ENSG00000128829,15,3,478,TRUE,FALSE,Tier 1,""
EIF4A1,ENSG00000161960,17,1,2,TRUE,TRUE,Tier 2,""
EIF4E,ENSG00000151247,4,2,1076,TRUE,FALSE,Tier 1,""
EIF4H,ENSG00000106682,7,1,148,TRUE,TRUE,Tier 2,""
ELANE,ENSG00000197561,19,1,102,TRUE,TRUE,Tier 1,""
ELAVL1,ENSG00000066044,19,0,16,FALSE,FALSE,Tier 2,no SNP below 5e-8
ELN,ENSG00000049540,7,0,0,FALSE,FALSE,Tier 3B,no cis-eQTL in window
ELOVL3,ENSG00000119915,10,0,0,FALSE,FALSE,Tier 2,no SNP below 5e-8
ELOVL6,ENSG00000170522,4,2,222,TRUE,FALSE,Tier 2,""
ELSPBP1,ENSG00000169393,19,0,0,FALSE,FALSE,Tier 3A,no cis-eQTL in window
EMC10,ENSG00000161671,19,1,128,TRUE,TRUE,Tier 3B,""
EMID1,ENSG00000186998,22,1,135,TRUE,TRUE,Tier 3B,""
EMILIN1,ENSG00000138080,2,0,37,FALSE,FALSE,Tier 3B,no SNP below 5e-8
EMILIN2,ENSG00000132205,18,2,310,TRUE,FALSE,Tier 3A,""
EMILIN3,ENSG00000183798,20,0,0,FALSE,FALSE,Tier 3B,no cis-eQTL in window
EMR2,ENSG00000127507,19,5,1986,TRUE,FALSE,Tier 3B,""
EMR3,ENSG00000131355,19,4,611,TRUE,FALSE,Tier 3B,""
ENAM,ENSG00000132464,4,0,0,FALSE,FALSE,Tier 3B,no SNP below 5e-8
ENC1,ENSG00000171617,5,5,1019,TRUE,FALSE,Tier 3B,""
ENDOU,ENSG00000111405,12,1,401,TRUE,TRUE,Tier 3B,""
ENG,ENSG00000106991,9,2,408,TRUE,FALSE,Tier 1,""
ENGASE,ENSG00000167280,17,3,416,TRUE,FALSE,Tier 2,""
ENHO,ENSG00000168913,9,1,6,TRUE,TRUE,Tier 3B,""
ENOX1,ENSG00000120658,13,0,0,FALSE,FALSE,Tier 3A,no cis-eQTL in window
ENOX2,ENSG00000165675,X,0,0,FALSE,FALSE,Tier 3B,non-autosomal chr skipped
ENPEP,ENSG00000138792,4,0,2,FALSE,FALSE,Tier 2,no SNP below 5e-8
ENPP1,ENSG00000197594,6,2,131,TRUE,FALSE,Tier 3A,""
ENPP2,ENSG00000136960,8,3,1012,TRUE,FALSE,Tier 2,""
ENPP3,ENSG00000154269,6,1,317,TRUE,TRUE,Tier 3A,""
ENPP5,ENSG00000112796,6,1,445,TRUE,TRUE,Tier 3B,""
ENPP6,ENSG00000164303,4,0,0,FALSE,FALSE,Tier 3B,no cis-eQTL in window
ENPP7,ENSG00000182156,17,0,0,FALSE,FALSE,Tier 3B,no cis-eQTL in window
ENTPD1,ENSG00000138185,10,11,1634,TRUE,FALSE,Tier 3B,""
ENTPD6,ENSG00000197586,20,3,1390,TRUE,FALSE,Tier 3A,""
EP300,ENSG00000100393,22,3,1481,TRUE,FALSE,Tier 2,""
EPAS1,ENSG00000116016,2,3,560,TRUE,FALSE,Tier 2,""
EPCAM,ENSG00000119888,2,0,0,FALSE,FALSE,Tier 1,no cis-eQTL in window
EPDR1,ENSG00000086289,7,8,1254,TRUE,FALSE,Tier 3A,""
EPGN,ENSG00000182585,4,0,0,FALSE,FALSE,Tier 3A,no cis-eQTL in window
EPHA1,ENSG00000146904,7,3,385,TRUE,FALSE,Tier 1,""
EPHA10,ENSG00000183317,1,1,62,TRUE,TRUE,Tier 1,""
EPHA2,ENSG00000142627,1,0,0,FALSE,FALSE,Tier 1,no SNP below 5e-8
EPHA3,ENSG00000044524,3,0,0,FALSE,FALSE,Tier 1,no cis-eQTL in window
EPHA4,ENSG00000116106,2,5,1011,TRUE,FALSE,Tier 1,""
EPHA5,ENSG00000145242,4,0,0,FALSE,FALSE,Tier 1,no cis-eQTL in window
EPHA6,ENSG00000080224,3,0,0,FALSE,FALSE,Tier 1,no cis-eQTL in window
EPHA7,ENSG00000135333,6,0,0,FALSE,FALSE,Tier 1,no cis-eQTL in window
EPHA8,ENSG00000070886,1,0,0,FALSE,FALSE,Tier 1,no cis-eQTL in window
EPHB1,ENSG00000154928,3,4,1331,TRUE,FALSE,Tier 1,""
EPHB2,ENSG00000133216,1,1,88,TRUE,TRUE,Tier 1,""
EPHB3,ENSG00000182580,3,2,278,TRUE,FALSE,Tier 1,""
EPHB4,ENSG00000196411,7,7,2289,TRUE,FALSE,Tier 1,""
EPHB6,ENSG00000106123,7,3,891,TRUE,FALSE,Tier 1,""
EPHX1,ENSG00000143819,1,2,197,TRUE,FALSE,Tier 1,""
EPHX2,ENSG00000120915,8,4,1182,TRUE,FALSE,Tier 1,""
EPO,ENSG00000130427,7,0,0,FALSE,FALSE,Tier 3A,no cis-eQTL in window
EPOR,ENSG00000187266,19,2,457,TRUE,FALSE,Tier 1,""
EPX,ENSG00000121053,17,0,0,FALSE,FALSE,Tier 3B,no SNP below 5e-8
EPYC,ENSG00000083782,12,0,0,FALSE,FALSE,Tier 3B,no cis-eQTL in window
ERAP1,ENSG00000164307,5,2,1024,TRUE,FALSE,Tier 3A,""
ERBB2,ENSG00000141736,17,1,492,TRUE,TRUE,Tier 1,""
ERBB2IP,ENSG00000112851,5,2,194,TRUE,FALSE,Tier 3B,""
ERBB3,ENSG00000065361,12,1,134,TRUE,TRUE,Tier 1,""
ERBB4,ENSG00000178568,2,0,0,FALSE,FALSE,Tier 1,no cis-eQTL in window
ERCC5,ENSG00000134899,13,1,347,TRUE,TRUE,Tier 2,""
EREG,ENSG00000124882,4,1,420,TRUE,TRUE,Tier 1,""
ERG,ENSG00000157554,21,0,0,FALSE,FALSE,Tier 2,no SNP below 5e-8
ERN1,ENSG00000178607,17,2,229,TRUE,FALSE,Tier 1,""
ERN2,ENSG00000134398,16,0,0,FALSE,FALSE,Tier 3B,no cis-eQTL in window
ERO1L,ENSG00000197930,14,6,2817,TRUE,FALSE,Tier 3B,""
ERP29,ENSG00000089248,12,1,1002,TRUE,TRUE,Tier 3A,""
ERP44,ENSG00000023318,9,1,504,TRUE,TRUE,Tier 3A,""
ESAM,ENSG00000149564,11,1,7,TRUE,TRUE,Tier 3A,""
ESM1,ENSG00000164283,5,1,168,TRUE,TRUE,Tier 3B,""
ESR1,ENSG00000091831,6,1,284,TRUE,TRUE,Tier 1,""
ESR2,ENSG00000140009,14,2,986,TRUE,FALSE,Tier 1,""
ESRRA,ENSG00000173153,11,1,39,TRUE,TRUE,Tier 1,""
ESRRB,ENSG00000119715,14,0,0,FALSE,FALSE,Tier 1,no cis-eQTL in window
ESRRG,ENSG00000196482,1,0,0,FALSE,FALSE,Tier 2,no cis-eQTL in window
ETNPPL,ENSG00000164089,4,0,0,FALSE,FALSE,Tier 3B,no cis-eQTL in window
EVI2B,ENSG00000185862,17,1,350,TRUE,TRUE,Tier 3B,""
EXTL2,ENSG00000162694,1,2,752,TRUE,FALSE,Tier 3A,""
EYS,ENSG00000188107,6,0,0,FALSE,FALSE,Tier 3A,no SNP below 5e-8
F10,ENSG00000126218,13,1,149,TRUE,TRUE,Tier 1,""
F11,ENSG00000088926,4,0,0,FALSE,FALSE,Tier 2,no cis-eQTL in window
F11R,ENSG00000158769,1,1,541,TRUE,TRUE,Tier 3B,""
F12,ENSG00000131187,5,1,13,TRUE,TRUE,Tier 3A,""
F13A1,ENSG00000124491,6,3,1045,TRUE,FALSE,Tier 2,""
F13B,ENSG00000143278,1,0,0,FALSE,FALSE,Tier 3A,no cis-eQTL in window
F2,ENSG00000180210,11,0,0,FALSE,FALSE,Tier 1,no cis-eQTL in window
F2R,ENSG00000181104,5,3,691,TRUE,FALSE,Tier 1,""
F2RL1,ENSG00000164251,5,6,1105,TRUE,FALSE,Tier 2,""
F2RL2,ENSG00000164220,5,0,0,FALSE,FALSE,Tier 3A,no cis-eQTL in window
F2RL3,ENSG00000127533,19,1,139,TRUE,TRUE,Tier 3B,""
F3,ENSG00000117525,1,0,0,FALSE,FALSE,Tier 1,no cis-eQTL in window
F5,ENSG00000198734,1,3,1424,TRUE,FALSE,Tier 1,""
F7,ENSG00000057593,13,1,42,TRUE,TRUE,Tier 1,""
F8,ENSG00000185010,X,0,0,FALSE,FALSE,Tier 1,non-autosomal chr skipped
F9,ENSG00000101981,X,0,0,FALSE,FALSE,Tier 2,non-autosomal chr skipped
FAAH,ENSG00000117480,1,4,1954,TRUE,FALSE,Tier 1,""
FAAH2,ENSG00000165591,X,0,0,FALSE,FALSE,Tier 2,non-autosomal chr skipped
FABP1,ENSG00000163586,2,0,0,FALSE,FALSE,Tier 1,no cis-eQTL in window
FABP2,ENSG00000145384,4,0,0,FALSE,FALSE,Tier 2,no cis-eQTL in window
FABP4,ENSG00000170323,8,0,0,FALSE,FALSE,Tier 2,no cis-eQTL in window
FAM19A1,ENSG00000183662,3,3,1277,TRUE,FALSE,Tier 3B,""
FAM19A3,ENSG00000184599,1,0,0,FALSE,FALSE,Tier 3A,no cis-eQTL in window
FAM19A4,ENSG00000163377,3,0,0,FALSE,FALSE,Tier 3B,no cis-eQTL in window
FAM19A5,ENSG00000219438,22,0,0,FALSE,FALSE,Tier 3A,no cis-eQTL in window
FAM20A,ENSG00000108950,17,1,213,TRUE,TRUE,Tier 3B,""
FAM20C,ENSG00000177706,7,3,641,TRUE,FALSE,Tier 3B,""
FAM3B,ENSG00000183844,21,7,762,TRUE,FALSE,Tier 3A,""
FAM3C,ENSG00000196937,7,1,108,TRUE,TRUE,Tier 3A,""
FAP,ENSG00000078098,2,0,0,FALSE,FALSE,Tier 1,no cis-eQTL in window
FARS2,ENSG00000145982,6,2,725,TRUE,FALSE,Tier 2,""
FAS,ENSG00000026103,10,3,629,TRUE,FALSE,Tier 3A,""
FASLG,ENSG00000117560,1,1,271,TRUE,TRUE,Tier 3B,""
FASN,ENSG00000169710,17,1,698,TRUE,TRUE,Tier 1,""
FAT1,ENSG00000083857,4,0,0,FALSE,FALSE,Tier 3B,no cis-eQTL in window
FAT3,ENSG00000165323,11,0,0,FALSE,FALSE,Tier 3B,no cis-eQTL in window
FAT4,ENSG00000196159,4,1,86,TRUE,TRUE,Tier 3B,""
FBLN1,ENSG00000077942,22,0,43,FALSE,FALSE,Tier 3A,no SNP below 5e-8
FBLN2,ENSG00000163520,3,1,26,TRUE,TRUE,Tier 3A,""
FBLN5,ENSG00000140092,14,7,2047,TRUE,FALSE,Tier 3A,""
FBLN7,ENSG00000144152,2,2,414,TRUE,FALSE,Tier 3B,""
FBN1,ENSG00000166147,15,1,463,TRUE,TRUE,Tier 3A,""
FBN2,ENSG00000138829,5,6,3366,TRUE,FALSE,Tier 3A,""
FBN3,ENSG00000142449,19,0,0,FALSE,FALSE,Tier 3B,no cis-eQTL in window
FBP1,ENSG00000165140,9,5,1378,TRUE,FALSE,Tier 2,""
FCAMR,ENSG00000162897,1,0,0,FALSE,FALSE,Tier 3B,no cis-eQTL in window
FCAR,ENSG00000186431,19,3,398,TRUE,FALSE,Tier 3A,""
FCER1A,ENSG00000179639,1,4,1049,TRUE,FALSE,Tier 3A,""
FCER2,ENSG00000104921,19,4,316,TRUE,FALSE,Tier 1,""
FCGBP,ENSG00000090920,19,7,1838,TRUE,FALSE,Tier 3B,""
FCGR1A,ENSG00000150337,1,1,622,TRUE,TRUE,Tier 1,""
FCGR2A,ENSG00000143226,1,1,249,TRUE,TRUE,Tier 3A,""
FCGR2B,ENSG00000072694,1,8,2189,TRUE,FALSE,Tier 1,""
FCGR2C,ENSG00000244682,1,8,1237,TRUE,FALSE,Tier 3A,""
FCGR3A,ENSG00000203747,1,2,64,TRUE,FALSE,Tier 3A,""
FCGR3B,ENSG00000162747,1,9,684,TRUE,FALSE,Tier 3B,""
FCGRT,ENSG00000104870,19,2,375,TRUE,FALSE,Tier 3A,""
FCN1,ENSG00000085265,9,4,619,TRUE,FALSE,Tier 3B,""
FCN2,ENSG00000160339,9,0,0,FALSE,FALSE,Tier 3B,no cis-eQTL in window
FCN3,ENSG00000142748,1,0,0,FALSE,FALSE,Tier 3B,no cis-eQTL in window
FCRL1,ENSG00000163534,1,1,665,TRUE,TRUE,Tier 3A,""
FCRL2,ENSG00000132704,1,1,400,TRUE,TRUE,Tier 3A,""
FCRL3,ENSG00000160856,1,4,1898,TRUE,FALSE,Tier 3A,""
FCRL4,ENSG00000163518,1,0,0,FALSE,FALSE,Tier 3B,no cis-eQTL in window
FCRL5,ENSG00000143297,1,4,1530,TRUE,FALSE,Tier 3A,""
FCRL6,ENSG00000181036,1,5,237,TRUE,FALSE,Tier 3A,""
FCRLA,ENSG00000132185,1,2,484,TRUE,FALSE,Tier 3B,""
FDCSP,ENSG00000181617,4,0,0,FALSE,FALSE,Tier 3B,no cis-eQTL in window
FDFT1,ENSG00000079459,8,4,4509,TRUE,FALSE,Tier 1,""
FDPS,ENSG00000160752,1,1,377,TRUE,TRUE,Tier 1,""
FEN1,ENSG00000168496,11,0,13,FALSE,FALSE,Tier 2,no SNP below 5e-8
FER,ENSG00000151422,5,2,329,TRUE,FALSE,Tier 1,""
FES,ENSG00000182511,15,4,1186,TRUE,FALSE,Tier 2,""
FFAR1,ENSG00000126266,19,0,0,FALSE,FALSE,Tier 1,no cis-eQTL in window
FFAR2,ENSG00000126262,19,1,73,TRUE,TRUE,Tier 2,""
FFAR3,ENSG00000185897,19,2,290,TRUE,FALSE,Tier 3B,""
FFAR4,ENSG00000186188,10,2,413,TRUE,FALSE,Tier 2,""
FGA,ENSG00000171560,4,0,0,FALSE,FALSE,Tier 1,no cis-eQTL in window
FGB,ENSG00000171564,4,0,0,FALSE,FALSE,Tier 1,no cis-eQTL in window
FGF1,ENSG00000113578,5,0,0,FALSE,FALSE,Tier 1,no cis-eQTL in window
FGF10,ENSG00000070193,5,0,0,FALSE,FALSE,Tier 3A,no cis-eQTL in window
FGF12,ENSG00000114279,3,0,0,FALSE,FALSE,Tier 3A,no cis-eQTL in window
FGF16,ENSG00000196468,X,0,0,FALSE,FALSE,Tier 1,non-autosomal chr skipped
FGF17,ENSG00000158815,8,1,8,TRUE,TRUE,Tier 3A,""
FGF18,ENSG00000156427,5,0,0,FALSE,FALSE,Tier 1,no cis-eQTL in window
FGF19,ENSG00000162344,11,0,0,FALSE,FALSE,Tier 3B,no cis-eQTL in window
FGF2,ENSG00000138685,4,1,495,TRUE,TRUE,Tier 1,""
FGF20,ENSG00000078579,8,0,0,FALSE,FALSE,Tier 3B,no cis-eQTL in window
FGF21,ENSG00000105550,19,0,0,FALSE,FALSE,Tier 3A,no cis-eQTL in window
FGF22,ENSG00000070388,19,0,0,FALSE,FALSE,Tier 3B,no SNP below 5e-8
FGF23,ENSG00000118972,12,0,0,FALSE,FALSE,Tier 3B,no cis-eQTL in window
FGF3,ENSG00000186895,11,0,0,FALSE,FALSE,Tier 3A,no cis-eQTL in window
FGF4,ENSG00000075388,11,0,0,FALSE,FALSE,Tier 1,no cis-eQTL in window
FGF5,ENSG00000138675,4,0,0,FALSE,FALSE,Tier 3A,no cis-eQTL in window
FGF6,ENSG00000111241,12,0,0,FALSE,FALSE,Tier 3B,no cis-eQTL in window
FGF7,ENSG00000140285,15,0,0,FALSE,FALSE,Tier 3A,no cis-eQTL in window
FGF8,ENSG00000107831,10,0,0,FALSE,FALSE,Tier 3B,no cis-eQTL in window
FGF9,ENSG00000102678,13,2,48,TRUE,FALSE,Tier 3A,""
FGFBP1,ENSG00000137440,4,0,0,FALSE,FALSE,Tier 3B,no cis-eQTL in window
FGFBP2,ENSG00000137441,4,1,380,TRUE,TRUE,Tier 3A,""
FGFBP3,ENSG00000174721,10,1,21,TRUE,TRUE,Tier 3B,""
FGFR1,ENSG00000077782,8,3,383,TRUE,FALSE,Tier 1,""
FGFR2,ENSG00000066468,10,2,334,TRUE,FALSE,Tier 1,""
FGFR3,ENSG00000068078,4,0,0,FALSE,FALSE,Tier 1,no cis-eQTL in window
FGFR4,ENSG00000160867,5,2,486,TRUE,FALSE,Tier 1,""
FGFRL1,ENSG00000127418,4,3,942,TRUE,FALSE,Tier 3A,""
FGG,ENSG00000171557,4,0,0,FALSE,FALSE,Tier 1,no cis-eQTL in window
FGL1,ENSG00000104760,8,0,0,FALSE,FALSE,Tier 3A,no cis-eQTL in window
FGL2,ENSG00000127951,7,4,804,TRUE,FALSE,Tier 3B,""
FGR,ENSG00000000938,1,1,85,TRUE,TRUE,Tier 1,""
FIBIN,ENSG00000176971,11,0,0,FALSE,FALSE,Tier 3B,no cis-eQTL in window
FIGF,ENSG00000165197,X,0,0,FALSE,FALSE,Tier 3B,non-autosomal chr skipped
FJX1,ENSG00000179431,11,0,0,FALSE,FALSE,Tier 3B,no cis-eQTL in window
FKBP10,ENSG00000141756,17,0,1,FALSE,FALSE,Tier 3B,no SNP below 5e-8
FKBP11,ENSG00000134285,12,2,834,TRUE,FALSE,Tier 3B,""
FKBP14,ENSG00000106080,7,0,1,FALSE,FALSE,Tier 3A,no SNP below 5e-8
FKBP15,ENSG00000119321,9,4,626,TRUE,FALSE,Tier 3B,""
FKBP1A,ENSG00000088832,20,4,804,TRUE,FALSE,Tier 1,""
FKBP1B,ENSG00000119782,2,1,474,TRUE,TRUE,Tier 1,""
FKBP1C,ENSG00000198225,6,0,0,FALSE,FALSE,Tier 2,no SNP below 5e-8
FKBP2,ENSG00000173486,11,1,80,TRUE,TRUE,Tier 2,""
FKBP3,ENSG00000100442,14,0,0,FALSE,FALSE,Tier 3B,no SNP below 5e-8
FKBP4,ENSG00000004478,12,1,38,TRUE,TRUE,Tier 1,""
FKBP5,ENSG00000096060,6,0,61,FALSE,FALSE,Tier 1,no SNP below 5e-8
FKBP6,ENSG00000077800,7,0,0,FALSE,FALSE,Tier 3B,no cis-eQTL in window
FKBP7,ENSG00000079150,2,1,5,TRUE,TRUE,Tier 3B,""
FKBP8,ENSG00000105701,19,0,0,FALSE,FALSE,Tier 3B,no SNP below 5e-8
FKBP9,ENSG00000122642,7,2,1301,TRUE,FALSE,Tier 3B,""
FKRP,ENSG00000181027,19,4,601,TRUE,FALSE,Tier 3A,""
FKTN,ENSG00000106692,9,1,234,TRUE,TRUE,Tier 3A,""
FLNA,ENSG00000196924,X,0,0,FALSE,FALSE,Tier 3A,non-autosomal chr skipped
FLRT1,ENSG00000126500,11,1,93,TRUE,TRUE,Tier 3B,""
FLRT2,ENSG00000185070,14,0,0,FALSE,FALSE,Tier 3B,no cis-eQTL in window
FLT1,ENSG00000102755,13,3,604,TRUE,FALSE,Tier 1,""
FLT3,ENSG00000122025,13,1,234,TRUE,TRUE,Tier 1,""
FLT3LG,ENSG00000090554,19,1,8,TRUE,TRUE,Tier 3A,""
FLT4,ENSG00000037280,5,2,283,TRUE,FALSE,Tier 1,""
FMO1,ENSG00000010932,1,0,0,FALSE,FALSE,Tier 1,no cis-eQTL in window
FMO2,ENSG00000094963,1,0,0,FALSE,FALSE,Tier 1,no cis-eQTL in window
FMO3,ENSG00000007933,1,0,0,FALSE,FALSE,Tier 1,no cis-eQTL in window
FMO4,ENSG00000076258,1,3,859,TRUE,FALSE,Tier 1,""
FMO5,ENSG00000131781,1,3,875,TRUE,FALSE,Tier 1,""
FMO6P,ENSG00000117507,1,0,0,FALSE,FALSE,Tier 1,no cis-eQTL in window
FMOD,ENSG00000122176,1,0,1,FALSE,FALSE,Tier 3B,no SNP below 5e-8
FN1,ENSG00000115414,2,3,475,TRUE,FALSE,Tier 1,""
FNDC5,ENSG00000160097,1,1,68,TRUE,TRUE,Tier 3B,""
FNTA,ENSG00000168522,8,1,1097,TRUE,TRUE,Tier 1,""
FNTB,ENSG00000257365,14,10,1165,TRUE,FALSE,Tier 1,""
FOLH1,ENSG00000086205,11,0,0,FALSE,FALSE,Tier 1,no cis-eQTL in window
FOLR1,ENSG00000110195,11,0,0,FALSE,FALSE,Tier 1,no cis-eQTL in window
FOLR2,ENSG00000165457,11,2,103,TRUE,FALSE,Tier 3B,""
FOLR3,ENSG00000110203,11,17,3780,TRUE,FALSE,Tier 3B,""
FOS,ENSG00000170345,14,2,60,TRUE,FALSE,Tier 2,""
FPGS,ENSG00000136877,9,2,228,TRUE,FALSE,Tier 2,""
FPR1,ENSG00000171051,19,4,1031,TRUE,FALSE,Tier 2,""
FPR2,ENSG00000171049,19,6,1592,TRUE,FALSE,Tier 2,""
FPR3,ENSG00000187474,19,3,1277,TRUE,FALSE,Tier 3B,""
FREM1,ENSG00000164946,9,0,10,FALSE,FALSE,Tier 3A,no SNP below 5e-8
FREM3,ENSG00000183090,4,0,0,FALSE,FALSE,Tier 3B,no cis-eQTL in window
FRK,ENSG00000111816,6,0,0,FALSE,FALSE,Tier 1,no cis-eQTL in window
FRZB,ENSG00000162998,2,0,0,FALSE,FALSE,Tier 3A,no cis-eQTL in window
FSHB,ENSG00000131808,11,0,0,FALSE,FALSE,Tier 3B,no cis-eQTL in window
FSHR,ENSG00000170820,2,0,0,FALSE,FALSE,Tier 1,no cis-eQTL in window
FST,ENSG00000134363,5,1,530,TRUE,TRUE,Tier 3B,""
FSTL1,ENSG00000163430,3,4,1131,TRUE,FALSE,Tier 3B,""
FSTL3,ENSG00000070404,19,2,144,TRUE,FALSE,Tier 3B,""
FSTL4,ENSG00000053108,5,1,198,TRUE,TRUE,Tier 3A,""
FSTL5,ENSG00000168843,4,0,0,FALSE,FALSE,Tier 3A,no cis-eQTL in window
FUCA1,ENSG00000179163,1,4,1236,TRUE,FALSE,Tier 2,""
FUCA2,ENSG00000001036,6,2,320,TRUE,FALSE,Tier 2,""
FURIN,ENSG00000140564,15,2,439,TRUE,FALSE,Tier 3A,""
FXYD2,ENSG00000137731,11,3,260,TRUE,FALSE,Tier 3B,""
FYN,ENSG00000010810,6,2,458,TRUE,FALSE,Tier 1,""
FZD10,ENSG00000111432,12,0,0,FALSE,FALSE,Tier 3A,no cis-eQTL in window
FZD3,ENSG00000104290,8,2,103,TRUE,FALSE,Tier 3B,""
FZD4,ENSG00000174804,11,0,3,FALSE,FALSE,Tier 3B,no SNP below 5e-8
FZD9,ENSG00000188763,7,0,0,FALSE,FALSE,Tier 3A,no SNP below 5e-8
G6PC,ENSG00000131482,17,0,0,FALSE,FALSE,Tier 2,no cis-eQTL in window
G6PD,ENSG00000160211,X,0,0,FALSE,FALSE,Tier 2,non-autosomal chr skipped
GAA,ENSG00000171298,17,3,985,TRUE,FALSE,Tier 1,""
GABBR1,ENSG00000204681,6,2,5334,TRUE,FALSE,Tier 1,""
GABBR2,ENSG00000136928,9,0,0,FALSE,FALSE,Tier 1,no cis-eQTL in window
GABRA1,ENSG00000022355,5,0,0,FALSE,FALSE,Tier 1,no cis-eQTL in window
GABRA2,ENSG00000151834,4,0,0,FALSE,FALSE,Tier 1,no cis-eQTL in window
GABRA3,ENSG00000011677,X,0,0,FALSE,FALSE,Tier 1,non-autosomal chr skipped
GABRA4,ENSG00000109158,4,0,0,FALSE,FALSE,Tier 1,no cis-eQTL in window
GABRA5,ENSG00000186297,15,0,0,FALSE,FALSE,Tier 1,no cis-eQTL in window
GABRA6,ENSG00000145863,5,0,0,FALSE,FALSE,Tier 1,no cis-eQTL in window
GABRB1,ENSG00000163288,4,0,0,FALSE,FALSE,Tier 1,no cis-eQTL in window
GABRB2,ENSG00000145864,5,0,0,FALSE,FALSE,Tier 1,no cis-eQTL in window
GABRB3,ENSG00000166206,15,0,0,FALSE,FALSE,Tier 1,no cis-eQTL in window
GABRD,ENSG00000187730,1,2,216,TRUE,FALSE,Tier 3B,""
GABRE,ENSG00000102287,X,0,0,FALSE,FALSE,Tier 3B,non-autosomal chr skipped
GABRG1,ENSG00000163285,4,0,0,FALSE,FALSE,Tier 1,no cis-eQTL in window
GABRG2,ENSG00000113327,5,0,0,FALSE,FALSE,Tier 1,no cis-eQTL in window
GABRG3,ENSG00000182256,15,0,0,FALSE,FALSE,Tier 1,no cis-eQTL in window
GABRP,ENSG00000094755,5,0,0,FALSE,FALSE,Tier 3B,no cis-eQTL in window
GABRQ,ENSG00000147402,X,0,0,FALSE,FALSE,Tier 3B,non-autosomal chr skipped
GABRR1,ENSG00000146276,6,0,0,FALSE,FALSE,Tier 2,no cis-eQTL in window
GABRR2,ENSG00000111886,6,1,111,TRUE,TRUE,Tier 2,""
GABRR3,ENSG00000183185,3,0,0,FALSE,FALSE,Tier 3B,no cis-eQTL in window
GAK,ENSG00000178950,4,1,61,TRUE,TRUE,Tier 1,""
GAL,ENSG00000069482,11,0,0,FALSE,FALSE,Tier 3B,no cis-eQTL in window
GALC,ENSG00000054983,14,2,1043,TRUE,FALSE,Tier 3A,""
GALE,ENSG00000117308,1,1,327,TRUE,TRUE,Tier 2,""
GALK1,ENSG00000108479,17,1,528,TRUE,TRUE,Tier 2,""
GALNS,ENSG00000141012,16,4,1282,TRUE,FALSE,Tier 3A,""
GALNT1,ENSG00000141429,18,2,1296,TRUE,FALSE,Tier 3B,""
GALNT2,ENSG00000143641,1,2,163,TRUE,FALSE,Tier 3A,""
GALP,ENSG00000197487,19,0,0,FALSE,FALSE,Tier 3B,no cis-eQTL in window
GALR1,ENSG00000166573,18,0,0,FALSE,FALSE,Tier 3A,no cis-eQTL in window
GALR2,ENSG00000182687,17,0,0,FALSE,FALSE,Tier 3B,no cis-eQTL in window
GALR3,ENSG00000128310,22,0,0,FALSE,FALSE,Tier 2,no cis-eQTL in window
GAN,ENSG00000261609,16,1,244,TRUE,TRUE,Tier 3B,""
GANAB,ENSG00000089597,11,1,145,TRUE,TRUE,Tier 1,""
GANC,ENSG00000214013,15,2,240,TRUE,FALSE,Tier 3B,""
GAPDH,ENSG00000111640,12,1,530,TRUE,TRUE,Tier 2,""
GART,ENSG00000159131,21,1,311,TRUE,TRUE,Tier 1,""
GAS6,ENSG00000183087,13,2,836,TRUE,FALSE,Tier 3B,""
GAST,ENSG00000184502,17,0,0,FALSE,FALSE,Tier 3A,no cis-eQTL in window
GBA,ENSG00000177628,1,1,631,TRUE,TRUE,Tier 1,""
GBA2,ENSG00000070610,9,4,1222,TRUE,FALSE,Tier 2,""
GC,ENSG00000145321,4,0,0,FALSE,FALSE,Tier 1,no cis-eQTL in window
GCG,ENSG00000115263,2,0,0,FALSE,FALSE,Tier 3A,no cis-eQTL in window
GCGR,ENSG00000215644,17,0,0,FALSE,FALSE,Tier 1,no cis-eQTL in window
GCK,ENSG00000106633,7,1,64,TRUE,TRUE,Tier 2,""
GCLC,ENSG00000001084,6,3,286,TRUE,FALSE,Tier 2,""
GDF1,ENSG00000130283,19,0,0,FALSE,FALSE,Tier 3B,no cis-eQTL in window
GDF10,ENSG00000107623,10,1,61,TRUE,TRUE,Tier 3B,""
GDF11,ENSG00000135414,12,1,77,TRUE,TRUE,Tier 3B,""
GDF15,ENSG00000130513,19,1,271,TRUE,TRUE,Tier 3A,""
GDF2,ENSG00000128802,10,0,0,FALSE,FALSE,Tier 3B,no cis-eQTL in window
GDF3,ENSG00000184344,12,0,0,FALSE,FALSE,Tier 3B,no cis-eQTL in window
GDF5,ENSG00000125965,20,0,0,FALSE,FALSE,Tier 3A,no cis-eQTL in window
GDF6,ENSG00000156466,8,0,0,FALSE,FALSE,Tier 3B,no cis-eQTL in window
GDF7,ENSG00000143869,2,2,12,TRUE,FALSE,Tier 3A,""
GDF9,ENSG00000164404,5,1,212,TRUE,TRUE,Tier 3B,""
GDNF,ENSG00000168621,5,0,0,FALSE,FALSE,Tier 3B,no cis-eQTL in window
GFER,ENSG00000127554,16,1,10,TRUE,TRUE,Tier 1,""
GFM1,ENSG00000168827,3,2,1488,TRUE,FALSE,Tier 3B,""
GFM2,ENSG00000164347,5,2,332,TRUE,FALSE,Tier 3B,""
GFOD2,ENSG00000141098,16,1,387,TRUE,TRUE,Tier 3A,""
GFPT1,ENSG00000198380,2,5,1511,TRUE,FALSE,Tier 2,""
GFRA3,ENSG00000146013,5,0,0,FALSE,FALSE,Tier 3A,no cis-eQTL in window
GFRA4,ENSG00000125861,20,0,0,FALSE,FALSE,Tier 3B,no cis-eQTL in window
GGCX,ENSG00000115486,2,2,652,TRUE,FALSE,Tier 1,""
GGH,ENSG00000137563,8,4,1354,TRUE,FALSE,Tier 2,""
GGPS1,ENSG00000152904,1,3,752,TRUE,FALSE,Tier 2,""
GGT1,ENSG00000100031,22,1,275,TRUE,TRUE,Tier 3A,""
GGT2,ENSG00000133475,22,0,0,FALSE,FALSE,Tier 3B,no SNP below 5e-8
GGT5,ENSG00000099998,22,1,207,TRUE,TRUE,Tier 3B,""
GGT6,ENSG00000167741,17,0,0,FALSE,FALSE,Tier 3B,no cis-eQTL in window
GGT7,ENSG00000131067,20,1,1956,TRUE,TRUE,Tier 3B,""
GGTLC1,ENSG00000149435,20,0,0,FALSE,FALSE,Tier 3B,no SNP below 5e-8
GGTLC2,ENSG00000100121,22,0,0,FALSE,FALSE,Tier 3B,no SNP below 5e-8
GGTLC3,ENSG00000183038,22,0,0,FALSE,FALSE,Tier 3B,no cis-eQTL in window
GH1,ENSG00000259384,17,1,226,TRUE,TRUE,Tier 3A,""
GH2,ENSG00000136487,17,0,0,FALSE,FALSE,Tier 3A,no cis-eQTL in window
GHR,ENSG00000112964,5,0,0,FALSE,FALSE,Tier 1,no cis-eQTL in window
GHRH,ENSG00000118702,20,0,0,FALSE,FALSE,Tier 3B,no cis-eQTL in window
GHRHR,ENSG00000106128,7,0,0,FALSE,FALSE,Tier 1,no cis-eQTL in window
GHRL,ENSG00000157017,3,3,337,TRUE,FALSE,Tier 1,""
GHSR,ENSG00000121853,3,0,0,FALSE,FALSE,Tier 1,no cis-eQTL in window
GIF,ENSG00000134812,11,2,607,TRUE,FALSE,Tier 3A,""
GIP,ENSG00000159224,17,0,0,FALSE,FALSE,Tier 3A,no cis-eQTL in window
GIPR,ENSG00000010310,19,1,93,TRUE,TRUE,Tier 1,""
GJB1,ENSG00000169562,X,0,0,FALSE,FALSE,Tier 3B,non-autosomal chr skipped
GKN1,ENSG00000169605,2,0,0,FALSE,FALSE,Tier 3A,no cis-eQTL in window
GKN2,ENSG00000183607,2,0,0,FALSE,FALSE,Tier 3A,no cis-eQTL in window
GLA,ENSG00000102393,X,0,0,FALSE,FALSE,Tier 1,non-autosomal chr skipped
GLB1,ENSG00000170266,3,3,523,TRUE,FALSE,Tier 2,""
GLI2,ENSG00000074047,2,0,0,FALSE,FALSE,Tier 2,no cis-eQTL in window
GLIPR1L1,ENSG00000173401,12,1,481,TRUE,TRUE,Tier 3B,""
GLO1,ENSG00000124767,6,3,1235,TRUE,FALSE,Tier 2,""
GLP1R,ENSG00000112164,6,2,216,TRUE,FALSE,Tier 1,""
GLP2R,ENSG00000065325,17,0,0,FALSE,FALSE,Tier 1,no cis-eQTL in window
GLRA1,ENSG00000145888,5,0,0,FALSE,FALSE,Tier 1,no cis-eQTL in window
GLRA2,ENSG00000101958,X,0,0,FALSE,FALSE,Tier 2,non-autosomal chr skipped
GLRA3,ENSG00000145451,4,0,0,FALSE,FALSE,Tier 2,no cis-eQTL in window
GLRA4,ENSG00000188828,X,0,0,FALSE,FALSE,Tier 2,non-autosomal chr skipped
GLRB,ENSG00000109738,4,0,0,FALSE,FALSE,Tier 3B,no cis-eQTL in window
GLUL,ENSG00000135821,1,2,713,TRUE,FALSE,Tier 1,""
GMNN,ENSG00000112312,6,1,98,TRUE,TRUE,Tier 1,""
GNAS,ENSG00000087460,20,3,406,TRUE,FALSE,Tier 3A,""
GNLY,ENSG00000115523,2,5,1208,TRUE,FALSE,Tier 3B,""
GNPTG,ENSG00000090581,16,2,507,TRUE,FALSE,Tier 3B,""
GNRH1,ENSG00000147437,8,1,193,TRUE,TRUE,Tier 3B,""
GNRH2,ENSG00000125787,20,0,0,FALSE,FALSE,Tier 3B,no SNP below 5e-8
GNRHR,ENSG00000109163,4,0,0,FALSE,FALSE,Tier 1,no cis-eQTL in window
GNS,ENSG00000135677,12,2,425,TRUE,FALSE,Tier 3B,""
GP1BA,ENSG00000185245,17,1,334,TRUE,TRUE,Tier 3A,""
GP1BB,ENSG00000203618,22,0,0,FALSE,FALSE,Tier 3B,no cis-eQTL in window
GP2,ENSG00000169347,16,0,0,FALSE,FALSE,Tier 3A,no cis-eQTL in window
GP5,ENSG00000178732,3,2,172,TRUE,FALSE,Tier 3B,""
GP9,ENSG00000169704,3,1,213,TRUE,TRUE,Tier 3B,""
GPA33,ENSG00000143167,1,2,356,TRUE,FALSE,Tier 1,""
GPBAR1,ENSG00000179921,2,2,483,TRUE,FALSE,Tier 1,""
GPC1,ENSG00000063660,2,1,110,TRUE,TRUE,Tier 3B,""
GPC2,ENSG00000213420,7,1,293,TRUE,TRUE,Tier 3B,""
GPC3,ENSG00000147257,X,0,0,FALSE,FALSE,Tier 1,non-autosomal chr skipped
GPC4,ENSG00000076716,X,0,0,FALSE,FALSE,Tier 3B,non-autosomal chr skipped
GPC5,ENSG00000179399,13,0,0,FALSE,FALSE,Tier 3A,no cis-eQTL in window
GPC6,ENSG00000183098,13,0,0,FALSE,FALSE,Tier 3A,no cis-eQTL in window
GPD2,ENSG00000115159,2,2,1268,TRUE,FALSE,Tier 1,""
GPER1,ENSG00000164850,7,3,1160,TRUE,FALSE,Tier 1,""
GPHA2,ENSG00000149735,11,0,0,FALSE,FALSE,Tier 3B,no SNP below 5e-8
GPI,ENSG00000105220,19,1,298,TRUE,TRUE,Tier 3B,""
GPIHBP1,ENSG00000182851,8,0,0,FALSE,FALSE,Tier 3B,no cis-eQTL in window
GPLD1,ENSG00000112293,6,2,293,TRUE,FALSE,Tier 3A,""
GPM6A,ENSG00000150625,4,2,641,TRUE,FALSE,Tier 3A,""
GPNMB,ENSG00000136235,7,4,1712,TRUE,FALSE,Tier 1,""
GPR1,ENSG00000183671,2,0,0,FALSE,FALSE,Tier 3B,no cis-eQTL in window
GPR101,ENSG00000165370,X,0,0,FALSE,FALSE,Tier 3B,non-autosomal chr skipped
GPR119,ENSG00000147262,X,0,0,FALSE,FALSE,Tier 2,non-autosomal chr skipped
GPR12,ENSG00000132975,13,0,0,FALSE,FALSE,Tier 3B,no cis-eQTL in window
GPR132,ENSG00000183484,14,1,116,TRUE,TRUE,Tier 3B,""
GPR135,ENSG00000181619,14,1,980,TRUE,TRUE,Tier 3B,""
GPR139,ENSG00000180269,16,0,0,FALSE,FALSE,Tier 3B,no cis-eQTL in window
GPR141,ENSG00000187037,7,1,943,TRUE,TRUE,Tier 3B,""
GPR142,ENSG00000257008,17,0,4,FALSE,FALSE,Tier 2,no SNP below 5e-8
GPR146,ENSG00000164849,7,3,1811,TRUE,FALSE,Tier 3B,""
GPR148,ENSG00000173302,2,0,0,FALSE,FALSE,Tier 3B,no cis-eQTL in window
GPR149,ENSG00000174948,3,0,0,FALSE,FALSE,Tier 3B,no cis-eQTL in window
GPR15,ENSG00000154165,3,1,52,TRUE,TRUE,Tier 3B,""
GPR150,ENSG00000178015,5,0,0,FALSE,FALSE,Tier 3B,no SNP below 5e-8
GPR151,ENSG00000173250,5,0,0,FALSE,FALSE,Tier 3B,no cis-eQTL in window
GPR152,ENSG00000175514,11,0,0,FALSE,FALSE,Tier 3B,no SNP below 5e-8
GPR153,ENSG00000158292,1,2,186,TRUE,FALSE,Tier 3B,""
GPR160,ENSG00000173890,3,3,1147,TRUE,FALSE,Tier 3B,""
GPR161,ENSG00000143147,1,1,199,TRUE,TRUE,Tier 3B,""
GPR162,ENSG00000250510,12,4,832,TRUE,FALSE,Tier 3B,""
GPR17,ENSG00000144230,2,1,92,TRUE,TRUE,Tier 1,""
GPR171,ENSG00000174946,3,1,185,TRUE,TRUE,Tier 3B,""
GPR173,ENSG00000184194,X,0,0,FALSE,FALSE,Tier 3B,non-autosomal chr skipped
GPR174,ENSG00000147138,X,0,0,FALSE,FALSE,Tier 3B,non-autosomal chr skipped
GPR176,ENSG00000166073,15,0,0,FALSE,FALSE,Tier 3B,no SNP below 5e-8
GPR18,ENSG00000125245,13,2,718,TRUE,FALSE,Tier 3B,""
GPR182,ENSG00000166856,12,0,0,FALSE,FALSE,Tier 3B,no cis-eQTL in window
GPR183,ENSG00000169508,13,1,126,TRUE,TRUE,Tier 3B,""
GPR19,ENSG00000183150,12,2,240,TRUE,FALSE,Tier 3B,""
GPR20,ENSG00000204882,8,1,171,TRUE,TRUE,Tier 3B,""
GPR21,ENSG00000188394,9,0,0,FALSE,FALSE,Tier 3B,no cis-eQTL in window
GPR22,ENSG00000172209,7,0,0,FALSE,FALSE,Tier 3B,no cis-eQTL in window
GPR25,ENSG00000170128,1,1,549,TRUE,TRUE,Tier 3B,""
GPR26,ENSG00000154478,10,0,0,FALSE,FALSE,Tier 3B,no cis-eQTL in window
GPR27,ENSG00000170837,3,1,232,TRUE,TRUE,Tier 3B,""
GPR3,ENSG00000181773,1,1,130,TRUE,TRUE,Tier 3B,""
GPR31,ENSG00000120436,6,0,0,FALSE,FALSE,Tier 3B,no cis-eQTL in window
GPR32,ENSG00000142511,19,0,0,FALSE,FALSE,Tier 3B,no cis-eQTL in window
GPR33,ENSG00000214943,14,0,0,FALSE,FALSE,Tier 3B,no cis-eQTL in window
GPR34,ENSG00000171659,X,0,0,FALSE,FALSE,Tier 3B,non-autosomal chr skipped
GPR35,ENSG00000178623,2,3,777,TRUE,FALSE,Tier 1,""
GPR37,ENSG00000170775,7,0,0,FALSE,FALSE,Tier 3B,no cis-eQTL in window
GPR37L1,ENSG00000170075,1,0,0,FALSE,FALSE,Tier 3B,no cis-eQTL in window
GPR39,ENSG00000183840,2,0,0,FALSE,FALSE,Tier 3B,no cis-eQTL in window
GPR4,ENSG00000177464,19,0,0,FALSE,FALSE,Tier 3B,no cis-eQTL in window
GPR42,ENSG00000126251,19,2,197,TRUE,FALSE,Tier 3B,""
GPR45,ENSG00000135973,2,0,0,FALSE,FALSE,Tier 3B,no cis-eQTL in window
GPR50,ENSG00000102195,X,0,0,FALSE,FALSE,Tier 2,non-autosomal chr skipped
GPR52,ENSG00000203737,1,0,0,FALSE,FALSE,Tier 3B,no cis-eQTL in window
GPR55,ENSG00000135898,2,3,266,TRUE,FALSE,Tier 2,""
GPR56,ENSG00000205336,16,3,304,TRUE,FALSE,Tier 3B,""
GPR6,ENSG00000146360,6,0,0,FALSE,FALSE,Tier 3B,no cis-eQTL in window
GPR61,ENSG00000156097,1,0,0,FALSE,FALSE,Tier 3B,no SNP below 5e-8
GPR62,ENSG00000180929,3,0,0,FALSE,FALSE,Tier 3B,no cis-eQTL in window
GPR63,ENSG00000112218,6,0,0,FALSE,FALSE,Tier 3B,no cis-eQTL in window
GPR65,ENSG00000140030,14,2,1180,TRUE,FALSE,Tier 3B,""
GPR68,ENSG00000119714,14,2,296,TRUE,FALSE,Tier 3B,""
GPR75,ENSG00000119737,2,1,256,TRUE,TRUE,Tier 3B,""
GPR78,ENSG00000155269,4,0,0,FALSE,FALSE,Tier 3B,no cis-eQTL in window
GPR82,ENSG00000171657,X,0,0,FALSE,FALSE,Tier 3B,non-autosomal chr skipped
GPR83,ENSG00000123901,11,1,1019,TRUE,TRUE,Tier 3B,""
GPR84,ENSG00000139572,12,1,378,TRUE,TRUE,Tier 3B,""
GPR85,ENSG00000164604,7,1,99,TRUE,TRUE,Tier 3B,""
GPR87,ENSG00000138271,3,0,0,FALSE,FALSE,Tier 3B,no cis-eQTL in window
GPR88,ENSG00000181656,1,0,0,FALSE,FALSE,Tier 3B,no SNP below 5e-8
GPR97,ENSG00000182885,16,3,244,TRUE,FALSE,Tier 3B,""
GPRC6A,ENSG00000173612,6,0,0,FALSE,FALSE,Tier 3B,no cis-eQTL in window
GPX1,ENSG00000233276,3,1,392,TRUE,TRUE,Tier 1,""
GPX2,ENSG00000176153,14,1,283,TRUE,TRUE,Tier 1,""
GPX3,ENSG00000211445,5,2,525,TRUE,FALSE,Tier 1,""
GPX4,ENSG00000167468,19,3,773,TRUE,FALSE,Tier 1,""
GPX5,ENSG00000224586,6,0,0,FALSE,FALSE,Tier 3B,no cis-eQTL in window
GPX6,ENSG00000198704,6,0,0,FALSE,FALSE,Tier 1,no cis-eQTL in window
GPX7,ENSG00000116157,1,11,2108,TRUE,FALSE,Tier 1,""
GREM1,ENSG00000166923,15,0,0,FALSE,FALSE,Tier 3A,no cis-eQTL in window
GREM2,ENSG00000180875,1,3,79,TRUE,FALSE,Tier 3A,""
GRIA1,ENSG00000155511,5,0,0,FALSE,FALSE,Tier 1,no cis-eQTL in window
GRIA2,ENSG00000120251,4,0,0,FALSE,FALSE,Tier 1,no cis-eQTL in window
GRIA3,ENSG00000125675,X,0,0,FALSE,FALSE,Tier 1,non-autosomal chr skipped
GRIA4,ENSG00000152578,11,0,0,FALSE,FALSE,Tier 1,no cis-eQTL in window
GRID1,ENSG00000182771,10,0,0,FALSE,FALSE,Tier 3B,no cis-eQTL in window
GRID2,ENSG00000152208,4,0,0,FALSE,FALSE,Tier 3B,no cis-eQTL in window
GRIK1,ENSG00000171189,21,1,788,TRUE,TRUE,Tier 1,""
GRIK2,ENSG00000164418,6,0,0,FALSE,FALSE,Tier 1,no cis-eQTL in window
GRIK3,ENSG00000163873,1,2,211,TRUE,FALSE,Tier 1,""
GRIK4,ENSG00000149403,11,2,651,TRUE,FALSE,Tier 1,""
GRIK5,ENSG00000105737,19,0,0,FALSE,FALSE,Tier 1,no SNP below 5e-8
GRIN1,ENSG00000176884,9,0,0,FALSE,FALSE,Tier 1,no SNP below 5e-8
GRIN2A,ENSG00000183454,16,0,0,FALSE,FALSE,Tier 1,no cis-eQTL in window
GRIN2B,ENSG00000273079,12,0,0,FALSE,FALSE,Tier 1,no cis-eQTL in window
GRIN2C,ENSG00000161509,17,0,0,FALSE,FALSE,Tier 1,no SNP below 5e-8
GRIN2D,ENSG00000105464,19,1,45,TRUE,TRUE,Tier 1,""
GRIN3A,ENSG00000198785,9,1,570,TRUE,TRUE,Tier 1,""
GRIN3B,ENSG00000116032,19,2,156,TRUE,FALSE,Tier 1,""
GRK1,ENSG00000185974,13,0,0,FALSE,FALSE,Tier 1,no cis-eQTL in window
GRK4,ENSG00000125388,4,5,1300,TRUE,FALSE,Tier 1,""
GRK5,ENSG00000198873,10,3,582,TRUE,FALSE,Tier 2,""
GRK6,ENSG00000198055,5,1,97,TRUE,TRUE,Tier 3A,""
GRK7,ENSG00000114124,3,1,91,TRUE,TRUE,Tier 1,""
GRM1,ENSG00000152822,6,0,0,FALSE,FALSE,Tier 1,no cis-eQTL in window
GRM2,ENSG00000164082,3,3,1339,TRUE,FALSE,Tier 1,""
GRM3,ENSG00000198822,7,0,0,FALSE,FALSE,Tier 1,no cis-eQTL in window
GRM4,ENSG00000124493,6,0,0,FALSE,FALSE,Tier 2,no cis-eQTL in window
GRM5,ENSG00000168959,11,0,0,FALSE,FALSE,Tier 1,no cis-eQTL in window
GRM6,ENSG00000113262,5,0,0,FALSE,FALSE,Tier 2,no cis-eQTL in window
GRM7,ENSG00000196277,3,0,0,FALSE,FALSE,Tier 2,no cis-eQTL in window
GRM8,ENSG00000179603,7,0,0,FALSE,FALSE,Tier 1,no cis-eQTL in window
GRN,ENSG00000030582,17,2,614,TRUE,FALSE,Tier 3A,""
GRP,ENSG00000134443,18,0,0,FALSE,FALSE,Tier 3B,no cis-eQTL in window
GRPR,ENSG00000126010,X,0,0,FALSE,FALSE,Tier 3B,non-autosomal chr skipped
GSG2,ENSG00000177602,17,0,0,FALSE,FALSE,Tier 2,no SNP below 5e-8
GSK3A,ENSG00000105723,19,0,0,FALSE,FALSE,Tier 1,no SNP below 5e-8
GSK3B,ENSG00000082701,3,4,1582,TRUE,FALSE,Tier 1,""
GSN,ENSG00000148180,9,5,2506,TRUE,FALSE,Tier 3A,""
GSR,ENSG00000104687,8,3,1307,TRUE,FALSE,Tier 1,""
GSS,ENSG00000100983,20,2,149,TRUE,FALSE,Tier 1,""
GSTA1,ENSG00000243955,6,0,0,FALSE,FALSE,Tier 1,no cis-eQTL in window
GSTA2,ENSG00000244067,6,0,0,FALSE,FALSE,Tier 1,no cis-eQTL in window
GSTA3,ENSG00000174156,6,0,0,FALSE,FALSE,Tier 1,no cis-eQTL in window
GSTA4,ENSG00000170899,6,2,276,TRUE,FALSE,Tier 1,""
GSTA5,ENSG00000182793,6,0,0,FALSE,FALSE,Tier 1,no cis-eQTL in window
GSTCD,ENSG00000138780,4,1,727,TRUE,TRUE,Tier 1,""
GSTK1,ENSG00000197448,7,3,301,TRUE,FALSE,Tier 1,""
GSTM1,ENSG00000134184,1,16,1356,TRUE,FALSE,Tier 1,""
GSTM2,ENSG00000213366,1,4,822,TRUE,FALSE,Tier 1,""
GSTM3,ENSG00000134202,1,7,1631,TRUE,FALSE,Tier 1,""
GSTM4,ENSG00000168765,1,4,1329,TRUE,FALSE,Tier 1,""
GSTM5,ENSG00000134201,1,3,199,TRUE,FALSE,Tier 1,""
GSTO1,ENSG00000148834,10,2,870,TRUE,FALSE,Tier 1,""
GSTO2,ENSG00000065621,10,2,531,TRUE,FALSE,Tier 1,""
GSTP1,ENSG00000084207,11,1,39,TRUE,TRUE,Tier 1,""
GSTT1,ENSG00000184674,22,9,2142,TRUE,FALSE,Tier 1,""
GSTT2B,ENSG00000133433,22,0,0,FALSE,FALSE,Tier 1,no cis-eQTL in window
GSTZ1,ENSG00000100577,14,2,1433,TRUE,FALSE,Tier 1,""
GUCA2A,ENSG00000197273,1,0,0,FALSE,FALSE,Tier 3B,no cis-eQTL in window
GUCA2B,ENSG00000044012,1,0,0,FALSE,FALSE,Tier 3B,no cis-eQTL in window
GUCY1A2,ENSG00000152402,11,0,0,FALSE,FALSE,Tier 3A,no cis-eQTL in window
GUCY1A3,ENSG00000164116,4,2,180,TRUE,FALSE,Tier 2,""
GUCY1B2,ENSG00000123201,13,3,438,TRUE,FALSE,Tier 1,""
GUCY1B3,ENSG00000061918,4,0,1,FALSE,FALSE,Tier 1,no SNP below 5e-8
GUCY2C,ENSG00000070019,12,3,512,TRUE,FALSE,Tier 1,""
GUCY2D,ENSG00000132518,17,1,103,TRUE,TRUE,Tier 3B,""
GUCY2F,ENSG00000101890,X,0,0,FALSE,FALSE,Tier 3B,non-autosomal chr skipped
GUSB,ENSG00000169919,7,2,2421,TRUE,FALSE,Tier 3B,""
GYPA,ENSG00000170180,4,1,906,TRUE,TRUE,Tier 3B,""
GYPB,ENSG00000250361,4,1,1188,TRUE,TRUE,Tier 3B,""
GYPC,ENSG00000136732,2,3,723,TRUE,FALSE,Tier 3B,""
GYPE,ENSG00000197465,4,3,2433,TRUE,FALSE,Tier 3B,""
GZMA,ENSG00000145649,5,3,508,TRUE,FALSE,Tier 3B,""
GZMB,ENSG00000100453,14,2,820,TRUE,FALSE,Tier 2,""
GZMH,ENSG00000100450,14,2,588,TRUE,FALSE,Tier 3A,""
GZMK,ENSG00000113088,5,2,242,TRUE,FALSE,Tier 3B,""
GZMM,ENSG00000197540,19,3,171,TRUE,FALSE,Tier 3B,""
H1F0,ENSG00000189060,22,9,1764,TRUE,FALSE,Tier 1,""
H3F3A,ENSG00000163041,1,2,646,TRUE,FALSE,Tier 3B,""
H3F3B,ENSG00000132475,17,1,278,TRUE,TRUE,Tier 3B,""
H6PD,ENSG00000049239,1,5,720,TRUE,FALSE,Tier 3B,""
HABP2,ENSG00000148702,10,0,0,FALSE,FALSE,Tier 3B,no cis-eQTL in window
HABP4,ENSG00000130956,9,2,613,TRUE,FALSE,Tier 3B,""
HAGH,ENSG00000063854,16,2,1231,TRUE,FALSE,Tier 1,""
HAMP,ENSG00000105697,19,0,0,FALSE,FALSE,Tier 1,no cis-eQTL in window
HAO1,ENSG00000101323,20,0,0,FALSE,FALSE,Tier 2,no cis-eQTL in window
HAO2,ENSG00000116882,1,0,0,FALSE,FALSE,Tier 2,no cis-eQTL in window
HAPLN1,ENSG00000145681,5,0,0,FALSE,FALSE,Tier 3A,no cis-eQTL in window
HAPLN2,ENSG00000132702,1,0,0,FALSE,FALSE,Tier 3B,no cis-eQTL in window
HAPLN3,ENSG00000140511,15,3,233,TRUE,FALSE,Tier 3A,""
HAPLN4,ENSG00000187664,19,0,0,FALSE,FALSE,Tier 3A,no cis-eQTL in window
HAS3,ENSG00000103044,16,0,0,FALSE,FALSE,Tier 3A,no SNP below 5e-8
HBB,ENSG00000244734,11,0,0,FALSE,FALSE,Tier 2,no SNP below 5e-8
HBEGF,ENSG00000113070,5,1,569,TRUE,TRUE,Tier 1,""
HCAR1,ENSG00000196917,12,1,329,TRUE,TRUE,Tier 3B,""
HCAR2,ENSG00000182782,12,1,227,TRUE,TRUE,Tier 1,""
HCAR3,ENSG00000255398,12,5,1441,TRUE,FALSE,Tier 2,""
HCK,ENSG00000101336,20,2,1036,TRUE,FALSE,Tier 1,""
HCN1,ENSG00000164588,5,0,0,FALSE,FALSE,Tier 2,no cis-eQTL in window
HCN2,ENSG00000099822,19,0,1,FALSE,FALSE,Tier 3B,no SNP below 5e-8
HCN3,ENSG00000143630,1,1,319,TRUE,TRUE,Tier 3B,""
HCN4,ENSG00000138622,15,0,0,FALSE,FALSE,Tier 2,no cis-eQTL in window
HCRT,ENSG00000161610,17,0,0,FALSE,FALSE,Tier 3B,no cis-eQTL in window
HCRTR1,ENSG00000121764,1,0,0,FALSE,FALSE,Tier 1,no SNP below 5e-8
HCRTR2,ENSG00000137252,6,0,0,FALSE,FALSE,Tier 1,no cis-eQTL in window
HDAC1,ENSG00000116478,1,1,7,TRUE,TRUE,Tier 1,""
HDAC10,ENSG00000100429,22,1,214,TRUE,TRUE,Tier 1,""
HDAC11,ENSG00000163517,3,2,328,TRUE,FALSE,Tier 1,""
HDAC2,ENSG00000196591,6,0,65,FALSE,FALSE,Tier 1,no SNP below 5e-8
HDAC3,ENSG00000171720,5,1,182,TRUE,TRUE,Tier 1,""
HDAC4,ENSG00000068024,2,2,542,TRUE,FALSE,Tier 1,""
HDAC5,ENSG00000108840,17,0,0,FALSE,FALSE,Tier 1,no SNP below 5e-8
HDAC6,ENSG00000094631,X,0,0,FALSE,FALSE,Tier 1,non-autosomal chr skipped
HDAC7,ENSG00000061273,12,3,237,TRUE,FALSE,Tier 1,""
HDAC8,ENSG00000147099,X,0,0,FALSE,FALSE,Tier 1,non-autosomal chr skipped
HDAC9,ENSG00000048052,7,0,23,FALSE,FALSE,Tier 1,no SNP below 5e-8
HDC,ENSG00000140287,15,0,9,FALSE,FALSE,Tier 2,no SNP below 5e-8
HDGF,ENSG00000143321,1,1,99,TRUE,TRUE,Tier 3A,""
HEBP1,ENSG00000013583,12,3,627,TRUE,FALSE,Tier 3B,""
HEPH,ENSG00000089472,X,0,0,FALSE,FALSE,Tier 3B,non-autosomal chr skipped
HEPHL1,ENSG00000181333,11,0,0,FALSE,FALSE,Tier 3B,no cis-eQTL in window
HEXA,ENSG00000213614,15,2,386,TRUE,FALSE,Tier 3B,""
HFE,ENSG00000010704,6,1,46,TRUE,TRUE,Tier 3A,""
HGF,ENSG00000019991,7,1,88,TRUE,TRUE,Tier 1,""
HGFAC,ENSG00000109758,4,0,0,FALSE,FALSE,Tier 3A,no cis-eQTL in window
HHIP,ENSG00000164161,4,0,0,FALSE,FALSE,Tier 3A,no cis-eQTL in window
HIF1A,ENSG00000100644,14,3,417,TRUE,FALSE,Tier 1,""
HILPDA,ENSG00000135245,7,1,205,TRUE,TRUE,Tier 3B,""
HIPK1,ENSG00000163349,1,1,70,TRUE,TRUE,Tier 1,""
HIPK2,ENSG00000064393,7,1,125,TRUE,TRUE,Tier 1,""
HIPK3,ENSG00000110422,11,1,526,TRUE,TRUE,Tier 1,""
HIPK4,ENSG00000160396,19,0,0,FALSE,FALSE,Tier 1,no cis-eQTL in window
HIST1H1A,ENSG00000124610,6,0,0,FALSE,FALSE,Tier 1,no cis-eQTL in window
HIST1H1B,ENSG00000184357,6,0,0,FALSE,FALSE,Tier 1,no cis-eQTL in window
HIST1H1C,ENSG00000187837,6,1,1001,TRUE,TRUE,Tier 1,""
HIST1H1E,ENSG00000168298,6,1,56,TRUE,TRUE,Tier 1,""
HIST1H3A,ENSG00000198366,6,0,0,FALSE,FALSE,Tier 3A,no cis-eQTL in window
HIST1H3B,ENSG00000124693,6,2,971,TRUE,FALSE,Tier 3A,""
HIST1H3D,ENSG00000197409,6,1,179,TRUE,TRUE,Tier 3A,""
HIST1H3E,ENSG00000196966,6,2,925,TRUE,FALSE,Tier 3A,""
HIST1H3H,ENSG00000203813,6,0,24,FALSE,FALSE,Tier 3B,no SNP below 5e-8
HIST1H3I,ENSG00000182572,6,0,0,FALSE,FALSE,Tier 3B,no cis-eQTL in window
HIST1H3J,ENSG00000197153,6,0,0,FALSE,FALSE,Tier 3B,no cis-eQTL in window
HIST1H4A,ENSG00000196176,6,0,0,FALSE,FALSE,Tier 3A,no cis-eQTL in window
HIST1H4B,ENSG00000124529,6,0,0,FALSE,FALSE,Tier 3A,no cis-eQTL in window
HIST1H4C,ENSG00000197061,6,0,0,FALSE,FALSE,Tier 3A,no cis-eQTL in window
HIST1H4D,ENSG00000188987,6,0,56,FALSE,FALSE,Tier 3A,no SNP below 5e-8
HIST1H4E,ENSG00000198518,6,1,652,TRUE,TRUE,Tier 3A,""
HIST1H4F,ENSG00000198327,6,0,0,FALSE,FALSE,Tier 3A,no cis-eQTL in window
HIST1H4H,ENSG00000158406,6,4,3148,TRUE,FALSE,Tier 3A,""
HIST1H4I,ENSG00000198339,6,0,0,FALSE,FALSE,Tier 3A,no SNP below 5e-8
HIST1H4J,ENSG00000197238,6,0,0,FALSE,FALSE,Tier 3B,no cis-eQTL in window
HIST1H4K,ENSG00000197914,6,2,1330,TRUE,FALSE,Tier 3B,""
HIST1H4L,ENSG00000198558,6,0,0,FALSE,FALSE,Tier 3B,no cis-eQTL in window
HIST2H3A,ENSG00000203852,1,0,0,FALSE,FALSE,Tier 3B,no cis-eQTL in window
HIST2H3C,ENSG00000203811,1,0,0,FALSE,FALSE,Tier 3B,no cis-eQTL in window
HIST2H3D,ENSG00000183598,1,0,0,FALSE,FALSE,Tier 3B,no cis-eQTL in window
HIST2H4A,ENSG00000183941,1,0,0,FALSE,FALSE,Tier 3B,no cis-eQTL in window
HIST2H4B,ENSG00000182217,1,0,0,FALSE,FALSE,Tier 3B,no cis-eQTL in window
HIST4H4,ENSG00000197837,12,1,575,TRUE,TRUE,Tier 3B,""
HKDC1,ENSG00000156510,10,6,1470,TRUE,FALSE,Tier 2,""
HLA-A,ENSG00000206503,6,7,10315,TRUE,FALSE,Tier 1,""
HLA-B,ENSG00000234745,6,3,7909,TRUE,FALSE,Tier 3A,""
HLA-C,ENSG00000204525,6,21,13408,TRUE,FALSE,Tier 3A,""
HLA-DOB,ENSG00000241106,6,6,6261,TRUE,FALSE,Tier 3A,""
HLA-DPA1,ENSG00000231389,6,5,2961,TRUE,FALSE,Tier 3A,""
HLA-DPB1,ENSG00000223865,6,5,2560,TRUE,FALSE,Tier 3A,""
HLA-DQA2,ENSG00000237541,6,2,9971,TRUE,FALSE,Tier 3A,""
HLA-DRA,ENSG00000204287,6,1,1566,TRUE,TRUE,Tier 1,""
HLA-DRB1,ENSG00000196126,6,3,9722,TRUE,FALSE,Tier 1,""
HLA-DRB5,ENSG00000198502,6,29,21129,TRUE,FALSE,Tier 1,""
HLA-G,ENSG00000204632,6,22,11547,TRUE,FALSE,Tier 3A,""
HLCS,ENSG00000159267,21,4,1016,TRUE,FALSE,Tier 2,""
HMCN1,ENSG00000143341,1,0,0,FALSE,FALSE,Tier 3B,no cis-eQTL in window
HMGB1,ENSG00000189403,13,1,64,TRUE,TRUE,Tier 3A,""
HMGB2,ENSG00000164104,4,1,123,TRUE,TRUE,Tier 3B,""
HMGCR,ENSG00000113161,5,1,1078,TRUE,TRUE,Tier 1,""
HMMR,ENSG00000072571,5,0,40,FALSE,FALSE,Tier 3B,no SNP below 5e-8
HMOX1,ENSG00000100292,22,2,392,TRUE,FALSE,Tier 3A,""
HNF4A,ENSG00000101076,20,0,0,FALSE,FALSE,Tier 1,no cis-eQTL in window
HNF4G,ENSG00000164749,8,0,0,FALSE,FALSE,Tier 3B,no cis-eQTL in window
HNMT,ENSG00000150540,2,2,953,TRUE,FALSE,Tier 1,""
HNRNPA1,ENSG00000135486,12,1,1,TRUE,TRUE,Tier 2,""
HP,ENSG00000257017,16,13,3150,TRUE,FALSE,Tier 3A,""
HPD,ENSG00000158104,12,2,859,TRUE,FALSE,Tier 1,""
HPGD,ENSG00000164120,4,4,1620,TRUE,FALSE,Tier 2,""
HPGDS,ENSG00000163106,4,1,80,TRUE,TRUE,Tier 2,""
HPRT1,ENSG00000165704,X,0,0,FALSE,FALSE,Tier 2,non-autosomal chr skipped
HPSE,ENSG00000173083,4,4,1141,TRUE,FALSE,Tier 2,""
HPSE2,ENSG00000172987,10,0,0,FALSE,FALSE,Tier 3A,no cis-eQTL in window
HPX,ENSG00000110169,11,1,147,TRUE,TRUE,Tier 3B,""
HRAS,ENSG00000174775,11,3,868,TRUE,FALSE,Tier 1,""
HRC,ENSG00000130528,19,0,0,FALSE,FALSE,Tier 3B,no cis-eQTL in window
HRG,ENSG00000113905,3,0,0,FALSE,FALSE,Tier 3A,no cis-eQTL in window
HRH1,ENSG00000196639,3,1,12,TRUE,TRUE,Tier 1,""
HRH2,ENSG00000113749,5,0,0,FALSE,FALSE,Tier 1,no SNP below 5e-8
HRH3,ENSG00000101180,20,0,0,FALSE,FALSE,Tier 1,no cis-eQTL in window
HRH4,ENSG00000134489,18,1,101,TRUE,TRUE,Tier 1,""
HS3ST1,ENSG00000002587,4,2,297,TRUE,FALSE,Tier 3B,""
HSD11B1,ENSG00000117594,1,0,0,FALSE,FALSE,Tier 1,no SNP below 5e-8
HSD11B2,ENSG00000176387,16,0,5,FALSE,FALSE,Tier 1,no SNP below 5e-8
HSD17B1,ENSG00000108786,17,1,481,TRUE,TRUE,Tier 1,""
HSD17B10,ENSG00000072506,X,0,0,FALSE,FALSE,Tier 1,non-autosomal chr skipped
HSD17B11,ENSG00000198189,4,6,2270,TRUE,FALSE,Tier 1,""
HSD17B14,ENSG00000087076,19,2,445,TRUE,FALSE,Tier 1,""
HSD17B2,ENSG00000086696,16,0,0,FALSE,FALSE,Tier 2,no cis-eQTL in window
HSD17B3,ENSG00000130948,9,1,298,TRUE,TRUE,Tier 2,""
HSD17B7,ENSG00000132196,1,2,477,TRUE,FALSE,Tier 2,""
HSD3B1,ENSG00000203857,1,0,0,FALSE,FALSE,Tier 2,no cis-eQTL in window
HSD3B2,ENSG00000203859,1,0,0,FALSE,FALSE,Tier 1,no cis-eQTL in window
HSD3B7,ENSG00000099377,16,2,736,TRUE,FALSE,Tier 3B,""
HSP90AA1,ENSG00000080824,14,1,1037,TRUE,TRUE,Tier 1,""
HSP90AB1,ENSG00000096384,6,1,18,TRUE,TRUE,Tier 1,""
HSP90B1,ENSG00000166598,12,1,116,TRUE,TRUE,Tier 2,""
HSPA1A,ENSG00000204389,6,0,45,FALSE,FALSE,Tier 2,no SNP below 5e-8
HSPA1B,ENSG00000204388,6,4,4188,TRUE,FALSE,Tier 2,""
HSPA5,ENSG00000044574,9,2,207,TRUE,FALSE,Tier 2,""
HSPB1,ENSG00000106211,7,1,392,TRUE,TRUE,Tier 1,""
HSPD1,ENSG00000144381,2,0,0,FALSE,FALSE,Tier 3B,no SNP below 5e-8
HSPG2,ENSG00000142798,1,4,718,TRUE,FALSE,Tier 3B,""
HSPH1,ENSG00000120694,13,1,339,TRUE,TRUE,Tier 3B,""
HTN1,ENSG00000126550,4,0,0,FALSE,FALSE,Tier 3B,no cis-eQTL in window
HTN3,ENSG00000205649,4,0,0,FALSE,FALSE,Tier 3B,no cis-eQTL in window
HTR1A,ENSG00000178394,5,0,0,FALSE,FALSE,Tier 1,no cis-eQTL in window
HTR1B,ENSG00000135312,6,0,0,FALSE,FALSE,Tier 1,no cis-eQTL in window
HTR1D,ENSG00000179546,1,0,0,FALSE,FALSE,Tier 1,no cis-eQTL in window
HTR1E,ENSG00000168830,6,0,0,FALSE,FALSE,Tier 1,no cis-eQTL in window
HTR1F,ENSG00000179097,3,0,0,FALSE,FALSE,Tier 1,no cis-eQTL in window
HTR2A,ENSG00000102468,13,0,0,FALSE,FALSE,Tier 1,no cis-eQTL in window
HTR2B,ENSG00000135914,2,0,0,FALSE,FALSE,Tier 1,no cis-eQTL in window
HTR2C,ENSG00000147246,X,0,0,FALSE,FALSE,Tier 1,non-autosomal chr skipped
HTR3A,ENSG00000166736,11,1,267,TRUE,TRUE,Tier 1,""
HTR3B,ENSG00000149305,11,1,22,TRUE,TRUE,Tier 1,""
HTR3C,ENSG00000178084,3,0,0,FALSE,FALSE,Tier 1,no cis-eQTL in window
HTR3D,ENSG00000186090,3,0,0,FALSE,FALSE,Tier 1,no cis-eQTL in window
HTR3E,ENSG00000186038,3,0,0,FALSE,FALSE,Tier 1,no cis-eQTL in window
HTR4,ENSG00000164270,5,0,0,FALSE,FALSE,Tier 1,no cis-eQTL in window
HTR5A,ENSG00000157219,7,0,0,FALSE,FALSE,Tier 1,no cis-eQTL in window
HTR6,ENSG00000158748,1,1,390,TRUE,TRUE,Tier 1,""
HTR7,ENSG00000148680,10,0,0,FALSE,FALSE,Tier 1,no SNP below 5e-8
HTRA1,ENSG00000166033,10,3,870,TRUE,FALSE,Tier 3A,""
HTRA3,ENSG00000170801,4,1,138,TRUE,TRUE,Tier 3B,""
HTRA4,ENSG00000169495,8,1,45,TRUE,TRUE,Tier 3B,""
HTT,ENSG00000197386,4,1,185,TRUE,TRUE,Tier 1,""
HUNK,ENSG00000142149,21,0,0,FALSE,FALSE,Tier 2,no cis-eQTL in window
HYAL1,ENSG00000114378,3,0,0,FALSE,FALSE,Tier 3A,no SNP below 5e-8
HYAL2,ENSG00000068001,3,0,0,FALSE,FALSE,Tier 3A,no SNP below 5e-8
HYAL3,ENSG00000186792,3,6,2587,TRUE,FALSE,Tier 3A,""
HYOU1,ENSG00000149428,11,0,0,FALSE,FALSE,Tier 3B,no SNP below 5e-8
IAPP,ENSG00000121351,12,0,0,FALSE,FALSE,Tier 1,no cis-eQTL in window
IARS,ENSG00000196305,9,3,1197,TRUE,FALSE,Tier 1,""
IBSP,ENSG00000029559,4,0,0,FALSE,FALSE,Tier 3A,no cis-eQTL in window
ICAM1,ENSG00000090339,19,1,332,TRUE,TRUE,Tier 1,""
ICAM2,ENSG00000108622,17,2,335,TRUE,FALSE,Tier 3B,""
ICAM3,ENSG00000076662,19,2,448,TRUE,FALSE,Tier 1,""
ICAM4,ENSG00000105371,19,0,0,FALSE,FALSE,Tier 3A,no cis-eQTL in window
ICK,ENSG00000112144,6,2,104,TRUE,FALSE,Tier 1,""
ICMT,ENSG00000116237,1,3,208,TRUE,FALSE,Tier 2,""
ICOS,ENSG00000163600,2,2,285,TRUE,FALSE,Tier 1,""
ICOSLG,ENSG00000160223,21,2,347,TRUE,FALSE,Tier 1,""
IDE,ENSG00000119912,10,1,116,TRUE,TRUE,Tier 2,""
IDO1,ENSG00000131203,8,2,1196,TRUE,FALSE,Tier 2,""
IFI30,ENSG00000216490,19,1,408,TRUE,TRUE,Tier 3A,""
IFIT1,ENSG00000185745,10,1,558,TRUE,TRUE,Tier 3B,""
IFITM1,ENSG00000185885,11,4,499,TRUE,FALSE,Tier 3A,""
IFNA1,ENSG00000197919,9,0,0,FALSE,FALSE,Tier 1,no cis-eQTL in window
IFNA10,ENSG00000186803,9,0,0,FALSE,FALSE,Tier 1,no cis-eQTL in window
IFNA14,ENSG00000228083,9,0,0,FALSE,FALSE,Tier 3B,no cis-eQTL in window
IFNA16,ENSG00000147885,9,0,0,FALSE,FALSE,Tier 3B,no cis-eQTL in window
IFNA17,ENSG00000234829,9,0,0,FALSE,FALSE,Tier 3B,no cis-eQTL in window
IFNA2,ENSG00000188379,9,0,0,FALSE,FALSE,Tier 1,no cis-eQTL in window
IFNA21,ENSG00000137080,9,0,0,FALSE,FALSE,Tier 3B,no cis-eQTL in window
IFNA4,ENSG00000236637,9,0,0,FALSE,FALSE,Tier 1,no cis-eQTL in window
IFNA5,ENSG00000147873,9,0,0,FALSE,FALSE,Tier 1,no cis-eQTL in window
IFNA6,ENSG00000120235,9,0,0,FALSE,FALSE,Tier 1,no cis-eQTL in window
IFNA7,ENSG00000214042,9,0,0,FALSE,FALSE,Tier 1,no cis-eQTL in window
IFNA8,ENSG00000120242,9,0,0,FALSE,FALSE,Tier 1,no cis-eQTL in window
IFNAR1,ENSG00000142166,21,6,739,TRUE,FALSE,Tier 1,""
IFNAR2,ENSG00000159110,21,4,956,TRUE,FALSE,Tier 1,""
IFNB1,ENSG00000171855,9,0,0,FALSE,FALSE,Tier 3B,no cis-eQTL in window
IFNG,ENSG00000111537,12,2,285,TRUE,FALSE,Tier 1,""
IFNGR1,ENSG00000027697,6,2,340,TRUE,FALSE,Tier 1,""
IFNGR2,ENSG00000159128,21,5,1173,TRUE,FALSE,Tier 1,""
IFNK,ENSG00000147896,9,0,0,FALSE,FALSE,Tier 3A,no cis-eQTL in window
IFNL1,ENSG00000182393,19,1,335,TRUE,TRUE,Tier 3A,""
IFNL2,ENSG00000183709,19,0,0,FALSE,FALSE,Tier 3A,no cis-eQTL in window
IFNL3,ENSG00000197110,19,0,0,FALSE,FALSE,Tier 3A,no cis-eQTL in window
IFNW1,ENSG00000177047,9,0,0,FALSE,FALSE,Tier 3B,no cis-eQTL in window
IGF1,ENSG00000017427,12,0,0,FALSE,FALSE,Tier 1,no SNP below 5e-8
IGF1R,ENSG00000140443,15,4,511,TRUE,FALSE,Tier 1,""
IGF2,ENSG00000167244,11,1,136,TRUE,TRUE,Tier 1,""
IGF2R,ENSG00000197081,6,1,288,TRUE,TRUE,Tier 3A,""
IGFALS,ENSG00000099769,16,2,645,TRUE,FALSE,Tier 3A,""
IGFBP1,ENSG00000146678,7,0,0,FALSE,FALSE,Tier 2,no cis-eQTL in window
IGFBP2,ENSG00000115457,2,2,168,TRUE,FALSE,Tier 2,""
IGFBP3,ENSG00000146674,7,3,1315,TRUE,FALSE,Tier 2,""
IGFBP4,ENSG00000141753,17,2,521,TRUE,FALSE,Tier 2,""
IGFBP5,ENSG00000115461,2,0,0,FALSE,FALSE,Tier 2,no cis-eQTL in window
IGFBP6,ENSG00000167779,12,1,45,TRUE,TRUE,Tier 2,""
IGFBP7,ENSG00000163453,4,3,994,TRUE,FALSE,Tier 3B,""
IGFBPL1,ENSG00000137142,9,0,0,FALSE,FALSE,Tier 3A,no cis-eQTL in window
IGFL1,ENSG00000188293,19,0,0,FALSE,FALSE,Tier 3B,no cis-eQTL in window
IGFL3,ENSG00000188624,19,0,0,FALSE,FALSE,Tier 3B,no cis-eQTL in window
IGHA2,ENSG00000211890,14,1,50,TRUE,TRUE,Tier 3B,""
IGHD,ENSG00000211898,14,0,0,FALSE,FALSE,Tier 3B,no SNP below 5e-8
IGHE,ENSG00000211891,14,1,33,TRUE,TRUE,Tier 1,""
IGHG1,ENSG00000211896,14,0,47,FALSE,FALSE,Tier 3A,no SNP below 5e-8
IGHG2,ENSG00000211893,14,1,113,TRUE,TRUE,Tier 3B,""
IGHG3,ENSG00000211897,14,1,86,TRUE,TRUE,Tier 3A,""
IGHG4,ENSG00000211892,14,0,0,FALSE,FALSE,Tier 3B,no SNP below 5e-8
IGHM,ENSG00000211899,14,0,0,FALSE,FALSE,Tier 3B,no SNP below 5e-8
IGHV1-2,ENSG00000211934,14,2,307,TRUE,FALSE,Tier 3B,""
IGHV1-46,ENSG00000211962,14,1,600,TRUE,TRUE,Tier 3B,""
IGHV3-23,ENSG00000211949,14,1,306,TRUE,TRUE,Tier 3B,""
IGHV7-81,ENSG00000211979,14,0,0,FALSE,FALSE,Tier 3B,no cis-eQTL in window
IGIP,ENSG00000182700,5,0,0,FALSE,FALSE,Tier 3B,no SNP below 5e-8
IGJ,ENSG00000132465,4,0,0,FALSE,FALSE,Tier 3B,no SNP below 5e-8
IGKC,ENSG00000211592,2,0,0,FALSE,FALSE,Tier 3B,no cis-eQTL in window
IGKV1-39,ENSG00000242371,2,0,0,FALSE,FALSE,Tier 3B,no SNP below 5e-8
IGKV1-5,ENSG00000243466,2,1,263,TRUE,TRUE,Tier 3B,""
IGKV1D-16,ENSG00000241244,2,1,146,TRUE,TRUE,Tier 3B,""
IGKV1D-39,ENSG00000251546,2,0,0,FALSE,FALSE,Tier 3B,no SNP below 5e-8
IGKV1D-42,ENSG00000211633,2,0,0,FALSE,FALSE,Tier 3B,no cis-eQTL in window
IGKV2-30,ENSG00000243238,2,1,73,TRUE,TRUE,Tier 3B,""
IGKV2-40,ENSG00000211619,2,0,0,FALSE,FALSE,Tier 3B,no cis-eQTL in window
IGKV2D-29,ENSG00000243264,2,1,458,TRUE,TRUE,Tier 3B,""
IGKV2D-40,ENSG00000251039,2,1,212,TRUE,TRUE,Tier 3B,""
IGKV3-11,ENSG00000241351,2,0,159,FALSE,FALSE,Tier 3B,no SNP below 5e-8
IGKV3-15,ENSG00000244437,2,0,39,FALSE,FALSE,Tier 3B,no SNP below 5e-8
IGKV3-20,ENSG00000239951,2,0,116,FALSE,FALSE,Tier 3B,no SNP below 5e-8
IGKV3-7,ENSG00000243063,2,1,169,TRUE,TRUE,Tier 3B,""
IGKV3D-15,ENSG00000224041,2,1,23,TRUE,TRUE,Tier 3B,""
IGKV4-1,ENSG00000211598,2,0,0,FALSE,FALSE,Tier 3B,no SNP below 5e-8
IGKV5-2,ENSG00000211599,2,0,2,FALSE,FALSE,Tier 3B,no SNP below 5e-8
IGLC2,ENSG00000211677,22,2,243,TRUE,FALSE,Tier 3B,""
IGLC3,ENSG00000211679,22,1,97,TRUE,TRUE,Tier 3B,""
IGLC7,ENSG00000211685,22,2,131,TRUE,FALSE,Tier 3B,""
IGLL1,ENSG00000128322,22,1,100,TRUE,TRUE,Tier 3A,""
IGLL5,ENSG00000254709,22,1,73,TRUE,TRUE,Tier 3B,""
IGLV1-36,ENSG00000211655,22,1,34,TRUE,TRUE,Tier 3B,""
IGLV1-40,ENSG00000211653,22,0,0,FALSE,FALSE,Tier 3B,no SNP below 5e-8
IGLV1-44,ENSG00000211651,22,1,123,TRUE,TRUE,Tier 3B,""
IGLV1-51,ENSG00000211644,22,1,101,TRUE,TRUE,Tier 3B,""
IGLV10-54,ENSG00000211642,22,3,382,TRUE,FALSE,Tier 3B,""
IGLV11-55,ENSG00000211641,22,0,0,FALSE,FALSE,Tier 3A,no cis-eQTL in window
IGLV2-11,ENSG00000211668,22,1,8,TRUE,TRUE,Tier 3B,""
IGLV2-18,ENSG00000211664,22,1,183,TRUE,TRUE,Tier 3B,""
IGLV2-23,ENSG00000211660,22,0,0,FALSE,FALSE,Tier 3B,no SNP below 5e-8
IGLV3-12,ENSG00000211667,22,1,507,TRUE,TRUE,Tier 3B,""
IGLV3-16,ENSG00000211665,22,2,268,TRUE,FALSE,Tier 3B,""
IGLV3-22,ENSG00000211661,22,0,0,FALSE,FALSE,Tier 3B,no cis-eQTL in window
IGLV3-25,ENSG00000211659,22,1,169,TRUE,TRUE,Tier 3B,""
IGLV3-27,ENSG00000211658,22,1,122,TRUE,TRUE,Tier 3B,""
IGLV4-3,ENSG00000211672,22,1,53,TRUE,TRUE,Tier 3B,""
IGLV4-60,ENSG00000211639,22,3,660,TRUE,FALSE,Tier 3A,""
IGLV4-69,ENSG00000211637,22,1,41,TRUE,TRUE,Tier 3B,""
IGLV5-37,ENSG00000211654,22,3,455,TRUE,FALSE,Tier 3B,""
IGLV5-45,ENSG00000211650,22,2,78,TRUE,FALSE,Tier 3B,""
IGLV7-43,ENSG00000211652,22,1,53,TRUE,TRUE,Tier 3B,""
IGLV7-46,ENSG00000211649,22,3,293,TRUE,FALSE,Tier 3B,""
IGLV8-61,ENSG00000211638,22,5,1109,TRUE,FALSE,Tier 3B,""
IGSF11,ENSG00000144847,3,2,374,TRUE,FALSE,Tier 3B,""
IGSF8,ENSG00000162729,1,2,224,TRUE,FALSE,Tier 3A,""
IHH,ENSG00000163501,2,0,0,FALSE,FALSE,Tier 3A,no cis-eQTL in window
IK,ENSG00000113141,5,3,1478,TRUE,FALSE,Tier 3B,""
IKBKB,ENSG00000104365,8,2,508,TRUE,FALSE,Tier 1,""
IKBKE,ENSG00000143466,1,2,458,TRUE,FALSE,Tier 1,""
IKBKG,ENSG00000073009,X,0,0,FALSE,FALSE,Tier 2,non-autosomal chr skipped
IL10,ENSG00000136634,1,1,153,TRUE,TRUE,Tier 1,""
IL10RA,ENSG00000110324,11,2,289,TRUE,FALSE,Tier 3A,""
IL10RB,ENSG00000243646,21,6,784,TRUE,FALSE,Tier 3B,""
IL11,ENSG00000095752,19,0,0,FALSE,FALSE,Tier 3A,no cis-eQTL in window
IL11RA,ENSG00000137070,9,4,2389,TRUE,FALSE,Tier 1,""
IL12A,ENSG00000168811,3,1,76,TRUE,TRUE,Tier 3A,""
IL12B,ENSG00000113302,5,0,0,FALSE,FALSE,Tier 1,no cis-eQTL in window
IL12RB1,ENSG00000096996,19,4,923,TRUE,FALSE,Tier 1,""
IL12RB2,ENSG00000081985,1,2,520,TRUE,FALSE,Tier 3B,""
IL13,ENSG00000169194,5,0,0,FALSE,FALSE,Tier 1,no cis-eQTL in window
IL13RA1,ENSG00000131724,X,0,0,FALSE,FALSE,Tier 3B,non-autosomal chr skipped
IL13RA2,ENSG00000123496,X,0,0,FALSE,FALSE,Tier 3B,non-autosomal chr skipped
IL15,ENSG00000164136,4,2,610,TRUE,FALSE,Tier 1,""
IL15RA,ENSG00000134470,10,4,321,TRUE,FALSE,Tier 3A,""
IL16,ENSG00000172349,15,3,585,TRUE,FALSE,Tier 3A,""
IL17A,ENSG00000112115,6,0,0,FALSE,FALSE,Tier 1,no cis-eQTL in window
IL17B,ENSG00000127743,5,0,0,FALSE,FALSE,Tier 3A,no SNP below 5e-8
IL17C,ENSG00000124391,16,0,0,FALSE,FALSE,Tier 3B,no SNP below 5e-8
IL17D,ENSG00000172458,13,1,243,TRUE,TRUE,Tier 3A,""
IL17F,ENSG00000112116,6,0,0,FALSE,FALSE,Tier 1,no cis-eQTL in window
IL17RA,ENSG00000177663,22,4,337,TRUE,FALSE,Tier 1,""
IL17RB,ENSG00000056736,3,3,313,TRUE,FALSE,Tier 3B,""
IL17RC,ENSG00000163702,3,2,668,TRUE,FALSE,Tier 3B,""
IL17RE,ENSG00000163701,3,1,7,TRUE,TRUE,Tier 3B,""
IL18,ENSG00000150782,11,1,541,TRUE,TRUE,Tier 1,""
IL18BP,ENSG00000137496,11,2,1070,TRUE,FALSE,Tier 3B,""
IL18R1,ENSG00000115604,2,3,1908,TRUE,FALSE,Tier 3A,""
IL18RAP,ENSG00000115607,2,11,3141,TRUE,FALSE,Tier 3A,""
IL19,ENSG00000142224,1,0,0,FALSE,FALSE,Tier 3A,no cis-eQTL in window
IL1A,ENSG00000115008,2,0,0,FALSE,FALSE,Tier 1,no cis-eQTL in window
IL1B,ENSG00000125538,2,1,72,TRUE,TRUE,Tier 1,""
IL1F10,ENSG00000136697,2,0,0,FALSE,FALSE,Tier 3A,no cis-eQTL in window
IL1R1,ENSG00000115594,2,2,650,TRUE,FALSE,Tier 1,""
IL1R2,ENSG00000115590,2,4,868,TRUE,FALSE,Tier 1,""
IL1RAP,ENSG00000196083,3,1,125,TRUE,TRUE,Tier 3A,""
IL1RAPL1,ENSG00000169306,X,0,0,FALSE,FALSE,Tier 3B,non-autosomal chr skipped
IL1RAPL2,ENSG00000189108,X,0,0,FALSE,FALSE,Tier 3B,non-autosomal chr skipped
IL1RL1,ENSG00000115602,2,2,1170,TRUE,FALSE,Tier 3A,""
IL1RL2,ENSG00000115598,2,0,0,FALSE,FALSE,Tier 3B,no cis-eQTL in window
IL1RN,ENSG00000136689,2,2,630,TRUE,FALSE,Tier 3A,""
IL2,ENSG00000109471,4,0,0,FALSE,FALSE,Tier 1,no cis-eQTL in window
IL20,ENSG00000162891,1,0,0,FALSE,FALSE,Tier 3A,no cis-eQTL in window
IL20RA,ENSG00000016402,6,0,0,FALSE,FALSE,Tier 3B,no cis-eQTL in window
IL20RB,ENSG00000174564,3,1,304,TRUE,TRUE,Tier 3B,""
IL21,ENSG00000138684,4,0,0,FALSE,FALSE,Tier 3A,no cis-eQTL in window
IL21R,ENSG00000103522,16,2,473,TRUE,FALSE,Tier 3A,""
IL22,ENSG00000127318,12,0,0,FALSE,FALSE,Tier 1,no cis-eQTL in window
IL22RA2,ENSG00000164485,6,0,0,FALSE,FALSE,Tier 3A,no cis-eQTL in window
IL23A,ENSG00000110944,12,1,8,TRUE,TRUE,Tier 1,""
IL24,ENSG00000162892,1,1,211,TRUE,TRUE,Tier 3A,""
IL25,ENSG00000166090,14,0,0,FALSE,FALSE,Tier 3A,no cis-eQTL in window
IL26,ENSG00000111536,12,0,0,FALSE,FALSE,Tier 3A,no cis-eQTL in window
IL27,ENSG00000197272,16,1,428,TRUE,TRUE,Tier 3A,""
IL2RA,ENSG00000134460,10,2,262,TRUE,FALSE,Tier 1,""
IL2RB,ENSG00000100385,22,1,67,TRUE,TRUE,Tier 1,""
IL2RG,ENSG00000147168,X,0,0,FALSE,FALSE,Tier 3B,non-autosomal chr skipped
IL3,ENSG00000164399,5,0,0,FALSE,FALSE,Tier 3A,no cis-eQTL in window
IL31,ENSG00000204671,12,0,0,FALSE,FALSE,Tier 3A,no cis-eQTL in window
IL31RA,ENSG00000164509,5,1,45,TRUE,TRUE,Tier 3B,""
IL32,ENSG00000008517,16,4,767,TRUE,FALSE,Tier 3A,""
IL33,ENSG00000137033,9,0,0,FALSE,FALSE,Tier 3A,no cis-eQTL in window
IL34,ENSG00000157368,16,1,70,TRUE,TRUE,Tier 3B,""
IL36B,ENSG00000136696,2,0,0,FALSE,FALSE,Tier 3A,no cis-eQTL in window
IL36G,ENSG00000136688,2,0,0,FALSE,FALSE,Tier 3A,no cis-eQTL in window
IL36RN,ENSG00000136695,2,0,0,FALSE,FALSE,Tier 3A,no cis-eQTL in window
IL37,ENSG00000125571,2,0,0,FALSE,FALSE,Tier 3A,no cis-eQTL in window
IL3RA,ENSG00000185291,X,0,0,FALSE,FALSE,Tier 1,non-autosomal chr skipped
IL4,ENSG00000113520,5,1,197,TRUE,TRUE,Tier 1,""
IL4I1,ENSG00000104951,19,1,28,TRUE,TRUE,Tier 3B,""
IL4R,ENSG00000077238,16,2,393,TRUE,FALSE,Tier 1,""
IL5,ENSG00000113525,5,0,0,FALSE,FALSE,Tier 1,no cis-eQTL in window
IL5RA,ENSG00000091181,3,0,19,FALSE,FALSE,Tier 1,no SNP below 5e-8
IL6,ENSG00000136244,7,1,105,TRUE,TRUE,Tier 1,""
IL6R,ENSG00000160712,1,1,294,TRUE,TRUE,Tier 1,""
IL6ST,ENSG00000134352,5,3,112,TRUE,FALSE,Tier 1,""
IL7,ENSG00000104432,8,1,137,TRUE,TRUE,Tier 3A,""
IL7R,ENSG00000168685,5,3,1042,TRUE,FALSE,Tier 3A,""
IL8,ENSG00000169429,4,2,833,TRUE,FALSE,Tier 1,""
IL9,ENSG00000145839,5,0,0,FALSE,FALSE,Tier 1,no cis-eQTL in window
IL9R,ENSG00000124334,X,0,0,FALSE,FALSE,Tier 3B,non-autosomal chr skipped
ILK,ENSG00000166333,11,1,156,TRUE,TRUE,Tier 3B,""
IMPA1,ENSG00000133731,8,10,2020,TRUE,FALSE,Tier 1,""
IMPA2,ENSG00000141401,18,3,755,TRUE,FALSE,Tier 2,""
IMPDH1,ENSG00000106348,7,2,281,TRUE,FALSE,Tier 1,""
IMPDH2,ENSG00000178035,3,1,245,TRUE,TRUE,Tier 1,""
IMPG1,ENSG00000112706,6,0,0,FALSE,FALSE,Tier 3B,no cis-eQTL in window
IMPG2,ENSG00000081148,3,1,794,TRUE,TRUE,Tier 3B,""
INHA,ENSG00000123999,2,0,0,FALSE,FALSE,Tier 3B,no cis-eQTL in window
INHBA,ENSG00000122641,7,0,0,FALSE,FALSE,Tier 1,no SNP below 5e-8
INHBB,ENSG00000163083,2,2,902,TRUE,FALSE,Tier 3A,""
INHBC,ENSG00000175189,12,0,0,FALSE,FALSE,Tier 3A,no cis-eQTL in window
INHBE,ENSG00000139269,12,0,0,FALSE,FALSE,Tier 3A,no SNP below 5e-8
INS,ENSG00000254647,11,0,0,FALSE,FALSE,Tier 3A,no cis-eQTL in window
INS-IGF2,ENSG00000129965,11,0,0,FALSE,FALSE,Tier 3A,no cis-eQTL in window
INSL3,ENSG00000248099,19,4,278,TRUE,FALSE,Tier 3A,""
INSL4,ENSG00000120211,9,0,0,FALSE,FALSE,Tier 3A,no cis-eQTL in window
INSL5,ENSG00000172410,1,0,0,FALSE,FALSE,Tier 3B,no cis-eQTL in window
INSL6,ENSG00000120210,9,0,0,FALSE,FALSE,Tier 3A,no cis-eQTL in window
INSR,ENSG00000171105,19,2,146,TRUE,FALSE,Tier 1,""
INSRR,ENSG00000027644,1,0,0,FALSE,FALSE,Tier 2,no cis-eQTL in window
IPP,ENSG00000197429,1,1,2030,TRUE,TRUE,Tier 3B,""
IRAK1,ENSG00000184216,X,0,0,FALSE,FALSE,Tier 1,non-autosomal chr skipped
IRAK2,ENSG00000134070,3,2,312,TRUE,FALSE,Tier 3B,""
IRAK3,ENSG00000090376,12,2,752,TRUE,FALSE,Tier 1,""
IRAK4,ENSG00000198001,12,1,494,TRUE,TRUE,Tier 1,""
ISG15,ENSG00000187608,1,2,281,TRUE,FALSE,Tier 3B,""
ISLR2,ENSG00000167178,15,0,0,FALSE,FALSE,Tier 3B,no cis-eQTL in window
ITGA1,ENSG00000213949,5,4,1301,TRUE,FALSE,Tier 3A,""
ITGA10,ENSG00000143127,1,1,20,TRUE,TRUE,Tier 3B,""
ITGA11,ENSG00000137809,15,0,0,FALSE,FALSE,Tier 3A,no cis-eQTL in window
ITGA2,ENSG00000164171,5,3,1247,TRUE,FALSE,Tier 1,""
ITGA2B,ENSG00000005961,17,0,0,FALSE,FALSE,Tier 1,no SNP below 5e-8
ITGA3,ENSG00000005884,17,1,84,TRUE,TRUE,Tier 3B,""
ITGA4,ENSG00000115232,2,3,1669,TRUE,FALSE,Tier 1,""
ITGA5,ENSG00000161638,12,2,97,TRUE,FALSE,Tier 1,""
ITGA6,ENSG00000091409,2,1,189,TRUE,TRUE,Tier 3A,""
ITGA7,ENSG00000135424,12,2,107,TRUE,FALSE,Tier 3A,""
ITGA8,ENSG00000077943,10,0,0,FALSE,FALSE,Tier 3A,no cis-eQTL in window
ITGA9,ENSG00000144668,3,3,1184,TRUE,FALSE,Tier 3A,""
ITGAD,ENSG00000156886,16,3,1013,TRUE,FALSE,Tier 3A,""
ITGAE,ENSG00000083457,17,1,204,TRUE,TRUE,Tier 1,""
ITGAL,ENSG00000005844,16,1,651,TRUE,TRUE,Tier 1,""
ITGAM,ENSG00000169896,16,1,622,TRUE,TRUE,Tier 3A,""
ITGAV,ENSG00000138448,2,2,2001,TRUE,FALSE,Tier 1,""
ITGAX,ENSG00000140678,16,6,1816,TRUE,FALSE,Tier 3A,""
ITGB1,ENSG00000150093,10,1,297,TRUE,TRUE,Tier 1,""
ITGB2,ENSG00000160255,21,3,700,TRUE,FALSE,Tier 1,""
ITGB3,ENSG00000259207,17,2,562,TRUE,FALSE,Tier 1,""
ITGB4,ENSG00000132470,17,0,25,FALSE,FALSE,Tier 3B,no SNP below 5e-8
ITGB5,ENSG00000082781,3,2,655,TRUE,FALSE,Tier 1,""
ITGB6,ENSG00000115221,2,0,0,FALSE,FALSE,Tier 1,no cis-eQTL in window
ITGB7,ENSG00000139626,12,4,650,TRUE,FALSE,Tier 1,""
ITGB8,ENSG00000105855,7,0,1,FALSE,FALSE,Tier 3B,no SNP below 5e-8
ITIH1,ENSG00000055957,3,0,11,FALSE,FALSE,Tier 3A,no SNP below 5e-8
ITIH2,ENSG00000151655,10,2,617,TRUE,FALSE,Tier 3A,""
ITIH3,ENSG00000162267,3,1,980,TRUE,TRUE,Tier 3A,""
ITIH4,ENSG00000055955,3,7,2464,TRUE,FALSE,Tier 3A,""
ITIH5,ENSG00000123243,10,0,0,FALSE,FALSE,Tier 3A,no cis-eQTL in window
ITIH6,ENSG00000102313,X,0,0,FALSE,FALSE,Tier 3B,non-autosomal chr skipped
ITK,ENSG00000113263,5,2,689,TRUE,FALSE,Tier 1,""
ITLN1,ENSG00000179914,1,3,808,TRUE,FALSE,Tier 3A,""
ITM2B,ENSG00000136156,13,2,1120,TRUE,FALSE,Tier 3B,""
ITPR1,ENSG00000150995,3,3,533,TRUE,FALSE,Tier 3A,""
ITPR2,ENSG00000123104,12,5,1591,TRUE,FALSE,Tier 3B,""
ITPR3,ENSG00000096433,6,9,3473,TRUE,FALSE,Tier 3B,""
IVNS1ABP,ENSG00000116679,1,4,979,TRUE,FALSE,Tier 3B,""
JAG1,ENSG00000101384,20,3,254,TRUE,FALSE,Tier 3A,""
JAK1,ENSG00000162434,1,1,60,TRUE,TRUE,Tier 1,""
JAK2,ENSG00000096968,9,2,751,TRUE,FALSE,Tier 1,""
JAK3,ENSG00000105639,19,1,13,TRUE,TRUE,Tier 1,""
JAM2,ENSG00000154721,21,1,275,TRUE,TRUE,Tier 3A,""
JAM3,ENSG00000166086,11,2,462,TRUE,FALSE,Tier 3B,""
JMJD7-PLA2G4B,ENSG00000168970,15,0,7,FALSE,FALSE,Tier 3B,no SNP below 5e-8
JUN,ENSG00000177606,1,3,663,TRUE,FALSE,Tier 2,""
KAL1,ENSG00000011201,X,0,0,FALSE,FALSE,Tier 3B,non-autosomal chr skipped
KALRN,ENSG00000160145,3,1,598,TRUE,TRUE,Tier 3A,""
KARS,ENSG00000065427,16,1,292,TRUE,TRUE,Tier 2,""
KAT2B,ENSG00000114166,3,3,1188,TRUE,FALSE,Tier 2,""
KAZALD1,ENSG00000107821,10,0,0,FALSE,FALSE,Tier 3B,no SNP below 5e-8
KBTBD11,ENSG00000176595,8,5,1213,TRUE,FALSE,Tier 3B,""
KBTBD12,ENSG00000187715,3,0,0,FALSE,FALSE,Tier 3B,no cis-eQTL in window
KBTBD2,ENSG00000170852,7,4,2507,TRUE,FALSE,Tier 3B,""
KBTBD6,ENSG00000165572,13,0,0,FALSE,FALSE,Tier 3B,no SNP below 5e-8
KBTBD7,ENSG00000120696,13,1,420,TRUE,TRUE,Tier 3B,""
KBTBD8,ENSG00000163376,3,1,283,TRUE,TRUE,Tier 3B,""
KCNA1,ENSG00000111262,12,0,0,FALSE,FALSE,Tier 3B,no cis-eQTL in window
KCNA10,ENSG00000143105,1,0,0,FALSE,FALSE,Tier 3B,no cis-eQTL in window
KCNA2,ENSG00000177301,1,1,48,TRUE,TRUE,Tier 3B,""
KCNA3,ENSG00000177272,1,2,343,TRUE,FALSE,Tier 2,""
KCNA4,ENSG00000182255,11,0,0,FALSE,FALSE,Tier 3B,no cis-eQTL in window
KCNA5,ENSG00000130037,12,0,12,FALSE,FALSE,Tier 2,no SNP below 5e-8
KCNA6,ENSG00000151079,12,1,216,TRUE,TRUE,Tier 3B,""
KCNA7,ENSG00000104848,19,0,0,FALSE,FALSE,Tier 3B,no cis-eQTL in window
KCNB1,ENSG00000158445,20,2,769,TRUE,FALSE,Tier 3B,""
KCNB2,ENSG00000182674,8,0,0,FALSE,FALSE,Tier 2,no cis-eQTL in window
KCNC1,ENSG00000129159,11,0,0,FALSE,FALSE,Tier 3B,no cis-eQTL in window
KCNC2,ENSG00000166006,12,0,0,FALSE,FALSE,Tier 3B,no cis-eQTL in window
KCNC3,ENSG00000131398,19,1,122,TRUE,TRUE,Tier 3B,""
KCNC4,ENSG00000116396,1,1,22,TRUE,TRUE,Tier 3B,""
KCND1,ENSG00000102057,X,0,0,FALSE,FALSE,Tier 3B,non-autosomal chr skipped
KCND2,ENSG00000184408,7,0,0,FALSE,FALSE,Tier 3A,no cis-eQTL in window
KCND3,ENSG00000171385,1,0,0,FALSE,FALSE,Tier 3B,no SNP below 5e-8
KCNE1,ENSG00000180509,21,3,524,TRUE,FALSE,Tier 2,""
KCNF1,ENSG00000162975,2,0,0,FALSE,FALSE,Tier 3B,no cis-eQTL in window
KCNG1,ENSG00000026559,20,1,32,TRUE,TRUE,Tier 3B,""
KCNG2,ENSG00000178342,18,2,72,TRUE,FALSE,Tier 3B,""
KCNG3,ENSG00000171126,2,0,0,FALSE,FALSE,Tier 3B,no cis-eQTL in window
KCNG4,ENSG00000168418,16,0,0,FALSE,FALSE,Tier 3B,no cis-eQTL in window
KCNH1,ENSG00000143473,1,0,0,FALSE,FALSE,Tier 3B,no cis-eQTL in window
KCNH2,ENSG00000055118,7,2,423,TRUE,FALSE,Tier 1,""
KCNH3,ENSG00000135519,12,1,634,TRUE,TRUE,Tier 3B,""
KCNH4,ENSG00000089558,17,0,0,FALSE,FALSE,Tier 3B,no SNP below 5e-8
KCNH5,ENSG00000140015,14,0,0,FALSE,FALSE,Tier 3B,no cis-eQTL in window
KCNH6,ENSG00000173826,17,0,0,FALSE,FALSE,Tier 2,no cis-eQTL in window
KCNH7,ENSG00000184611,2,0,0,FALSE,FALSE,Tier 2,no SNP below 5e-8
KCNH8,ENSG00000183960,3,1,161,TRUE,TRUE,Tier 3B,""
KCNJ1,ENSG00000151704,11,0,0,FALSE,FALSE,Tier 2,no cis-eQTL in window
KCNJ10,ENSG00000177807,1,1,194,TRUE,TRUE,Tier 3A,""
KCNJ11,ENSG00000187486,11,1,435,TRUE,TRUE,Tier 1,""
KCNJ12,ENSG00000184185,17,1,26,TRUE,TRUE,Tier 2,""
KCNJ13,ENSG00000115474,2,0,0,FALSE,FALSE,Tier 3B,no cis-eQTL in window
KCNJ14,ENSG00000182324,19,1,29,TRUE,TRUE,Tier 3B,""
KCNJ15,ENSG00000157551,21,2,1094,TRUE,FALSE,Tier 3A,""
KCNJ16,ENSG00000153822,17,0,0,FALSE,FALSE,Tier 3A,no cis-eQTL in window
KCNJ2,ENSG00000123700,17,3,519,TRUE,FALSE,Tier 2,""
KCNJ3,ENSG00000162989,2,0,0,FALSE,FALSE,Tier 3B,no cis-eQTL in window
KCNJ4,ENSG00000168135,22,0,0,FALSE,FALSE,Tier 3B,no cis-eQTL in window
KCNJ5,ENSG00000120457,11,0,0,FALSE,FALSE,Tier 3A,no cis-eQTL in window
KCNJ6,ENSG00000157542,21,0,0,FALSE,FALSE,Tier 3A,no cis-eQTL in window
KCNJ8,ENSG00000121361,12,0,0,FALSE,FALSE,Tier 1,no cis-eQTL in window
KCNJ9,ENSG00000162728,1,0,0,FALSE,FALSE,Tier 2,no cis-eQTL in window
KCNK1,ENSG00000135750,1,0,0,FALSE,FALSE,Tier 3A,no cis-eQTL in window
KCNK10,ENSG00000100433,14,0,0,FALSE,FALSE,Tier 1,no SNP below 5e-8
KCNK12,ENSG00000184261,2,0,0,FALSE,FALSE,Tier 3B,no cis-eQTL in window
KCNK13,ENSG00000152315,14,1,266,TRUE,TRUE,Tier 3B,""
KCNK15,ENSG00000124249,20,0,0,FALSE,FALSE,Tier 3B,no cis-eQTL in window
KCNK16,ENSG00000095981,6,0,0,FALSE,FALSE,Tier 3B,no cis-eQTL in window
KCNK17,ENSG00000124780,6,5,1552,TRUE,FALSE,Tier 3B,""
KCNK18,ENSG00000186795,10,0,0,FALSE,FALSE,Tier 1,no cis-eQTL in window
KCNK2,ENSG00000082482,1,0,0,FALSE,FALSE,Tier 1,no cis-eQTL in window
KCNK3,ENSG00000171303,2,0,0,FALSE,FALSE,Tier 1,no cis-eQTL in window
KCNK4,ENSG00000182450,11,0,0,FALSE,FALSE,Tier 3B,no cis-eQTL in window
KCNK5,ENSG00000164626,6,2,152,TRUE,FALSE,Tier 3B,""
KCNK6,ENSG00000099337,19,2,379,TRUE,FALSE,Tier 3B,""
KCNK7,ENSG00000173338,11,1,460,TRUE,TRUE,Tier 3B,""
KCNK9,ENSG00000169427,8,0,0,FALSE,FALSE,Tier 1,no cis-eQTL in window
KCNMA1,ENSG00000156113,10,3,779,TRUE,FALSE,Tier 2,""
KCNN1,ENSG00000105642,19,0,0,FALSE,FALSE,Tier 2,no cis-eQTL in window
KCNN2,ENSG00000080709,5,0,0,FALSE,FALSE,Tier 2,no cis-eQTL in window
KCNN3,ENSG00000143603,1,1,20,TRUE,TRUE,Tier 2,""
KCNN4,ENSG00000104783,19,5,1716,TRUE,FALSE,Tier 1,""
KCNQ1,ENSG00000053918,11,1,103,TRUE,TRUE,Tier 1,""
KCNQ2,ENSG00000075043,20,0,0,FALSE,FALSE,Tier 1,no cis-eQTL in window
KCNQ3,ENSG00000184156,8,0,0,FALSE,FALSE,Tier 1,no cis-eQTL in window
KCNQ4,ENSG00000117013,1,1,148,TRUE,TRUE,Tier 1,""
KCNQ5,ENSG00000185760,6,3,739,TRUE,FALSE,Tier 1,""
KCNS1,ENSG00000124134,20,1,234,TRUE,TRUE,Tier 3B,""
KCNS2,ENSG00000156486,8,0,0,FALSE,FALSE,Tier 3B,no cis-eQTL in window
KCNS3,ENSG00000170745,2,0,0,FALSE,FALSE,Tier 3B,no cis-eQTL in window
KCNT1,ENSG00000107147,9,1,303,TRUE,TRUE,Tier 3B,""
KCNT2,ENSG00000162687,1,0,0,FALSE,FALSE,Tier 3A,no cis-eQTL in window
KCNU1,ENSG00000215262,8,0,0,FALSE,FALSE,Tier 3B,no cis-eQTL in window
KCNV1,ENSG00000164794,8,0,0,FALSE,FALSE,Tier 3B,no cis-eQTL in window
KCNV2,ENSG00000168263,9,0,0,FALSE,FALSE,Tier 3B,no cis-eQTL in window
KDM1A,ENSG00000004487,1,1,119,TRUE,TRUE,Tier 2,""
KDM1B,ENSG00000165097,6,4,823,TRUE,FALSE,Tier 3B,""
KDM2A,ENSG00000173120,11,0,3,FALSE,FALSE,Tier 2,no SNP below 5e-8
KDM4A,ENSG00000066135,1,1,99,TRUE,TRUE,Tier 2,""
KDM4C,ENSG00000107077,9,3,630,TRUE,FALSE,Tier 2,""
KDM4E,ENSG00000235268,11,0,0,FALSE,FALSE,Tier 2,no cis-eQTL in window
KDM5C,ENSG00000126012,X,0,0,FALSE,FALSE,Tier 2,non-autosomal chr skipped
KDR,ENSG00000128052,4,0,0,FALSE,FALSE,Tier 1,no cis-eQTL in window
KDSR,ENSG00000119537,18,1,262,TRUE,TRUE,Tier 3B,""
KEAP1,ENSG00000079999,19,2,147,TRUE,FALSE,Tier 1,""
KEL,ENSG00000197993,7,0,0,FALSE,FALSE,Tier 3B,no SNP below 5e-8
KERA,ENSG00000139330,12,0,0,FALSE,FALSE,Tier 3A,no cis-eQTL in window
KHDRBS1,ENSG00000121774,1,0,0,FALSE,FALSE,Tier 2,no SNP below 5e-8
KHK,ENSG00000138030,2,4,1607,TRUE,FALSE,Tier 2,""
KIF11,ENSG00000138160,10,1,218,TRUE,TRUE,Tier 1,""
KIR2DL1,ENSG00000125498,19,2,179,TRUE,FALSE,Tier 1,""
KIR2DL3,ENSG00000243772,19,2,61,TRUE,FALSE,Tier 1,""
KIR2DL4,ENSG00000189013,19,1,99,TRUE,TRUE,Tier 1,""
KIR2DS4,ENSG00000221957,19,5,791,TRUE,FALSE,Tier 3A,""
KIR3DL1,ENSG00000167633,19,3,395,TRUE,FALSE,Tier 3A,""
KIR3DL2,ENSG00000240403,19,3,501,TRUE,FALSE,Tier 3A,""
KIR3DL3,ENSG00000242019,19,0,0,FALSE,FALSE,Tier 3B,no cis-eQTL in window
KIRREL2,ENSG00000126259,19,0,1,FALSE,FALSE,Tier 3B,no SNP below 5e-8
KISS1,ENSG00000170498,1,0,0,FALSE,FALSE,Tier 3A,no cis-eQTL in window
KISS1R,ENSG00000116014,19,2,370,TRUE,FALSE,Tier 2,""
KIT,ENSG00000157404,4,0,16,FALSE,FALSE,Tier 1,no SNP below 5e-8
KITLG,ENSG00000049130,12,0,0,FALSE,FALSE,Tier 3A,no cis-eQTL in window
KL,ENSG00000133116,13,4,1015,TRUE,FALSE,Tier 3B,""
KLF5,ENSG00000102554,13,3,450,TRUE,FALSE,Tier 2,""
KLHL1,ENSG00000150361,13,0,0,FALSE,FALSE,Tier 3B,no cis-eQTL in window
KLHL10,ENSG00000161594,17,0,0,FALSE,FALSE,Tier 3B,no cis-eQTL in window
KLHL12,ENSG00000117153,1,4,356,TRUE,FALSE,Tier 3B,""
KLHL13,ENSG00000003096,X,0,0,FALSE,FALSE,Tier 3B,non-autosomal chr skipped
KLHL15,ENSG00000174010,X,0,0,FALSE,FALSE,Tier 3B,non-autosomal chr skipped
KLHL17,ENSG00000187961,1,1,138,TRUE,TRUE,Tier 3B,""
KLHL18,ENSG00000114648,3,1,423,TRUE,TRUE,Tier 3B,""
KLHL2,ENSG00000109466,4,1,194,TRUE,TRUE,Tier 3B,""
KLHL20,ENSG00000076321,1,2,1307,TRUE,FALSE,Tier 3B,""
KLHL21,ENSG00000162413,1,3,165,TRUE,FALSE,Tier 3B,""
KLHL22,ENSG00000099910,22,1,189,TRUE,TRUE,Tier 3B,""
KLHL23,ENSG00000213160,2,1,656,TRUE,TRUE,Tier 3B,""
KLHL24,ENSG00000114796,3,1,733,TRUE,TRUE,Tier 3B,""
KLHL25,ENSG00000183655,15,1,226,TRUE,TRUE,Tier 3B,""
KLHL26,ENSG00000167487,19,1,156,TRUE,TRUE,Tier 3B,""
KLHL28,ENSG00000179454,14,1,75,TRUE,TRUE,Tier 3B,""
KLHL29,ENSG00000119771,2,2,193,TRUE,FALSE,Tier 3B,""
KLHL3,ENSG00000146021,5,3,1126,TRUE,FALSE,Tier 3B,""
KLHL30,ENSG00000168427,2,2,887,TRUE,FALSE,Tier 3B,""
KLHL32,ENSG00000186231,6,1,57,TRUE,TRUE,Tier 3B,""
KLHL33,ENSG00000185271,14,1,9,TRUE,TRUE,Tier 3B,""
KLHL35,ENSG00000149243,11,3,688,TRUE,FALSE,Tier 3B,""
KLHL36,ENSG00000135686,16,2,360,TRUE,FALSE,Tier 3B,""
KLHL38,ENSG00000175946,8,0,0,FALSE,FALSE,Tier 3B,no cis-eQTL in window
KLHL4,ENSG00000102271,X,0,0,FALSE,FALSE,Tier 3B,non-autosomal chr skipped
KLHL40,ENSG00000157119,3,0,0,FALSE,FALSE,Tier 3B,no cis-eQTL in window
KLHL5,ENSG00000109790,4,5,2186,TRUE,FALSE,Tier 3B,""
KLHL6,ENSG00000172578,3,3,506,TRUE,FALSE,Tier 3B,""
KLHL7,ENSG00000122550,7,2,521,TRUE,FALSE,Tier 3B,""
KLHL8,ENSG00000145332,4,2,993,TRUE,FALSE,Tier 3B,""
KLHL9,ENSG00000198642,9,3,1226,TRUE,FALSE,Tier 3B,""
KLK1,ENSG00000167748,19,1,133,TRUE,TRUE,Tier 2,""
KLK10,ENSG00000129451,19,0,0,FALSE,FALSE,Tier 3B,no cis-eQTL in window
KLK11,ENSG00000167757,19,0,0,FALSE,FALSE,Tier 3B,no cis-eQTL in window
KLK12,ENSG00000186474,19,0,0,FALSE,FALSE,Tier 3B,no cis-eQTL in window
KLK13,ENSG00000167759,19,0,0,FALSE,FALSE,Tier 3B,no cis-eQTL in window
KLK14,ENSG00000129437,19,1,15,TRUE,TRUE,Tier 3B,""
KLK15,ENSG00000174562,19,0,0,FALSE,FALSE,Tier 3A,no cis-eQTL in window
KLK2,ENSG00000167751,19,0,0,FALSE,FALSE,Tier 3A,no SNP below 5e-8
KLK3,ENSG00000142515,19,0,0,FALSE,FALSE,Tier 2,no cis-eQTL in window
KLK4,ENSG00000167749,19,0,0,FALSE,FALSE,Tier 3A,no cis-eQTL in window
KLK5,ENSG00000167754,19,0,0,FALSE,FALSE,Tier 3A,no cis-eQTL in window
KLK6,ENSG00000167755,19,0,0,FALSE,FALSE,Tier 3A,no cis-eQTL in window
KLK7,ENSG00000169035,19,0,0,FALSE,FALSE,Tier 3B,no cis-eQTL in window
KLK8,ENSG00000129455,19,0,0,FALSE,FALSE,Tier 3B,no cis-eQTL in window
KLK9,ENSG00000213022,19,0,0,FALSE,FALSE,Tier 3B,no cis-eQTL in window
KLKB1,ENSG00000164344,4,4,1014,TRUE,FALSE,Tier 1,""
KLRB1,ENSG00000111796,12,3,1409,TRUE,FALSE,Tier 3B,""
KLRC1,ENSG00000134545,12,4,1581,TRUE,FALSE,Tier 3A,""
KLRC2,ENSG00000205809,12,4,833,TRUE,FALSE,Tier 3A,""
KLRD1,ENSG00000134539,12,3,345,TRUE,FALSE,Tier 3B,""
KLRK1,ENSG00000213809,12,3,1057,TRUE,FALSE,Tier 3A,""
KMO,ENSG00000117009,1,2,265,TRUE,FALSE,Tier 2,""
KMT2A,ENSG00000118058,11,0,4,FALSE,FALSE,Tier 1,no SNP below 5e-8
KNG1,ENSG00000113889,3,0,0,FALSE,FALSE,Tier 3A,no cis-eQTL in window
KRT18,ENSG00000111057,12,1,208,TRUE,TRUE,Tier 1,""
KRT19,ENSG00000171345,17,0,0,FALSE,FALSE,Tier 1,no cis-eQTL in window
KRT8,ENSG00000170421,12,1,77,TRUE,TRUE,Tier 1,""
KRTDAP,ENSG00000188508,19,0,0,FALSE,FALSE,Tier 3A,no cis-eQTL in window
KSR1,ENSG00000141068,17,3,969,TRUE,FALSE,Tier 3A,""
KSR2,ENSG00000171435,12,0,0,FALSE,FALSE,Tier 3A,no cis-eQTL in window
KYNU,ENSG00000115919,2,4,856,TRUE,FALSE,Tier 2,""
L1CAM,ENSG00000198910,X,0,0,FALSE,FALSE,Tier 3B,non-autosomal chr skipped
L3MBTL1,ENSG00000185513,20,1,48,TRUE,TRUE,Tier 1,""
LACRT,ENSG00000135413,12,0,0,FALSE,FALSE,Tier 3A,no cis-eQTL in window
LACTB,ENSG00000103642,15,1,526,TRUE,TRUE,Tier 1,""
LAD1,ENSG00000159166,1,1,1,TRUE,TRUE,Tier 3A,""
LAG3,ENSG00000089692,12,1,55,TRUE,TRUE,Tier 3B,""
LAIR1,ENSG00000167613,19,2,215,TRUE,FALSE,Tier 3B,""
LAIR2,ENSG00000167618,19,4,345,TRUE,FALSE,Tier 3B,""
LALBA,ENSG00000167531,12,0,0,FALSE,FALSE,Tier 3B,no cis-eQTL in window
LAMA1,ENSG00000101680,18,0,0,FALSE,FALSE,Tier 1,no cis-eQTL in window
LAMA2,ENSG00000196569,6,2,108,TRUE,FALSE,Tier 1,""
LAMA3,ENSG00000053747,18,0,0,FALSE,FALSE,Tier 1,no cis-eQTL in window
LAMA4,ENSG00000112769,6,0,0,FALSE,FALSE,Tier 1,no cis-eQTL in window
LAMA5,ENSG00000130702,20,3,649,TRUE,FALSE,Tier 1,""
LAMB1,ENSG00000091136,7,0,1,FALSE,FALSE,Tier 1,no SNP below 5e-8
LAMB2,ENSG00000172037,3,2,853,TRUE,FALSE,Tier 1,""
LAMB3,ENSG00000196878,1,2,239,TRUE,FALSE,Tier 1,""
LAMB4,ENSG00000091128,7,0,0,FALSE,FALSE,Tier 1,no cis-eQTL in window
LAMC1,ENSG00000135862,1,5,1976,TRUE,FALSE,Tier 1,""
LAMC2,ENSG00000058085,1,0,0,FALSE,FALSE,Tier 1,no cis-eQTL in window
LAMC3,ENSG00000050555,9,2,429,TRUE,FALSE,Tier 1,""
LAMP1,ENSG00000185896,13,0,7,FALSE,FALSE,Tier 3A,no SNP below 5e-8
LAMP2,ENSG00000005893,X,0,0,FALSE,FALSE,Tier 3B,non-autosomal chr skipped
LAMP3,ENSG00000078081,3,2,395,TRUE,FALSE,Tier 3A,""
LAP3,ENSG00000002549,4,7,2026,TRUE,FALSE,Tier 1,""
LARS,ENSG00000133706,5,1,88,TRUE,TRUE,Tier 2,""
LATS1,ENSG00000131023,6,0,0,FALSE,FALSE,Tier 1,no SNP below 5e-8
LATS2,ENSG00000150457,13,2,412,TRUE,FALSE,Tier 1,""
LBP,ENSG00000129988,20,0,0,FALSE,FALSE,Tier 3A,no cis-eQTL in window
LCAT,ENSG00000213398,16,2,1336,TRUE,FALSE,Tier 3A,""
LCK,ENSG00000182866,1,0,22,FALSE,FALSE,Tier 1,no SNP below 5e-8
LCN1,ENSG00000160349,9,0,0,FALSE,FALSE,Tier 3A,no cis-eQTL in window
LCN2,ENSG00000148346,9,1,133,TRUE,TRUE,Tier 3B,""
LCN8,ENSG00000204001,9,2,470,TRUE,FALSE,Tier 3B,""
LCN9,ENSG00000148386,9,0,0,FALSE,FALSE,Tier 3A,no cis-eQTL in window
LCT,ENSG00000115850,2,0,0,FALSE,FALSE,Tier 3A,no cis-eQTL in window
LCTL,ENSG00000188501,15,0,0,FALSE,FALSE,Tier 3B,no cis-eQTL in window
LDHA,ENSG00000134333,11,2,319,TRUE,FALSE,Tier 2,""
LDHB,ENSG00000111716,12,1,18,TRUE,TRUE,Tier 2,""
LDLR,ENSG00000130164,19,1,27,TRUE,TRUE,Tier 2,""
LEAP2,ENSG00000164406,5,1,423,TRUE,TRUE,Tier 3B,""
LECT1,ENSG00000136110,13,0,0,FALSE,FALSE,Tier 3B,no cis-eQTL in window
LECT2,ENSG00000145826,5,0,0,FALSE,FALSE,Tier 3A,no cis-eQTL in window
LEFTY1,ENSG00000243709,1,1,82,TRUE,TRUE,Tier 3B,""
LEFTY2,ENSG00000143768,1,0,0,FALSE,FALSE,Tier 3B,no cis-eQTL in window
LEP,ENSG00000174697,7,2,78,TRUE,FALSE,Tier 3B,""
LEPR,ENSG00000116678,1,5,1770,TRUE,FALSE,Tier 3A,""
LEPRE1,ENSG00000117385,1,2,1208,TRUE,FALSE,Tier 3B,""
LGALS1,ENSG00000100097,22,2,706,TRUE,FALSE,Tier 3B,""
LGALS3,ENSG00000131981,14,1,293,TRUE,TRUE,Tier 3A,""
LGALS3BP,ENSG00000108679,17,3,373,TRUE,FALSE,Tier 3B,""
LGALS7,ENSG00000205076,19,0,0,FALSE,FALSE,Tier 3B,no cis-eQTL in window
LGALS7B,ENSG00000178934,19,0,0,FALSE,FALSE,Tier 3B,no cis-eQTL in window
LGALS8,ENSG00000116977,1,5,1228,TRUE,FALSE,Tier 3B,""
LGALS9,ENSG00000168961,17,6,1699,TRUE,FALSE,Tier 3B,""
LGI1,ENSG00000108231,10,0,0,FALSE,FALSE,Tier 3B,no cis-eQTL in window
LGMN,ENSG00000100600,14,1,252,TRUE,TRUE,Tier 3B,""
LGR4,ENSG00000205213,11,2,487,TRUE,FALSE,Tier 3B,""
LGR5,ENSG00000139292,12,0,0,FALSE,FALSE,Tier 3B,no cis-eQTL in window
LGR6,ENSG00000133067,1,2,455,TRUE,FALSE,Tier 3B,""
LHB,ENSG00000104826,19,0,0,FALSE,FALSE,Tier 3B,no cis-eQTL in window
LHCGR,ENSG00000138039,2,0,0,FALSE,FALSE,Tier 1,no cis-eQTL in window
LIF,ENSG00000128342,22,0,0,FALSE,FALSE,Tier 3A,no SNP below 5e-8
LIFR,ENSG00000113594,5,0,0,FALSE,FALSE,Tier 3A,no cis-eQTL in window
LIG1,ENSG00000105486,19,2,748,TRUE,FALSE,Tier 2,""
LILRA1,ENSG00000104974,19,3,634,TRUE,FALSE,Tier 3B,""
LILRA2,ENSG00000239998,19,4,669,TRUE,FALSE,Tier 3B,""
LILRA3,ENSG00000170866,19,7,683,TRUE,FALSE,Tier 3A,""
LILRA4,ENSG00000239961,19,2,72,TRUE,FALSE,Tier 3A,""
LILRA5,ENSG00000187116,19,3,393,TRUE,FALSE,Tier 3A,""
LILRA6,ENSG00000244482,19,3,375,TRUE,FALSE,Tier 3A,""
LILRB1,ENSG00000104972,19,6,752,TRUE,FALSE,Tier 3B,""
LILRB2,ENSG00000131042,19,2,389,TRUE,FALSE,Tier 3A,""
LILRB4,ENSG00000186818,19,3,596,TRUE,FALSE,Tier 3B,""
LILRB5,ENSG00000105609,19,2,183,TRUE,FALSE,Tier 3A,""
LIMK1,ENSG00000106683,7,3,519,TRUE,FALSE,Tier 2,""
LIMK2,ENSG00000182541,22,1,193,TRUE,TRUE,Tier 1,""
LINGO1,ENSG00000169783,15,0,0,FALSE,FALSE,Tier 1,no cis-eQTL in window
LINGO2,ENSG00000174482,9,9,1819,TRUE,FALSE,Tier 3B,""
LIPA,ENSG00000107798,10,5,2285,TRUE,FALSE,Tier 2,""
LIPC,ENSG00000166035,15,3,335,TRUE,FALSE,Tier 3A,""
LIPE,ENSG00000079435,19,1,371,TRUE,TRUE,Tier 2,""
LIPF,ENSG00000182333,10,0,0,FALSE,FALSE,Tier 1,no cis-eQTL in window
LIPG,ENSG00000101670,18,0,0,FALSE,FALSE,Tier 2,no cis-eQTL in window
LIPH,ENSG00000163898,3,2,151,TRUE,FALSE,Tier 3B,""
LIPI,ENSG00000188992,21,0,0,FALSE,FALSE,Tier 3B,no cis-eQTL in window
LIPJ,ENSG00000204022,10,0,0,FALSE,FALSE,Tier 2,no cis-eQTL in window
LIPK,ENSG00000204021,10,0,0,FALSE,FALSE,Tier 2,no cis-eQTL in window
LIPM,ENSG00000173239,10,1,55,TRUE,TRUE,Tier 2,""
LIPN,ENSG00000204020,10,6,1979,TRUE,FALSE,Tier 2,""
LMAN1,ENSG00000074695,18,1,574,TRUE,TRUE,Tier 3B,""
LMCD1,ENSG00000071282,3,2,596,TRUE,FALSE,Tier 3B,""
LMNA,ENSG00000160789,1,2,462,TRUE,FALSE,Tier 1,""
LMTK2,ENSG00000164715,7,2,392,TRUE,FALSE,Tier 3B,""
LMTK3,ENSG00000142235,19,1,220,TRUE,TRUE,Tier 3B,""
LNPEP,ENSG00000113441,5,2,1023,TRUE,FALSE,Tier 2,""
LOX,ENSG00000113083,5,1,21,TRUE,TRUE,Tier 3B,""
LOXL1,ENSG00000129038,15,0,0,FALSE,FALSE,Tier 3A,no SNP below 5e-8
LOXL2,ENSG00000134013,8,3,923,TRUE,FALSE,Tier 3B,""
LOXL3,ENSG00000115318,2,3,432,TRUE,FALSE,Tier 3B,""
LPA,ENSG00000198670,6,0,0,FALSE,FALSE,Tier 3A,no cis-eQTL in window
LPAR1,ENSG00000198121,9,6,3408,TRUE,FALSE,Tier 1,""
LPAR2,ENSG00000064547,19,8,1692,TRUE,FALSE,Tier 1,""
LPAR3,ENSG00000171517,1,2,265,TRUE,FALSE,Tier 2,""
LPAR4,ENSG00000147145,X,0,0,FALSE,FALSE,Tier 3B,non-autosomal chr skipped
LPAR5,ENSG00000184574,12,2,552,TRUE,FALSE,Tier 2,""
LPAR6,ENSG00000139679,13,2,291,TRUE,FALSE,Tier 3B,""
LPHN1,ENSG00000072071,19,1,60,TRUE,TRUE,Tier 3A,""
LPL,ENSG00000175445,8,5,1240,TRUE,FALSE,Tier 2,""
LPO,ENSG00000167419,17,0,0,FALSE,FALSE,Tier 3B,no SNP below 5e-8
LRG1,ENSG00000171236,19,1,10,TRUE,TRUE,Tier 3B,""
LRIG3,ENSG00000139263,12,0,0,FALSE,FALSE,Tier 3B,no cis-eQTL in window
LRIT2,ENSG00000204033,10,0,0,FALSE,FALSE,Tier 3B,no cis-eQTL in window
LRP1,ENSG00000123384,12,1,7,TRUE,TRUE,Tier 3A,""
LRP8,ENSG00000157193,1,1,148,TRUE,TRUE,Tier 3A,""
LRPAP1,ENSG00000163956,4,2,605,TRUE,FALSE,Tier 3A,""
LRRC17,ENSG00000128606,7,1,53,TRUE,TRUE,Tier 3B,""
LRRC26,ENSG00000184709,9,0,0,FALSE,FALSE,Tier 3A,no cis-eQTL in window
LRRC4,ENSG00000128594,7,1,664,TRUE,TRUE,Tier 3B,""
LRRC4B,ENSG00000131409,19,1,146,TRUE,TRUE,Tier 3B,""
LRRC4C,ENSG00000148948,11,0,0,FALSE,FALSE,Tier 3B,no cis-eQTL in window
LRRC55,ENSG00000183908,11,0,0,FALSE,FALSE,Tier 3B,no cis-eQTL in window
LRRK1,ENSG00000154237,15,2,435,TRUE,FALSE,Tier 3B,""
LRRK2,ENSG00000188906,12,4,2511,TRUE,FALSE,Tier 1,""
LRRN1,ENSG00000175928,3,4,1012,TRUE,FALSE,Tier 3B,""
LRRN3,ENSG00000173114,7,3,201,TRUE,FALSE,Tier 3B,""
LRRTM3,ENSG00000198739,10,0,0,FALSE,FALSE,Tier 3B,no cis-eQTL in window
LRTOMT,ENSG00000184154,11,0,0,FALSE,FALSE,Tier 3B,no SNP below 5e-8
LSS,ENSG00000160285,21,3,1536,TRUE,FALSE,Tier 2,""
LTA,ENSG00000226979,6,1,2050,TRUE,TRUE,Tier 1,""
LTA4H,ENSG00000111144,12,7,1687,TRUE,FALSE,Tier 1,""
LTB,ENSG00000227507,6,1,484,TRUE,TRUE,Tier 1,""
LTB4R,ENSG00000213903,14,1,214,TRUE,TRUE,Tier 1,""
LTB4R2,ENSG00000213906,14,1,48,TRUE,TRUE,Tier 2,""
LTBP1,ENSG00000049323,2,0,20,FALSE,FALSE,Tier 3A,no SNP below 5e-8
LTBP2,ENSG00000119681,14,2,663,TRUE,FALSE,Tier 3A,""
LTBP3,ENSG00000168056,11,3,1058,TRUE,FALSE,Tier 3A,""
LTBP4,ENSG00000090006,19,2,558,TRUE,FALSE,Tier 3B,""
LTBR,ENSG00000111321,12,3,175,TRUE,FALSE,Tier 1,""
LTF,ENSG00000012223,3,1,5,TRUE,TRUE,Tier 3A,""
LTK,ENSG00000062524,15,0,20,FALSE,FALSE,Tier 1,no SNP below 5e-8
LUM,ENSG00000139329,12,0,0,FALSE,FALSE,Tier 3A,no cis-eQTL in window
LY6D,ENSG00000167656,8,0,0,FALSE,FALSE,Tier 3B,no cis-eQTL in window
LY6K,ENSG00000160886,8,0,0,FALSE,FALSE,Tier 3A,no cis-eQTL in window
LY75,ENSG00000054219,2,4,2828,TRUE,FALSE,Tier 3B,""
LY86,ENSG00000112799,6,10,1083,TRUE,FALSE,Tier 3A,""
LY9,ENSG00000122224,1,4,621,TRUE,FALSE,Tier 3A,""
LY96,ENSG00000154589,8,4,1178,TRUE,FALSE,Tier 3B,""
LYG1,ENSG00000144214,2,3,1855,TRUE,FALSE,Tier 3B,""
LYG2,ENSG00000185674,2,0,0,FALSE,FALSE,Tier 3B,no cis-eQTL in window
LYN,ENSG00000254087,8,1,395,TRUE,TRUE,Tier 1,""
LYPD5,ENSG00000159871,19,1,331,TRUE,TRUE,Tier 3B,""
LYPD6,ENSG00000187123,2,0,0,FALSE,FALSE,Tier 3A,no cis-eQTL in window
LYZ,ENSG00000090382,12,11,2970,TRUE,FALSE,Tier 3B,""
LYZL1,ENSG00000120563,10,0,0,FALSE,FALSE,Tier 3B,no cis-eQTL in window
LYZL2,ENSG00000151033,10,0,0,FALSE,FALSE,Tier 3A,no cis-eQTL in window
LYZL4,ENSG00000157093,3,0,0,FALSE,FALSE,Tier 3A,no cis-eQTL in window
LYZL6,ENSG00000161572,17,0,0,FALSE,FALSE,Tier 3B,no cis-eQTL in window
M6PR,ENSG00000003056,12,4,1291,TRUE,FALSE,Tier 3A,""
MADCAM1,ENSG00000099866,19,2,72,TRUE,FALSE,Tier 1,""
MAG,ENSG00000105695,19,1,60,TRUE,TRUE,Tier 1,""
MAGEA3,ENSG00000221867,X,0,0,FALSE,FALSE,Tier 1,non-autosomal chr skipped
MAK,ENSG00000111837,6,4,567,TRUE,FALSE,Tier 1,""
MAMDC2,ENSG00000165072,9,0,0,FALSE,FALSE,Tier 3B,no cis-eQTL in window
MAN1B1,ENSG00000177239,9,5,751,TRUE,FALSE,Tier 2,""
MAN2B1,ENSG00000104774,19,3,766,TRUE,FALSE,Tier 1,""
MANBA,ENSG00000109323,4,3,1426,TRUE,FALSE,Tier 2,""
MANF,ENSG00000145050,3,3,959,TRUE,FALSE,Tier 3B,""
MAOA,ENSG00000189221,X,0,0,FALSE,FALSE,Tier 1,non-autosomal chr skipped
MAOB,ENSG00000069535,X,0,0,FALSE,FALSE,Tier 1,non-autosomal chr skipped
MAP2K1,ENSG00000169032,15,1,429,TRUE,TRUE,Tier 1,""
MAP2K2,ENSG00000126934,19,1,233,TRUE,TRUE,Tier 1,""
MAP2K3,ENSG00000034152,17,1,20,TRUE,TRUE,Tier 1,""
MAP2K4,ENSG00000065559,17,1,146,TRUE,TRUE,Tier 1,""
MAP2K5,ENSG00000137764,15,3,1769,TRUE,FALSE,Tier 1,""
MAP2K6,ENSG00000108984,17,0,0,FALSE,FALSE,Tier 1,no SNP below 5e-8
MAP2K7,ENSG00000076984,19,0,0,FALSE,FALSE,Tier 1,no SNP below 5e-8
MAP3K1,ENSG00000095015,5,2,589,TRUE,FALSE,Tier 2,""
MAP3K10,ENSG00000130758,19,1,258,TRUE,TRUE,Tier 1,""
MAP3K11,ENSG00000173327,11,6,1836,TRUE,FALSE,Tier 1,""
MAP3K12,ENSG00000139625,12,1,496,TRUE,TRUE,Tier 1,""
MAP3K13,ENSG00000073803,3,1,667,TRUE,TRUE,Tier 1,""
MAP3K14,ENSG00000006062,17,1,32,TRUE,TRUE,Tier 2,""
MAP3K15,ENSG00000180815,X,0,0,FALSE,FALSE,Tier 1,non-autosomal chr skipped
MAP3K19,ENSG00000176601,2,0,0,FALSE,FALSE,Tier 1,no cis-eQTL in window
MAP3K2,ENSG00000169967,2,9,1335,TRUE,FALSE,Tier 1,""
MAP3K3,ENSG00000198909,17,1,357,TRUE,TRUE,Tier 1,""
MAP3K4,ENSG00000085511,6,1,176,TRUE,TRUE,Tier 1,""
MAP3K5,ENSG00000197442,6,2,536,TRUE,FALSE,Tier 1,""
MAP3K6,ENSG00000142733,1,7,820,TRUE,FALSE,Tier 2,""
MAP3K7,ENSG00000135341,6,1,403,TRUE,TRUE,Tier 1,""
MAP3K8,ENSG00000107968,10,3,435,TRUE,FALSE,Tier 2,""
MAP3K9,ENSG00000006432,14,1,309,TRUE,TRUE,Tier 1,""
MAP4K1,ENSG00000104814,19,2,462,TRUE,FALSE,Tier 1,""
MAP4K2,ENSG00000168067,11,2,102,TRUE,FALSE,Tier 1,""
MAP4K3,ENSG00000011566,2,0,9,FALSE,FALSE,Tier 1,no SNP below 5e-8
MAP4K4,ENSG00000071054,2,1,47,TRUE,TRUE,Tier 1,""
MAP4K5,ENSG00000012983,14,2,266,TRUE,FALSE,Tier 1,""
MAPK1,ENSG00000100030,22,2,213,TRUE,FALSE,Tier 1,""
MAPK10,ENSG00000109339,4,0,0,FALSE,FALSE,Tier 1,no cis-eQTL in window
MAPK11,ENSG00000185386,22,1,14,TRUE,TRUE,Tier 1,""
MAPK12,ENSG00000188130,22,0,3,FALSE,FALSE,Tier 1,no SNP below 5e-8
MAPK13,ENSG00000156711,6,2,235,TRUE,FALSE,Tier 1,""
MAPK14,ENSG00000112062,6,2,457,TRUE,FALSE,Tier 1,""
MAPK15,ENSG00000181085,8,0,0,FALSE,FALSE,Tier 1,no cis-eQTL in window
MAPK3,ENSG00000102882,16,5,1510,TRUE,FALSE,Tier 1,""
MAPK4,ENSG00000141639,18,0,0,FALSE,FALSE,Tier 3B,no cis-eQTL in window
MAPK6,ENSG00000069956,15,1,29,TRUE,TRUE,Tier 2,""
MAPK7,ENSG00000166484,17,1,291,TRUE,TRUE,Tier 2,""
MAPK8,ENSG00000107643,10,2,566,TRUE,FALSE,Tier 1,""
MAPK9,ENSG00000050748,5,2,889,TRUE,FALSE,Tier 1,""
MAPKAPK2,ENSG00000162889,1,2,100,TRUE,FALSE,Tier 2,""
MAPKAPK3,ENSG00000114738,3,5,1946,TRUE,FALSE,Tier 2,""
MAPKAPK5,ENSG00000089022,12,4,1349,TRUE,FALSE,Tier 2,""
MAPT,ENSG00000186868,17,1,35,TRUE,TRUE,Tier 1,""
MARK1,ENSG00000116141,1,0,0,FALSE,FALSE,Tier 1,no cis-eQTL in window
MARK2,ENSG00000072518,11,3,249,TRUE,FALSE,Tier 1,""
MARK3,ENSG00000075413,14,3,1310,TRUE,FALSE,Tier 1,""
MARK4,ENSG00000007047,19,4,429,TRUE,FALSE,Tier 1,""
MARS,ENSG00000166986,12,1,260,TRUE,TRUE,Tier 2,""
MAS1,ENSG00000130368,6,0,0,FALSE,FALSE,Tier 3B,no cis-eQTL in window
MAS1L,ENSG00000204687,6,0,0,FALSE,FALSE,Tier 3B,no cis-eQTL in window
MASP1,ENSG00000127241,3,0,0,FALSE,FALSE,Tier 3B,no cis-eQTL in window
MASP2,ENSG00000009724,1,1,223,TRUE,TRUE,Tier 3A,""
MAST1,ENSG00000105613,19,0,2,FALSE,FALSE,Tier 1,no SNP below 5e-8
MAST2,ENSG00000086015,1,1,1379,TRUE,TRUE,Tier 3B,""
MAST3,ENSG00000099308,19,1,462,TRUE,TRUE,Tier 3A,""
MAST4,ENSG00000069020,5,3,506,TRUE,FALSE,Tier 3B,""
MASTL,ENSG00000120539,10,6,3359,TRUE,FALSE,Tier 3B,""
MAT1A,ENSG00000151224,10,0,0,FALSE,FALSE,Tier 1,no cis-eQTL in window
MATK,ENSG00000007264,19,3,227,TRUE,FALSE,Tier 1,""
MATN1,ENSG00000162510,1,0,0,FALSE,FALSE,Tier 3B,no SNP below 5e-8
MATN2,ENSG00000132561,8,5,539,TRUE,FALSE,Tier 3A,""
MATN3,ENSG00000132031,2,0,0,FALSE,FALSE,Tier 3A,no cis-eQTL in window
MATN4,ENSG00000124159,20,0,0,FALSE,FALSE,Tier 3A,no cis-eQTL in window
MBL2,ENSG00000165471,10,0,0,FALSE,FALSE,Tier 3A,no cis-eQTL in window
MBNL1,ENSG00000152601,3,5,1228,TRUE,FALSE,Tier 1,""
MBTPS1,ENSG00000140943,16,3,942,TRUE,FALSE,Tier 2,""
MC1R,ENSG00000258839,16,6,2812,TRUE,FALSE,Tier 1,""
MC2R,ENSG00000185231,18,0,0,FALSE,FALSE,Tier 1,no cis-eQTL in window
MC3R,ENSG00000124089,20,0,0,FALSE,FALSE,Tier 1,no cis-eQTL in window
MC4R,ENSG00000166603,18,0,0,FALSE,FALSE,Tier 1,no cis-eQTL in window
MC5R,ENSG00000176136,18,0,0,FALSE,FALSE,Tier 1,no cis-eQTL in window
MCAM,ENSG00000076706,11,0,1,FALSE,FALSE,Tier 1,no SNP below 5e-8
MCHR1,ENSG00000128285,22,2,1393,TRUE,FALSE,Tier 2,""
MCHR2,ENSG00000152034,6,0,0,FALSE,FALSE,Tier 2,no cis-eQTL in window
MCL1,ENSG00000143384,1,2,1054,TRUE,FALSE,Tier 2,""
MCOLN1,ENSG00000090674,19,2,145,TRUE,FALSE,Tier 3B,""
MCOLN2,ENSG00000153898,1,3,1000,TRUE,FALSE,Tier 3B,""
MCOLN3,ENSG00000055732,1,2,507,TRUE,FALSE,Tier 2,""
MDK,ENSG00000110492,11,0,0,FALSE,FALSE,Tier 3A,no SNP below 5e-8
MDM2,ENSG00000135679,12,4,640,TRUE,FALSE,Tier 1,""
ME1,ENSG00000065833,6,2,313,TRUE,FALSE,Tier 2,""
MELK,ENSG00000165304,9,0,0,FALSE,FALSE,Tier 1,no SNP below 5e-8
MEP1A,ENSG00000112818,6,0,0,FALSE,FALSE,Tier 3B,no cis-eQTL in window
MEP1B,ENSG00000141434,18,0,0,FALSE,FALSE,Tier 3B,no cis-eQTL in window
MEPE,ENSG00000152595,4,0,0,FALSE,FALSE,Tier 3A,no cis-eQTL in window
MERTK,ENSG00000153208,2,4,2228,TRUE,FALSE,Tier 1,""
MET,ENSG00000105976,7,0,0,FALSE,FALSE,Tier 1,no cis-eQTL in window
METAP1,ENSG00000164024,4,1,651,TRUE,TRUE,Tier 1,""
METAP2,ENSG00000111142,12,2,598,TRUE,FALSE,Tier 1,""
METRN,ENSG00000103260,16,1,371,TRUE,TRUE,Tier 3A,""
MFAP1,ENSG00000140259,15,1,807,TRUE,TRUE,Tier 3B,""
MFAP2,ENSG00000117122,1,0,0,FALSE,FALSE,Tier 3A,no cis-eQTL in window
MFAP4,ENSG00000166482,17,0,0,FALSE,FALSE,Tier 3B,no SNP below 5e-8
MFAP5,ENSG00000197614,12,0,0,FALSE,FALSE,Tier 3B,no cis-eQTL in window
MFGE8,ENSG00000140545,15,4,801,TRUE,FALSE,Tier 3A,""
MFI2,ENSG00000163975,3,1,171,TRUE,TRUE,Tier 3B,""
MFNG,ENSG00000100060,22,2,132,TRUE,FALSE,Tier 3A,""
MGAM,ENSG00000257335,7,3,268,TRUE,FALSE,Tier 1,""
MGAT4A,ENSG00000071073,2,1,591,TRUE,TRUE,Tier 3A,""
MGEA5,ENSG00000198408,10,1,138,TRUE,TRUE,Tier 2,""
MGLL,ENSG00000074416,3,2,226,TRUE,FALSE,Tier 2,""
MGMT,ENSG00000170430,10,4,1536,TRUE,FALSE,Tier 1,""
MGP,ENSG00000111341,12,1,634,TRUE,TRUE,Tier 3B,""
MGST1,ENSG00000008394,12,1,565,TRUE,TRUE,Tier 1,""
MGST2,ENSG00000085871,4,4,547,TRUE,FALSE,Tier 1,""
MGST3,ENSG00000143198,1,8,1546,TRUE,FALSE,Tier 1,""
MIA,ENSG00000261857,19,0,0,FALSE,FALSE,Tier 3A,no SNP below 5e-8
MIF,ENSG00000240972,22,2,373,TRUE,FALSE,Tier 2,""
MINK1,ENSG00000141503,17,4,1568,TRUE,FALSE,Tier 1,""
MINPP1,ENSG00000107789,10,3,32,TRUE,FALSE,Tier 3A,""
MIP,ENSG00000135517,12,0,0,FALSE,FALSE,Tier 3A,no cis-eQTL in window
MITF,ENSG00000187098,3,1,126,TRUE,TRUE,Tier 2,""
MKNK1,ENSG00000079277,1,2,1234,TRUE,FALSE,Tier 1,""
MKNK2,ENSG00000099875,19,2,198,TRUE,FALSE,Tier 1,""
MLKL,ENSG00000168404,16,4,1234,TRUE,FALSE,Tier 3B,""
MLN,ENSG00000096395,6,0,0,FALSE,FALSE,Tier 3A,no cis-eQTL in window
MLNR,ENSG00000102539,13,0,0,FALSE,FALSE,Tier 1,no cis-eQTL in window
MLX,ENSG00000108788,17,2,459,TRUE,FALSE,Tier 2,""
MLYCD,ENSG00000103150,16,2,355,TRUE,FALSE,Tier 2,""
MME,ENSG00000196549,3,2,577,TRUE,FALSE,Tier 1,""
MMEL1,ENSG00000142606,1,2,686,TRUE,FALSE,Tier 3A,""
MMP1,ENSG00000196611,11,2,251,TRUE,FALSE,Tier 1,""
MMP10,ENSG00000166670,11,0,0,FALSE,FALSE,Tier 2,no cis-eQTL in window
MMP11,ENSG00000099953,22,2,287,TRUE,FALSE,Tier 3B,""
MMP13,ENSG00000137745,11,0,0,FALSE,FALSE,Tier 1,no cis-eQTL in window
MMP14,ENSG00000157227,14,1,66,TRUE,TRUE,Tier 1,""
MMP15,ENSG00000102996,16,1,18,TRUE,TRUE,Tier 1,""
MMP16,ENSG00000156103,8,0,0,FALSE,FALSE,Tier 1,no cis-eQTL in window
MMP17,ENSG00000198598,12,2,191,TRUE,FALSE,Tier 1,""
MMP19,ENSG00000123342,12,1,8,TRUE,TRUE,Tier 3B,""
MMP2,ENSG00000087245,16,0,0,FALSE,FALSE,Tier 1,no cis-eQTL in window
MMP20,ENSG00000137674,11,0,0,FALSE,FALSE,Tier 2,no cis-eQTL in window
MMP21,ENSG00000154485,10,0,0,FALSE,FALSE,Tier 3B,no cis-eQTL in window
MMP24,ENSG00000125966,20,1,1325,TRUE,TRUE,Tier 3A,""
MMP25,ENSG00000008516,16,7,656,TRUE,FALSE,Tier 2,""
MMP26,ENSG00000167346,11,0,0,FALSE,FALSE,Tier 1,no cis-eQTL in window
MMP27,ENSG00000137675,11,0,0,FALSE,FALSE,Tier 2,no cis-eQTL in window
MMP28,ENSG00000129270,17,3,454,TRUE,FALSE,Tier 3B,""
MMP3,ENSG00000149968,11,0,0,FALSE,FALSE,Tier 1,no cis-eQTL in window
MMP7,ENSG00000137673,11,0,0,FALSE,FALSE,Tier 1,no cis-eQTL in window
MMP8,ENSG00000118113,11,1,199,TRUE,TRUE,Tier 1,""
MMP9,ENSG00000100985,20,3,396,TRUE,FALSE,Tier 1,""
MMRN1,ENSG00000138722,4,1,968,TRUE,TRUE,Tier 3A,""
MMRN2,ENSG00000173269,10,1,191,TRUE,TRUE,Tier 3B,""
MOK,ENSG00000080823,14,1,591,TRUE,TRUE,Tier 3B,""
MOS,ENSG00000172680,8,0,0,FALSE,FALSE,Tier 3B,no cis-eQTL in window
MPI,ENSG00000178802,15,2,1133,TRUE,FALSE,Tier 2,""
MPL,ENSG00000117400,1,1,239,TRUE,TRUE,Tier 1,""
MPO,ENSG00000005381,17,2,892,TRUE,FALSE,Tier 1,""
MPZ,ENSG00000158887,1,1,329,TRUE,TRUE,Tier 3A,""
MPZL3,ENSG00000160588,11,3,784,TRUE,FALSE,Tier 3A,""
MR1,ENSG00000153029,1,4,497,TRUE,FALSE,Tier 3A,""
MRC1,ENSG00000120586,10,0,0,FALSE,FALSE,Tier 3B,no cis-eQTL in window
MRC2,ENSG00000011028,17,0,1,FALSE,FALSE,Tier 3A,no SNP below 5e-8
MRGPRD,ENSG00000172938,11,0,0,FALSE,FALSE,Tier 3B,no cis-eQTL in window
MRGPRE,ENSG00000184350,11,2,151,TRUE,FALSE,Tier 3B,""
MRGPRF,ENSG00000172935,11,0,0,FALSE,FALSE,Tier 3B,no cis-eQTL in window
MRGPRG,ENSG00000182170,11,0,0,FALSE,FALSE,Tier 3B,no cis-eQTL in window
MRGPRX1,ENSG00000170255,11,0,0,FALSE,FALSE,Tier 2,no cis-eQTL in window
MRGPRX2,ENSG00000183695,11,0,0,FALSE,FALSE,Tier 3B,no cis-eQTL in window
MRGPRX3,ENSG00000179826,11,0,0,FALSE,FALSE,Tier 3B,no cis-eQTL in window
MRGPRX4,ENSG00000179817,11,0,0,FALSE,FALSE,Tier 3B,no cis-eQTL in window
MS4A1,ENSG00000156738,11,1,104,TRUE,TRUE,Tier 1,""
MSLN,ENSG00000102854,16,3,257,TRUE,FALSE,Tier 1,""
MSMB,ENSG00000138294,10,0,0,FALSE,FALSE,Tier 3A,no cis-eQTL in window
MSMP,ENSG00000215183,9,0,0,FALSE,FALSE,Tier 3B,no cis-eQTL in window
MSR1,ENSG00000038945,8,2,1679,TRUE,FALSE,Tier 3B,""
MST1,ENSG00000173531,3,1,491,TRUE,TRUE,Tier 3A,""
MST1R,ENSG00000164078,3,0,4,FALSE,FALSE,Tier 1,no SNP below 5e-8
MSTN,ENSG00000138379,2,0,0,FALSE,FALSE,Tier 1,no cis-eQTL in window
MTAP,ENSG00000099810,9,3,677,TRUE,FALSE,Tier 2,""
MTNR1A,ENSG00000168412,4,0,0,FALSE,FALSE,Tier 1,no cis-eQTL in window
MTNR1B,ENSG00000134640,11,0,0,FALSE,FALSE,Tier 1,no cis-eQTL in window
MTOR,ENSG00000198793,1,1,632,TRUE,TRUE,Tier 1,""
MTRNR2L1,ENSG00000256618,17,0,0,FALSE,FALSE,Tier 3B,no SNP below 5e-8
MTRNR2L10,ENSG00000256045,X,0,0,FALSE,FALSE,Tier 3B,non-autosomal chr skipped
MTRNR2L3,ENSG00000256222,20,0,0,FALSE,FALSE,Tier 3B,no cis-eQTL in window
MTRNR2L4,ENSG00000232196,16,0,0,FALSE,FALSE,Tier 3B,no cis-eQTL in window
MTRNR2L5,ENSG00000249860,10,0,0,FALSE,FALSE,Tier 3B,no cis-eQTL in window
MTRNR2L7,ENSG00000256892,10,0,0,FALSE,FALSE,Tier 3B,no cis-eQTL in window
MTRNR2L8,ENSG00000255823,11,0,0,FALSE,FALSE,Tier 3B,no SNP below 5e-8
MTTP,ENSG00000138823,4,0,0,FALSE,FALSE,Tier 1,no cis-eQTL in window
MUC1,ENSG00000185499,1,4,355,TRUE,FALSE,Tier 1,""
MUC13,ENSG00000173702,3,0,0,FALSE,FALSE,Tier 3B,no cis-eQTL in window
MUC15,ENSG00000169550,11,0,0,FALSE,FALSE,Tier 3A,no cis-eQTL in window
MUC16,ENSG00000181143,19,2,110,TRUE,FALSE,Tier 1,""
MUC17,ENSG00000169876,7,0,0,FALSE,FALSE,Tier 3B,no cis-eQTL in window
MUC2,ENSG00000198788,11,0,0,FALSE,FALSE,Tier 3B,no cis-eQTL in window
MUC3A,ENSG00000169894,7,0,0,FALSE,FALSE,Tier 3A,no cis-eQTL in window
MUC4,ENSG00000145113,3,2,841,TRUE,FALSE,Tier 3B,""
MUC5AC,ENSG00000215182,11,0,0,FALSE,FALSE,Tier 1,no cis-eQTL in window
MUC5B,ENSG00000117983,11,0,0,FALSE,FALSE,Tier 3B,no SNP below 5e-8
MUC6,ENSG00000184956,11,1,24,TRUE,TRUE,Tier 3B,""
MUC7,ENSG00000171195,4,0,0,FALSE,FALSE,Tier 3A,no cis-eQTL in window
MUCL1,ENSG00000172551,12,0,0,FALSE,FALSE,Tier 3B,no cis-eQTL in window
MUSK,ENSG00000030304,9,0,0,FALSE,FALSE,Tier 1,no cis-eQTL in window
MVD,ENSG00000167508,16,2,322,TRUE,FALSE,Tier 2,""
MYH6,ENSG00000197616,14,0,0,FALSE,FALSE,Tier 1,no cis-eQTL in window
MYH7,ENSG00000092054,14,0,0,FALSE,FALSE,Tier 1,no cis-eQTL in window
MYLK,ENSG00000065534,3,1,48,TRUE,TRUE,Tier 1,""
MYLK2,ENSG00000101306,20,0,0,FALSE,FALSE,Tier 1,no cis-eQTL in window
MYLK3,ENSG00000140795,16,0,0,FALSE,FALSE,Tier 1,no cis-eQTL in window
MYLK4,ENSG00000145949,6,4,485,TRUE,FALSE,Tier 1,""
MYO3A,ENSG00000095777,10,0,0,FALSE,FALSE,Tier 2,no cis-eQTL in window
MYO3B,ENSG00000071909,2,2,833,TRUE,FALSE,Tier 2,""
MYOC,ENSG00000034971,1,0,0,FALSE,FALSE,Tier 3B,no cis-eQTL in window
MYT1,ENSG00000196132,20,0,0,FALSE,FALSE,Tier 1,no cis-eQTL in window
NAAA,ENSG00000138744,4,16,3222,TRUE,FALSE,Tier 2,""
NAALAD2,ENSG00000077616,11,1,297,TRUE,TRUE,Tier 2,""
NAE1,ENSG00000159593,16,1,520,TRUE,TRUE,Tier 2,""
NAGA,ENSG00000198951,22,5,1563,TRUE,FALSE,Tier 3B,""
NAGLU,ENSG00000108784,17,3,501,TRUE,FALSE,Tier 3B,""
NAMPT,ENSG00000105835,7,2,258,TRUE,FALSE,Tier 2,""
NAPSA,ENSG00000131400,19,1,168,TRUE,TRUE,Tier 3A,""
NAT1,ENSG00000171428,8,2,606,TRUE,FALSE,Tier 1,""
NAT2,ENSG00000156006,8,0,0,FALSE,FALSE,Tier 1,no cis-eQTL in window
NBL1,ENSG00000158747,1,5,1170,TRUE,FALSE,Tier 3B,""
NCAM1,ENSG00000149294,11,2,561,TRUE,FALSE,Tier 1,""
NCAN,ENSG00000130287,19,0,0,FALSE,FALSE,Tier 3A,no cis-eQTL in window
NCEH1,ENSG00000144959,3,3,375,TRUE,FALSE,Tier 2,""
NCOA3,ENSG00000124151,20,4,474,TRUE,FALSE,Tier 2,""
NCOR2,ENSG00000196498,12,3,444,TRUE,FALSE,Tier 1,""
NCR1,ENSG00000189430,19,2,115,TRUE,FALSE,Tier 3A,""
NCR2,ENSG00000096264,6,0,0,FALSE,FALSE,Tier 3A,no cis-eQTL in window
NCR3,ENSG00000204475,6,3,3806,TRUE,FALSE,Tier 3A,""
NCSTN,ENSG00000162736,1,6,989,TRUE,FALSE,Tier 1,""
NDFIP1,ENSG00000131507,5,2,635,TRUE,FALSE,Tier 3A,""
NDNF,ENSG00000173376,4,0,0,FALSE,FALSE,Tier 3B,no cis-eQTL in window
NDP,ENSG00000124479,X,0,0,FALSE,FALSE,Tier 3B,non-autosomal chr skipped
NDUFA4,ENSG00000189043,7,1,222,TRUE,TRUE,Tier 2,""
NEGR1,ENSG00000172260,1,3,1225,TRUE,FALSE,Tier 3A,""
NEK1,ENSG00000137601,4,2,1168,TRUE,FALSE,Tier 2,""
NEK10,ENSG00000163491,3,1,284,TRUE,TRUE,Tier 3B,""
NEK11,ENSG00000114670,3,1,703,TRUE,TRUE,Tier 2,""
NEK2,ENSG00000117650,1,0,2,FALSE,FALSE,Tier 1,no SNP below 5e-8
NEK3,ENSG00000136098,13,3,1708,TRUE,FALSE,Tier 2,""
NEK4,ENSG00000114904,3,1,540,TRUE,TRUE,Tier 2,""
NEK5,ENSG00000197168,13,0,0,FALSE,FALSE,Tier 2,no cis-eQTL in window
NEK6,ENSG00000119408,9,4,970,TRUE,FALSE,Tier 2,""
NEK7,ENSG00000151414,1,1,520,TRUE,TRUE,Tier 2,""
NEK8,ENSG00000160602,17,1,54,TRUE,TRUE,Tier 3B,""
NEK9,ENSG00000119638,14,1,323,TRUE,TRUE,Tier 2,""
NELL1,ENSG00000165973,11,0,0,FALSE,FALSE,Tier 3A,no cis-eQTL in window
NELL2,ENSG00000184613,12,3,1529,TRUE,FALSE,Tier 3B,""
NENF,ENSG00000117691,1,3,1106,TRUE,FALSE,Tier 3B,""
NETO2,ENSG00000171208,16,1,74,TRUE,TRUE,Tier 3B,""
NEU1,ENSG00000204386,6,1,1141,TRUE,TRUE,Tier 3A,""
NFKB1,ENSG00000109320,4,2,599,TRUE,FALSE,Tier 1,""
NFKBIA,ENSG00000100906,14,2,1659,TRUE,FALSE,Tier 2,""
NGF,ENSG00000134259,1,0,0,FALSE,FALSE,Tier 1,no cis-eQTL in window
NGFR,ENSG00000064300,17,1,3,TRUE,TRUE,Tier 1,""
NID1,ENSG00000116962,1,3,310,TRUE,FALSE,Tier 3A,""
NID2,ENSG00000087303,14,1,104,TRUE,TRUE,Tier 3A,""
NIM1K,ENSG00000177453,5,1,411,TRUE,TRUE,Tier 2,""
NISCH,ENSG00000010322,3,1,343,TRUE,TRUE,Tier 1,""
NKTR,ENSG00000114857,3,2,710,TRUE,FALSE,Tier 2,""
NLGN1,ENSG00000169760,3,0,0,FALSE,FALSE,Tier 3B,no cis-eQTL in window
NLGN2,ENSG00000169992,17,2,177,TRUE,FALSE,Tier 3B,""
NLGN3,ENSG00000196338,X,0,0,FALSE,FALSE,Tier 3B,non-autosomal chr skipped
NLGN4X,ENSG00000146938,X,0,0,FALSE,FALSE,Tier 3B,non-autosomal chr skipped
NLGN4Y,ENSG00000165246,Y,0,0,FALSE,FALSE,Tier 3B,non-autosomal chr skipped
NLK,ENSG00000087095,17,0,5,FALSE,FALSE,Tier 2,no SNP below 5e-8
NLRP3,ENSG00000162711,1,4,945,TRUE,FALSE,Tier 2,""
NMB,ENSG00000197696,15,2,1721,TRUE,FALSE,Tier 3B,""
NMBR,ENSG00000135577,6,0,0,FALSE,FALSE,Tier 2,no cis-eQTL in window
NMS,ENSG00000204640,2,0,0,FALSE,FALSE,Tier 3B,no cis-eQTL in window
NMT1,ENSG00000136448,17,3,535,TRUE,FALSE,Tier 2,""
NMU,ENSG00000109255,4,0,0,FALSE,FALSE,Tier 3A,no cis-eQTL in window
NMUR1,ENSG00000171596,2,2,493,TRUE,FALSE,Tier 3B,""
NMUR2,ENSG00000132911,5,0,0,FALSE,FALSE,Tier 3B,no cis-eQTL in window
NNMT,ENSG00000166741,11,0,0,FALSE,FALSE,Tier 1,no cis-eQTL in window
NOD1,ENSG00000106100,7,2,146,TRUE,FALSE,Tier 2,""
NOD2,ENSG00000167207,16,8,1362,TRUE,FALSE,Tier 2,""
NODAL,ENSG00000156574,10,1,53,TRUE,TRUE,Tier 3B,""
NOG,ENSG00000183691,17,1,122,TRUE,TRUE,Tier 3A,""
NOS1,ENSG00000089250,12,0,0,FALSE,FALSE,Tier 1,no cis-eQTL in window
NOS2,ENSG00000007171,17,1,155,TRUE,TRUE,Tier 1,""
NOS3,ENSG00000164867,7,1,213,TRUE,TRUE,Tier 1,""
NOTCH1,ENSG00000148400,9,1,157,TRUE,TRUE,Tier 1,""
NOTCH2,ENSG00000134250,1,3,194,TRUE,FALSE,Tier 3A,""
NOTCH2NL,ENSG00000213240,1,1,49,TRUE,TRUE,Tier 3B,""
NOTCH3,ENSG00000074181,19,0,1,FALSE,FALSE,Tier 3B,no SNP below 5e-8
NOTCH4,ENSG00000204301,6,2,4358,TRUE,FALSE,Tier 3A,""
NOTUM,ENSG00000185269,17,0,0,FALSE,FALSE,Tier 3B,no cis-eQTL in window
NOV,ENSG00000136999,8,2,831,TRUE,FALSE,Tier 3A,""
NOX1,ENSG00000007952,X,0,0,FALSE,FALSE,Tier 2,non-autosomal chr skipped
NOX4,ENSG00000086991,11,0,0,FALSE,FALSE,Tier 2,no cis-eQTL in window
NOX5,ENSG00000255346,15,0,0,FALSE,FALSE,Tier 2,no cis-eQTL in window
NPB,ENSG00000183979,17,0,0,FALSE,FALSE,Tier 3B,no cis-eQTL in window
NPBWR1,ENSG00000183729,8,0,0,FALSE,FALSE,Tier 2,no SNP below 5e-8
NPBWR2,ENSG00000125522,20,0,0,FALSE,FALSE,Tier 3B,no cis-eQTL in window
NPC1,ENSG00000141458,18,2,891,TRUE,FALSE,Tier 1,""
NPC1L1,ENSG00000015520,7,0,0,FALSE,FALSE,Tier 1,no SNP below 5e-8
NPFF,ENSG00000139574,12,0,1,FALSE,FALSE,Tier 3A,no SNP below 5e-8
NPFFR1,ENSG00000148734,10,0,0,FALSE,FALSE,Tier 2,no cis-eQTL in window
NPFFR2,ENSG00000056291,4,0,0,FALSE,FALSE,Tier 2,no cis-eQTL in window
NPM1,ENSG00000181163,5,0,2,FALSE,FALSE,Tier 2,no SNP below 5e-8
NPNT,ENSG00000168743,4,0,0,FALSE,FALSE,Tier 3A,no cis-eQTL in window
NPPA,ENSG00000175206,1,1,453,TRUE,TRUE,Tier 1,""
NPPB,ENSG00000120937,1,0,0,FALSE,FALSE,Tier 3A,no cis-eQTL in window
NPPC,ENSG00000163273,2,0,0,FALSE,FALSE,Tier 3A,no cis-eQTL in window
NPR1,ENSG00000169418,1,0,0,FALSE,FALSE,Tier 1,no cis-eQTL in window
NPR2,ENSG00000159899,9,0,0,FALSE,FALSE,Tier 3B,no SNP below 5e-8
NPS,ENSG00000214285,10,0,0,FALSE,FALSE,Tier 3B,no cis-eQTL in window
NPSR1,ENSG00000187258,7,0,0,FALSE,FALSE,Tier 1,no cis-eQTL in window
NPTN,ENSG00000156642,15,0,19,FALSE,FALSE,Tier 3B,no SNP below 5e-8
NPTX2,ENSG00000106236,7,2,68,TRUE,FALSE,Tier 3B,""
NPVF,ENSG00000105954,7,0,0,FALSE,FALSE,Tier 3B,no cis-eQTL in window
NPW,ENSG00000183971,16,0,0,FALSE,FALSE,Tier 3A,no cis-eQTL in window
NPY,ENSG00000122585,7,0,0,FALSE,FALSE,Tier 3B,no cis-eQTL in window
NPY1R,ENSG00000164128,4,0,0,FALSE,FALSE,Tier 2,no cis-eQTL in window
NPY2R,ENSG00000185149,4,0,0,FALSE,FALSE,Tier 2,no cis-eQTL in window
NPY4R,ENSG00000204174,10,0,0,FALSE,FALSE,Tier 3B,no cis-eQTL in window
NPY5R,ENSG00000164129,4,0,0,FALSE,FALSE,Tier 1,no cis-eQTL in window
NQO1,ENSG00000181019,16,2,891,TRUE,FALSE,Tier 1,""
NQO2,ENSG00000124588,6,5,1558,TRUE,FALSE,Tier 1,""
NR0B1,ENSG00000169297,X,0,0,FALSE,FALSE,Tier 3B,non-autosomal chr skipped
NR0B2,ENSG00000131910,1,0,0,FALSE,FALSE,Tier 3B,no cis-eQTL in window
NR1D1,ENSG00000126368,17,1,113,TRUE,TRUE,Tier 2,""
NR1D2,ENSG00000174738,3,2,404,TRUE,FALSE,Tier 2,""
NR1H2,ENSG00000131408,19,1,64,TRUE,TRUE,Tier 2,""
NR1H3,ENSG00000025434,11,4,2375,TRUE,FALSE,Tier 2,""
NR1H4,ENSG00000012504,12,0,0,FALSE,FALSE,Tier 1,no cis-eQTL in window
NR1I2,ENSG00000144852,3,1,14,TRUE,TRUE,Tier 1,""
NR1I3,ENSG00000143257,1,1,22,TRUE,TRUE,Tier 1,""
NR2C1,ENSG00000120798,12,2,862,TRUE,FALSE,Tier 3B,""
NR2C2,ENSG00000177463,3,2,238,TRUE,FALSE,Tier 2,""
NR2E1,ENSG00000112333,6,0,0,FALSE,FALSE,Tier 3B,no cis-eQTL in window
NR2E3,ENSG00000031544,15,0,0,FALSE,FALSE,Tier 2,no cis-eQTL in window
NR2F1,ENSG00000175745,5,0,0,FALSE,FALSE,Tier 3B,no cis-eQTL in window
NR2F2,ENSG00000185551,15,0,0,FALSE,FALSE,Tier 3B,no cis-eQTL in window
NR2F6,ENSG00000160113,19,6,1194,TRUE,FALSE,Tier 3A,""
NR3C1,ENSG00000113580,5,1,80,TRUE,TRUE,Tier 1,""
NR3C2,ENSG00000151623,4,1,60,TRUE,TRUE,Tier 1,""
NR4A1,ENSG00000123358,12,0,8,FALSE,FALSE,Tier 2,no SNP below 5e-8
NR4A2,ENSG00000153234,2,1,279,TRUE,TRUE,Tier 2,""
NR4A3,ENSG00000119508,9,0,0,FALSE,FALSE,Tier 3B,no SNP below 5e-8
NR5A1,ENSG00000136931,9,0,0,FALSE,FALSE,Tier 2,no SNP below 5e-8
NR5A2,ENSG00000116833,1,0,0,FALSE,FALSE,Tier 3A,no cis-eQTL in window
NR6A1,ENSG00000148200,9,1,147,TRUE,TRUE,Tier 3B,""
NRBP1,ENSG00000115216,2,1,1127,TRUE,TRUE,Tier 3B,""
NRG1,ENSG00000157168,8,8,2481,TRUE,FALSE,Tier 3A,""
NRG2,ENSG00000158458,5,0,0,FALSE,FALSE,Tier 3B,no cis-eQTL in window
NRG3,ENSG00000185737,10,0,0,FALSE,FALSE,Tier 3A,no cis-eQTL in window
NRG4,ENSG00000169752,15,0,143,FALSE,FALSE,Tier 3A,no SNP below 5e-8
NRK,ENSG00000123572,X,0,0,FALSE,FALSE,Tier 3B,non-autosomal chr skipped
NRP1,ENSG00000099250,10,4,657,TRUE,FALSE,Tier 1,""
NRTN,ENSG00000171119,19,0,0,FALSE,FALSE,Tier 3A,no cis-eQTL in window
NRXN1,ENSG00000179915,2,2,415,TRUE,FALSE,Tier 3A,""
NRXN2,ENSG00000110076,11,0,0,FALSE,FALSE,Tier 3A,no SNP below 5e-8
NRXN3,ENSG00000021645,14,0,0,FALSE,FALSE,Tier 3A,no cis-eQTL in window
NSDHL,ENSG00000147383,X,0,0,FALSE,FALSE,Tier 3B,non-autosomal chr skipped
NT5E,ENSG00000135318,6,10,3376,TRUE,FALSE,Tier 1,""
NTF3,ENSG00000185652,12,0,0,FALSE,FALSE,Tier 3B,no cis-eQTL in window
NTM,ENSG00000182667,11,0,0,FALSE,FALSE,Tier 3A,no cis-eQTL in window
NTN1,ENSG00000065320,17,1,12,TRUE,TRUE,Tier 3A,""
NTN3,ENSG00000162068,16,0,0,FALSE,FALSE,Tier 3B,no cis-eQTL in window
NTN4,ENSG00000074527,12,0,0,FALSE,FALSE,Tier 3A,no SNP below 5e-8
NTNG1,ENSG00000162631,1,1,593,TRUE,TRUE,Tier 3A,""
NTRK1,ENSG00000198400,1,0,0,FALSE,FALSE,Tier 1,no SNP below 5e-8
NTRK2,ENSG00000148053,9,0,0,FALSE,FALSE,Tier 1,no cis-eQTL in window
NTRK3,ENSG00000140538,15,0,0,FALSE,FALSE,Tier 1,no cis-eQTL in window
NTS,ENSG00000133636,12,0,0,FALSE,FALSE,Tier 3B,no cis-eQTL in window
NTSR1,ENSG00000101188,20,3,499,TRUE,FALSE,Tier 1,""
NTSR2,ENSG00000169006,2,0,0,FALSE,FALSE,Tier 3A,no cis-eQTL in window
NUAK1,ENSG00000074590,12,4,584,TRUE,FALSE,Tier 1,""
NUAK2,ENSG00000163545,1,2,761,TRUE,FALSE,Tier 1,""
NUCB1,ENSG00000104805,19,4,348,TRUE,FALSE,Tier 3B,""
NUCB2,ENSG00000070081,11,2,818,TRUE,FALSE,Tier 3A,""
NUP210,ENSG00000132182,3,3,618,TRUE,FALSE,Tier 3B,""
NUP62,ENSG00000213024,19,3,450,TRUE,FALSE,Tier 3B,""
NXPE1,ENSG00000095110,11,0,0,FALSE,FALSE,Tier 3A,no cis-eQTL in window
NXPH3,ENSG00000182575,17,0,0,FALSE,FALSE,Tier 3B,no cis-eQTL in window
NYX,ENSG00000188937,X,0,0,FALSE,FALSE,Tier 3B,non-autosomal chr skipped
OAS1,ENSG00000089127,12,5,1434,TRUE,FALSE,Tier 3A,""
OBP2A,ENSG00000122136,9,0,0,FALSE,FALSE,Tier 3B,no cis-eQTL in window
OBP2B,ENSG00000171102,9,0,0,FALSE,FALSE,Tier 3A,no cis-eQTL in window
OBSCN,ENSG00000154358,1,1,694,TRUE,TRUE,Tier 3B,""
OC90,ENSG00000253117,8,0,0,FALSE,FALSE,Tier 3A,no cis-eQTL in window
OCLN,ENSG00000197822,5,2,395,TRUE,FALSE,Tier 3B,""
ODAM,ENSG00000109205,4,0,0,FALSE,FALSE,Tier 3B,no cis-eQTL in window
ODC1,ENSG00000115758,2,1,149,TRUE,TRUE,Tier 1,""
OGN,ENSG00000106809,9,0,0,FALSE,FALSE,Tier 3B,no cis-eQTL in window
OLFM2,ENSG00000105088,19,0,4,FALSE,FALSE,Tier 3A,no SNP below 5e-8
OLFM3,ENSG00000118733,1,0,0,FALSE,FALSE,Tier 3B,no cis-eQTL in window
OLFM4,ENSG00000102837,13,5,1469,TRUE,FALSE,Tier 3B,""
OLFML1,ENSG00000183801,11,1,42,TRUE,TRUE,Tier 3B,""
OLFML2A,ENSG00000185585,9,1,11,TRUE,TRUE,Tier 3B,""
OLFML2B,ENSG00000162745,1,2,206,TRUE,FALSE,Tier 3A,""
OLFML3,ENSG00000116774,1,0,0,FALSE,FALSE,Tier 3B,no SNP below 5e-8
OLR1,ENSG00000173391,12,1,18,TRUE,TRUE,Tier 3B,""
OMD,ENSG00000127083,9,0,0,FALSE,FALSE,Tier 3B,no cis-eQTL in window
OMG,ENSG00000126861,17,2,294,TRUE,FALSE,Tier 3B,""
OPCML,ENSG00000183715,11,0,0,FALSE,FALSE,Tier 3A,no cis-eQTL in window
OPN1LW,ENSG00000102076,X,0,0,FALSE,FALSE,Tier 3B,non-autosomal chr skipped
OPN1MW,ENSG00000147380,X,0,0,FALSE,FALSE,Tier 3B,non-autosomal chr skipped
OPN1MW2,ENSG00000166160,X,0,0,FALSE,FALSE,Tier 3B,non-autosomal chr skipped
OPN1SW,ENSG00000128617,7,4,152,TRUE,FALSE,Tier 3B,""
OPN3,ENSG00000054277,1,3,457,TRUE,FALSE,Tier 3B,""
OPN4,ENSG00000122375,10,0,0,FALSE,FALSE,Tier 3B,no cis-eQTL in window
OPN5,ENSG00000124818,6,0,0,FALSE,FALSE,Tier 3B,no cis-eQTL in window
OPRD1,ENSG00000116329,1,0,0,FALSE,FALSE,Tier 1,no cis-eQTL in window
OPRK1,ENSG00000082556,8,0,0,FALSE,FALSE,Tier 1,no cis-eQTL in window
OPRL1,ENSG00000125510,20,3,950,TRUE,FALSE,Tier 1,""
OPRM1,ENSG00000112038,6,0,0,FALSE,FALSE,Tier 1,no cis-eQTL in window
OPTC,ENSG00000188770,1,0,0,FALSE,FALSE,Tier 3A,no cis-eQTL in window
OR10A5,ENSG00000166363,11,0,0,FALSE,FALSE,Tier 3B,no cis-eQTL in window
OR10K2,ENSG00000180708,1,0,0,FALSE,FALSE,Tier 3B,no cis-eQTL in window
OR10P1,ENSG00000175398,12,0,0,FALSE,FALSE,Tier 3B,no cis-eQTL in window
OR11A1,ENSG00000204694,6,0,0,FALSE,FALSE,Tier 3B,no cis-eQTL in window
OR13J1,ENSG00000168828,9,0,0,FALSE,FALSE,Tier 3B,no cis-eQTL in window
OR14J1,ENSG00000204695,6,0,0,FALSE,FALSE,Tier 3B,no cis-eQTL in window
OR1A1,ENSG00000172146,17,0,0,FALSE,FALSE,Tier 3B,no cis-eQTL in window
OR1C1,ENSG00000221888,1,0,0,FALSE,FALSE,Tier 3B,no cis-eQTL in window
OR1D2,ENSG00000184166,17,0,0,FALSE,FALSE,Tier 3B,no cis-eQTL in window
OR1J1,ENSG00000136834,9,0,0,FALSE,FALSE,Tier 3B,no cis-eQTL in window
OR1J2,ENSG00000197233,9,0,0,FALSE,FALSE,Tier 3B,no cis-eQTL in window
OR1L8,ENSG00000171496,9,0,0,FALSE,FALSE,Tier 3B,no cis-eQTL in window
OR1M1,ENSG00000170929,19,0,0,FALSE,FALSE,Tier 3B,no cis-eQTL in window
OR2B11,ENSG00000177535,1,0,0,FALSE,FALSE,Tier 3B,no cis-eQTL in window
OR2H1,ENSG00000204688,6,0,0,FALSE,FALSE,Tier 3B,no cis-eQTL in window
OR2H2,ENSG00000204657,6,0,0,FALSE,FALSE,Tier 3B,no cis-eQTL in window
OR2T10,ENSG00000184022,1,0,0,FALSE,FALSE,Tier 3B,no cis-eQTL in window
OR2T29,ENSG00000182783,1,0,0,FALSE,FALSE,Tier 3B,no cis-eQTL in window
OR2T3,ENSG00000196539,1,0,0,FALSE,FALSE,Tier 3B,no cis-eQTL in window
OR2T34,ENSG00000183310,1,0,0,FALSE,FALSE,Tier 3B,no cis-eQTL in window
OR2T5,ENSG00000203661,1,0,0,FALSE,FALSE,Tier 3B,no cis-eQTL in window
OR2V2,ENSG00000182613,5,0,0,FALSE,FALSE,Tier 3B,no cis-eQTL in window
OR4A16,ENSG00000181961,11,0,0,FALSE,FALSE,Tier 3B,no cis-eQTL in window
OR4C16,ENSG00000181935,11,0,0,FALSE,FALSE,Tier 3B,no cis-eQTL in window
OR4D1,ENSG00000141194,17,0,0,FALSE,FALSE,Tier 3B,no cis-eQTL in window
OR4D9,ENSG00000172742,11,0,0,FALSE,FALSE,Tier 3B,no cis-eQTL in window
OR4F17,ENSG00000176695,19,0,0,FALSE,FALSE,Tier 3B,no cis-eQTL in window
OR4F4,ENSG00000177693,15,0,0,FALSE,FALSE,Tier 3B,no cis-eQTL in window
OR4F5,ENSG00000186092,1,0,0,FALSE,FALSE,Tier 3B,no cis-eQTL in window
OR4K15,ENSG00000169488,14,0,0,FALSE,FALSE,Tier 3B,no cis-eQTL in window
OR4K17,ENSG00000176230,14,0,0,FALSE,FALSE,Tier 3B,no cis-eQTL in window
OR4K5,ENSG00000176281,14,0,0,FALSE,FALSE,Tier 3B,no cis-eQTL in window
OR51C1P,ENSG00000197674,11,0,0,FALSE,FALSE,Tier 3B,no cis-eQTL in window
OR51E1,ENSG00000180785,11,0,0,FALSE,FALSE,Tier 3B,no cis-eQTL in window
OR51E2,ENSG00000167332,11,0,0,FALSE,FALSE,Tier 3B,no cis-eQTL in window
OR52B2,ENSG00000255307,11,0,0,FALSE,FALSE,Tier 3B,no cis-eQTL in window
OR52M1,ENSG00000197790,11,0,0,FALSE,FALSE,Tier 3B,no cis-eQTL in window
OR5AS1,ENSG00000181785,11,0,0,FALSE,FALSE,Tier 3B,no cis-eQTL in window
OR7G1,ENSG00000161807,19,0,0,FALSE,FALSE,Tier 3B,no cis-eQTL in window
OR7G2,ENSG00000170923,19,0,0,FALSE,FALSE,Tier 3B,no cis-eQTL in window
OR8B12,ENSG00000170953,11,0,0,FALSE,FALSE,Tier 3B,no cis-eQTL in window
OR8H3,ENSG00000181761,11,0,0,FALSE,FALSE,Tier 3B,no cis-eQTL in window
ORM1,ENSG00000229314,9,4,758,TRUE,FALSE,Tier 3A,""
ORM2,ENSG00000228278,9,5,861,TRUE,FALSE,Tier 3A,""
OSM,ENSG00000099985,22,0,0,FALSE,FALSE,Tier 3B,no SNP below 5e-8
OSTN,ENSG00000188729,3,0,0,FALSE,FALSE,Tier 3A,no cis-eQTL in window
OTC,ENSG00000036473,X,0,0,FALSE,FALSE,Tier 2,non-autosomal chr skipped
OTOA,ENSG00000155719,16,0,0,FALSE,FALSE,Tier 3B,no cis-eQTL in window
OTOG,ENSG00000188162,11,0,0,FALSE,FALSE,Tier 3B,no cis-eQTL in window
OTOL1,ENSG00000182447,3,0,0,FALSE,FALSE,Tier 3B,no cis-eQTL in window
OTOP1,ENSG00000163982,4,0,0,FALSE,FALSE,Tier 3B,no cis-eQTL in window
OTOR,ENSG00000125879,20,0,0,FALSE,FALSE,Tier 3B,no cis-eQTL in window
OTOS,ENSG00000178602,2,0,0,FALSE,FALSE,Tier 3B,no cis-eQTL in window
OVCH1,ENSG00000187950,12,1,118,TRUE,TRUE,Tier 3B,""
OVCH2,ENSG00000183378,11,0,0,FALSE,FALSE,Tier 3A,no cis-eQTL in window
OVGP1,ENSG00000085465,1,4,1017,TRUE,FALSE,Tier 3B,""
OXER1,ENSG00000162881,2,2,1169,TRUE,FALSE,Tier 2,""
OXGR1,ENSG00000165621,13,0,0,FALSE,FALSE,Tier 3B,no cis-eQTL in window
OXSR1,ENSG00000172939,3,1,244,TRUE,TRUE,Tier 2,""
OXT,ENSG00000101405,20,0,0,FALSE,FALSE,Tier 3B,no cis-eQTL in window
OXTR,ENSG00000180914,3,2,373,TRUE,FALSE,Tier 1,""
P2RX1,ENSG00000108405,17,6,809,TRUE,FALSE,Tier 1,""
P2RX2,ENSG00000187848,12,0,0,FALSE,FALSE,Tier 2,no cis-eQTL in window
P2RX3,ENSG00000109991,11,0,0,FALSE,FALSE,Tier 2,no cis-eQTL in window
P2RX4,ENSG00000135124,12,6,2029,TRUE,FALSE,Tier 2,""
P2RX5,ENSG00000083454,17,1,114,TRUE,TRUE,Tier 3B,""
P2RX6,ENSG00000099957,22,2,155,TRUE,FALSE,Tier 3B,""
P2RX7,ENSG00000089041,12,5,1202,TRUE,FALSE,Tier 2,""
P2RY1,ENSG00000169860,3,1,40,TRUE,TRUE,Tier 2,""
P2RY10,ENSG00000078589,X,0,0,FALSE,FALSE,Tier 3B,non-autosomal chr skipped
P2RY12,ENSG00000169313,3,2,1069,TRUE,FALSE,Tier 1,""
P2RY13,ENSG00000181631,3,3,1160,TRUE,FALSE,Tier 3B,""
P2RY14,ENSG00000174944,3,3,1093,TRUE,FALSE,Tier 3B,""
P2RY2,ENSG00000175591,11,1,134,TRUE,TRUE,Tier 1,""
P2RY4,ENSG00000186912,X,0,0,FALSE,FALSE,Tier 3B,non-autosomal chr skipped
P2RY6,ENSG00000171631,11,1,99,TRUE,TRUE,Tier 2,""
P2RY8,ENSG00000182162,X,0,0,FALSE,FALSE,Tier 3B,non-autosomal chr skipped
P4HA1,ENSG00000122884,10,1,1099,TRUE,TRUE,Tier 3B,""
P4HB,ENSG00000185624,17,0,0,FALSE,FALSE,Tier 2,no SNP below 5e-8
P4HTM,ENSG00000178467,3,1,1724,TRUE,TRUE,Tier 1,""
PADI1,ENSG00000142623,1,0,0,FALSE,FALSE,Tier 2,no cis-eQTL in window
PADI3,ENSG00000142619,1,0,0,FALSE,FALSE,Tier 2,no cis-eQTL in window
PAEP,ENSG00000122133,9,0,0,FALSE,FALSE,Tier 3B,no cis-eQTL in window
PAH,ENSG00000171759,12,0,0,FALSE,FALSE,Tier 1,no cis-eQTL in window
PAK1,ENSG00000149269,11,4,1176,TRUE,FALSE,Tier 1,""
PAK2,ENSG00000180370,3,2,318,TRUE,FALSE,Tier 1,""
PAK3,ENSG00000077264,X,0,0,FALSE,FALSE,Tier 1,non-autosomal chr skipped
PAK4,ENSG00000130669,19,1,355,TRUE,TRUE,Tier 1,""
PAK6,ENSG00000137843,15,1,14,TRUE,TRUE,Tier 1,""
PAK7,ENSG00000101349,20,0,0,FALSE,FALSE,Tier 1,no cis-eQTL in window
PAM,ENSG00000145730,5,11,4948,TRUE,FALSE,Tier 2,""
PAMR1,ENSG00000149090,11,0,0,FALSE,FALSE,Tier 3B,no cis-eQTL in window
PAOX,ENSG00000148832,10,3,612,TRUE,FALSE,Tier 2,""
PAPPA,ENSG00000182752,9,0,0,FALSE,FALSE,Tier 3A,no cis-eQTL in window
PAPPA2,ENSG00000116183,1,0,0,FALSE,FALSE,Tier 3A,no cis-eQTL in window
PARM1,ENSG00000169116,4,3,662,TRUE,FALSE,Tier 3B,""
PARP1,ENSG00000143799,1,3,1069,TRUE,FALSE,Tier 1,""
PARP2,ENSG00000129484,14,2,341,TRUE,FALSE,Tier 1,""
PARP3,ENSG00000041880,3,1,9,TRUE,TRUE,Tier 2,""
PARP4,ENSG00000102699,13,3,1141,TRUE,FALSE,Tier 2,""
PASK,ENSG00000115687,2,3,1080,TRUE,FALSE,Tier 2,""
PATE2,ENSG00000196844,11,0,0,FALSE,FALSE,Tier 3B,no cis-eQTL in window
PATE4,ENSG00000237353,11,0,0,FALSE,FALSE,Tier 3B,no cis-eQTL in window
PBK,ENSG00000168078,8,0,0,FALSE,FALSE,Tier 2,no SNP below 5e-8
PCDH15,ENSG00000150275,10,0,0,FALSE,FALSE,Tier 3A,no cis-eQTL in window
PCDHA2,ENSG00000204969,5,0,0,FALSE,FALSE,Tier 3A,no cis-eQTL in window
PCDHB10,ENSG00000120324,5,0,0,FALSE,FALSE,Tier 3B,no cis-eQTL in window
PCK1,ENSG00000124253,20,0,0,FALSE,FALSE,Tier 2,no cis-eQTL in window
PCOLCE,ENSG00000106333,7,1,143,TRUE,TRUE,Tier 3A,""
PCOLCE2,ENSG00000163710,3,1,92,TRUE,TRUE,Tier 3A,""
PCSK1,ENSG00000175426,5,0,0,FALSE,FALSE,Tier 3A,no cis-eQTL in window
PCSK1N,ENSG00000102109,X,0,0,FALSE,FALSE,Tier 3B,non-autosomal chr skipped
PCSK2,ENSG00000125851,20,0,0,FALSE,FALSE,Tier 3A,no cis-eQTL in window
PCSK5,ENSG00000099139,9,5,841,TRUE,FALSE,Tier 3A,""
PCSK6,ENSG00000140479,15,2,65,TRUE,FALSE,Tier 3A,""
PCSK7,ENSG00000160613,11,2,1728,TRUE,FALSE,Tier 3A,""
PCSK9,ENSG00000169174,1,0,0,FALSE,FALSE,Tier 1,no cis-eQTL in window
PCYOX1,ENSG00000116005,2,2,682,TRUE,FALSE,Tier 3B,""
PCYOX1L,ENSG00000145882,5,5,813,TRUE,FALSE,Tier 3A,""
PDCD1,ENSG00000188389,2,2,929,TRUE,FALSE,Tier 1,""
PDCD1LG2,ENSG00000197646,9,2,230,TRUE,FALSE,Tier 1,""
PDCD4,ENSG00000150593,10,3,565,TRUE,FALSE,Tier 1,""
PDE10A,ENSG00000112541,6,0,0,FALSE,FALSE,Tier 1,no cis-eQTL in window
PDE11A,ENSG00000128655,2,0,0,FALSE,FALSE,Tier 1,no cis-eQTL in window
PDE1A,ENSG00000115252,2,0,0,FALSE,FALSE,Tier 2,no cis-eQTL in window
PDE1B,ENSG00000123360,12,4,874,TRUE,FALSE,Tier 2,""
PDE1C,ENSG00000154678,7,0,0,FALSE,FALSE,Tier 2,no cis-eQTL in window
PDE2A,ENSG00000186642,11,2,379,TRUE,FALSE,Tier 2,""
PDE3A,ENSG00000172572,12,0,0,FALSE,FALSE,Tier 1,no SNP below 5e-8
PDE3B,ENSG00000152270,11,1,620,TRUE,TRUE,Tier 1,""
PDE4A,ENSG00000065989,19,3,309,TRUE,FALSE,Tier 1,""
PDE4B,ENSG00000184588,1,1,439,TRUE,TRUE,Tier 1,""
PDE4C,ENSG00000105650,19,0,0,FALSE,FALSE,Tier 1,no cis-eQTL in window
PDE4D,ENSG00000113448,5,2,545,TRUE,FALSE,Tier 1,""
PDE5A,ENSG00000138735,4,2,1488,TRUE,FALSE,Tier 1,""
PDE6A,ENSG00000132915,5,0,0,FALSE,FALSE,Tier 2,no cis-eQTL in window
PDE6B,ENSG00000133256,4,1,542,TRUE,TRUE,Tier 3B,""
PDE6C,ENSG00000095464,10,1,45,TRUE,TRUE,Tier 1,""
PDE6D,ENSG00000156973,2,1,313,TRUE,TRUE,Tier 3B,""
PDE6G,ENSG00000185527,17,1,353,TRUE,TRUE,Tier 3B,""
PDE6H,ENSG00000139053,12,1,605,TRUE,TRUE,Tier 3B,""
PDE7A,ENSG00000205268,8,2,778,TRUE,FALSE,Tier 1,""
PDE7B,ENSG00000171408,6,1,121,TRUE,TRUE,Tier 1,""
PDE8A,ENSG00000073417,15,2,451,TRUE,FALSE,Tier 1,""
PDE8B,ENSG00000113231,5,2,589,TRUE,FALSE,Tier 1,""
PDE9A,ENSG00000160191,21,5,1148,TRUE,FALSE,Tier 2,""
PDF,ENSG00000258429,16,1,511,TRUE,TRUE,Tier 1,""
PDGFA,ENSG00000197461,7,1,70,TRUE,TRUE,Tier 3B,""
PDGFB,ENSG00000100311,22,2,658,TRUE,FALSE,Tier 3A,""
PDGFC,ENSG00000145431,4,2,796,TRUE,FALSE,Tier 3A,""
PDGFD,ENSG00000170962,11,3,1092,TRUE,FALSE,Tier 3A,""
PDGFRA,ENSG00000134853,4,0,0,FALSE,FALSE,Tier 1,no SNP below 5e-8
PDGFRB,ENSG00000113721,5,0,0,FALSE,FALSE,Tier 1,no SNP below 5e-8
PDGFRL,ENSG00000104213,8,0,0,FALSE,FALSE,Tier 3B,no cis-eQTL in window
PDIA3,ENSG00000167004,15,1,401,TRUE,TRUE,Tier 3B,""
PDIA6,ENSG00000143870,2,3,570,TRUE,FALSE,Tier 3A,""
PDIK1L,ENSG00000175087,1,0,57,FALSE,FALSE,Tier 3B,no SNP below 5e-8
PDK1,ENSG00000152256,2,4,1111,TRUE,FALSE,Tier 2,""
PDPK1,ENSG00000140992,16,0,0,FALSE,FALSE,Tier 1,no SNP below 5e-8
PDYN,ENSG00000101327,20,0,0,FALSE,FALSE,Tier 3A,no cis-eQTL in window
PDZD2,ENSG00000133401,5,1,9,TRUE,TRUE,Tier 3A,""
PEAK1,ENSG00000173517,15,1,733,TRUE,TRUE,Tier 3B,""
PEBP4,ENSG00000134020,8,0,0,FALSE,FALSE,Tier 3A,no SNP below 5e-8
PENK,ENSG00000181195,8,0,0,FALSE,FALSE,Tier 3A,no cis-eQTL in window
PEPD,ENSG00000124299,19,2,551,TRUE,FALSE,Tier 2,""
PF4,ENSG00000163737,4,1,65,TRUE,TRUE,Tier 3A,""
PF4V1,ENSG00000109272,4,5,1537,TRUE,FALSE,Tier 3B,""
PGA3,ENSG00000229859,11,0,0,FALSE,FALSE,Tier 2,no cis-eQTL in window
PGA4,ENSG00000229183,11,0,0,FALSE,FALSE,Tier 2,no cis-eQTL in window
PGA5,ENSG00000256713,11,0,0,FALSE,FALSE,Tier 1,no cis-eQTL in window
PGC,ENSG00000096088,6,0,0,FALSE,FALSE,Tier 3B,no cis-eQTL in window
PGD,ENSG00000142657,1,1,333,TRUE,TRUE,Tier 2,""
PGF,ENSG00000119630,14,1,406,TRUE,TRUE,Tier 1,""
PGGT1B,ENSG00000164219,5,2,598,TRUE,FALSE,Tier 2,""
PGLYRP1,ENSG00000008438,19,3,410,TRUE,FALSE,Tier 3B,""
PGLYRP2,ENSG00000161031,19,2,243,TRUE,FALSE,Tier 3B,""
PGLYRP3,ENSG00000159527,1,0,0,FALSE,FALSE,Tier 3B,no cis-eQTL in window
PGLYRP4,ENSG00000163218,1,0,0,FALSE,FALSE,Tier 3B,no cis-eQTL in window
PGR,ENSG00000082175,11,0,0,FALSE,FALSE,Tier 1,no cis-eQTL in window
PHF8,ENSG00000172943,X,0,0,FALSE,FALSE,Tier 2,non-autosomal chr skipped
PHKG1,ENSG00000164776,7,2,1927,TRUE,FALSE,Tier 1,""
PHKG2,ENSG00000156873,16,1,145,TRUE,TRUE,Tier 1,""
PHOSPHO1,ENSG00000173868,17,2,502,TRUE,FALSE,Tier 2,""
PI15,ENSG00000137558,8,0,0,FALSE,FALSE,Tier 3B,no cis-eQTL in window
PI16,ENSG00000164530,6,4,1196,TRUE,FALSE,Tier 3A,""
PI3,ENSG00000124102,20,2,942,TRUE,FALSE,Tier 3B,""
PI4KB,ENSG00000143393,1,0,20,FALSE,FALSE,Tier 2,no SNP below 5e-8
PIGF,ENSG00000151665,2,1,373,TRUE,TRUE,Tier 1,""
PIGK,ENSG00000142892,1,2,920,TRUE,FALSE,Tier 3B,""
PIGR,ENSG00000162896,1,0,0,FALSE,FALSE,Tier 3B,no SNP below 5e-8
PIGT,ENSG00000124155,20,3,232,TRUE,FALSE,Tier 3A,""
PIK3C2A,ENSG00000011405,11,5,1162,TRUE,FALSE,Tier 2,""
PIK3C2B,ENSG00000133056,1,1,299,TRUE,TRUE,Tier 2,""
PIK3C2G,ENSG00000139144,12,0,0,FALSE,FALSE,Tier 2,no cis-eQTL in window
PIK3C3,ENSG00000078142,18,1,684,TRUE,TRUE,Tier 2,""
PIK3CA,ENSG00000121879,3,2,302,TRUE,FALSE,Tier 1,""
PIK3CB,ENSG00000051382,3,1,117,TRUE,TRUE,Tier 1,""
PIK3CD,ENSG00000171608,1,1,12,TRUE,TRUE,Tier 1,""
PIK3CG,ENSG00000105851,7,1,534,TRUE,TRUE,Tier 1,""
PIK3IP1,ENSG00000100100,22,4,3032,TRUE,FALSE,Tier 3A,""
PIK3R1,ENSG00000145675,5,3,342,TRUE,FALSE,Tier 2,""
PIK3R4,ENSG00000196455,3,1,188,TRUE,TRUE,Tier 3B,""
PIM1,ENSG00000137193,6,3,348,TRUE,FALSE,Tier 1,""
PIM2,ENSG00000102096,X,0,0,FALSE,FALSE,Tier 1,non-autosomal chr skipped
PIM3,ENSG00000198355,22,4,1366,TRUE,FALSE,Tier 1,""
PIN1,ENSG00000127445,19,1,574,TRUE,TRUE,Tier 2,""
PINK1,ENSG00000158828,1,2,353,TRUE,FALSE,Tier 3B,""
PIP,ENSG00000159763,7,0,0,FALSE,FALSE,Tier 3B,no cis-eQTL in window
PIP4K2B,ENSG00000141720,17,1,152,TRUE,TRUE,Tier 1,""
PIP4K2C,ENSG00000166908,12,1,591,TRUE,TRUE,Tier 2,""
PIP5K1A,ENSG00000143398,1,1,48,TRUE,TRUE,Tier 1,""
PIP5K1C,ENSG00000186111,19,2,240,TRUE,FALSE,Tier 2,""
PKD2,ENSG00000118762,4,4,1068,TRUE,FALSE,Tier 2,""
PKD2L1,ENSG00000107593,10,3,606,TRUE,FALSE,Tier 2,""
PKD2L2,ENSG00000078795,5,1,548,TRUE,TRUE,Tier 3B,""
PKHD1,ENSG00000170927,6,0,0,FALSE,FALSE,Tier 3A,no cis-eQTL in window
PKLR,ENSG00000143627,1,0,0,FALSE,FALSE,Tier 2,no cis-eQTL in window
PKM,ENSG00000067225,15,0,0,FALSE,FALSE,Tier 1,no SNP below 5e-8
PKMYT1,ENSG00000127564,16,0,0,FALSE,FALSE,Tier 2,no SNP below 5e-8
PKN1,ENSG00000123143,19,3,185,TRUE,FALSE,Tier 1,""
PKN2,ENSG00000065243,1,0,52,FALSE,FALSE,Tier 1,no SNP below 5e-8
PKN3,ENSG00000160447,9,3,822,TRUE,FALSE,Tier 3B,""
PLA2G10,ENSG00000069764,16,0,0,FALSE,FALSE,Tier 1,no SNP below 5e-8
PLA2G12A,ENSG00000123739,4,1,274,TRUE,TRUE,Tier 3A,""
PLA2G12B,ENSG00000138308,10,0,0,FALSE,FALSE,Tier 3B,no cis-eQTL in window
PLA2G15,ENSG00000103066,16,1,445,TRUE,TRUE,Tier 3A,""
PLA2G1B,ENSG00000170890,12,0,0,FALSE,FALSE,Tier 2,no cis-eQTL in window
PLA2G2A,ENSG00000188257,1,0,0,FALSE,FALSE,Tier 1,no cis-eQTL in window
PLA2G2C,ENSG00000187980,1,2,52,TRUE,FALSE,Tier 2,""
PLA2G2D,ENSG00000117215,1,0,4,FALSE,FALSE,Tier 1,no SNP below 5e-8
PLA2G2E,ENSG00000188784,1,0,0,FALSE,FALSE,Tier 1,no cis-eQTL in window
PLA2G2F,ENSG00000158786,1,0,0,FALSE,FALSE,Tier 2,no cis-eQTL in window
PLA2G3,ENSG00000100078,22,0,0,FALSE,FALSE,Tier 3B,no cis-eQTL in window
PLA2G4A,ENSG00000116711,1,2,280,TRUE,FALSE,Tier 1,""
PLA2G4B,ENSG00000243708,15,2,1373,TRUE,FALSE,Tier 2,""
PLA2G5,ENSG00000127472,1,0,0,FALSE,FALSE,Tier 2,no cis-eQTL in window
PLA2G6,ENSG00000184381,22,1,371,TRUE,TRUE,Tier 2,""
PLA2G7,ENSG00000146070,6,4,540,TRUE,FALSE,Tier 1,""
PLA2R1,ENSG00000153246,2,0,0,FALSE,FALSE,Tier 3A,no cis-eQTL in window
PLAA,ENSG00000137055,9,2,380,TRUE,FALSE,Tier 2,""
PLAC1,ENSG00000170965,X,0,0,FALSE,FALSE,Tier 3B,non-autosomal chr skipped
PLAT,ENSG00000104368,8,1,100,TRUE,TRUE,Tier 1,""
PLAU,ENSG00000122861,10,2,513,TRUE,FALSE,Tier 2,""
PLAUR,ENSG00000011422,19,3,374,TRUE,FALSE,Tier 2,""
PLBD1,ENSG00000121316,12,3,660,TRUE,FALSE,Tier 3A,""
PLBD2,ENSG00000151176,12,1,406,TRUE,TRUE,Tier 3B,""
PLCG2,ENSG00000197943,16,4,704,TRUE,FALSE,Tier 2,""
PLD1,ENSG00000075651,3,2,481,TRUE,FALSE,Tier 1,""
PLD2,ENSG00000129219,17,4,1096,TRUE,FALSE,Tier 2,""
PLEK,ENSG00000115956,2,3,1071,TRUE,FALSE,Tier 3A,""
PLG,ENSG00000122194,6,0,0,FALSE,FALSE,Tier 1,no cis-eQTL in window
PLGLB1,ENSG00000183281,2,4,1026,TRUE,FALSE,Tier 3B,""
PLGLB2,ENSG00000125551,2,2,198,TRUE,FALSE,Tier 1,""
PLIN2,ENSG00000147872,9,6,1168,TRUE,FALSE,Tier 3B,""
PLK1,ENSG00000166851,16,2,405,TRUE,FALSE,Tier 1,""
PLK2,ENSG00000145632,5,1,302,TRUE,TRUE,Tier 2,""
PLK3,ENSG00000173846,1,1,193,TRUE,TRUE,Tier 2,""
PLK4,ENSG00000142731,4,0,0,FALSE,FALSE,Tier 1,no SNP below 5e-8
PLOD1,ENSG00000083444,1,4,1118,TRUE,FALSE,Tier 3A,""
PLP1,ENSG00000123560,X,0,0,FALSE,FALSE,Tier 3B,non-autosomal chr skipped
PLSCR1,ENSG00000188313,3,2,725,TRUE,FALSE,Tier 3B,""
PLSCR2,ENSG00000163746,3,0,0,FALSE,FALSE,Tier 3B,no SNP below 5e-8
PLSCR4,ENSG00000114698,3,0,0,FALSE,FALSE,Tier 3A,no cis-eQTL in window
PLTP,ENSG00000100979,20,5,2108,TRUE,FALSE,Tier 3A,""
PLXNB1,ENSG00000164050,3,1,289,TRUE,TRUE,Tier 3A,""
PLXNC1,ENSG00000136040,12,2,348,TRUE,FALSE,Tier 3B,""
PMCH,ENSG00000183395,12,0,0,FALSE,FALSE,Tier 3B,no cis-eQTL in window
PMEL,ENSG00000185664,12,1,57,TRUE,TRUE,Tier 1,""
PMP22,ENSG00000109099,17,3,1003,TRUE,FALSE,Tier 1,""
PNCK,ENSG00000130822,X,0,0,FALSE,FALSE,Tier 3B,non-autosomal chr skipped
PNLIP,ENSG00000175535,10,0,0,FALSE,FALSE,Tier 1,no cis-eQTL in window
PNLIPRP1,ENSG00000187021,10,0,0,FALSE,FALSE,Tier 2,no cis-eQTL in window
PNLIPRP2,ENSG00000165862,10,0,0,FALSE,FALSE,Tier 2,no cis-eQTL in window
PNLIPRP3,ENSG00000203837,10,0,0,FALSE,FALSE,Tier 3B,no cis-eQTL in window
PNMT,ENSG00000141744,17,1,129,TRUE,TRUE,Tier 1,""
PNOC,ENSG00000168081,8,0,0,FALSE,FALSE,Tier 3B,no SNP below 5e-8
PNP,ENSG00000198805,14,3,243,TRUE,FALSE,Tier 1,""
PODN,ENSG00000174348,1,3,554,TRUE,FALSE,Tier 3A,""
PODNL1,ENSG00000132000,19,0,4,FALSE,FALSE,Tier 3B,no SNP below 5e-8
POGLUT1,ENSG00000163389,3,4,1102,TRUE,FALSE,Tier 3A,""
POLA1,ENSG00000101868,X,0,0,FALSE,FALSE,Tier 1,non-autosomal chr skipped
POLB,ENSG00000070501,8,2,438,TRUE,FALSE,Tier 2,""
POLD1,ENSG00000062822,19,1,2,TRUE,TRUE,Tier 1,""
POLE,ENSG00000177084,12,1,50,TRUE,TRUE,Tier 1,""
POMC,ENSG00000115138,2,5,1735,TRUE,FALSE,Tier 3A,""
PON1,ENSG00000005421,7,0,0,FALSE,FALSE,Tier 1,no cis-eQTL in window
PON2,ENSG00000105854,7,4,1120,TRUE,FALSE,Tier 1,""
PON3,ENSG00000105852,7,0,0,FALSE,FALSE,Tier 1,no cis-eQTL in window
POR,ENSG00000127948,7,4,2187,TRUE,FALSE,Tier 1,""
PORCN,ENSG00000102312,X,0,0,FALSE,FALSE,Tier 1,non-autosomal chr skipped
POSTN,ENSG00000133110,13,0,0,FALSE,FALSE,Tier 3B,no cis-eQTL in window
POTEI,ENSG00000196834,2,0,0,FALSE,FALSE,Tier 3B,no cis-eQTL in window
PPARA,ENSG00000186951,22,1,308,TRUE,TRUE,Tier 1,""
PPARD,ENSG00000112033,6,2,231,TRUE,FALSE,Tier 1,""
PPARG,ENSG00000132170,3,2,1450,TRUE,FALSE,Tier 1,""
PPAT,ENSG00000128059,4,1,308,TRUE,TRUE,Tier 1,""
PPBP,ENSG00000163736,4,0,7,FALSE,FALSE,Tier 3A,no SNP below 5e-8
PPIA,ENSG00000196262,7,1,556,TRUE,TRUE,Tier 1,""
PPIAL4A,ENSG00000255963,1,0,0,FALSE,FALSE,Tier 2,no SNP below 5e-8
PPIAL4B,ENSG00000255854,1,0,0,FALSE,FALSE,Tier 2,no cis-eQTL in window
PPIAL4C,ENSG00000198161,1,0,0,FALSE,FALSE,Tier 2,no cis-eQTL in window
PPIAL4D,ENSG00000256374,1,0,0,FALSE,FALSE,Tier 2,no cis-eQTL in window
PPIAL4G,ENSG00000236334,1,0,0,FALSE,FALSE,Tier 2,no SNP below 5e-8
PPIB,ENSG00000166794,15,1,286,TRUE,TRUE,Tier 1,""
PPIC,ENSG00000168938,5,0,0,FALSE,FALSE,Tier 2,no cis-eQTL in window
PPID,ENSG00000171497,4,2,141,TRUE,FALSE,Tier 1,""
PPIE,ENSG00000084072,1,5,1764,TRUE,FALSE,Tier 2,""
PPIF,ENSG00000108179,10,2,286,TRUE,FALSE,Tier 2,""
PPIG,ENSG00000138398,2,1,1244,TRUE,TRUE,Tier 2,""
PPIH,ENSG00000171960,1,1,385,TRUE,TRUE,Tier 2,""
PPIL1,ENSG00000137168,6,2,260,TRUE,FALSE,Tier 2,""
PPIL2,ENSG00000100023,22,2,420,TRUE,FALSE,Tier 3B,""
PPIL3,ENSG00000240344,2,12,2582,TRUE,FALSE,Tier 2,""
PPIL4,ENSG00000131013,6,0,27,FALSE,FALSE,Tier 3B,no SNP below 5e-8
PPIL6,ENSG00000185250,6,1,274,TRUE,TRUE,Tier 3B,""
PPM1B,ENSG00000138032,2,1,263,TRUE,TRUE,Tier 2,""
PPME1,ENSG00000214517,11,1,251,TRUE,TRUE,Tier 2,""
PPOX,ENSG00000143224,1,3,717,TRUE,FALSE,Tier 2,""
PPP1CA,ENSG00000172531,11,1,67,TRUE,TRUE,Tier 2,""
PPP3CA,ENSG00000138814,4,3,983,TRUE,FALSE,Tier 1,""
PPP5C,ENSG00000011485,19,2,817,TRUE,FALSE,Tier 2,""
PPT1,ENSG00000131238,1,6,1714,TRUE,FALSE,Tier 3B,""
PPWD1,ENSG00000113593,5,1,1646,TRUE,TRUE,Tier 3B,""
PPY,ENSG00000108849,17,0,0,FALSE,FALSE,Tier 3A,no cis-eQTL in window
PRADC1,ENSG00000135617,2,1,668,TRUE,TRUE,Tier 3B,""
PRAME,ENSG00000185686,22,0,7,FALSE,FALSE,Tier 1,no SNP below 5e-8
PRAP1,ENSG00000165828,10,0,0,FALSE,FALSE,Tier 3B,no SNP below 5e-8
PRB2,ENSG00000121335,12,0,0,FALSE,FALSE,Tier 3A,no cis-eQTL in window
PRB3,ENSG00000197870,12,1,570,TRUE,TRUE,Tier 3B,""
PRB4,ENSG00000230657,12,0,0,FALSE,FALSE,Tier 3B,no cis-eQTL in window
PRCP,ENSG00000137509,11,3,1400,TRUE,FALSE,Tier 1,""
PRDX4,ENSG00000123131,X,0,0,FALSE,FALSE,Tier 3B,non-autosomal chr skipped
PRELP,ENSG00000188783,1,0,0,FALSE,FALSE,Tier 3A,no cis-eQTL in window
PREP,ENSG00000085377,6,1,265,TRUE,TRUE,Tier 2,""
PRF1,ENSG00000180644,10,1,61,TRUE,TRUE,Tier 2,""
PRG2,ENSG00000186652,11,0,0,FALSE,FALSE,Tier 3A,no cis-eQTL in window
PRG4,ENSG00000116690,1,2,881,TRUE,FALSE,Tier 3B,""
PRH1,ENSG00000231887,12,0,0,FALSE,FALSE,Tier 3B,no cis-eQTL in window
PRH2,ENSG00000134551,12,0,0,FALSE,FALSE,Tier 3B,no cis-eQTL in window
PRIMA1,ENSG00000175785,14,0,0,FALSE,FALSE,Tier 3A,no cis-eQTL in window
PRKAA1,ENSG00000132356,5,1,367,TRUE,TRUE,Tier 1,""
PRKAA2,ENSG00000162409,1,0,0,FALSE,FALSE,Tier 1,no cis-eQTL in window
PRKAB1,ENSG00000111725,12,8,1297,TRUE,FALSE,Tier 2,""
PRKACA,ENSG00000072062,19,0,0,FALSE,FALSE,Tier 1,no SNP below 5e-8
PRKACB,ENSG00000142875,1,0,2,FALSE,FALSE,Tier 2,no SNP below 5e-8
PRKACG,ENSG00000165059,9,0,0,FALSE,FALSE,Tier 3B,no cis-eQTL in window
PRKCA,ENSG00000154229,17,3,1706,TRUE,FALSE,Tier 1,""
PRKCB,ENSG00000166501,16,4,1458,TRUE,FALSE,Tier 1,""
PRKCD,ENSG00000163932,3,1,677,TRUE,TRUE,Tier 1,""
PRKCE,ENSG00000171132,2,2,115,TRUE,FALSE,Tier 1,""
PRKCG,ENSG00000126583,19,0,0,FALSE,FALSE,Tier 1,no SNP below 5e-8
PRKCH,ENSG00000027075,14,3,319,TRUE,FALSE,Tier 1,""
PRKCI,ENSG00000163558,3,1,108,TRUE,TRUE,Tier 1,""
PRKCQ,ENSG00000065675,10,3,187,TRUE,FALSE,Tier 1,""
PRKCSH,ENSG00000130175,19,2,243,TRUE,FALSE,Tier 3B,""
PRKCZ,ENSG00000067606,1,2,355,TRUE,FALSE,Tier 1,""
PRKD1,ENSG00000184304,14,1,579,TRUE,TRUE,Tier 1,""
PRKD2,ENSG00000105287,19,6,560,TRUE,FALSE,Tier 1,""
PRKD3,ENSG00000115825,2,5,1038,TRUE,FALSE,Tier 1,""
PRKDC,ENSG00000253729,8,0,0,FALSE,FALSE,Tier 2,no SNP below 5e-8
PRKG1,ENSG00000185532,10,2,337,TRUE,FALSE,Tier 2,""
PRKG2,ENSG00000138669,4,3,703,TRUE,FALSE,Tier 1,""
PRKX,ENSG00000183943,X,0,0,FALSE,FALSE,Tier 1,non-autosomal chr skipped
PRL,ENSG00000172179,6,0,1,FALSE,FALSE,Tier 3A,no SNP below 5e-8
PRLH,ENSG00000071677,2,0,0,FALSE,FALSE,Tier 3A,no cis-eQTL in window
PRLHR,ENSG00000119973,10,0,0,FALSE,FALSE,Tier 3B,no cis-eQTL in window
PRLR,ENSG00000113494,5,1,945,TRUE,TRUE,Tier 1,""
PRMT3,ENSG00000185238,11,1,315,TRUE,TRUE,Tier 2,""
PRNP,ENSG00000171867,20,2,277,TRUE,FALSE,Tier 3A,""
PROC,ENSG00000115718,2,1,923,TRUE,TRUE,Tier 3A,""
PROCR,ENSG00000101000,20,1,1407,TRUE,TRUE,Tier 3A,""
PROK1,ENSG00000143125,1,0,0,FALSE,FALSE,Tier 3A,no cis-eQTL in window
PROK2,ENSG00000163421,3,3,535,TRUE,FALSE,Tier 3B,""
PROKR1,ENSG00000169618,2,0,0,FALSE,FALSE,Tier 2,no cis-eQTL in window
PROKR2,ENSG00000101292,20,0,0,FALSE,FALSE,Tier 3B,no cis-eQTL in window
PROL1,ENSG00000171199,4,0,0,FALSE,FALSE,Tier 3B,no cis-eQTL in window
PROM1,ENSG00000007062,4,0,0,FALSE,FALSE,Tier 3A,no SNP below 5e-8
PROS1,ENSG00000184500,3,1,342,TRUE,TRUE,Tier 3B,""
PROZ,ENSG00000126231,13,1,202,TRUE,TRUE,Tier 3A,""
PRPF4,ENSG00000136875,9,1,416,TRUE,TRUE,Tier 1,""
PRPF4B,ENSG00000112739,6,1,18,TRUE,TRUE,Tier 1,""
PRR4,ENSG00000111215,12,4,2488,TRUE,FALSE,Tier 3B,""
PRRT3,ENSG00000163704,3,6,881,TRUE,FALSE,Tier 3B,""
PRSS1,ENSG00000204983,7,1,301,TRUE,TRUE,Tier 1,""
PRSS12,ENSG00000164099,4,0,0,FALSE,FALSE,Tier 3B,no cis-eQTL in window
PRSS22,ENSG00000005001,16,2,253,TRUE,FALSE,Tier 3B,""
PRSS27,ENSG00000172382,16,0,0,FALSE,FALSE,Tier 3B,no SNP below 5e-8
PRSS3,ENSG00000010438,9,1,50,TRUE,TRUE,Tier 2,""
PRSS33,ENSG00000103355,16,1,34,TRUE,TRUE,Tier 3B,""
PRSS36,ENSG00000178226,16,1,333,TRUE,TRUE,Tier 3A,""
PRSS53,ENSG00000151006,16,2,546,TRUE,FALSE,Tier 3A,""
PRSS54,ENSG00000103023,16,0,0,FALSE,FALSE,Tier 3B,no cis-eQTL in window
PRSS8,ENSG00000052344,16,0,0,FALSE,FALSE,Tier 3A,no SNP below 5e-8
PRTN3,ENSG00000196415,19,1,130,TRUE,TRUE,Tier 3B,""
PSAP,ENSG00000197746,10,1,222,TRUE,TRUE,Tier 3A,""
PSCA,ENSG00000167653,8,0,0,FALSE,FALSE,Tier 1,no cis-eQTL in window
PSEN1,ENSG00000080815,14,4,1764,TRUE,FALSE,Tier 1,""
PSEN2,ENSG00000143801,1,2,943,TRUE,FALSE,Tier 1,""
PSENEN,ENSG00000205155,19,1,170,TRUE,TRUE,Tier 1,""
PSG1,ENSG00000231924,19,0,0,FALSE,FALSE,Tier 3B,no cis-eQTL in window
PSG2,ENSG00000242221,19,0,0,FALSE,FALSE,Tier 3B,no cis-eQTL in window
PSKH1,ENSG00000159792,16,2,104,TRUE,FALSE,Tier 3A,""
PSKH2,ENSG00000147613,8,0,0,FALSE,FALSE,Tier 3B,no cis-eQTL in window
PSMA1,ENSG00000129084,11,0,0,FALSE,FALSE,Tier 3B,no SNP below 5e-8
PSMA2,ENSG00000106588,7,1,646,TRUE,TRUE,Tier 3B,""
PSMA3,ENSG00000100567,14,0,0,FALSE,FALSE,Tier 3B,no SNP below 5e-8
PSMA4,ENSG00000041357,15,1,905,TRUE,TRUE,Tier 3B,""
PSMA5,ENSG00000143106,1,0,0,FALSE,FALSE,Tier 3B,no SNP below 5e-8
PSMA6,ENSG00000100902,14,1,822,TRUE,TRUE,Tier 3B,""
PSMA7,ENSG00000101182,20,1,136,TRUE,TRUE,Tier 3B,""
PSMA8,ENSG00000154611,18,0,1,FALSE,FALSE,Tier 3B,no SNP below 5e-8
PSMB1,ENSG00000008018,6,4,963,TRUE,FALSE,Tier 1,""
PSMB10,ENSG00000205220,16,1,607,TRUE,TRUE,Tier 3B,""
PSMB11,ENSG00000222028,14,1,227,TRUE,TRUE,Tier 2,""
PSMB2,ENSG00000126067,1,2,50,TRUE,FALSE,Tier 1,""
PSMB3,ENSG00000108294,17,3,349,TRUE,FALSE,Tier 3B,""
PSMB4,ENSG00000159377,1,1,168,TRUE,TRUE,Tier 3B,""
PSMB5,ENSG00000100804,14,3,95,TRUE,FALSE,Tier 1,""
PSMB6,ENSG00000142507,17,1,70,TRUE,TRUE,Tier 3B,""
PSMB7,ENSG00000136930,9,2,212,TRUE,FALSE,Tier 3B,""
PSMB8,ENSG00000204264,6,1,1060,TRUE,TRUE,Tier 1,""
PSMB9,ENSG00000240065,6,2,4558,TRUE,FALSE,Tier 3B,""
PSMD14,ENSG00000115233,2,0,36,FALSE,FALSE,Tier 2,no SNP below 5e-8
PSMG3,ENSG00000157778,7,2,250,TRUE,FALSE,Tier 2,""
PSPN,ENSG00000125650,19,1,41,TRUE,TRUE,Tier 3B,""
PTAFR,ENSG00000169403,1,1,35,TRUE,TRUE,Tier 1,""
PTBP1,ENSG00000011304,19,0,37,FALSE,FALSE,Tier 2,no SNP below 5e-8
PTGDR,ENSG00000168229,14,4,1796,TRUE,FALSE,Tier 1,""
PTGDR2,ENSG00000183134,11,1,201,TRUE,TRUE,Tier 1,""
PTGDS,ENSG00000107317,9,1,504,TRUE,TRUE,Tier 3A,""
PTGER1,ENSG00000160951,19,0,0,FALSE,FALSE,Tier 1,no cis-eQTL in window
PTGER2,ENSG00000125384,14,3,568,TRUE,FALSE,Tier 1,""
PTGER3,ENSG00000050628,1,0,0,FALSE,FALSE,Tier 1,no SNP below 5e-8
PTGER4,ENSG00000171522,5,3,2492,TRUE,FALSE,Tier 1,""
PTGES,ENSG00000148344,9,5,608,TRUE,FALSE,Tier 1,""
PTGFR,ENSG00000122420,1,3,837,TRUE,FALSE,Tier 1,""
PTGFRN,ENSG00000134247,1,2,269,TRUE,FALSE,Tier 3A,""
PTGIR,ENSG00000160013,19,2,440,TRUE,FALSE,Tier 1,""
PTGS1,ENSG00000095303,9,2,263,TRUE,FALSE,Tier 1,""
PTGS2,ENSG00000073756,1,3,697,TRUE,FALSE,Tier 1,""
PTH,ENSG00000152266,11,0,0,FALSE,FALSE,Tier 3B,no cis-eQTL in window
PTH1R,ENSG00000160801,3,0,0,FALSE,FALSE,Tier 1,no cis-eQTL in window
PTH2,ENSG00000142538,19,0,0,FALSE,FALSE,Tier 3B,no cis-eQTL in window
PTH2R,ENSG00000144407,2,2,193,TRUE,FALSE,Tier 2,""
PTHLH,ENSG00000087494,12,0,0,FALSE,FALSE,Tier 1,no cis-eQTL in window
PTK2,ENSG00000169398,8,3,810,TRUE,FALSE,Tier 1,""
PTK2B,ENSG00000120899,8,3,1134,TRUE,FALSE,Tier 1,""
PTK6,ENSG00000101213,20,2,66,TRUE,FALSE,Tier 1,""
PTK7,ENSG00000112655,6,2,339,TRUE,FALSE,Tier 3B,""
PTN,ENSG00000105894,7,0,0,FALSE,FALSE,Tier 3B,no cis-eQTL in window
PTP4A1,ENSG00000112245,6,4,594,TRUE,FALSE,Tier 2,""
PTP4A2,ENSG00000184007,1,1,11,TRUE,TRUE,Tier 2,""
PTPN1,ENSG00000196396,20,1,310,TRUE,TRUE,Tier 2,""
PTPN11,ENSG00000179295,12,1,704,TRUE,TRUE,Tier 2,""
PTPN12,ENSG00000127947,7,3,1616,TRUE,FALSE,Tier 2,""
PTPN13,ENSG00000163629,4,1,1057,TRUE,TRUE,Tier 2,""
PTPN2,ENSG00000175354,18,2,247,TRUE,FALSE,Tier 2,""
PTPN22,ENSG00000134242,1,2,837,TRUE,FALSE,Tier 2,""
PTPN7,ENSG00000143851,1,4,808,TRUE,FALSE,Tier 1,""
PTPRA,ENSG00000132670,20,1,384,TRUE,TRUE,Tier 2,""
PTPRB,ENSG00000127329,12,2,382,TRUE,FALSE,Tier 2,""
PTPRC,ENSG00000081237,1,2,190,TRUE,FALSE,Tier 1,""
PTPRF,ENSG00000142949,1,1,341,TRUE,TRUE,Tier 2,""
PTPRG,ENSG00000144724,3,2,16,TRUE,FALSE,Tier 3A,""
PTPRJ,ENSG00000149177,11,1,2385,TRUE,TRUE,Tier 3A,""
PTPRN,ENSG00000054356,2,2,279,TRUE,FALSE,Tier 3B,""
PTPRS,ENSG00000105426,19,1,136,TRUE,TRUE,Tier 2,""
PTPRZ1,ENSG00000106278,7,0,0,FALSE,FALSE,Tier 3B,no cis-eQTL in window
PTX3,ENSG00000163661,3,1,33,TRUE,TRUE,Tier 3B,""
PVR,ENSG00000073008,19,2,201,TRUE,FALSE,Tier 3A,""
PVRL1,ENSG00000110400,11,1,81,TRUE,TRUE,Tier 3B,""
PVRL2,ENSG00000130202,19,5,721,TRUE,FALSE,Tier 3A,""
PVRL3,ENSG00000177707,3,3,670,TRUE,FALSE,Tier 3B,""
PVRL4,ENSG00000143217,1,0,0,FALSE,FALSE,Tier 1,no cis-eQTL in window
PXDN,ENSG00000130508,2,6,1375,TRUE,FALSE,Tier 3A,""
PXDNL,ENSG00000147485,8,1,51,TRUE,TRUE,Tier 3B,""
PYGL,ENSG00000100504,14,2,272,TRUE,FALSE,Tier 2,""
PYGM,ENSG00000068976,11,0,6,FALSE,FALSE,Tier 2,no SNP below 5e-8
PYY,ENSG00000131096,17,0,0,FALSE,FALSE,Tier 3A,no cis-eQTL in window
PZP,ENSG00000126838,12,4,1354,TRUE,FALSE,Tier 3A,""
QDPR,ENSG00000151552,4,5,1635,TRUE,FALSE,Tier 2,""
QPCT,ENSG00000115828,2,2,913,TRUE,FALSE,Tier 2,""
QRFP,ENSG00000188710,9,0,0,FALSE,FALSE,Tier 3A,no cis-eQTL in window
QRFPR,ENSG00000186867,4,0,0,FALSE,FALSE,Tier 3B,no cis-eQTL in window
QSOX1,ENSG00000116260,1,4,2852,TRUE,FALSE,Tier 3B,""
QSOX2,ENSG00000165661,9,1,30,TRUE,TRUE,Tier 3A,""
RAB35,ENSG00000111737,12,1,87,TRUE,TRUE,Tier 3A,""
RAB9A,ENSG00000123595,X,0,0,FALSE,FALSE,Tier 1,non-autosomal chr skipped
RAD51,ENSG00000051180,15,1,198,TRUE,TRUE,Tier 2,""
RAET1G,ENSG00000203722,6,0,0,FALSE,FALSE,Tier 3B,no cis-eQTL in window
RAF1,ENSG00000132155,3,1,628,TRUE,TRUE,Tier 1,""
RAMP1,ENSG00000132329,2,3,264,TRUE,FALSE,Tier 1,""
RAMP2,ENSG00000131477,17,0,0,FALSE,FALSE,Tier 3B,no cis-eQTL in window
RAMP3,ENSG00000122679,7,1,510,TRUE,TRUE,Tier 3B,""
RANBP2,ENSG00000153201,2,1,677,TRUE,TRUE,Tier 2,""
RAPGEF4,ENSG00000091428,2,0,0,FALSE,FALSE,Tier 2,no cis-eQTL in window
RARA,ENSG00000131759,17,1,339,TRUE,TRUE,Tier 1,""
RARB,ENSG00000077092,3,1,93,TRUE,TRUE,Tier 1,""
RARG,ENSG00000172819,12,1,24,TRUE,TRUE,Tier 1,""
RASGRP3,ENSG00000152689,2,2,492,TRUE,FALSE,Tier 2,""
RB1,ENSG00000139687,13,1,405,TRUE,TRUE,Tier 2,""
RBBP9,ENSG00000089050,20,2,1094,TRUE,FALSE,Tier 2,""
RBMX,ENSG00000147274,X,0,0,FALSE,FALSE,Tier 3B,non-autosomal chr skipped
RBP3,ENSG00000107618,10,0,0,FALSE,FALSE,Tier 3B,no cis-eQTL in window
RBP4,ENSG00000138207,10,0,0,FALSE,FALSE,Tier 2,no cis-eQTL in window
RCE1,ENSG00000173653,11,1,594,TRUE,TRUE,Tier 2,""
RECQL,ENSG00000004700,12,2,828,TRUE,FALSE,Tier 1,""
REG1A,ENSG00000115386,2,0,0,FALSE,FALSE,Tier 3B,no cis-eQTL in window
REG1B,ENSG00000172023,2,0,0,FALSE,FALSE,Tier 3B,no cis-eQTL in window
REG3A,ENSG00000172016,2,0,0,FALSE,FALSE,Tier 3B,no cis-eQTL in window
REG3G,ENSG00000143954,2,0,0,FALSE,FALSE,Tier 3B,no cis-eQTL in window
REG4,ENSG00000134193,1,1,226,TRUE,TRUE,Tier 3B,""
RELA,ENSG00000173039,11,1,61,TRUE,TRUE,Tier 2,""
RELN,ENSG00000189056,7,0,0,FALSE,FALSE,Tier 3A,no cis-eQTL in window
RELT,ENSG00000054967,11,3,709,TRUE,FALSE,Tier 3B,""
REN,ENSG00000143839,1,0,0,FALSE,FALSE,Tier 1,no cis-eQTL in window
RESP18,ENSG00000182698,2,0,0,FALSE,FALSE,Tier 3B,no cis-eQTL in window
RET,ENSG00000165731,10,1,376,TRUE,TRUE,Tier 1,""
RETN,ENSG00000104918,19,3,38,TRUE,FALSE,Tier 3A,""
RETNLB,ENSG00000163515,3,0,0,FALSE,FALSE,Tier 3B,no cis-eQTL in window
REV3L,ENSG00000009413,6,2,407,TRUE,FALSE,Tier 3B,""
RGR,ENSG00000148604,10,0,0,FALSE,FALSE,Tier 3B,no cis-eQTL in window
RGS12,ENSG00000159788,4,5,1338,TRUE,FALSE,Tier 2,""
RGS4,ENSG00000117152,1,0,0,FALSE,FALSE,Tier 2,no cis-eQTL in window
RHAG,ENSG00000112077,6,0,0,FALSE,FALSE,Tier 3B,no SNP below 5e-8
RHCE,ENSG00000188672,1,1,188,TRUE,TRUE,Tier 3A,""
RHD,ENSG00000187010,1,11,1512,TRUE,FALSE,Tier 1,""
RHO,ENSG00000163914,3,0,0,FALSE,FALSE,Tier 3B,no cis-eQTL in window
RIOK1,ENSG00000124784,6,1,576,TRUE,TRUE,Tier 1,""
RIOK2,ENSG00000058729,5,2,316,TRUE,FALSE,Tier 1,""
RIOK3,ENSG00000101782,18,1,356,TRUE,TRUE,Tier 1,""
RIPK1,ENSG00000137275,6,2,455,TRUE,FALSE,Tier 1,""
RIPK2,ENSG00000104312,8,2,881,TRUE,FALSE,Tier 1,""
RIPK3,ENSG00000129465,14,2,161,TRUE,FALSE,Tier 3B,""
RIPK4,ENSG00000183421,21,2,265,TRUE,FALSE,Tier 1,""
RLN1,ENSG00000107018,9,2,241,TRUE,FALSE,Tier 3B,""
RLN2,ENSG00000107014,9,2,117,TRUE,FALSE,Tier 3B,""
RLN3,ENSG00000171136,19,0,0,FALSE,FALSE,Tier 3A,no cis-eQTL in window
RNASE1,ENSG00000129538,14,2,259,TRUE,FALSE,Tier 3A,""
RNASE10,ENSG00000182545,14,0,0,FALSE,FALSE,Tier 3A,no cis-eQTL in window
RNASE13,ENSG00000206150,14,0,0,FALSE,FALSE,Tier 3B,no cis-eQTL in window
RNASE2,ENSG00000169385,14,4,554,TRUE,FALSE,Tier 3B,""
RNASE3,ENSG00000169397,14,4,524,TRUE,FALSE,Tier 3B,""
RNASE4,ENSG00000258818,14,0,0,FALSE,FALSE,Tier 3B,no cis-eQTL in window
RNASE6,ENSG00000169413,14,4,576,TRUE,FALSE,Tier 3A,""
RNASE7,ENSG00000165799,14,0,0,FALSE,FALSE,Tier 3B,no cis-eQTL in window
RNASE8,ENSG00000173431,14,0,0,FALSE,FALSE,Tier 3B,no cis-eQTL in window
RNASE9,ENSG00000188655,14,0,0,FALSE,FALSE,Tier 3A,no cis-eQTL in window
RNASEH1,ENSG00000171865,2,1,75,TRUE,TRUE,Tier 2,""
RNASET2,ENSG00000026297,6,7,2042,TRUE,FALSE,Tier 3A,""
RNLS,ENSG00000184719,10,1,641,TRUE,TRUE,Tier 3A,""
RNPEP,ENSG00000176393,1,6,877,TRUE,FALSE,Tier 2,""
ROCK1,ENSG00000067900,18,1,223,TRUE,TRUE,Tier 1,""
ROCK2,ENSG00000134318,2,1,590,TRUE,TRUE,Tier 1,""
ROR1,ENSG00000185483,1,1,16,TRUE,TRUE,Tier 3B,""
ROR2,ENSG00000169071,9,1,353,TRUE,TRUE,Tier 3B,""
RORA,ENSG00000069667,15,2,176,TRUE,FALSE,Tier 3A,""
RORB,ENSG00000198963,9,0,0,FALSE,FALSE,Tier 3B,no cis-eQTL in window
RORC,ENSG00000143365,1,1,88,TRUE,TRUE,Tier 1,""
ROS1,ENSG00000047936,6,0,0,FALSE,FALSE,Tier 1,no cis-eQTL in window
RPN1,ENSG00000163902,3,4,887,TRUE,FALSE,Tier 3A,""
RPN2,ENSG00000118705,20,1,279,TRUE,TRUE,Tier 3A,""
RPS27,ENSG00000177954,1,0,0,FALSE,FALSE,Tier 2,no SNP below 5e-8
RPS6KA1,ENSG00000117676,1,1,637,TRUE,TRUE,Tier 1,""
RPS6KA2,ENSG00000071242,6,5,1513,TRUE,FALSE,Tier 1,""
RPS6KA3,ENSG00000177189,X,0,0,FALSE,FALSE,Tier 1,non-autosomal chr skipped
RPS6KA4,ENSG00000162302,11,4,1093,TRUE,FALSE,Tier 1,""
RPS6KA5,ENSG00000100784,14,3,831,TRUE,FALSE,Tier 1,""
RPS6KA6,ENSG00000072133,X,0,0,FALSE,FALSE,Tier 1,non-autosomal chr skipped
RPS6KB1,ENSG00000108443,17,1,383,TRUE,TRUE,Tier 1,""
RPS6KB2,ENSG00000175634,11,3,1044,TRUE,FALSE,Tier 2,""
RPS6KL1,ENSG00000198208,14,1,854,TRUE,TRUE,Tier 3B,""
RPTN,ENSG00000215853,1,0,0,FALSE,FALSE,Tier 3A,no cis-eQTL in window
RRH,ENSG00000180245,4,0,0,FALSE,FALSE,Tier 3A,no cis-eQTL in window
RRM1,ENSG00000167325,11,3,1691,TRUE,FALSE,Tier 1,""
RRM2,ENSG00000171848,2,0,0,FALSE,FALSE,Tier 1,no SNP below 5e-8
RRM2B,ENSG00000048392,8,2,546,TRUE,FALSE,Tier 3B,""
RS1,ENSG00000102104,X,0,0,FALSE,FALSE,Tier 3B,non-autosomal chr skipped
RSPO1,ENSG00000169218,1,0,0,FALSE,FALSE,Tier 3B,no cis-eQTL in window
RSPO2,ENSG00000147655,8,0,0,FALSE,FALSE,Tier 3B,no cis-eQTL in window
RSPO3,ENSG00000146374,6,0,0,FALSE,FALSE,Tier 3A,no cis-eQTL in window
RSPO4,ENSG00000101282,20,2,196,TRUE,FALSE,Tier 3B,""
RTN3,ENSG00000133318,11,1,336,TRUE,TRUE,Tier 3B,""
RTN4,ENSG00000115310,2,3,1505,TRUE,FALSE,Tier 1,""
RTN4R,ENSG00000040608,22,1,154,TRUE,TRUE,Tier 3A,""
RTN4RL1,ENSG00000185924,17,1,21,TRUE,TRUE,Tier 3B,""
RXFP1,ENSG00000171509,4,0,0,FALSE,FALSE,Tier 2,no cis-eQTL in window
RXFP2,ENSG00000133105,13,2,486,TRUE,FALSE,Tier 3B,""
RXFP3,ENSG00000182631,5,0,0,FALSE,FALSE,Tier 3B,no cis-eQTL in window
RXFP4,ENSG00000173080,1,0,0,FALSE,FALSE,Tier 3B,no SNP below 5e-8
RXRA,ENSG00000186350,9,2,158,TRUE,FALSE,Tier 1,""
RXRB,ENSG00000204231,6,,244,,,Tier 1,CLUMP_FAILED
RXRG,ENSG00000143171,1,0,0,FALSE,FALSE,Tier 1,no cis-eQTL in window
RYK,ENSG00000163785,3,3,656,TRUE,FALSE,Tier 3B,""
RYR1,ENSG00000196218,19,2,744,TRUE,FALSE,Tier 1,""
RYR2,ENSG00000198626,1,1,203,TRUE,TRUE,Tier 2,""
RYR3,ENSG00000198838,15,0,0,FALSE,FALSE,Tier 1,no SNP below 5e-8
S100A12,ENSG00000163221,1,5,992,TRUE,FALSE,Tier 3B,""
S100A13,ENSG00000189171,1,2,613,TRUE,FALSE,Tier 3B,""
S100A7,ENSG00000143556,1,0,0,FALSE,FALSE,Tier 3A,no cis-eQTL in window
S100A8,ENSG00000143546,1,2,222,TRUE,FALSE,Tier 3B,""
S100A9,ENSG00000163220,1,2,249,TRUE,FALSE,Tier 3B,""
S100B,ENSG00000160307,21,4,2163,TRUE,FALSE,Tier 2,""
S1PR1,ENSG00000170989,1,1,155,TRUE,TRUE,Tier 1,""
S1PR2,ENSG00000267534,19,2,56,TRUE,FALSE,Tier 1,""
S1PR3,ENSG00000213694,9,2,711,TRUE,FALSE,Tier 1,""
S1PR4,ENSG00000125910,19,2,187,TRUE,FALSE,Tier 1,""
S1PR5,ENSG00000180739,19,2,366,TRUE,FALSE,Tier 1,""
SAA1,ENSG00000173432,11,0,0,FALSE,FALSE,Tier 3A,no cis-eQTL in window
SAA2,ENSG00000134339,11,0,0,FALSE,FALSE,Tier 3A,no cis-eQTL in window
SAA4,ENSG00000148965,11,0,0,FALSE,FALSE,Tier 3A,no cis-eQTL in window
SAE1,ENSG00000142230,19,2,279,TRUE,FALSE,Tier 2,""
SAMD1,ENSG00000141858,19,1,83,TRUE,TRUE,Tier 3B,""
SBK1,ENSG00000188322,16,3,1026,TRUE,FALSE,Tier 2,""
SBK2,ENSG00000187550,19,0,0,FALSE,FALSE,Tier 3B,no cis-eQTL in window
SBK3,ENSG00000231274,19,0,0,FALSE,FALSE,Tier 2,no cis-eQTL in window
SBSN,ENSG00000189001,19,0,0,FALSE,FALSE,Tier 3A,no cis-eQTL in window
SCARB1,ENSG00000073060,12,3,397,TRUE,FALSE,Tier 2,""
SCD,ENSG00000099194,10,2,186,TRUE,FALSE,Tier 2,""
SCD5,ENSG00000145284,4,4,1020,TRUE,FALSE,Tier 2,""
SCG2,ENSG00000171951,2,0,0,FALSE,FALSE,Tier 3A,no cis-eQTL in window
SCG3,ENSG00000104112,15,0,0,FALSE,FALSE,Tier 3A,no cis-eQTL in window
SCG5,ENSG00000166922,15,1,37,TRUE,TRUE,Tier 3A,""
SCGB1A1,ENSG00000149021,11,0,0,FALSE,FALSE,Tier 3A,no cis-eQTL in window
SCGB1C1,ENSG00000188076,11,2,264,TRUE,FALSE,Tier 3A,""
SCGB1D1,ENSG00000168515,11,0,0,FALSE,FALSE,Tier 3B,no cis-eQTL in window
SCGB1D2,ENSG00000124935,11,0,0,FALSE,FALSE,Tier 3B,no cis-eQTL in window
SCGB1D4,ENSG00000197745,11,0,0,FALSE,FALSE,Tier 3A,no cis-eQTL in window
SCGB2A1,ENSG00000124939,11,0,0,FALSE,FALSE,Tier 3B,no cis-eQTL in window
SCGB3A1,ENSG00000161055,5,5,1472,TRUE,FALSE,Tier 3B,""
SCGB3A2,ENSG00000164265,5,5,793,TRUE,FALSE,Tier 3A,""
SCGN,ENSG00000079689,6,0,0,FALSE,FALSE,Tier 3A,no cis-eQTL in window
SCN10A,ENSG00000185313,3,0,0,FALSE,FALSE,Tier 1,no cis-eQTL in window
SCN11A,ENSG00000168356,3,0,0,FALSE,FALSE,Tier 1,no SNP below 5e-8
SCN1A,ENSG00000144285,2,0,0,FALSE,FALSE,Tier 1,no cis-eQTL in window
SCN1B,ENSG00000105711,19,0,0,FALSE,FALSE,Tier 3A,no SNP below 5e-8
SCN2A,ENSG00000136531,2,0,0,FALSE,FALSE,Tier 1,no cis-eQTL in window
SCN2B,ENSG00000149575,11,1,229,TRUE,TRUE,Tier 3B,""
SCN3A,ENSG00000153253,2,1,108,TRUE,TRUE,Tier 1,""
SCN3B,ENSG00000166257,11,0,0,FALSE,FALSE,Tier 3B,no cis-eQTL in window
SCN4A,ENSG00000007314,17,1,253,TRUE,TRUE,Tier 1,""
SCN5A,ENSG00000183873,3,2,78,TRUE,FALSE,Tier 1,""
SCN7A,ENSG00000136546,2,0,0,FALSE,FALSE,Tier 1,no cis-eQTL in window
SCN8A,ENSG00000196876,12,1,148,TRUE,TRUE,Tier 1,""
SCN9A,ENSG00000169432,2,3,1274,TRUE,FALSE,Tier 1,""
SCNN1A,ENSG00000111319,12,2,51,TRUE,FALSE,Tier 1,""
SCNN1B,ENSG00000168447,16,0,0,FALSE,FALSE,Tier 2,no cis-eQTL in window
SCNN1D,ENSG00000162572,1,1,488,TRUE,TRUE,Tier 3A,""
SCNN1G,ENSG00000166828,16,0,0,FALSE,FALSE,Tier 2,no cis-eQTL in window
SCP2,ENSG00000116171,1,5,1795,TRUE,FALSE,Tier 2,""
SCPEP1,ENSG00000121064,17,1,135,TRUE,TRUE,Tier 3A,""
SCRG1,ENSG00000164106,4,1,102,TRUE,TRUE,Tier 3B,""
SCT,ENSG00000070031,11,0,0,FALSE,FALSE,Tier 3A,no SNP below 5e-8
SCTR,ENSG00000080293,2,0,0,FALSE,FALSE,Tier 1,no cis-eQTL in window
SCUBE1,ENSG00000159307,22,0,5,FALSE,FALSE,Tier 3A,no SNP below 5e-8
SCUBE2,ENSG00000175356,11,0,1,FALSE,FALSE,Tier 3A,no SNP below 5e-8
SCUBE3,ENSG00000146197,6,0,4,FALSE,FALSE,Tier 3B,no SNP below 5e-8
SCYL2,ENSG00000136021,12,0,1,FALSE,FALSE,Tier 3B,no SNP below 5e-8
SDC1,ENSG00000115884,2,0,0,FALSE,FALSE,Tier 1,no SNP below 5e-8
SDC2,ENSG00000169439,8,2,373,TRUE,FALSE,Tier 3B,""
SDC4,ENSG00000124145,20,1,56,TRUE,TRUE,Tier 3A,""
SDF2,ENSG00000132581,17,0,3,FALSE,FALSE,Tier 3B,no SNP below 5e-8
SDR42E1,ENSG00000184860,16,2,49,TRUE,FALSE,Tier 3B,""
SDR42E2,ENSG00000183921,16,0,0,FALSE,FALSE,Tier 3B,no SNP below 5e-8
SECTM1,ENSG00000141574,17,2,398,TRUE,FALSE,Tier 3B,""
SELE,ENSG00000007908,1,0,0,FALSE,FALSE,Tier 1,no cis-eQTL in window
SELL,ENSG00000188404,1,6,3608,TRUE,FALSE,Tier 1,""
SELP,ENSG00000174175,1,2,445,TRUE,FALSE,Tier 1,""
SELPLG,ENSG00000110876,12,3,364,TRUE,FALSE,Tier 3A,""
SEMA3A,ENSG00000075213,7,3,1093,TRUE,FALSE,Tier 3A,""
SEMA3C,ENSG00000075223,7,2,410,TRUE,FALSE,Tier 3A,""
SEMA3D,ENSG00000153993,7,0,0,FALSE,FALSE,Tier 3B,no cis-eQTL in window
SEMA3E,ENSG00000170381,7,0,0,FALSE,FALSE,Tier 3B,no cis-eQTL in window
SEMA3F,ENSG00000001617,3,0,0,FALSE,FALSE,Tier 3B,no cis-eQTL in window
SEMA3G,ENSG00000010319,3,0,0,FALSE,FALSE,Tier 3A,no SNP below 5e-8
SEMA4B,ENSG00000185033,15,2,703,TRUE,FALSE,Tier 3B,""
SEMA4D,ENSG00000187764,9,7,1587,TRUE,FALSE,Tier 3A,""
SEMA6B,ENSG00000167680,19,1,23,TRUE,TRUE,Tier 3B,""
SEMA7A,ENSG00000138623,15,1,45,TRUE,TRUE,Tier 3A,""
SEMG1,ENSG00000124233,20,2,642,TRUE,FALSE,Tier 3B,""
SEMG2,ENSG00000124157,20,0,0,FALSE,FALSE,Tier 3B,no cis-eQTL in window
SENP6,ENSG00000112701,6,3,1213,TRUE,FALSE,Tier 2,""
SENP7,ENSG00000138468,3,5,2187,TRUE,FALSE,Tier 2,""
SENP8,ENSG00000166192,15,0,0,FALSE,FALSE,Tier 2,no SNP below 5e-8
SEPP1,ENSG00000250722,5,1,247,TRUE,TRUE,Tier 3B,""
SERPINA1,ENSG00000197249,14,4,867,TRUE,FALSE,Tier 3A,""
SERPINA10,ENSG00000140093,14,0,0,FALSE,FALSE,Tier 3A,no cis-eQTL in window
SERPINA11,ENSG00000186910,14,0,0,FALSE,FALSE,Tier 3B,no cis-eQTL in window
SERPINA12,ENSG00000165953,14,0,0,FALSE,FALSE,Tier 3A,no cis-eQTL in window
SERPINA3,ENSG00000196136,14,0,0,FALSE,FALSE,Tier 3A,no cis-eQTL in window
SERPINA4,ENSG00000100665,14,0,0,FALSE,FALSE,Tier 3A,no cis-eQTL in window
SERPINA5,ENSG00000188488,14,0,0,FALSE,FALSE,Tier 3A,no cis-eQTL in window
SERPINA6,ENSG00000170099,14,0,0,FALSE,FALSE,Tier 3A,no cis-eQTL in window
SERPINA7,ENSG00000123561,X,0,0,FALSE,FALSE,Tier 1,non-autosomal chr skipped
SERPINA9,ENSG00000170054,14,0,0,FALSE,FALSE,Tier 3A,no cis-eQTL in window
SERPINB1,ENSG00000021355,6,4,588,TRUE,FALSE,Tier 3B,""
SERPINB10,ENSG00000242550,18,4,1402,TRUE,FALSE,Tier 3B,""
SERPINB11,ENSG00000206072,18,0,0,FALSE,FALSE,Tier 3B,no cis-eQTL in window
SERPINB12,ENSG00000166634,18,0,0,FALSE,FALSE,Tier 3B,no cis-eQTL in window
SERPINB13,ENSG00000197641,18,0,0,FALSE,FALSE,Tier 3B,no cis-eQTL in window
SERPINB2,ENSG00000197632,18,2,1184,TRUE,FALSE,Tier 3B,""
SERPINB3,ENSG00000057149,18,0,0,FALSE,FALSE,Tier 3B,no cis-eQTL in window
SERPINB4,ENSG00000206073,18,0,0,FALSE,FALSE,Tier 3B,no cis-eQTL in window
SERPINB5,ENSG00000206075,18,0,0,FALSE,FALSE,Tier 3B,no cis-eQTL in window
SERPINB6,ENSG00000124570,6,6,1208,TRUE,FALSE,Tier 3B,""
SERPINB7,ENSG00000166396,18,0,0,FALSE,FALSE,Tier 3B,no cis-eQTL in window
SERPINB8,ENSG00000166401,18,2,1144,TRUE,FALSE,Tier 3B,""
SERPINB9,ENSG00000170542,6,4,856,TRUE,FALSE,Tier 3B,""
SERPINC1,ENSG00000117601,1,1,1828,TRUE,TRUE,Tier 1,""
SERPIND1,ENSG00000099937,22,0,3,FALSE,FALSE,Tier 3B,no SNP below 5e-8
SERPINE1,ENSG00000106366,7,1,127,TRUE,TRUE,Tier 2,""
SERPINE2,ENSG00000135919,2,4,1704,TRUE,FALSE,Tier 3B,""
SERPINE3,ENSG00000253309,13,0,0,FALSE,FALSE,Tier 3B,no SNP below 5e-8
SERPINF1,ENSG00000132386,17,1,288,TRUE,TRUE,Tier 3A,""
SERPINF2,ENSG00000167711,17,2,362,TRUE,FALSE,Tier 3A,""
SERPING1,ENSG00000149131,11,3,1739,TRUE,FALSE,Tier 3A,""
SERPINI1,ENSG00000163536,3,2,602,TRUE,FALSE,Tier 3B,""
SERPINI2,ENSG00000114204,3,0,8,FALSE,FALSE,Tier 3B,no SNP below 5e-8
SEZ6L2,ENSG00000174938,16,0,0,FALSE,FALSE,Tier 3A,no cis-eQTL in window
SF3B3,ENSG00000189091,16,1,889,TRUE,TRUE,Tier 1,""
SFN,ENSG00000175793,1,1,60,TRUE,TRUE,Tier 3B,""
SFRP1,ENSG00000104332,8,2,174,TRUE,FALSE,Tier 2,""
SFRP2,ENSG00000145423,4,1,577,TRUE,TRUE,Tier 3A,""
SFRP4,ENSG00000106483,7,0,0,FALSE,FALSE,Tier 3A,no cis-eQTL in window
SFRP5,ENSG00000120057,10,1,217,TRUE,TRUE,Tier 3B,""
SFTA2,ENSG00000196260,6,0,0,FALSE,FALSE,Tier 3A,no cis-eQTL in window
SFTPA1,ENSG00000122852,10,0,0,FALSE,FALSE,Tier 3B,no cis-eQTL in window
SFTPA2,ENSG00000185303,10,0,0,FALSE,FALSE,Tier 3B,no cis-eQTL in window
SFTPB,ENSG00000168878,2,1,202,TRUE,TRUE,Tier 3B,""
SFTPC,ENSG00000168484,8,0,0,FALSE,FALSE,Tier 3A,no cis-eQTL in window
SFTPD,ENSG00000133661,10,4,1796,TRUE,FALSE,Tier 3A,""
SGK1,ENSG00000118515,6,4,609,TRUE,FALSE,Tier 2,""
SGK2,ENSG00000101049,20,1,33,TRUE,TRUE,Tier 2,""
SGK3,ENSG00000104205,8,1,50,TRUE,TRUE,Tier 1,""
SGSH,ENSG00000181523,17,2,252,TRUE,FALSE,Tier 3A,""
SHBG,ENSG00000129214,17,0,0,FALSE,FALSE,Tier 1,no cis-eQTL in window
SHH,ENSG00000164690,7,0,0,FALSE,FALSE,Tier 1,no cis-eQTL in window
SHISA2,ENSG00000180730,13,3,470,TRUE,FALSE,Tier 3B,""
SI,ENSG00000090402,3,0,0,FALSE,FALSE,Tier 1,no cis-eQTL in window
SIAE,ENSG00000110013,11,1,94,TRUE,TRUE,Tier 3A,""
SIDT2,ENSG00000149577,11,20,3069,TRUE,FALSE,Tier 3A,""
SIGLEC1,ENSG00000088827,20,0,0,FALSE,FALSE,Tier 3B,no SNP below 5e-8
SIGLEC10,ENSG00000142512,19,2,203,TRUE,FALSE,Tier 3B,""
SIGLEC11,ENSG00000161640,19,4,612,TRUE,FALSE,Tier 3B,""
SIGLEC12,ENSG00000254521,19,2,462,TRUE,FALSE,Tier 3B,""
SIGLEC5,ENSG00000105501,19,6,958,TRUE,FALSE,Tier 2,""
SIGLEC6,ENSG00000105492,19,1,306,TRUE,TRUE,Tier 2,""
SIGLEC7,ENSG00000168995,19,2,116,TRUE,FALSE,Tier 3B,""
SIGLEC8,ENSG00000105366,19,0,0,FALSE,FALSE,Tier 3B,no SNP below 5e-8
SIGLEC9,ENSG00000129450,19,3,40,TRUE,FALSE,Tier 2,""
SIGMAR1,ENSG00000147955,9,4,962,TRUE,FALSE,Tier 1,""
SIK1,ENSG00000142178,21,2,263,TRUE,FALSE,Tier 1,""
SIK2,ENSG00000170145,11,1,609,TRUE,TRUE,Tier 1,""
SIK3,ENSG00000160584,11,1,642,TRUE,TRUE,Tier 1,""
SIRPA,ENSG00000198053,20,5,425,TRUE,FALSE,Tier 3A,""
SIRPB1,ENSG00000101307,20,7,1823,TRUE,FALSE,Tier 3A,""
SIRPG,ENSG00000089012,20,3,814,TRUE,FALSE,Tier 3A,""
SIRT1,ENSG00000096717,10,3,2707,TRUE,FALSE,Tier 1,""
SIRT2,ENSG00000068903,19,1,57,TRUE,TRUE,Tier 2,""
SIRT3,ENSG00000142082,11,1,239,TRUE,TRUE,Tier 2,""
SLAMF1,ENSG00000117090,1,2,212,TRUE,FALSE,Tier 3A,""
SLAMF6,ENSG00000162739,1,2,207,TRUE,FALSE,Tier 3A,""
SLAMF7,ENSG00000026751,1,1,347,TRUE,TRUE,Tier 1,""
SLAMF8,ENSG00000158714,1,2,139,TRUE,FALSE,Tier 3A,""
SLC10A1,ENSG00000100652,14,0,0,FALSE,FALSE,Tier 1,no SNP below 5e-8
SLC10A2,ENSG00000125255,13,0,0,FALSE,FALSE,Tier 1,no cis-eQTL in window
SLC11A2,ENSG00000110911,12,1,683,TRUE,TRUE,Tier 2,""
SLC12A1,ENSG00000074803,15,5,792,TRUE,FALSE,Tier 1,""
SLC12A2,ENSG00000064651,5,1,529,TRUE,TRUE,Tier 2,""
SLC12A3,ENSG00000070915,16,2,180,TRUE,FALSE,Tier 1,""
SLC12A4,ENSG00000124067,16,1,1098,TRUE,TRUE,Tier 3A,""
SLC12A5,ENSG00000124140,20,0,0,FALSE,FALSE,Tier 2,no cis-eQTL in window
SLC12A6,ENSG00000140199,15,2,645,TRUE,FALSE,Tier 3B,""
SLC12A7,ENSG00000113504,5,3,734,TRUE,FALSE,Tier 3B,""
SLC12A9,ENSG00000146828,7,2,465,TRUE,FALSE,Tier 3B,""
SLC13A1,ENSG00000081800,7,0,0,FALSE,FALSE,Tier 1,no cis-eQTL in window
SLC13A2,ENSG00000007216,17,0,0,FALSE,FALSE,Tier 1,no cis-eQTL in window
SLC13A3,ENSG00000158296,20,0,0,FALSE,FALSE,Tier 1,no SNP below 5e-8
SLC15A1,ENSG00000088386,13,0,0,FALSE,FALSE,Tier 1,no cis-eQTL in window
SLC15A2,ENSG00000163406,3,1,762,TRUE,TRUE,Tier 1,""
SLC16A1,ENSG00000155380,1,1,467,TRUE,TRUE,Tier 1,""
SLC18A1,ENSG00000036565,8,3,518,TRUE,FALSE,Tier 2,""
SLC18A2,ENSG00000165646,10,2,290,TRUE,FALSE,Tier 1,""
SLC18A3,ENSG00000187714,10,0,0,FALSE,FALSE,Tier 2,no cis-eQTL in window
SLC19A1,ENSG00000173638,21,2,301,TRUE,FALSE,Tier 1,""
SLC1A1,ENSG00000106688,9,0,0,FALSE,FALSE,Tier 1,no cis-eQTL in window
SLC1A2,ENSG00000110436,11,0,0,FALSE,FALSE,Tier 2,no cis-eQTL in window
SLC1A3,ENSG00000079215,5,1,462,TRUE,TRUE,Tier 2,""
SLC1A6,ENSG00000105143,19,0,0,FALSE,FALSE,Tier 2,no cis-eQTL in window
SLC1A7,ENSG00000162383,1,4,973,TRUE,FALSE,Tier 2,""
SLC22A1,ENSG00000175003,6,3,337,TRUE,FALSE,Tier 1,""
SLC22A10,ENSG00000184999,11,0,0,FALSE,FALSE,Tier 1,no cis-eQTL in window
SLC22A11,ENSG00000168065,11,0,0,FALSE,FALSE,Tier 1,no cis-eQTL in window
SLC22A12,ENSG00000197891,11,0,0,FALSE,FALSE,Tier 1,no cis-eQTL in window
SLC22A13,ENSG00000172940,3,0,0,FALSE,FALSE,Tier 1,no SNP below 5e-8
SLC22A14,ENSG00000144671,3,1,11,TRUE,TRUE,Tier 1,""
SLC22A15,ENSG00000163393,1,6,1201,TRUE,FALSE,Tier 1,""
SLC22A16,ENSG00000004809,6,7,1992,TRUE,FALSE,Tier 1,""
SLC22A17,ENSG00000092096,14,2,188,TRUE,FALSE,Tier 1,""
SLC22A18,ENSG00000110628,11,3,442,TRUE,FALSE,Tier 1,""
SLC22A2,ENSG00000112499,6,0,0,FALSE,FALSE,Tier 1,no cis-eQTL in window
SLC22A24,ENSG00000197658,11,0,0,FALSE,FALSE,Tier 3B,no cis-eQTL in window
SLC22A25,ENSG00000196600,11,0,0,FALSE,FALSE,Tier 3B,no cis-eQTL in window
SLC22A3,ENSG00000146477,6,2,95,TRUE,FALSE,Tier 1,""
SLC22A31,ENSG00000259803,16,2,1028,TRUE,FALSE,Tier 3B,""
SLC22A4,ENSG00000197208,5,6,2699,TRUE,FALSE,Tier 1,""
SLC22A5,ENSG00000197375,5,4,3230,TRUE,FALSE,Tier 1,""
SLC22A6,ENSG00000197901,11,0,0,FALSE,FALSE,Tier 1,no cis-eQTL in window
SLC22A7,ENSG00000137204,6,0,0,FALSE,FALSE,Tier 1,no SNP below 5e-8
SLC22A8,ENSG00000149452,11,0,0,FALSE,FALSE,Tier 1,no cis-eQTL in window
SLC22A9,ENSG00000149742,11,0,0,FALSE,FALSE,Tier 1,no cis-eQTL in window
SLC24A1,ENSG00000074621,15,2,511,TRUE,FALSE,Tier 3B,""
SLC27A1,ENSG00000130304,19,4,359,TRUE,FALSE,Tier 1,""
SLC27A4,ENSG00000167114,9,1,48,TRUE,TRUE,Tier 2,""
SLC28A1,ENSG00000156222,15,0,0,FALSE,FALSE,Tier 1,no cis-eQTL in window
SLC28A2,ENSG00000137860,15,0,0,FALSE,FALSE,Tier 1,no cis-eQTL in window
SLC28A3,ENSG00000197506,9,1,229,TRUE,TRUE,Tier 1,""
SLC29A1,ENSG00000112759,6,2,102,TRUE,FALSE,Tier 1,""
SLC29A2,ENSG00000174669,11,1,164,TRUE,TRUE,Tier 1,""
SLC29A3,ENSG00000198246,10,3,380,TRUE,FALSE,Tier 3B,""
SLC2A1,ENSG00000117394,1,1,161,TRUE,TRUE,Tier 2,""
SLC2A4,ENSG00000181856,17,1,19,TRUE,TRUE,Tier 1,""
SLC2A5,ENSG00000142583,1,2,520,TRUE,FALSE,Tier 1,""
SLC34A2,ENSG00000157765,4,0,0,FALSE,FALSE,Tier 1,no cis-eQTL in window
SLC39A5,ENSG00000139540,12,0,0,FALSE,FALSE,Tier 3B,no SNP below 5e-8
SLC39A6,ENSG00000141424,18,1,120,TRUE,TRUE,Tier 3B,""
SLC3A2,ENSG00000168003,11,1,16,TRUE,TRUE,Tier 3B,""
SLC40A1,ENSG00000138449,2,5,2180,TRUE,FALSE,Tier 1,""
SLC41A2,ENSG00000136052,12,2,471,TRUE,FALSE,Tier 3B,""
SLC44A1,ENSG00000070214,9,2,314,TRUE,FALSE,Tier 3B,""
SLC44A4,ENSG00000204385,6,0,0,FALSE,FALSE,Tier 1,no cis-eQTL in window
SLC47A1,ENSG00000142494,17,3,1123,TRUE,FALSE,Tier 1,""
SLC47A2,ENSG00000180638,17,0,0,FALSE,FALSE,Tier 1,no cis-eQTL in window
SLC4A1,ENSG00000004939,17,1,243,TRUE,TRUE,Tier 3A,""
SLC4A3,ENSG00000114923,2,0,0,FALSE,FALSE,Tier 3B,no SNP below 5e-8
SLC5A1,ENSG00000100170,22,0,0,FALSE,FALSE,Tier 1,no cis-eQTL in window
SLC5A10,ENSG00000154025,17,1,94,TRUE,TRUE,Tier 2,""
SLC5A11,ENSG00000158865,16,3,715,TRUE,FALSE,Tier 2,""
SLC5A2,ENSG00000140675,16,1,26,TRUE,TRUE,Tier 1,""
SLC5A3,ENSG00000198743,21,1,504,TRUE,TRUE,Tier 2,""
SLC5A4,ENSG00000100191,22,0,0,FALSE,FALSE,Tier 1,no cis-eQTL in window
SLC5A6,ENSG00000138074,2,3,1176,TRUE,FALSE,Tier 1,""
SLC5A7,ENSG00000115665,2,0,0,FALSE,FALSE,Tier 2,no cis-eQTL in window
SLC5A9,ENSG00000117834,1,1,52,TRUE,TRUE,Tier 2,""
SLC6A1,ENSG00000157103,3,0,0,FALSE,FALSE,Tier 1,no cis-eQTL in window
SLC6A11,ENSG00000132164,3,0,0,FALSE,FALSE,Tier 2,no cis-eQTL in window
SLC6A12,ENSG00000111181,12,3,599,TRUE,FALSE,Tier 3B,""
SLC6A13,ENSG00000010379,12,2,37,TRUE,FALSE,Tier 2,""
SLC6A14,ENSG00000087916,X,0,0,FALSE,FALSE,Tier 3B,non-autosomal chr skipped
SLC6A15,ENSG00000072041,12,0,0,FALSE,FALSE,Tier 3B,no cis-eQTL in window
SLC6A16,ENSG00000063127,19,2,387,TRUE,FALSE,Tier 3B,""
SLC6A17,ENSG00000197106,1,0,0,FALSE,FALSE,Tier 3B,no cis-eQTL in window
SLC6A18,ENSG00000164363,5,0,0,FALSE,FALSE,Tier 3B,no cis-eQTL in window
SLC6A19,ENSG00000174358,5,1,53,TRUE,TRUE,Tier 3B,""
SLC6A2,ENSG00000103546,16,0,0,FALSE,FALSE,Tier 1,no cis-eQTL in window
SLC6A20,ENSG00000163817,3,1,309,TRUE,TRUE,Tier 3B,""
SLC6A3,ENSG00000142319,5,0,0,FALSE,FALSE,Tier 1,no cis-eQTL in window
SLC6A4,ENSG00000108576,17,0,0,FALSE,FALSE,Tier 1,no SNP below 5e-8
SLC6A5,ENSG00000165970,11,0,0,FALSE,FALSE,Tier 2,no cis-eQTL in window
SLC6A6,ENSG00000131389,3,2,176,TRUE,FALSE,Tier 1,""
SLC6A7,ENSG00000011083,5,0,0,FALSE,FALSE,Tier 3A,no cis-eQTL in window
SLC6A8,ENSG00000130821,X,0,0,FALSE,FALSE,Tier 2,non-autosomal chr skipped
SLC6A9,ENSG00000196517,1,1,41,TRUE,TRUE,Tier 1,""
SLC7A5,ENSG00000103257,16,3,811,TRUE,FALSE,Tier 1,""
SLC7A7,ENSG00000155465,14,3,443,TRUE,FALSE,Tier 1,""
SLC7A8,ENSG00000092068,14,4,526,TRUE,FALSE,Tier 1,""
SLC9A1,ENSG00000090020,1,1,421,TRUE,TRUE,Tier 1,""
SLC9A3,ENSG00000066230,5,4,1774,TRUE,FALSE,Tier 1,""
SLCO1A2,ENSG00000084453,12,0,0,FALSE,FALSE,Tier 1,no cis-eQTL in window
SLCO1B1,ENSG00000134538,12,0,0,FALSE,FALSE,Tier 1,no cis-eQTL in window
SLCO1B3,ENSG00000111700,12,0,0,FALSE,FALSE,Tier 1,no cis-eQTL in window
SLCO1C1,ENSG00000139155,12,0,0,FALSE,FALSE,Tier 1,no cis-eQTL in window
SLCO2A1,ENSG00000174640,3,0,0,FALSE,FALSE,Tier 1,no cis-eQTL in window
SLCO2B1,ENSG00000137491,11,0,0,FALSE,FALSE,Tier 1,no cis-eQTL in window
SLCO3A1,ENSG00000176463,15,7,1154,TRUE,FALSE,Tier 1,""
SLCO4A1,ENSG00000101187,20,1,47,TRUE,TRUE,Tier 1,""
SLCO4C1,ENSG00000173930,5,3,2746,TRUE,FALSE,Tier 1,""
SLCO5A1,ENSG00000137571,8,1,48,TRUE,TRUE,Tier 1,""
SLCO6A1,ENSG00000205359,5,0,0,FALSE,FALSE,Tier 1,no cis-eQTL in window
SLIT1,ENSG00000187122,10,0,0,FALSE,FALSE,Tier 3A,no cis-eQTL in window
SLIT2,ENSG00000145147,4,0,0,FALSE,FALSE,Tier 3A,no cis-eQTL in window
SLIT3,ENSG00000184347,5,0,0,FALSE,FALSE,Tier 3A,no cis-eQTL in window
SLITRK4,ENSG00000179542,X,0,0,FALSE,FALSE,Tier 3B,non-autosomal chr skipped
SLK,ENSG00000065613,10,3,928,TRUE,FALSE,Tier 1,""
SLPI,ENSG00000124107,20,3,668,TRUE,FALSE,Tier 3B,""
SLURP1,ENSG00000126233,8,0,0,FALSE,FALSE,Tier 3B,no cis-eQTL in window
SMAD3,ENSG00000166949,15,2,668,TRUE,FALSE,Tier 2,""
SMC3,ENSG00000108055,10,1,116,TRUE,TRUE,Tier 3B,""
SMG1,ENSG00000157106,16,2,414,TRUE,FALSE,Tier 2,""
SMN1,ENSG00000172062,5,0,7,FALSE,FALSE,Tier 1,no SNP below 5e-8
SMN2,ENSG00000205571,5,5,546,TRUE,FALSE,Tier 1,""
SMO,ENSG00000128602,7,1,117,TRUE,TRUE,Tier 1,""
SMOC1,ENSG00000198732,14,0,0,FALSE,FALSE,Tier 3A,no SNP below 5e-8
SMOC2,ENSG00000112562,6,0,0,FALSE,FALSE,Tier 3A,no cis-eQTL in window
SMPD1,ENSG00000166311,11,1,33,TRUE,TRUE,Tier 3B,""
SMPD2,ENSG00000135587,6,2,1748,TRUE,FALSE,Tier 2,""
SMPDL3A,ENSG00000172594,6,4,1704,TRUE,FALSE,Tier 3B,""
SMPDL3B,ENSG00000130768,1,1,309,TRUE,TRUE,Tier 3B,""
SMR3A,ENSG00000109208,4,0,0,FALSE,FALSE,Tier 3B,no cis-eQTL in window
SMR3B,ENSG00000171201,4,0,0,FALSE,FALSE,Tier 3B,no cis-eQTL in window
SMS,ENSG00000102172,X,0,0,FALSE,FALSE,Tier 2,non-autosomal chr skipped
SNAP23,ENSG00000092531,15,1,665,TRUE,TRUE,Tier 2,""
SNAP25,ENSG00000132639,20,0,0,FALSE,FALSE,Tier 1,no cis-eQTL in window
SNAP29,ENSG00000099940,22,4,1164,TRUE,FALSE,Tier 3B,""
SNCA,ENSG00000145335,4,3,1106,TRUE,FALSE,Tier 2,""
SNRK,ENSG00000163788,3,1,408,TRUE,TRUE,Tier 2,""
SOAT1,ENSG00000057252,1,4,2966,TRUE,FALSE,Tier 2,""
SOAT2,ENSG00000167780,12,1,299,TRUE,TRUE,Tier 2,""
SOD1,ENSG00000142168,21,1,132,TRUE,TRUE,Tier 1,""
SOD2,ENSG00000112096,6,5,1050,TRUE,FALSE,Tier 1,""
SOD3,ENSG00000109610,4,0,0,FALSE,FALSE,Tier 1,no cis-eQTL in window
SOGA1,ENSG00000149639,20,0,0,FALSE,FALSE,Tier 3B,no SNP below 5e-8
SORD,ENSG00000140263,15,1,597,TRUE,TRUE,Tier 2,""
SOST,ENSG00000167941,17,0,0,FALSE,FALSE,Tier 1,no cis-eQTL in window
SOSTDC1,ENSG00000171243,7,0,0,FALSE,FALSE,Tier 3A,no cis-eQTL in window
SPACA3,ENSG00000141316,17,1,380,TRUE,TRUE,Tier 3B,""
SPACA5,ENSG00000171489,X,0,0,FALSE,FALSE,Tier 3B,non-autosomal chr skipped
SPACA5B,ENSG00000171478,X,0,0,FALSE,FALSE,Tier 3B,non-autosomal chr skipped
SPAG11A,ENSG00000178287,8,0,0,FALSE,FALSE,Tier 3B,no cis-eQTL in window
SPAG11B,ENSG00000164871,8,0,0,FALSE,FALSE,Tier 3B,no cis-eQTL in window
SPAM1,ENSG00000106304,7,0,0,FALSE,FALSE,Tier 3B,no cis-eQTL in window
SPARC,ENSG00000113140,5,2,643,TRUE,FALSE,Tier 3B,""
SPARCL1,ENSG00000152583,4,0,0,FALSE,FALSE,Tier 3B,no cis-eQTL in window
SPEG,ENSG00000072195,2,1,25,TRUE,TRUE,Tier 3B,""
SPHK1,ENSG00000176170,17,2,579,TRUE,FALSE,Tier 2,""
SPINK1,ENSG00000164266,5,0,0,FALSE,FALSE,Tier 3A,no cis-eQTL in window
SPINK2,ENSG00000128040,4,3,363,TRUE,FALSE,Tier 3B,""
SPINK4,ENSG00000122711,9,0,0,FALSE,FALSE,Tier 3A,no cis-eQTL in window
SPINK5,ENSG00000133710,5,0,0,FALSE,FALSE,Tier 3B,no cis-eQTL in window
SPINK6,ENSG00000178172,5,0,0,FALSE,FALSE,Tier 3B,no cis-eQTL in window
SPINK9,ENSG00000204909,5,0,0,FALSE,FALSE,Tier 3B,no cis-eQTL in window
SPINT1,ENSG00000166145,15,2,698,TRUE,FALSE,Tier 3A,""
SPINT2,ENSG00000167642,19,3,970,TRUE,FALSE,Tier 3A,""
SPINT3,ENSG00000101446,20,0,0,FALSE,FALSE,Tier 3A,no cis-eQTL in window
SPINT4,ENSG00000149651,20,0,0,FALSE,FALSE,Tier 3B,no cis-eQTL in window
SPN,ENSG00000197471,16,1,86,TRUE,TRUE,Tier 3B,""
SPOCK1,ENSG00000152377,5,1,26,TRUE,TRUE,Tier 3B,""
SPOCK2,ENSG00000107742,10,3,1153,TRUE,FALSE,Tier 3A,""
SPOCK3,ENSG00000196104,4,0,0,FALSE,FALSE,Tier 3A,no cis-eQTL in window
SPON2,ENSG00000159674,4,3,867,TRUE,FALSE,Tier 3B,""
SPP1,ENSG00000118785,4,5,1982,TRUE,FALSE,Tier 1,""
SPP2,ENSG00000072080,2,0,0,FALSE,FALSE,Tier 3B,no cis-eQTL in window
SQLE,ENSG00000104549,8,1,319,TRUE,TRUE,Tier 1,""
SRC,ENSG00000197122,20,3,135,TRUE,FALSE,Tier 1,""
SRD5A1,ENSG00000145545,5,2,445,TRUE,FALSE,Tier 1,""
SRD5A2,ENSG00000049319,2,0,0,FALSE,FALSE,Tier 1,no cis-eQTL in window
SRD5A3,ENSG00000128039,4,6,2097,TRUE,FALSE,Tier 1,""
SREBF2,ENSG00000198911,22,0,23,FALSE,FALSE,Tier 2,no SNP below 5e-8
SRGN,ENSG00000122862,10,2,1387,TRUE,FALSE,Tier 3B,""
SRM,ENSG00000116649,1,2,37,TRUE,FALSE,Tier 2,""
SRMS,ENSG00000125508,20,0,0,FALSE,FALSE,Tier 1,no SNP below 5e-8
SRPK1,ENSG00000096063,6,4,1281,TRUE,FALSE,Tier 1,""
SRPK2,ENSG00000135250,7,1,696,TRUE,TRUE,Tier 1,""
SRPK3,ENSG00000184343,X,0,0,FALSE,FALSE,Tier 1,non-autosomal chr skipped
SRPX2,ENSG00000102359,X,0,0,FALSE,FALSE,Tier 3B,non-autosomal chr skipped
SSR1,ENSG00000124783,6,3,993,TRUE,FALSE,Tier 3A,""
SSR2,ENSG00000163479,1,0,0,FALSE,FALSE,Tier 3A,no SNP below 5e-8
SST,ENSG00000157005,3,0,0,FALSE,FALSE,Tier 1,no cis-eQTL in window
SSTR1,ENSG00000139874,14,0,0,FALSE,FALSE,Tier 1,no cis-eQTL in window
SSTR2,ENSG00000180616,17,0,0,FALSE,FALSE,Tier 1,no cis-eQTL in window
SSTR3,ENSG00000183473,22,2,289,TRUE,FALSE,Tier 1,""
SSTR4,ENSG00000132671,20,0,0,FALSE,FALSE,Tier 1,no cis-eQTL in window
SSTR5,ENSG00000162009,16,0,0,FALSE,FALSE,Tier 1,no cis-eQTL in window
ST14,ENSG00000149418,11,3,589,TRUE,FALSE,Tier 2,""
ST3GAL1,ENSG00000008513,8,4,391,TRUE,FALSE,Tier 3B,""
ST3GAL2,ENSG00000157350,16,2,172,TRUE,FALSE,Tier 3A,""
ST3GAL3,ENSG00000126091,1,1,405,TRUE,TRUE,Tier 3A,""
ST3GAL4,ENSG00000110080,11,1,321,TRUE,TRUE,Tier 3A,""
ST6GAL1,ENSG00000073849,3,6,636,TRUE,FALSE,Tier 3A,""
STAT1,ENSG00000115415,2,2,80,TRUE,FALSE,Tier 2,""
STAT3,ENSG00000168610,17,3,941,TRUE,FALSE,Tier 1,""
STAT5A,ENSG00000126561,17,1,279,TRUE,TRUE,Tier 2,""
STAT5B,ENSG00000173757,17,1,103,TRUE,TRUE,Tier 2,""
STAT6,ENSG00000166888,12,6,1611,TRUE,FALSE,Tier 2,""
STATH,ENSG00000126549,4,0,0,FALSE,FALSE,Tier 3B,no cis-eQTL in window
STC1,ENSG00000159167,8,0,0,FALSE,FALSE,Tier 3A,no cis-eQTL in window
STEAP1,ENSG00000164647,7,0,0,FALSE,FALSE,Tier 1,no cis-eQTL in window
STIM2,ENSG00000109689,4,4,471,TRUE,FALSE,Tier 3A,""
STK10,ENSG00000072786,5,3,400,TRUE,FALSE,Tier 1,""
STK11,ENSG00000118046,19,2,194,TRUE,FALSE,Tier 1,""
STK16,ENSG00000115661,2,0,3,FALSE,FALSE,Tier 1,no SNP below 5e-8
STK17A,ENSG00000164543,7,1,307,TRUE,TRUE,Tier 1,""
STK17B,ENSG00000081320,2,2,1039,TRUE,FALSE,Tier 1,""
STK24,ENSG00000102572,13,2,378,TRUE,FALSE,Tier 1,""
STK25,ENSG00000115694,2,2,359,TRUE,FALSE,Tier 1,""
STK3,ENSG00000104375,8,1,220,TRUE,TRUE,Tier 1,""
STK32A,ENSG00000169302,5,0,0,FALSE,FALSE,Tier 2,no cis-eQTL in window
STK32B,ENSG00000152953,4,2,135,TRUE,FALSE,Tier 2,""
STK32C,ENSG00000165752,10,6,1270,TRUE,FALSE,Tier 2,""
STK33,ENSG00000130413,11,3,989,TRUE,FALSE,Tier 1,""
STK35,ENSG00000125834,20,1,213,TRUE,TRUE,Tier 1,""
STK36,ENSG00000163482,2,1,646,TRUE,TRUE,Tier 2,""
STK38,ENSG00000112079,6,1,416,TRUE,TRUE,Tier 2,""
STK38L,ENSG00000211455,12,1,472,TRUE,TRUE,Tier 2,""
STK39,ENSG00000198648,2,2,965,TRUE,FALSE,Tier 2,""
STK4,ENSG00000101109,20,1,226,TRUE,TRUE,Tier 1,""
STK40,ENSG00000196182,1,1,18,TRUE,TRUE,Tier 3B,""
STS,ENSG00000101846,X,0,0,FALSE,FALSE,Tier 1,non-autosomal chr skipped
STX1A,ENSG00000106089,7,1,121,TRUE,TRUE,Tier 3B,""
STYK1,ENSG00000060140,12,2,468,TRUE,FALSE,Tier 3B,""
SUCNR1,ENSG00000198829,3,1,238,TRUE,TRUE,Tier 2,""
SULF1,ENSG00000137573,8,0,0,FALSE,FALSE,Tier 1,no cis-eQTL in window
SULT1A1,ENSG00000196502,16,4,690,TRUE,FALSE,Tier 1,""
SULT1A2,ENSG00000197165,16,3,974,TRUE,FALSE,Tier 1,""
SULT1A3,ENSG00000261052,16,0,0,FALSE,FALSE,Tier 1,no cis-eQTL in window
SULT1B1,ENSG00000173597,4,1,528,TRUE,TRUE,Tier 1,""
SULT1C2,ENSG00000198203,2,0,0,FALSE,FALSE,Tier 1,no cis-eQTL in window
SULT1E1,ENSG00000109193,4,0,0,FALSE,FALSE,Tier 1,no cis-eQTL in window
SULT2A1,ENSG00000105398,19,0,0,FALSE,FALSE,Tier 1,no cis-eQTL in window
SULT2B1,ENSG00000088002,19,2,162,TRUE,FALSE,Tier 1,""
SULT4A1,ENSG00000130540,22,0,0,FALSE,FALSE,Tier 1,no cis-eQTL in window
SUMF1,ENSG00000144455,3,6,1588,TRUE,FALSE,Tier 3A,""
SUV39H1,ENSG00000101945,X,0,0,FALSE,FALSE,Tier 2,non-autosomal chr skipped
SV2A,ENSG00000159164,1,1,46,TRUE,TRUE,Tier 1,""
SV2B,ENSG00000185518,15,0,2,FALSE,FALSE,Tier 2,no SNP below 5e-8
SV2C,ENSG00000122012,5,0,0,FALSE,FALSE,Tier 2,no cis-eQTL in window
SVOP,ENSG00000166111,12,0,0,FALSE,FALSE,Tier 3B,no cis-eQTL in window
SVOPL,ENSG00000157703,7,0,0,FALSE,FALSE,Tier 3B,no cis-eQTL in window
SYCN,ENSG00000179751,19,0,0,FALSE,FALSE,Tier 3A,no cis-eQTL in window
SYK,ENSG00000165025,9,4,1633,TRUE,FALSE,Tier 1,""
SYT15,ENSG00000204176,10,1,20,TRUE,TRUE,Tier 3B,""
TAAR1,ENSG00000146399,6,0,0,FALSE,FALSE,Tier 1,no cis-eQTL in window
TAAR2,ENSG00000146378,6,0,0,FALSE,FALSE,Tier 3B,no cis-eQTL in window
TAAR5,ENSG00000135569,6,0,0,FALSE,FALSE,Tier 3B,no cis-eQTL in window
TAAR6,ENSG00000146383,6,0,0,FALSE,FALSE,Tier 3B,no cis-eQTL in window
TAAR8,ENSG00000146385,6,0,0,FALSE,FALSE,Tier 3B,no cis-eQTL in window
TAAR9,ENSG00000237110,6,0,0,FALSE,FALSE,Tier 3B,no cis-eQTL in window
TAB1,ENSG00000100324,22,1,120,TRUE,TRUE,Tier 2,""
TAC1,ENSG00000006128,7,0,0,FALSE,FALSE,Tier 3B,no cis-eQTL in window
TAC3,ENSG00000166863,12,1,43,TRUE,TRUE,Tier 3B,""
TAC4,ENSG00000176358,17,1,111,TRUE,TRUE,Tier 3B,""
TACR1,ENSG00000115353,2,0,0,FALSE,FALSE,Tier 1,no cis-eQTL in window
TACR2,ENSG00000075073,10,1,231,TRUE,TRUE,Tier 1,""
TACR3,ENSG00000169836,4,0,0,FALSE,FALSE,Tier 1,no cis-eQTL in window
TAF1A,ENSG00000143498,1,1,441,TRUE,TRUE,Tier 1,""
TAOK1,ENSG00000160551,17,0,0,FALSE,FALSE,Tier 1,no SNP below 5e-8
TAOK2,ENSG00000149930,16,0,0,FALSE,FALSE,Tier 2,no SNP below 5e-8
TAOK3,ENSG00000135090,12,1,172,TRUE,TRUE,Tier 1,""
TAPBPL,ENSG00000139192,12,5,1137,TRUE,FALSE,Tier 3A,""
TARS,ENSG00000113407,5,2,298,TRUE,FALSE,Tier 2,""
TAS1R1,ENSG00000173662,1,0,0,FALSE,FALSE,Tier 3B,no cis-eQTL in window
TAS1R2,ENSG00000179002,1,0,0,FALSE,FALSE,Tier 3A,no cis-eQTL in window
TAS1R3,ENSG00000169962,1,1,419,TRUE,TRUE,Tier 3B,""
TAS2R16,ENSG00000128519,7,0,0,FALSE,FALSE,Tier 3B,no cis-eQTL in window
TBK1,ENSG00000183735,12,2,483,TRUE,FALSE,Tier 1,""
TBXA2R,ENSG00000006638,19,1,123,TRUE,TRUE,Tier 1,""
TBXAS1,ENSG00000059377,7,5,798,TRUE,FALSE,Tier 1,""
TCN1,ENSG00000134827,11,3,1165,TRUE,FALSE,Tier 3A,""
TCN2,ENSG00000185339,22,3,1386,TRUE,FALSE,Tier 3A,""
TDGF1,ENSG00000241186,3,0,0,FALSE,FALSE,Tier 1,no cis-eQTL in window
TDO2,ENSG00000151790,4,0,0,FALSE,FALSE,Tier 2,no cis-eQTL in window
TDP1,ENSG00000042088,14,2,416,TRUE,FALSE,Tier 1,""
TEC,ENSG00000135605,4,1,424,TRUE,TRUE,Tier 1,""
TECTA,ENSG00000109927,11,1,90,TRUE,TRUE,Tier 3B,""
TECTB,ENSG00000119913,10,0,0,FALSE,FALSE,Tier 3B,no cis-eQTL in window
TEK,ENSG00000120156,9,5,2011,TRUE,FALSE,Tier 1,""
TENM1,ENSG00000009694,X,0,0,FALSE,FALSE,Tier 3A,non-autosomal chr skipped
TERT,ENSG00000164362,5,0,2,FALSE,FALSE,Tier 2,no SNP below 5e-8
TESK1,ENSG00000107140,9,1,80,TRUE,TRUE,Tier 1,""
TESK2,ENSG00000070759,1,2,2182,TRUE,FALSE,Tier 2,""
TEX101,ENSG00000131126,19,3,2051,TRUE,FALSE,Tier 3B,""
TEX14,ENSG00000121101,17,1,765,TRUE,TRUE,Tier 3B,""
TF,ENSG00000091513,3,2,276,TRUE,FALSE,Tier 3A,""
TFF1,ENSG00000160182,21,0,0,FALSE,FALSE,Tier 3A,no cis-eQTL in window
TFF2,ENSG00000160181,21,0,0,FALSE,FALSE,Tier 3A,no cis-eQTL in window
TFF3,ENSG00000160180,21,3,190,TRUE,FALSE,Tier 3A,""
TFPI,ENSG00000003436,2,1,9,TRUE,TRUE,Tier 3A,""
TFPI2,ENSG00000105825,7,0,0,FALSE,FALSE,Tier 3A,no cis-eQTL in window
TFRC,ENSG00000072274,3,4,1096,TRUE,FALSE,Tier 1,""
TG,ENSG00000042832,8,3,887,TRUE,FALSE,Tier 3A,""
TGFA,ENSG00000163235,2,2,375,TRUE,FALSE,Tier 1,""
TGFB1,ENSG00000105329,19,0,16,FALSE,FALSE,Tier 1,no SNP below 5e-8
TGFB2,ENSG00000092969,1,1,87,TRUE,TRUE,Tier 1,""
TGFB3,ENSG00000119699,14,2,453,TRUE,FALSE,Tier 1,""
TGFBI,ENSG00000120708,5,6,1412,TRUE,FALSE,Tier 3B,""
TGFBR1,ENSG00000106799,9,2,235,TRUE,FALSE,Tier 1,""
TGFBR2,ENSG00000163513,3,2,212,TRUE,FALSE,Tier 1,""
TGFBR3,ENSG00000069702,1,2,315,TRUE,FALSE,Tier 3A,""
TGM1,ENSG00000092295,14,2,360,TRUE,FALSE,Tier 2,""
TGM2,ENSG00000198959,20,2,160,TRUE,FALSE,Tier 2,""
TGM3,ENSG00000125780,20,2,262,TRUE,FALSE,Tier 2,""
TGM6,ENSG00000166948,20,0,0,FALSE,FALSE,Tier 2,no cis-eQTL in window
TH,ENSG00000180176,11,0,0,FALSE,FALSE,Tier 1,no cis-eQTL in window
THBD,ENSG00000178726,20,3,561,TRUE,FALSE,Tier 3B,""
THBS1,ENSG00000137801,15,3,939,TRUE,FALSE,Tier 3A,""
THBS2,ENSG00000186340,6,2,240,TRUE,FALSE,Tier 3B,""
THBS3,ENSG00000169231,1,5,1659,TRUE,FALSE,Tier 3A,""
THBS4,ENSG00000113296,5,1,39,TRUE,TRUE,Tier 3B,""
THNSL2,ENSG00000144115,2,12,1561,TRUE,FALSE,Tier 3B,""
THPO,ENSG00000090534,3,0,0,FALSE,FALSE,Tier 1,no cis-eQTL in window
THRA,ENSG00000126351,17,2,381,TRUE,FALSE,Tier 1,""
THRB,ENSG00000151090,3,1,47,TRUE,TRUE,Tier 1,""
THSD1,ENSG00000136114,13,1,705,TRUE,TRUE,Tier 3B,""
THSD4,ENSG00000187720,15,0,0,FALSE,FALSE,Tier 3A,no cis-eQTL in window
THY1,ENSG00000154096,11,0,0,FALSE,FALSE,Tier 3B,no cis-eQTL in window
TIE1,ENSG00000066056,1,1,111,TRUE,TRUE,Tier 1,""
TIMP1,ENSG00000102265,X,0,0,FALSE,FALSE,Tier 3B,non-autosomal chr skipped
TIMP2,ENSG00000035862,17,3,515,TRUE,FALSE,Tier 3A,""
TIMP3,ENSG00000100234,22,1,146,TRUE,TRUE,Tier 3B,""
TIMP4,ENSG00000157150,3,0,0,FALSE,FALSE,Tier 3B,no cis-eQTL in window
TINAG,ENSG00000137251,6,0,0,FALSE,FALSE,Tier 3A,no cis-eQTL in window
TINAGL1,ENSG00000142910,1,0,0,FALSE,FALSE,Tier 3B,no cis-eQTL in window
TK1,ENSG00000167900,17,1,33,TRUE,TRUE,Tier 1,""
TK2,ENSG00000166548,16,3,1207,TRUE,FALSE,Tier 2,""
TKT,ENSG00000163931,3,4,1375,TRUE,FALSE,Tier 2,""
TLK1,ENSG00000198586,2,2,408,TRUE,FALSE,Tier 2,""
TLK2,ENSG00000146872,17,0,0,FALSE,FALSE,Tier 1,no SNP below 5e-8
TLL1,ENSG00000038295,4,0,0,FALSE,FALSE,Tier 3B,no cis-eQTL in window
TLL2,ENSG00000095587,10,0,0,FALSE,FALSE,Tier 3A,no cis-eQTL in window
TLN1,ENSG00000137076,9,0,8,FALSE,FALSE,Tier 3B,no SNP below 5e-8
TLR1,ENSG00000174125,4,2,272,TRUE,FALSE,Tier 3B,""
TLR10,ENSG00000174123,4,2,649,TRUE,FALSE,Tier 3B,""
TLR2,ENSG00000137462,4,2,131,TRUE,FALSE,Tier 3B,""
TLR3,ENSG00000164342,4,2,330,TRUE,FALSE,Tier 3B,""
TLR4,ENSG00000136869,9,7,2109,TRUE,FALSE,Tier 2,""
TLR5,ENSG00000187554,1,3,870,TRUE,FALSE,Tier 3B,""
TLR6,ENSG00000174130,4,2,612,TRUE,FALSE,Tier 3B,""
TLR7,ENSG00000196664,X,0,0,FALSE,FALSE,Tier 1,non-autosomal chr skipped
TLR8,ENSG00000101916,X,0,0,FALSE,FALSE,Tier 2,non-autosomal chr skipped
TLR9,ENSG00000239732,3,1,129,TRUE,TRUE,Tier 1,""
TM2D1,ENSG00000162604,1,2,330,TRUE,FALSE,Tier 3B,""
TM4SF1,ENSG00000169908,3,2,178,TRUE,FALSE,Tier 3B,""
TMED1,ENSG00000099203,19,2,203,TRUE,FALSE,Tier 3B,""
TMED10,ENSG00000170348,14,1,37,TRUE,TRUE,Tier 3A,""
TMED9,ENSG00000184840,5,4,752,TRUE,FALSE,Tier 3A,""
TMEFF2,ENSG00000144339,2,0,0,FALSE,FALSE,Tier 3A,no cis-eQTL in window
TMEM123,ENSG00000152558,11,2,122,TRUE,FALSE,Tier 3B,""
TMEM25,ENSG00000149582,11,0,0,FALSE,FALSE,Tier 3B,no SNP below 5e-8
TMEM256-PLSCR3,ENSG00000187838,17,1,292,TRUE,TRUE,Tier 3B,""
TMEM66,ENSG00000133872,8,2,584,TRUE,FALSE,Tier 3B,""
TMEM9B,ENSG00000175348,11,3,1439,TRUE,FALSE,Tier 3B,""
TMIGD2,ENSG00000167664,19,1,99,TRUE,TRUE,Tier 3B,""
TMPRSS11D,ENSG00000153802,4,0,0,FALSE,FALSE,Tier 2,no cis-eQTL in window
TMPRSS11E,ENSG00000087128,4,,22,,,Tier 3B,CLUMP_FAILED
TMPRSS2,ENSG00000184012,21,0,0,FALSE,FALSE,Tier 3B,no cis-eQTL in window
TMSB4X,ENSG00000205542,X,0,0,FALSE,FALSE,Tier 3A,non-autosomal chr skipped
TNC,ENSG00000041982,9,0,0,FALSE,FALSE,Tier 1,no SNP below 5e-8
TNF,ENSG00000232810,6,1,3066,TRUE,TRUE,Tier 1,""
TNFAIP2,ENSG00000185215,14,2,262,TRUE,FALSE,Tier 3A,""
TNFAIP6,ENSG00000123610,2,2,1200,TRUE,FALSE,Tier 3A,""
TNFRSF10A,ENSG00000104689,8,3,275,TRUE,FALSE,Tier 1,""
TNFRSF10B,ENSG00000120889,8,2,391,TRUE,FALSE,Tier 1,""
TNFRSF10C,ENSG00000173535,8,1,279,TRUE,TRUE,Tier 3B,""
TNFRSF10D,ENSG00000173530,8,3,204,TRUE,FALSE,Tier 3B,""
TNFRSF11A,ENSG00000141655,18,1,388,TRUE,TRUE,Tier 3A,""
TNFRSF11B,ENSG00000164761,8,0,0,FALSE,FALSE,Tier 3A,no cis-eQTL in window
TNFRSF12A,ENSG00000006327,16,0,2,FALSE,FALSE,Tier 1,no SNP below 5e-8
TNFRSF13B,ENSG00000240505,17,1,63,TRUE,TRUE,Tier 3A,""
TNFRSF13C,ENSG00000159958,22,3,667,TRUE,FALSE,Tier 1,""
TNFRSF14,ENSG00000157873,1,2,822,TRUE,FALSE,Tier 3A,""
TNFRSF17,ENSG00000048462,16,1,178,TRUE,TRUE,Tier 3A,""
TNFRSF18,ENSG00000186891,1,2,973,TRUE,FALSE,Tier 1,""
TNFRSF19,ENSG00000127863,13,1,18,TRUE,TRUE,Tier 3A,""
TNFRSF1A,ENSG00000067182,12,1,77,TRUE,TRUE,Tier 1,""
TNFRSF1B,ENSG00000028137,1,1,160,TRUE,TRUE,Tier 3B,""
TNFRSF21,ENSG00000146072,6,1,35,TRUE,TRUE,Tier 3A,""
TNFRSF25,ENSG00000215788,1,2,566,TRUE,FALSE,Tier 3A,""
TNFRSF4,ENSG00000186827,1,3,449,TRUE,FALSE,Tier 1,""
TNFRSF6B,ENSG00000243509,20,0,0,FALSE,FALSE,Tier 3A,no cis-eQTL in window
TNFRSF8,ENSG00000120949,1,1,67,TRUE,TRUE,Tier 1,""
TNFRSF9,ENSG00000049249,1,4,675,TRUE,FALSE,Tier 1,""
TNFSF10,ENSG00000121858,3,2,323,TRUE,FALSE,Tier 2,""
TNFSF11,ENSG00000120659,13,0,0,FALSE,FALSE,Tier 1,no SNP below 5e-8
TNFSF12,ENSG00000239697,17,4,1191,TRUE,FALSE,Tier 1,""
TNFSF13,ENSG00000161955,17,4,697,TRUE,FALSE,Tier 3A,""
TNFSF13B,ENSG00000102524,13,3,184,TRUE,FALSE,Tier 1,""
TNFSF14,ENSG00000125735,19,1,258,TRUE,TRUE,Tier 1,""
TNFSF15,ENSG00000181634,9,0,0,FALSE,FALSE,Tier 3A,no cis-eQTL in window
TNFSF4,ENSG00000117586,1,3,756,TRUE,FALSE,Tier 1,""
TNFSF8,ENSG00000106952,9,3,535,TRUE,FALSE,Tier 3B,""
TNIK,ENSG00000154310,3,3,433,TRUE,FALSE,Tier 1,""
TNK1,ENSG00000174292,17,1,39,TRUE,TRUE,Tier 1,""
TNK2,ENSG00000061938,3,3,131,TRUE,FALSE,Tier 1,""
TNKS,ENSG00000173273,8,3,538,TRUE,FALSE,Tier 2,""
TNKS2,ENSG00000107854,10,2,1038,TRUE,FALSE,Tier 1,""
TNN,ENSG00000120332,1,0,0,FALSE,FALSE,Tier 3A,no cis-eQTL in window
TNNC1,ENSG00000114854,3,1,208,TRUE,TRUE,Tier 2,""
TNNI3,ENSG00000129991,19,0,0,FALSE,FALSE,Tier 2,no cis-eQTL in window
TNNI3K,ENSG00000116783,1,0,0,FALSE,FALSE,Tier 1,no cis-eQTL in window
TNNT2,ENSG00000118194,1,0,0,FALSE,FALSE,Tier 2,no cis-eQTL in window
TNR,ENSG00000116147,1,0,0,FALSE,FALSE,Tier 3A,no cis-eQTL in window
TNXB,ENSG00000168477,6,2,4533,TRUE,FALSE,Tier 3A,""
TOP1,ENSG00000198900,20,0,0,FALSE,FALSE,Tier 1,no SNP below 5e-8
TOP1MT,ENSG00000184428,8,2,397,TRUE,FALSE,Tier 1,""
TOP2A,ENSG00000131747,17,0,2,FALSE,FALSE,Tier 1,no SNP below 5e-8
TOP2B,ENSG00000077097,3,1,171,TRUE,TRUE,Tier 1,""
TOR2A,ENSG00000160404,9,1,92,TRUE,TRUE,Tier 3B,""
TP53,ENSG00000141510,17,1,189,TRUE,TRUE,Tier 1,""
TPBG,ENSG00000146242,6,3,379,TRUE,FALSE,Tier 1,""
TPCN1,ENSG00000186815,12,1,116,TRUE,TRUE,Tier 3B,""
TPCN2,ENSG00000162341,11,6,1566,TRUE,FALSE,Tier 3B,""
TPH1,ENSG00000129167,11,1,230,TRUE,TRUE,Tier 2,""
TPH2,ENSG00000139287,12,0,0,FALSE,FALSE,Tier 2,no cis-eQTL in window
TPMT,ENSG00000137364,6,4,1429,TRUE,FALSE,Tier 1,""
TPO,ENSG00000115705,2,2,696,TRUE,FALSE,Tier 1,""
TPP1,ENSG00000166340,11,3,672,TRUE,FALSE,Tier 3B,""
TPSAB1,ENSG00000172236,16,4,818,TRUE,FALSE,Tier 2,""
TPSD1,ENSG00000095917,16,2,237,TRUE,FALSE,Tier 3B,""
TPT1,ENSG00000133112,13,0,5,FALSE,FALSE,Tier 3A,no SNP below 5e-8
TRAC,ENSG00000229164,14,2,98,TRUE,FALSE,Tier 1,""
TRAP1,ENSG00000126602,16,3,836,TRUE,FALSE,Tier 2,""
TRAV29DV5,ENSG00000211810,14,0,0,FALSE,FALSE,Tier 1,no SNP below 5e-8
TRAV8-4,ENSG00000211790,14,2,238,TRUE,FALSE,Tier 3B,""
TRBV7-1,ENSG00000211707,7,2,941,TRUE,FALSE,Tier 1,""
TREM1,ENSG00000124731,6,3,1116,TRUE,FALSE,Tier 3A,""
TRGV3,ENSG00000211699,7,3,1416,TRUE,FALSE,Tier 1,""
TRH,ENSG00000170893,3,0,0,FALSE,FALSE,Tier 3B,no cis-eQTL in window
TRHR,ENSG00000174417,8,0,0,FALSE,FALSE,Tier 1,no cis-eQTL in window
TRIB3,ENSG00000101255,20,4,540,TRUE,FALSE,Tier 3B,""
TRIO,ENSG00000038382,5,1,435,TRUE,TRUE,Tier 3B,""
TRPA1,ENSG00000104321,8,0,0,FALSE,FALSE,Tier 1,no cis-eQTL in window
TRPC1,ENSG00000144935,3,1,500,TRUE,TRUE,Tier 3A,""
TRPC3,ENSG00000138741,4,2,521,TRUE,FALSE,Tier 3B,""
TRPC4,ENSG00000133107,13,0,0,FALSE,FALSE,Tier 3A,no cis-eQTL in window
TRPC5,ENSG00000072315,X,0,0,FALSE,FALSE,Tier 3A,non-autosomal chr skipped
TRPC6,ENSG00000137672,11,3,1139,TRUE,FALSE,Tier 3B,""
TRPC7,ENSG00000069018,5,0,0,FALSE,FALSE,Tier 3B,no cis-eQTL in window
TRPM1,ENSG00000134160,15,0,0,FALSE,FALSE,Tier 3A,no cis-eQTL in window
TRPM2,ENSG00000142185,21,3,236,TRUE,FALSE,Tier 3B,""
TRPM3,ENSG00000083067,9,0,0,FALSE,FALSE,Tier 3B,no cis-eQTL in window
TRPM4,ENSG00000130529,19,3,326,TRUE,FALSE,Tier 3B,""
TRPM5,ENSG00000070985,11,0,1,FALSE,FALSE,Tier 3B,no SNP below 5e-8
TRPM6,ENSG00000119121,9,3,551,TRUE,FALSE,Tier 2,""
TRPM7,ENSG00000092439,15,2,697,TRUE,FALSE,Tier 3A,""
TRPM8,ENSG00000144481,2,0,0,FALSE,FALSE,Tier 1,no cis-eQTL in window
TRPV1,ENSG00000196689,17,1,44,TRUE,TRUE,Tier 1,""
TRPV2,ENSG00000187688,17,2,504,TRUE,FALSE,Tier 2,""
TRPV3,ENSG00000167723,17,1,23,TRUE,TRUE,Tier 1,""
TRPV4,ENSG00000111199,12,2,315,TRUE,FALSE,Tier 2,""
TRPV5,ENSG00000127412,7,3,521,TRUE,FALSE,Tier 3B,""
TRPV6,ENSG00000165125,7,1,285,TRUE,TRUE,Tier 3B,""
TSG101,ENSG00000074319,11,1,257,TRUE,TRUE,Tier 1,""
TSHB,ENSG00000134200,1,0,0,FALSE,FALSE,Tier 3B,no cis-eQTL in window
TSHR,ENSG00000165409,14,1,710,TRUE,TRUE,Tier 1,""
TSLP,ENSG00000145777,5,0,0,FALSE,FALSE,Tier 1,no cis-eQTL in window
TSPAN7,ENSG00000156298,X,0,0,FALSE,FALSE,Tier 3B,non-autosomal chr skipped
TSPEAR,ENSG00000175894,21,2,193,TRUE,FALSE,Tier 3B,""
TSPO,ENSG00000100300,22,3,1063,TRUE,FALSE,Tier 2,""
TSSK1B,ENSG00000212122,5,0,0,FALSE,FALSE,Tier 1,no cis-eQTL in window
TSSK2,ENSG00000206203,22,0,0,FALSE,FALSE,Tier 2,no cis-eQTL in window
TSSK3,ENSG00000162526,1,0,1,FALSE,FALSE,Tier 3B,no SNP below 5e-8
TSSK4,ENSG00000139908,14,1,18,TRUE,TRUE,Tier 3B,""
TSSK6,ENSG00000178093,19,1,495,TRUE,TRUE,Tier 3B,""
TTBK1,ENSG00000146216,6,0,0,FALSE,FALSE,Tier 3B,no cis-eQTL in window
TTBK2,ENSG00000128881,15,1,325,TRUE,TRUE,Tier 3B,""
TTK,ENSG00000112742,6,1,141,TRUE,TRUE,Tier 1,""
TTL,ENSG00000114999,2,2,417,TRUE,FALSE,Tier 2,""
TTN,ENSG00000155657,2,1,140,TRUE,TRUE,Tier 3A,""
TTR,ENSG00000118271,18,0,0,FALSE,FALSE,Tier 1,no cis-eQTL in window
TUB,ENSG00000166402,11,1,273,TRUE,TRUE,Tier 3A,""
TUBA1A,ENSG00000167552,12,1,134,TRUE,TRUE,Tier 3B,""
TUBA1B,ENSG00000123416,12,1,211,TRUE,TRUE,Tier 3A,""
TUBA1C,ENSG00000167553,12,3,787,TRUE,FALSE,Tier 3B,""
TUBA3C,ENSG00000198033,13,0,0,FALSE,FALSE,Tier 3B,no cis-eQTL in window
TUBA3D,ENSG00000075886,2,0,0,FALSE,FALSE,Tier 3B,no SNP below 5e-8
TUBA3E,ENSG00000152086,2,0,0,FALSE,FALSE,Tier 3B,no cis-eQTL in window
TUBA4A,ENSG00000127824,2,1,125,TRUE,TRUE,Tier 3B,""
TUBA8,ENSG00000183785,22,0,0,FALSE,FALSE,Tier 3B,no SNP below 5e-8
TUBAL3,ENSG00000178462,10,0,0,FALSE,FALSE,Tier 3B,no cis-eQTL in window
TUBB,ENSG00000196230,6,3,1476,TRUE,FALSE,Tier 1,""
TUBB1,ENSG00000101162,20,1,5,TRUE,TRUE,Tier 1,""
TUBB2A,ENSG00000137267,6,6,564,TRUE,FALSE,Tier 1,""
TUBB2B,ENSG00000137285,6,2,148,TRUE,FALSE,Tier 1,""
TUBB3,ENSG00000198211,16,0,0,FALSE,FALSE,Tier 2,no cis-eQTL in window
TUBB4A,ENSG00000104833,19,1,116,TRUE,TRUE,Tier 1,""
TUBB4B,ENSG00000188229,9,0,0,FALSE,FALSE,Tier 1,no SNP below 5e-8
TUBB6,ENSG00000176014,18,7,1745,TRUE,FALSE,Tier 1,""
TUBB8,ENSG00000173876,10,0,0,FALSE,FALSE,Tier 2,no SNP below 5e-8
TUBD1,ENSG00000108423,17,1,362,TRUE,TRUE,Tier 3B,""
TUBE1,ENSG00000074935,6,1,242,TRUE,TRUE,Tier 3B,""
TUBG1,ENSG00000131462,17,0,0,FALSE,FALSE,Tier 3B,no SNP below 5e-8
TUBG2,ENSG00000037042,17,1,292,TRUE,TRUE,Tier 3B,""
TUFT1,ENSG00000143367,1,2,167,TRUE,FALSE,Tier 3B,""
TULP1,ENSG00000112041,6,0,0,FALSE,FALSE,Tier 3A,no cis-eQTL in window
TULP2,ENSG00000104804,19,1,41,TRUE,TRUE,Tier 3B,""
TULP3,ENSG00000078246,12,1,181,TRUE,TRUE,Tier 3B,""
TWSG1,ENSG00000128791,18,1,701,TRUE,TRUE,Tier 3A,""
TXK,ENSG00000074966,4,2,1029,TRUE,FALSE,Tier 1,""
TXN,ENSG00000136810,9,3,433,TRUE,FALSE,Tier 2,""
TXNDC12,ENSG00000117862,1,4,1325,TRUE,FALSE,Tier 3B,""
TXNRD1,ENSG00000198431,12,1,1243,TRUE,TRUE,Tier 1,""
TXNRD2,ENSG00000184470,22,3,263,TRUE,FALSE,Tier 2,""
TXNRD3,ENSG00000197763,3,1,589,TRUE,TRUE,Tier 2,""
TYK2,ENSG00000105397,19,3,747,TRUE,FALSE,Tier 1,""
TYMP,ENSG00000025708,22,5,1133,TRUE,FALSE,Tier 2,""
TYMS,ENSG00000176890,18,1,388,TRUE,TRUE,Tier 1,""
TYR,ENSG00000077498,11,0,0,FALSE,FALSE,Tier 1,no cis-eQTL in window
TYRO3,ENSG00000092445,15,0,0,FALSE,FALSE,Tier 1,no SNP below 5e-8
TYRP1,ENSG00000107165,9,0,0,FALSE,FALSE,Tier 1,no cis-eQTL in window
UBA2,ENSG00000126261,19,1,127,TRUE,TRUE,Tier 2,""
UBA6,ENSG00000033178,4,2,264,TRUE,FALSE,Tier 2,""
UBE2N,ENSG00000177889,12,1,76,TRUE,TRUE,Tier 2,""
UCHL1,ENSG00000154277,4,1,130,TRUE,TRUE,Tier 2,""
UCHL3,ENSG00000118939,13,1,138,TRUE,TRUE,Tier 2,""
UCMA,ENSG00000165623,10,0,0,FALSE,FALSE,Tier 3B,no cis-eQTL in window
UCN,ENSG00000163794,2,0,20,FALSE,FALSE,Tier 3B,no SNP below 5e-8
UCN2,ENSG00000145040,3,0,0,FALSE,FALSE,Tier 3B,no cis-eQTL in window
UCN3,ENSG00000178473,10,0,0,FALSE,FALSE,Tier 3B,no cis-eQTL in window
UGCG,ENSG00000148154,9,2,428,TRUE,FALSE,Tier 1,""
UGGT1,ENSG00000136731,2,2,430,TRUE,FALSE,Tier 3B,""
UGT1A1,ENSG00000242366,2,0,0,FALSE,FALSE,Tier 1,no cis-eQTL in window
UGT1A10,ENSG00000242515,2,0,0,FALSE,FALSE,Tier 1,no cis-eQTL in window
UGT1A3,ENSG00000243135,2,0,0,FALSE,FALSE,Tier 1,no cis-eQTL in window
UGT1A4,ENSG00000244474,2,0,0,FALSE,FALSE,Tier 1,no cis-eQTL in window
UGT1A5,ENSG00000240224,2,0,0,FALSE,FALSE,Tier 1,no cis-eQTL in window
UGT1A6,ENSG00000167165,2,0,0,FALSE,FALSE,Tier 1,no cis-eQTL in window
UGT1A7,ENSG00000244122,2,0,0,FALSE,FALSE,Tier 1,no cis-eQTL in window
UGT1A8,ENSG00000241635,2,0,0,FALSE,FALSE,Tier 1,no cis-eQTL in window
UGT1A9,ENSG00000241119,2,0,0,FALSE,FALSE,Tier 1,no cis-eQTL in window
UGT2A1,ENSG00000173610,4,0,0,FALSE,FALSE,Tier 1,no cis-eQTL in window
UGT2A1,ENSG00000270386,4,0,0,FALSE,FALSE,Tier 1,no cis-eQTL in window
UGT2B10,ENSG00000109181,4,0,0,FALSE,FALSE,Tier 1,no cis-eQTL in window
UGT2B11,ENSG00000213759,4,2,2491,TRUE,FALSE,Tier 1,""
UGT2B15,ENSG00000196620,4,0,0,FALSE,FALSE,Tier 1,no cis-eQTL in window
UGT2B17,ENSG00000197888,4,2,1731,TRUE,FALSE,Tier 1,""
UGT2B28,ENSG00000135226,4,1,779,TRUE,TRUE,Tier 1,""
UGT2B4,ENSG00000156096,4,0,0,FALSE,FALSE,Tier 1,no cis-eQTL in window
UGT2B7,ENSG00000171234,4,0,0,FALSE,FALSE,Tier 1,no cis-eQTL in window
UGT8,ENSG00000174607,4,1,612,TRUE,TRUE,Tier 1,""
UHMK1,ENSG00000152332,1,2,465,TRUE,FALSE,Tier 3B,""
ULBP1,ENSG00000111981,6,0,0,FALSE,FALSE,Tier 3A,no cis-eQTL in window
ULBP2,ENSG00000131015,6,1,14,TRUE,TRUE,Tier 3A,""
ULK1,ENSG00000177169,12,1,351,TRUE,TRUE,Tier 1,""
ULK2,ENSG00000083290,17,1,682,TRUE,TRUE,Tier 1,""
ULK3,ENSG00000140474,15,2,1751,TRUE,FALSE,Tier 1,""
ULK4,ENSG00000168038,3,2,2442,TRUE,FALSE,Tier 3B,""
UMOD,ENSG00000169344,16,0,0,FALSE,FALSE,Tier 3A,no cis-eQTL in window
UMPS,ENSG00000114491,3,1,589,TRUE,TRUE,Tier 2,""
UPK3A,ENSG00000100373,22,4,684,TRUE,FALSE,Tier 3B,""
UPP1,ENSG00000183696,7,3,1028,TRUE,FALSE,Tier 2,""
USH2A,ENSG00000042781,1,0,0,FALSE,FALSE,Tier 3A,no cis-eQTL in window
USP2,ENSG00000036672,11,0,0,FALSE,FALSE,Tier 2,no cis-eQTL in window
USP47,ENSG00000170242,11,2,530,TRUE,FALSE,Tier 2,""
USP7,ENSG00000187555,16,1,114,TRUE,TRUE,Tier 2,""
UTP11L,ENSG00000183520,1,2,494,TRUE,FALSE,Tier 3B,""
UTS2,ENSG00000049247,1,3,772,TRUE,FALSE,Tier 2,""
UTS2B,ENSG00000188958,3,2,375,TRUE,FALSE,Tier 3A,""
UTS2R,ENSG00000181408,17,0,0,FALSE,FALSE,Tier 1,no cis-eQTL in window
VAMP1,ENSG00000139190,12,3,848,TRUE,FALSE,Tier 2,""
VAMP2,ENSG00000220205,17,2,277,TRUE,FALSE,Tier 1,""
VAMP7,ENSG00000124333,X,0,0,FALSE,FALSE,Tier 3B,non-autosomal chr skipped
VAMP8,ENSG00000118640,2,4,997,TRUE,FALSE,Tier 3B,""
VASH1,ENSG00000071246,14,7,1185,TRUE,FALSE,Tier 3B,""
VASN,ENSG00000168140,16,0,0,FALSE,FALSE,Tier 3B,no SNP below 5e-8
VCAM1,ENSG00000162692,1,2,576,TRUE,FALSE,Tier 2,""
VCAN,ENSG00000038427,5,1,148,TRUE,TRUE,Tier 3A,""
VCL,ENSG00000035403,10,5,1140,TRUE,FALSE,Tier 3B,""
VCP,ENSG00000165280,9,1,917,TRUE,TRUE,Tier 2,""
VDR,ENSG00000111424,12,3,1426,TRUE,FALSE,Tier 1,""
VEGFA,ENSG00000112715,6,3,317,TRUE,FALSE,Tier 1,""
VEGFB,ENSG00000173511,11,1,203,TRUE,TRUE,Tier 1,""
VEGFC,ENSG00000150630,4,0,0,FALSE,FALSE,Tier 3B,no SNP below 5e-8
VGF,ENSG00000128564,7,0,0,FALSE,FALSE,Tier 3A,no cis-eQTL in window
VIM,ENSG00000026025,10,3,476,TRUE,FALSE,Tier 1,""
VIMP,ENSG00000131871,15,1,173,TRUE,TRUE,Tier 3A,""
VIP,ENSG00000146469,6,0,0,FALSE,FALSE,Tier 3B,no cis-eQTL in window
VIPR1,ENSG00000114812,3,6,1502,TRUE,FALSE,Tier 2,""
VIPR2,ENSG00000106018,7,2,686,TRUE,FALSE,Tier 2,""
VIT,ENSG00000205221,2,1,632,TRUE,TRUE,Tier 3B,""
VKORC1,ENSG00000167397,16,1,489,TRUE,TRUE,Tier 1,""
VKORC1L1,ENSG00000196715,7,4,4435,TRUE,FALSE,Tier 3B,""
VMO1,ENSG00000182853,17,3,220,TRUE,FALSE,Tier 3A,""
VN1R1,ENSG00000178201,19,2,420,TRUE,FALSE,Tier 3B,""
VN1R2,ENSG00000196131,19,0,0,FALSE,FALSE,Tier 3B,no cis-eQTL in window
VPREB1,ENSG00000169575,22,2,287,TRUE,FALSE,Tier 3B,""
VRK1,ENSG00000100749,14,1,548,TRUE,TRUE,Tier 3A,""
VRK2,ENSG00000028116,2,1,1655,TRUE,TRUE,Tier 1,""
VSIG2,ENSG00000019102,11,1,68,TRUE,TRUE,Tier 3A,""
VSIG4,ENSG00000155659,X,0,0,FALSE,FALSE,Tier 3B,non-autosomal chr skipped
VSTM1,ENSG00000189068,19,4,569,TRUE,FALSE,Tier 3A,""
VWA1,ENSG00000179403,1,0,0,FALSE,FALSE,Tier 3B,no cis-eQTL in window
VWA2,ENSG00000165816,10,0,0,FALSE,FALSE,Tier 3B,no cis-eQTL in window
VWC2,ENSG00000188730,7,0,0,FALSE,FALSE,Tier 3B,no cis-eQTL in window
VWF,ENSG00000110799,12,4,1006,TRUE,FALSE,Tier 1,""
WDR1,ENSG00000071127,4,1,1420,TRUE,TRUE,Tier 3A,""
WDR5,ENSG00000196363,9,1,100,TRUE,TRUE,Tier 2,""
WEE1,ENSG00000166483,11,2,1033,TRUE,FALSE,Tier 2,""
WEE2,ENSG00000214102,7,0,0,FALSE,FALSE,Tier 1,no cis-eQTL in window
WFDC2,ENSG00000101443,20,0,0,FALSE,FALSE,Tier 3A,no SNP below 5e-8
WFIKKN1,ENSG00000127578,16,2,592,TRUE,FALSE,Tier 3A,""
WFIKKN2,ENSG00000173714,17,0,0,FALSE,FALSE,Tier 3B,no cis-eQTL in window
WIF1,ENSG00000156076,12,0,0,FALSE,FALSE,Tier 3A,no cis-eQTL in window
WISP1,ENSG00000104415,8,0,0,FALSE,FALSE,Tier 3A,no cis-eQTL in window
WISP2,ENSG00000064205,20,0,0,FALSE,FALSE,Tier 3A,no cis-eQTL in window
WISP3,ENSG00000112761,6,0,0,FALSE,FALSE,Tier 3B,no SNP below 5e-8
WNK1,ENSG00000060237,12,2,246,TRUE,FALSE,Tier 3A,""
WNK2,ENSG00000165238,9,1,712,TRUE,TRUE,Tier 3B,""
WNK3,ENSG00000196632,X,0,0,FALSE,FALSE,Tier 2,non-autosomal chr skipped
WNK4,ENSG00000126562,17,0,0,FALSE,FALSE,Tier 3B,no SNP below 5e-8
WNT1,ENSG00000125084,12,0,0,FALSE,FALSE,Tier 3B,no SNP below 5e-8
WNT10A,ENSG00000135925,2,1,12,TRUE,TRUE,Tier 3A,""
WNT10B,ENSG00000169884,12,1,345,TRUE,TRUE,Tier 3B,""
WNT11,ENSG00000085741,11,1,199,TRUE,TRUE,Tier 3A,""
WNT16,ENSG00000002745,7,1,101,TRUE,TRUE,Tier 3A,""
WNT2,ENSG00000105989,7,0,0,FALSE,FALSE,Tier 3A,no cis-eQTL in window
WNT2B,ENSG00000134245,1,0,0,FALSE,FALSE,Tier 3B,no SNP below 5e-8
WNT3,ENSG00000108379,17,1,1923,TRUE,TRUE,Tier 2,""
WNT3A,ENSG00000154342,1,0,0,FALSE,FALSE,Tier 3B,no cis-eQTL in window
WNT4,ENSG00000162552,1,0,0,FALSE,FALSE,Tier 3A,no cis-eQTL in window
WNT5A,ENSG00000114251,3,0,0,FALSE,FALSE,Tier 3A,no cis-eQTL in window
WNT5B,ENSG00000111186,12,1,145,TRUE,TRUE,Tier 3A,""
WNT6,ENSG00000115596,2,0,32,FALSE,FALSE,Tier 3A,no SNP below 5e-8
WNT7A,ENSG00000154764,3,2,225,TRUE,FALSE,Tier 3A,""
WNT7B,ENSG00000188064,22,0,0,FALSE,FALSE,Tier 3A,no cis-eQTL in window
WNT8A,ENSG00000061492,5,0,0,FALSE,FALSE,Tier 3A,no cis-eQTL in window
WNT8B,ENSG00000075290,10,0,0,FALSE,FALSE,Tier 3B,no SNP below 5e-8
WNT9A,ENSG00000143816,1,0,0,FALSE,FALSE,Tier 3B,no SNP below 5e-8
WNT9B,ENSG00000158955,17,0,0,FALSE,FALSE,Tier 3A,no cis-eQTL in window
WT1,ENSG00000184937,11,0,0,FALSE,FALSE,Tier 1,no cis-eQTL in window
XBP1,ENSG00000100219,22,5,2185,TRUE,FALSE,Tier 2,""
XCL1,ENSG00000143184,1,4,585,TRUE,FALSE,Tier 3B,""
XCL2,ENSG00000143185,1,2,446,TRUE,FALSE,Tier 3B,""
XCR1,ENSG00000173578,3,1,502,TRUE,TRUE,Tier 3B,""
XDH,ENSG00000158125,2,0,0,FALSE,FALSE,Tier 1,no cis-eQTL in window
XIAP,ENSG00000101966,X,0,0,FALSE,FALSE,Tier 1,non-autosomal chr skipped
XPNPEP2,ENSG00000122121,X,0,0,FALSE,FALSE,Tier 2,non-autosomal chr skipped
XYLT1,ENSG00000103489,16,9,1824,TRUE,FALSE,Tier 3B,""
YARS,ENSG00000134684,1,1,129,TRUE,TRUE,Tier 2,""
YBX1,ENSG00000065978,1,0,0,FALSE,FALSE,Tier 3B,no SNP below 5e-8
YES1,ENSG00000176105,18,1,235,TRUE,TRUE,Tier 1,""
YWHAG,ENSG00000170027,7,3,982,TRUE,FALSE,Tier 2,""
ZACN,ENSG00000186919,17,0,0,FALSE,FALSE,Tier 3B,no SNP below 5e-8
ZAP70,ENSG00000115085,2,2,1302,TRUE,FALSE,Tier 1,""
ZG16,ENSG00000174992,16,0,0,FALSE,FALSE,Tier 3B,no cis-eQTL in window
ZP1,ENSG00000149506,11,0,0,FALSE,FALSE,Tier 3B,no SNP below 5e-8
ZP2,ENSG00000103310,16,0,0,FALSE,FALSE,Tier 3B,no cis-eQTL in window
ZP3,ENSG00000188372,7,3,1332,TRUE,FALSE,Tier 3A,""
ZP4,ENSG00000116996,1,0,0,FALSE,FALSE,Tier 3A,no cis-eQTL in window
