gene_symbol,ensembl_gene_id,chr,start_hg19,end_hg19,finan_tier,dgidb_n_interactions,dgidb_drugs,in_mr_screen,notes
A1BG,ENSG00000121410,19,58856544,58864865,Tier 3B,,,TRUE,""
A2M,ENSG00000175899,12,9220260,9268825,Tier 3B,,,TRUE,""
A2ML1,ENSG00000166535,12,8975068,9039597,Tier 3A,,,TRUE,""
AADACL2,ENSG00000197953,3,151451704,151479127,Tier 3B,,,TRUE,""
AADAT,ENSG00000109576,4,170981373,171012850,Tier 2,,,TRUE,""
AAK1,ENSG00000115977,2,69688532,69901481,Tier 1,,,TRUE,""
AATK,ENSG00000181409,17,79091095,79139877,Tier 3A,,,TRUE,""
ABAT,ENSG00000183044,16,8768422,8878432,Tier 1,,,TRUE,""
ABCA1,ENSG00000165029,9,107543283,107690518,Tier 1,,,TRUE,""
ABCA12,ENSG00000144452,2,215796266,216003151,Tier 3B,,,TRUE,""
ABCA13,ENSG00000179869,7,48211055,48687092,Tier 3B,,,TRUE,""
ABCA2,ENSG00000107331,9,139901686,139923367,Tier 3A,,,TRUE,""
ABCA3,ENSG00000167972,16,2325882,2390747,Tier 3B,,,TRUE,""
ABCA4,ENSG00000198691,1,94458393,94586688,Tier 1,,,TRUE,""
ABCA7,ENSG00000064687,19,1040102,1065571,Tier 2,,,TRUE,""
ABCB1,ENSG00000085563,7,87133175,87342611,Tier 1,,,TRUE,""
ABCB11,ENSG00000073734,2,169779448,169887832,Tier 1,,,TRUE,""
ABCB4,ENSG00000005471,7,87031013,87109751,Tier 1,,,TRUE,""
ABCB5,ENSG00000004846,7,20654830,20816658,Tier 1,,,TRUE,""
ABCB6,ENSG00000115657,2,220074490,220083712,Tier 1,,,TRUE,""
ABCB7,ENSG00000131269,X,74273115,74376567,Tier 1,,,TRUE,""
ABCB8,ENSG00000197150,7,150725510,150744869,Tier 1,,,TRUE,""
ABCC1,ENSG00000103222,16,16043434,16236931,Tier 1,,,TRUE,""
ABCC10,ENSG00000124574,6,43395104,43418168,Tier 1,,,TRUE,""
ABCC11,ENSG00000121270,16,48200821,48281479,Tier 1,,,TRUE,""
ABCC12,ENSG00000140798,16,48116884,48189929,Tier 1,,,TRUE,""
ABCC2,ENSG00000023839,10,101542489,101611949,Tier 1,,,TRUE,""
ABCC3,ENSG00000108846,17,48712138,48769613,Tier 1,,,TRUE,""
ABCC4,ENSG00000125257,13,95672083,95953687,Tier 1,,,TRUE,""
ABCC5,ENSG00000114770,3,183637722,183735803,Tier 1,,,TRUE,""
ABCC6,ENSG00000091262,16,16242785,16317379,Tier 1,,,TRUE,""
ABCC8,ENSG00000006071,11,17414432,17498449,Tier 1,,,TRUE,""
ABCC9,ENSG00000069431,12,21950335,22094336,Tier 1,,,TRUE,""
ABCG1,ENSG00000160179,21,43619799,43717354,Tier 1,,,TRUE,""
ABCG2,ENSG00000118777,4,89011416,89152474,Tier 1,,,TRUE,""
ABHD12,ENSG00000100997,20,25275379,25371619,Tier 1,,,TRUE,""
ABHD16A,ENSG00000204427,6,31654726,31671221,Tier 1,,,TRUE,""
ABI3BP,ENSG00000154175,3,100468000,100712359,Tier 3B,,,TRUE,""
ABL1,ENSG00000097007,9,133589333,133763062,Tier 1,,,TRUE,""
ABL2,ENSG00000143322,1,179068462,179198819,Tier 1,,,TRUE,""
ACACA,ENSG00000132142,17,35441923,35766909,Tier 2,,,TRUE,""
ACACB,ENSG00000076555,12,109554400,109706031,Tier 2,,,TRUE,""
ACAN,ENSG00000157766,15,89346674,89418585,Tier 3A,,,TRUE,""
ACE,ENSG00000159640,17,61554422,61599205,Tier 1,,,TRUE,""
ACE2,ENSG00000130234,X,15579156,15620271,Tier 2,,,TRUE,""
ACHE,ENSG00000087085,7,100487615,100494594,Tier 1,,,TRUE,""
ACKR2,ENSG00000144648,3,42846244,42929466,Tier 3B,,,TRUE,""
ACKR3,ENSG00000144476,2,237476430,237491001,Tier 2,,,TRUE,""
ACKR4,ENSG00000129048,3,132316081,132337811,Tier 3B,,,TRUE,""
ACLY,ENSG00000131473,17,40023161,40086795,Tier 2,,,TRUE,""
ACP1,ENSG00000143727,2,264140,278283,Tier 2,,,TRUE,""
ACP2,ENSG00000134575,11,47260853,47270457,Tier 3A,,,TRUE,""
ACP5,ENSG00000102575,19,11685475,11689823,Tier 3A,,,TRUE,""
ACP6,ENSG00000162836,1,147101453,147142618,Tier 3A,,,TRUE,""
ACPP,ENSG00000014257,3,132036211,132087142,Tier 2,,,TRUE,""
ACR,ENSG00000100312,22,51176624,51183762,Tier 2,,,TRUE,""
ACRBP,ENSG00000111644,12,6747241,6756626,Tier 3B,,,TRUE,""
ACTN1,ENSG00000072110,14,69340860,69446157,Tier 3A,,,TRUE,""
ACTN2,ENSG00000077522,1,236849754,236927931,Tier 3B,,,TRUE,""
ACTN4,ENSG00000130402,19,39138289,39222223,Tier 3B,,,TRUE,""
ACVR1,ENSG00000115170,2,158592958,158732374,Tier 1,,,TRUE,""
ACVR1B,ENSG00000135503,12,52345451,52390862,Tier 1,,,TRUE,""
ACVR1C,ENSG00000123612,2,158383279,158485517,Tier 3B,,,TRUE,""
ACVR2A,ENSG00000121989,2,148602086,148688393,Tier 2,,,TRUE,""
ACVR2B,ENSG00000114739,3,38495342,38534633,Tier 2,,,TRUE,""
ACVRL1,ENSG00000139567,12,52300692,52317145,Tier 1,,,TRUE,""
ADA,ENSG00000196839,20,43248163,43280874,Tier 1,,,TRUE,""
ADAM10,ENSG00000137845,15,58887403,59042177,Tier 1,,,TRUE,""
ADAM12,ENSG00000148848,10,127700950,128077024,Tier 1,,,TRUE,""
ADAM17,ENSG00000151694,2,9628615,9695921,Tier 1,,,TRUE,""
ADAM23,ENSG00000114948,2,207308263,207485851,Tier 3B,,,TRUE,""
ADAM28,ENSG00000042980,8,24151553,24216531,Tier 3A,,,TRUE,""
ADAM32,ENSG00000197140,8,38964509,39142430,Tier 3B,,,TRUE,""
ADAM33,ENSG00000149451,20,3648612,3662893,Tier 2,,,TRUE,""
ADAM8,ENSG00000151651,10,135075907,135090372,Tier 2,,,TRUE,""
ADAM9,ENSG00000168615,8,38854388,38962663,Tier 1,,,TRUE,""
ADAMDEC1,ENSG00000134028,8,24241798,24263526,Tier 3B,,,TRUE,""
ADAMTS1,ENSG00000154734,21,28208066,28217728,Tier 2,,,TRUE,""
ADAMTS10,ENSG00000142303,19,8645126,8675620,Tier 3A,,,TRUE,""
ADAMTS12,ENSG00000151388,5,33523640,33892297,Tier 3A,,,TRUE,""
ADAMTS13,ENSG00000160323,9,136279478,136324508,Tier 3A,,,TRUE,""
ADAMTS14,ENSG00000138316,10,72432559,72522197,Tier 3A,,,TRUE,""
ADAMTS15,ENSG00000166106,11,130318869,130346532,Tier 3A,,,TRUE,""
ADAMTS16,ENSG00000145536,5,5140443,5320417,Tier 3B,,,TRUE,""
ADAMTS17,ENSG00000140470,15,100511794,100882210,Tier 3A,,,TRUE,""
ADAMTS18,ENSG00000140873,16,77281710,77469011,Tier 3A,,,TRUE,""
ADAMTS19,ENSG00000145808,5,128795958,129074376,Tier 3A,,,TRUE,""
ADAMTS2,ENSG00000087116,5,178537852,178772431,Tier 3A,,,TRUE,""
ADAMTS20,ENSG00000173157,12,43747669,43945724,Tier 3A,,,TRUE,""
ADAMTS3,ENSG00000156140,4,73146686,73434516,Tier 3A,,,TRUE,""
ADAMTS4,ENSG00000158859,1,161154098,161168846,Tier 2,,,TRUE,""
ADAMTS5,ENSG00000154736,21,28290231,28338832,Tier 2,,,TRUE,""
ADAMTS6,ENSG00000049192,5,64444563,64777747,Tier 3A,,,TRUE,""
ADAMTS7,ENSG00000136378,15,79051545,79103773,Tier 3A,,,TRUE,""
ADAMTS8,ENSG00000134917,11,130274820,130298888,Tier 3A,,,TRUE,""
ADAMTS9,ENSG00000163638,3,64501333,64673676,Tier 3A,,,TRUE,""
ADAMTSL1,ENSG00000178031,9,18473892,18910948,Tier 3A,,,TRUE,""
ADAMTSL3,ENSG00000156218,15,84322838,84708594,Tier 3A,,,TRUE,""
ADAMTSL4,ENSG00000143382,1,150521884,150533413,Tier 3B,,,TRUE,""
ADC,ENSG00000142920,1,33546705,33586131,Tier 2,,,TRUE,""
ADCK3,ENSG00000163050,1,227085237,227175246,Tier 2,,,TRUE,""
ADCK4,ENSG00000123815,19,41197434,41224112,Tier 2,,,TRUE,""
ADCY1,ENSG00000164742,7,45613739,45762715,Tier 1,,,TRUE,""
ADCY5,ENSG00000173175,3,123001143,123168605,Tier 1,,,TRUE,""
ADCYAP1,ENSG00000141433,18,904944,912173,Tier 3A,,,TRUE,""
ADCYAP1R1,ENSG00000078549,7,31092076,31151089,Tier 2,,,TRUE,""
ADH1A,ENSG00000187758,4,100197524,100212185,Tier 1,,,TRUE,""
ADH1B,ENSG00000196616,4,100226121,100242558,Tier 1,,,TRUE,""
ADH1C,ENSG00000248144,4,100257649,100274184,Tier 1,,,TRUE,""
ADH4,ENSG00000198099,4,100044808,100078949,Tier 1,,,TRUE,""
ADH5,ENSG00000197894,4,99992132,100009952,Tier 1,,,TRUE,""
ADH6,ENSG00000172955,4,100123795,100140694,Tier 1,,,TRUE,""
ADH7,ENSG00000196344,4,100333418,100356894,Tier 1,,,TRUE,""
ADHFE1,ENSG00000147576,8,67342420,67383836,Tier 1,,,TRUE,""
ADIPOQ,ENSG00000181092,3,186560463,186576252,Tier 3A,,,TRUE,""
ADK,ENSG00000156110,10,75910960,76469061,Tier 2,,,TRUE,""
ADM,ENSG00000148926,11,10326227,10328944,Tier 3A,,,TRUE,""
ADM2,ENSG00000128165,22,50919985,50924869,Tier 3A,,,TRUE,""
ADORA1,ENSG00000163485,1,203059782,203136533,Tier 1,,,TRUE,""
ADORA2A,ENSG00000128271,22,24813847,24838328,Tier 1,,,TRUE,""
ADORA2B,ENSG00000170425,17,15848231,15879060,Tier 1,,,TRUE,""
ADORA3,ENSG00000121933,1,112025970,112106584,Tier 1,,,TRUE,""
ADRA1A,ENSG00000120907,8,26605667,26724790,Tier 1,,,TRUE,""
ADRA1B,ENSG00000170214,5,159343790,159399551,Tier 1,,,TRUE,""
ADRA1D,ENSG00000171873,20,4201329,4229721,Tier 1,,,TRUE,""
ADRA2A,ENSG00000150594,10,112836790,112840658,Tier 1,,,TRUE,""
ADRA2B,ENSG00000222040,2,96778707,96781984,Tier 1,,,TRUE,""
ADRA2C,ENSG00000184160,4,3768075,3770251,Tier 1,,,TRUE,""
ADRB1,ENSG00000043591,10,115803806,115806667,Tier 1,,,TRUE,""
ADRB2,ENSG00000169252,5,148206156,148208196,Tier 1,,,TRUE,""
ADRB3,ENSG00000188778,8,37820516,37824483,Tier 1,,,TRUE,""
ADRBK1,ENSG00000173020,11,67033881,67054027,Tier 1,,,TRUE,""
ADRBK2,ENSG00000100077,22,25960816,26125261,Tier 3B,,,TRUE,""
AEBP1,ENSG00000106624,7,44143960,44154161,Tier 3A,,,TRUE,""
AFM,ENSG00000079557,4,74347400,74369691,Tier 3A,,,TRUE,""
AFP,ENSG00000081051,4,74296855,74321891,Tier 1,,,TRUE,""
AGA,ENSG00000038002,4,178351924,178363657,Tier 3A,,,TRUE,""
AGER,ENSG00000204305,6,32148745,32152101,Tier 3A,,,TRUE,""
AGGF1,ENSG00000164252,5,76325076,76361059,Tier 3B,,,TRUE,""
AGPAT2,ENSG00000169692,9,139567595,139581875,Tier 2,,,TRUE,""
AGR2,ENSG00000106541,7,16831435,16873057,Tier 3B,,,TRUE,""
AGR3,ENSG00000173467,7,16899029,16921611,Tier 3B,,,TRUE,""
AGRN,ENSG00000188157,1,955503,991496,Tier 3A,,,TRUE,""
AGRP,ENSG00000159723,16,67516474,67517716,Tier 3B,,,TRUE,""
AGT,ENSG00000135744,1,230838269,230850043,Tier 3B,,,TRUE,""
AGTR1,ENSG00000144891,3,148415571,148460795,Tier 1,,,TRUE,""
AGTR2,ENSG00000180772,X,115301975,115306225,Tier 1,,,TRUE,""
AHCY,ENSG00000101444,20,32868074,32899608,Tier 2,,,TRUE,""
AHR,ENSG00000106546,7,17338246,17385776,Tier 1,,,TRUE,""
AHSG,ENSG00000145192,3,186330712,186339107,Tier 3B,,,TRUE,""
AIMP1,ENSG00000164022,4,107236701,107270383,Tier 3B,,,TRUE,""
AKR1A1,ENSG00000117448,1,46016215,46035721,Tier 1,,,TRUE,""
AKR1B1,ENSG00000085662,7,134127102,134144036,Tier 1,,,TRUE,""
AKR1B10,ENSG00000198074,7,134212344,134226160,Tier 1,,,TRUE,""
AKR1C1,ENSG00000187134,10,4934796,5025475,Tier 1,,,TRUE,""
AKR1C2,ENSG00000151632,10,5029967,5060223,Tier 2,,,TRUE,""
AKR1C3,ENSG00000196139,10,5077546,5149878,Tier 1,,,TRUE,""
AKT1,ENSG00000142208,14,105235686,105262088,Tier 1,,,TRUE,""
AKT1S1,ENSG00000204673,19,50372295,50381716,Tier 2,,,TRUE,""
AKT2,ENSG00000105221,19,40736224,40791443,Tier 1,,,TRUE,""
AKT3,ENSG00000117020,1,243651535,244014381,Tier 1,,,TRUE,""
ALB,ENSG00000163631,4,74262831,74287129,Tier 2,,,TRUE,""
ALCAM,ENSG00000170017,3,105085753,105295744,Tier 3B,,,TRUE,""
ALDH16A1,ENSG00000161618,19,49956426,49974305,Tier 3B,,,TRUE,""
ALDH1A1,ENSG00000165092,9,75515578,75695358,Tier 1,,,TRUE,""
ALDH1A2,ENSG00000128918,15,58245622,58790065,Tier 1,,,TRUE,""
ALDH1A3,ENSG00000184254,15,101417919,101456831,Tier 1,,,TRUE,""
ALDH1B1,ENSG00000137124,9,38392661,38398658,Tier 1,,,TRUE,""
ALDH1L1,ENSG00000144908,3,125822412,125916837,Tier 3B,,,TRUE,""
ALDH1L2,ENSG00000136010,12,105413568,105478355,Tier 3B,,,TRUE,""
ALDH2,ENSG00000111275,12,112204691,112247782,Tier 1,,,TRUE,""
ALDH3A1,ENSG00000108602,17,19641297,19652256,Tier 1,,,TRUE,""
ALDH3A2,ENSG00000072210,17,19551449,19580911,Tier 1,,,TRUE,""
ALDH3B1,ENSG00000006534,11,67776048,67796744,Tier 3B,,,TRUE,""
ALDH3B2,ENSG00000132746,11,67429633,67448671,Tier 1,,,TRUE,""
ALDH4A1,ENSG00000159423,1,19197926,19229275,Tier 1,,,TRUE,""
ALDH5A1,ENSG00000112294,6,24495080,24537435,Tier 1,,,TRUE,""
ALDH6A1,ENSG00000119711,14,74523553,74551196,Tier 1,,,TRUE,""
ALDH7A1,ENSG00000164904,5,125877533,125931110,Tier 1,,,TRUE,""
ALDH8A1,ENSG00000118514,6,135238528,135271260,Tier 1,,,TRUE,""
ALDH9A1,ENSG00000143149,1,165631453,165668100,Tier 1,,,TRUE,""
ALDOA,ENSG00000149925,16,30064411,30081778,Tier 3B,,,TRUE,""
ALK,ENSG00000171094,2,29415640,30144432,Tier 1,,,TRUE,""
ALOX12,ENSG00000108839,17,6899384,6914055,Tier 2,,,TRUE,""
ALOX12B,ENSG00000179477,17,7975954,7991021,Tier 3B,,,TRUE,""
ALOX15,ENSG00000161905,17,4534197,4545589,Tier 1,,,TRUE,""
ALOX15B,ENSG00000179593,17,7942335,7952452,Tier 3B,,,TRUE,""
ALOX5,ENSG00000012779,10,45869661,45941561,Tier 1,,,TRUE,""
ALOX5AP,ENSG00000132965,13,31309645,31338556,Tier 1,,,TRUE,""
ALOXE3,ENSG00000179148,17,7999218,8022365,Tier 3B,,,TRUE,""
ALPI,ENSG00000163295,2,233320833,233324742,Tier 2,,,TRUE,""
ALPL,ENSG00000162551,1,21835858,21904905,Tier 2,,,TRUE,""
ALPP,ENSG00000163283,2,233243244,233247599,Tier 3B,,,TRUE,""
ALPPL2,ENSG00000163286,2,233271553,233275424,Tier 2,,,TRUE,""
AMBN,ENSG00000178522,4,71457973,71473005,Tier 3B,,,TRUE,""
AMBP,ENSG00000106927,9,116822407,116840752,Tier 3B,,,TRUE,""
AMD1,ENSG00000123505,6,111195973,111216916,Tier 1,,,TRUE,""
AMELX,ENSG00000125363,X,11311533,11318881,Tier 3B,,,TRUE,""
AMELY,ENSG00000099721,Y,6733959,6742068,Tier 3B,,,TRUE,""
AMH,ENSG00000104899,19,2249308,2252072,Tier 3A,,,TRUE,""
AMHR2,ENSG00000135409,12,53817639,53825318,Tier 3B,,,TRUE,""
AMICA1,ENSG00000160593,11,118064455,118095809,Tier 3A,,,TRUE,""
AMOT,ENSG00000126016,X,112017731,112084043,Tier 3B,,,TRUE,""
AMPD1,ENSG00000116748,1,115215719,115238239,Tier 2,,,TRUE,""
AMPD2,ENSG00000116337,1,110158726,110174673,Tier 2,,,TRUE,""
AMPD3,ENSG00000133805,11,10329860,10529126,Tier 2,,,TRUE,""
AMTN,ENSG00000187689,4,71384257,71398459,Tier 3B,,,TRUE,""
AMY1A,ENSG00000237763,1,104197912,104207173,Tier 2,,,TRUE,""
AMY1B,ENSG00000174876,1,104230037,104239302,Tier 2,,,TRUE,""
AMY1C,ENSG00000187733,1,104293028,104301312,Tier 2,,,TRUE,""
AMY2A,ENSG00000243480,1,104159999,104168402,Tier 1,,,TRUE,""
AMY2B,ENSG00000240038,1,104096437,104122156,Tier 2,,,TRUE,""
ANG,ENSG00000214274,14,21152336,21167130,Tier 3B,,,TRUE,""
ANGPT1,ENSG00000154188,8,108261721,108510283,Tier 1,,,TRUE,""
ANGPT2,ENSG00000091879,8,6357172,6420930,Tier 1,,,TRUE,""
ANGPT4,ENSG00000101280,20,853296,896977,Tier 3A,,,TRUE,""
ANGPTL1,ENSG00000116194,1,178818840,178840187,Tier 3B,,,TRUE,""
ANGPTL2,ENSG00000136859,9,129849611,129885162,Tier 3B,,,TRUE,""
ANGPTL3,ENSG00000132855,1,63063158,63071830,Tier 3A,,,TRUE,""
ANGPTL4,ENSG00000167772,19,8428173,8439257,Tier 3A,,,TRUE,""
ANGPTL6,ENSG00000130812,19,10203014,10213472,Tier 3A,,,TRUE,""
ANGPTL7,ENSG00000171819,1,11249398,11256038,Tier 3B,,,TRUE,""
ANKK1,ENSG00000170209,11,113258513,113271140,Tier 1,,,TRUE,""
ANPEP,ENSG00000166825,15,90328120,90358633,Tier 2,,,TRUE,""
ANTXR2,ENSG00000163297,4,80822303,81046608,Tier 3A,,,TRUE,""
ANXA1,ENSG00000135046,9,75766673,75785309,Tier 3A,,,TRUE,""
ANXA2,ENSG00000182718,15,60639333,60695082,Tier 3B,,,TRUE,""
AOAH,ENSG00000136250,7,36552456,36764154,Tier 3A,,,TRUE,""
AOC1,ENSG00000002726,7,150521715,150558592,Tier 2,,,TRUE,""
AOC2,ENSG00000131480,17,40996617,41002724,Tier 2,,,TRUE,""
AOC3,ENSG00000131471,17,41003201,41010147,Tier 1,,,TRUE,""
AOX1,ENSG00000138356,2,201450591,201541787,Tier 1,,,TRUE,""
APAF1,ENSG00000120868,12,99038919,99129204,Tier 2,,,TRUE,""
APCS,ENSG00000132703,1,159557615,159558655,Tier 3B,,,TRUE,""
APEX1,ENSG00000100823,14,20923350,20925927,Tier 1,,,TRUE,""
APH1A,ENSG00000117362,1,150237804,150241980,Tier 1,,,TRUE,""
APH1B,ENSG00000138613,15,63568217,63601325,Tier 1,,,TRUE,""
APLN,ENSG00000171388,X,128779240,128788933,Tier 3B,,,TRUE,""
APLNR,ENSG00000134817,11,57001051,57004709,Tier 2,,,TRUE,""
APLP1,ENSG00000105290,19,36358801,36370693,Tier 3B,,,TRUE,""
APOA1,ENSG00000118137,11,116706467,116708666,Tier 3A,,,TRUE,""
APOA1BP,ENSG00000163382,1,156561554,156564091,Tier 3B,,,TRUE,""
APOA2,ENSG00000158874,1,161192082,161193421,Tier 3B,,,TRUE,""
APOA4,ENSG00000110244,11,116691419,116694022,Tier 3A,,,TRUE,""
APOA5,ENSG00000110243,11,116660083,116663136,Tier 3A,,,TRUE,""
APOB,ENSG00000084674,2,21224301,21266945,Tier 1,,,TRUE,""
APOBEC3A,ENSG00000128383,22,39348746,39359188,Tier 2,,,TRUE,""
APOBEC3G,ENSG00000239713,22,39436924,39483748,Tier 2,,,TRUE,""
APOC1,ENSG00000130208,19,45417504,45422606,Tier 3A,,,TRUE,""
APOC2,ENSG00000234906,19,45449243,45452822,Tier 3A,,,TRUE,""
APOC3,ENSG00000110245,11,116700422,116703788,Tier 3A,,,TRUE,""
APOC4-APOC2,ENSG00000224916,19,45445495,45452822,Tier 3A,,,TRUE,""
APOD,ENSG00000189058,3,195295573,195311076,Tier 3B,,,TRUE,""
APOE,ENSG00000130203,19,45409011,45412650,Tier 3A,,,TRUE,""
APOF,ENSG00000175336,12,56754353,56756607,Tier 3A,,,TRUE,""
APOH,ENSG00000091583,17,64208151,64252643,Tier 3A,,,TRUE,""
APOL1,ENSG00000100342,22,36649056,36663576,Tier 3A,,,TRUE,""
APOM,ENSG00000204444,6,31620193,31625987,Tier 3A,,,TRUE,""
APOO,ENSG00000184831,X,23851470,23926057,Tier 3B,,,TRUE,""
APP,ENSG00000142192,21,27252861,27543446,Tier 1,,,TRUE,""
AQP1,ENSG00000240583,7,30893010,30965131,Tier 3A,,,TRUE,""
AQP4,ENSG00000171885,18,24432002,24445782,Tier 3B,,,TRUE,""
AR,ENSG00000169083,X,66764465,66950461,Tier 1,,,TRUE,""
ARAF,ENSG00000078061,X,47420516,47431307,Tier 2,,,TRUE,""
AREG,ENSG00000109321,4,75310851,75320726,Tier 2,,,TRUE,""
AREGB,ENSG00000205595,4,75480629,75490486,Tier 2,,,TRUE,""
ARNT,ENSG00000143437,1,150782181,150849244,Tier 1,,,TRUE,""
ARSA,ENSG00000100299,22,51061182,51066607,Tier 1,,,TRUE,""
ARSG,ENSG00000141337,17,66255323,66418872,Tier 3B,,,TRUE,""
ARSI,ENSG00000183876,5,149675906,149718870,Tier 3B,,,TRUE,""
ART1,ENSG00000129744,11,3666358,3685646,Tier 3B,,,TRUE,""
ART4,ENSG00000111339,12,14978503,14996429,Tier 3B,,,TRUE,""
ARTN,ENSG00000117407,1,44398992,44402913,Tier 3B,,,TRUE,""
ASGR1,ENSG00000141505,17,7076750,7082883,Tier 3A,,,TRUE,""
ASIC1,ENSG00000110881,12,50451331,50477394,Tier 2,,,TRUE,""
ASIC2,ENSG00000108684,17,31340105,32501983,Tier 3A,,,TRUE,""
ASIC3,ENSG00000213199,7,150745379,150749843,Tier 2,,,TRUE,""
ASIC5,ENSG00000256394,4,156750881,156787425,Tier 3B,,,TRUE,""
ASIP,ENSG00000101440,20,32782375,32857150,Tier 3B,,,TRUE,""
ASPN,ENSG00000106819,9,95218487,95244788,Tier 3B,,,TRUE,""
ATF1,ENSG00000123268,12,51157493,51214905,Tier 2,,,TRUE,""
ATG4B,ENSG00000168397,2,242576628,242613272,Tier 2,,,TRUE,""
ATG4C,ENSG00000125703,1,63249806,63331184,Tier 3B,,,TRUE,""
ATIC,ENSG00000138363,2,216176540,216214487,Tier 2,,,TRUE,""
ATM,ENSG00000149311,11,108093211,108239829,Tier 2,,,TRUE,""
ATP12A,ENSG00000075673,13,25254549,25285921,Tier 2,,,TRUE,""
ATP1A1,ENSG00000163399,1,116915290,116952883,Tier 1,,,TRUE,""
ATP1A2,ENSG00000018625,1,160085549,160113381,Tier 1,,,TRUE,""
ATP1A3,ENSG00000105409,19,42470734,42501649,Tier 1,,,TRUE,""
ATP1A4,ENSG00000132681,1,160121360,160156767,Tier 1,,,TRUE,""
ATP1B1,ENSG00000143153,1,169074935,169101960,Tier 3B,,,TRUE,""
ATP1B2,ENSG00000129244,17,7549945,7561086,Tier 3B,,,TRUE,""
ATP1B3,ENSG00000069849,3,141594966,141645356,Tier 3B,,,TRUE,""
ATP2A1,ENSG00000196296,16,28889726,28915830,Tier 3A,,,TRUE,""
ATP2A2,ENSG00000174437,12,110718561,110788898,Tier 3B,,,TRUE,""
ATP2A3,ENSG00000074370,17,3827169,3867736,Tier 3A,,,TRUE,""
ATP2B2,ENSG00000157087,3,10365707,10749716,Tier 3A,,,TRUE,""
ATP2B3,ENSG00000067842,X,152783134,152848397,Tier 3A,,,TRUE,""
ATP2B4,ENSG00000058668,1,203595689,203713209,Tier 3A,,,TRUE,""
ATP2C1,ENSG00000017260,3,130569439,130735556,Tier 3B,,,TRUE,""
ATP2C2,ENSG00000064270,16,84402133,84497793,Tier 3B,,,TRUE,""
ATP4A,ENSG00000105675,19,36040945,36054560,Tier 1,,,TRUE,""
ATP4B,ENSG00000186009,13,114303119,114312501,Tier 1,,,TRUE,""
ATP6AP2,ENSG00000182220,X,40440146,40465889,Tier 3B,,,TRUE,""
ATP6V1B1,ENSG00000116039,2,71163012,71192536,Tier 2,,,TRUE,""
ATP7A,ENSG00000165240,X,77166194,77305892,Tier 1,,,TRUE,""
ATP7B,ENSG00000123191,13,52506809,52585630,Tier 1,,,TRUE,""
ATR,ENSG00000175054,3,142168077,142297668,Tier 2,,,TRUE,""
ATRAID,ENSG00000138085,2,27434895,27440046,Tier 3B,,,TRUE,""
ATRN,ENSG00000088812,20,3451687,3631769,Tier 3B,,,TRUE,""
AURKA,ENSG00000087586,20,54944445,54967393,Tier 1,,,TRUE,""
AURKAIP1,ENSG00000175756,1,1309110,1310875,Tier 1,,,TRUE,""
AURKB,ENSG00000178999,17,8108056,8113918,Tier 1,,,TRUE,""
AURKC,ENSG00000105146,19,57742377,57746916,Tier 1,,,TRUE,""
AVP,ENSG00000101200,20,3063202,3065370,Tier 3B,,,TRUE,""
AVPR1A,ENSG00000166148,12,63539014,63544722,Tier 1,,,TRUE,""
AVPR1B,ENSG00000198049,1,206223976,206231639,Tier 1,,,TRUE,""
AVPR2,ENSG00000126895,X,153167985,153172620,Tier 1,,,TRUE,""
AXIN2,ENSG00000168646,17,63524681,63557765,Tier 2,,,TRUE,""
AXL,ENSG00000167601,19,41725108,41767671,Tier 1,,,TRUE,""
AZGP1,ENSG00000160862,7,99564343,99573780,Tier 3B,,,TRUE,""
AZIN1,ENSG00000155096,8,103838585,103906092,Tier 2,,,TRUE,""
AZU1,ENSG00000172232,19,825097,832017,Tier 3B,,,TRUE,""
B2M,ENSG00000166710,15,45003675,45011075,Tier 3B,,,TRUE,""
B4GALT1,ENSG00000086062,9,33104080,33167354,Tier 3A,,,TRUE,""
BACE1,ENSG00000186318,11,117156402,117186975,Tier 1,,,TRUE,""
BACE2,ENSG00000182240,21,42539728,42654445,Tier 2,,,TRUE,""
BAD,ENSG00000002330,11,64037302,64052176,Tier 2,,,TRUE,""
BAMBI,ENSG00000095739,10,28966271,28971868,Tier 3B,,,TRUE,""
BCAM,ENSG00000187244,19,45312328,45324673,Tier 3A,,,TRUE,""
BCAN,ENSG00000132692,1,156611182,156629324,Tier 3B,,,TRUE,""
BCAT1,ENSG00000060982,12,24964295,25102393,Tier 2,,,TRUE,""
BCHE,ENSG00000114200,3,165490692,165555260,Tier 1,,,TRUE,""
BCL2,ENSG00000171791,18,60790579,60987361,Tier 1,,,TRUE,""
BCL2A1,ENSG00000140379,15,80253231,80263788,Tier 2,,,TRUE,""
BCL2L1,ENSG00000171552,20,30252255,30311792,Tier 1,,,TRUE,""
BCL2L10,ENSG00000137875,15,52401460,52404972,Tier 2,,,TRUE,""
BCL2L2,ENSG00000129473,14,23767999,23780968,Tier 2,,,TRUE,""
BCL2L2-PABPN1,ENSG00000258643,14,23776044,23794578,Tier 2,,,TRUE,""
BCR,ENSG00000186716,22,23521891,23660224,Tier 1,,,TRUE,""
BDKRB1,ENSG00000100739,14,96722161,96735304,Tier 1,,,TRUE,""
BDKRB2,ENSG00000168398,14,96671016,96710666,Tier 1,,,TRUE,""
BDNF,ENSG00000176697,11,27676440,27743605,Tier 3A,,,TRUE,""
BGLAP,ENSG00000242252,1,156211753,156213112,Tier 3B,,,TRUE,""
BGN,ENSG00000182492,X,152760397,152775012,Tier 3B,,,TRUE,""
BHMT,ENSG00000145692,5,78407602,78428108,Tier 2,,,TRUE,""
BHMT2,ENSG00000132840,5,78365540,78385289,Tier 2,,,TRUE,""
BICD1,ENSG00000151746,12,32259769,32536567,Tier 3A,,,TRUE,""
BIRC2,ENSG00000110330,11,102217942,102249401,Tier 1,,,TRUE,""
BIRC3,ENSG00000023445,11,102188215,102210134,Tier 1,,,TRUE,""
BIRC5,ENSG00000089685,17,76210267,76221717,Tier 2,,,TRUE,""
BIRC8,ENSG00000163098,19,53792856,53794875,Tier 2,,,TRUE,""
BLK,ENSG00000136573,8,11351510,11422113,Tier 1,,,TRUE,""
BLM,ENSG00000197299,15,91260558,91358859,Tier 1,,,TRUE,""
BMP1,ENSG00000168487,8,22022249,22069839,Tier 2,,,TRUE,""
BMP10,ENSG00000163217,2,69092613,69098649,Tier 3A,,,TRUE,""
BMP15,ENSG00000130385,X,50653784,50659607,Tier 3B,,,TRUE,""
BMP2,ENSG00000125845,20,6748311,6760927,Tier 3A,,,TRUE,""
BMP2K,ENSG00000138756,4,79697496,79837526,Tier 1,,,TRUE,""
BMP3,ENSG00000152785,4,81952119,81978685,Tier 3A,,,TRUE,""
BMP4,ENSG00000125378,14,54416454,54425479,Tier 2,,,TRUE,""
BMP5,ENSG00000112175,6,55618443,55740362,Tier 3B,,,TRUE,""
BMP6,ENSG00000153162,6,7727030,7881655,Tier 3A,,,TRUE,""
BMP7,ENSG00000101144,20,55743804,55841685,Tier 3B,,,TRUE,""
BMP8A,ENSG00000183682,1,39957318,39991607,Tier 3A,,,TRUE,""
BMP8B,ENSG00000116985,1,40222854,40254533,Tier 3B,,,TRUE,""
BMPER,ENSG00000164619,7,33944523,34195484,Tier 3B,,,TRUE,""
BMPR1A,ENSG00000107779,10,88516407,88692595,Tier 2,,,TRUE,""
BMPR1B,ENSG00000138696,4,95679119,96079599,Tier 1,,,TRUE,""
BMPR2,ENSG00000204217,2,203241659,203432474,Tier 2,,,TRUE,""
BMX,ENSG00000102010,X,15482369,15574652,Tier 1,,,TRUE,""
BOC,ENSG00000144857,3,112929850,113006303,Tier 3A,,,TRUE,""
BOLA1,ENSG00000178096,1,149859440,149872351,Tier 3A,,,TRUE,""
BOLA3,ENSG00000163170,2,74362525,74375121,Tier 3B,,,TRUE,""
BPHL,ENSG00000137274,6,3118608,3153812,Tier 3B,,,TRUE,""
BPI,ENSG00000101425,20,36888551,36965907,Tier 3A,,,TRUE,""
BPIFA1,ENSG00000198183,20,31823801,31831115,Tier 3B,,,TRUE,""
BPIFA2,ENSG00000131050,20,31749574,31769218,Tier 3B,,,TRUE,""
BPIFB1,ENSG00000125999,20,31861286,31897684,Tier 3B,,,TRUE,""
BPIFB2,ENSG00000078898,20,31595406,31611515,Tier 3B,,,TRUE,""
BPIFB3,ENSG00000186190,20,31643230,31661434,Tier 3B,,,TRUE,""
BPIFB4,ENSG00000186191,20,31667450,31699557,Tier 3B,,,TRUE,""
BPIFB6,ENSG00000167104,20,31619454,31631853,Tier 3B,,,TRUE,""
BPIFC,ENSG00000184459,22,32809834,32860471,Tier 3A,,,TRUE,""
BPNT1,ENSG00000162813,1,220230824,220263804,Tier 3B,,,TRUE,""
BRAF,ENSG00000157764,7,140419127,140624564,Tier 1,,,TRUE,""
BRCA1,ENSG00000012048,17,41196312,41277500,Tier 2,,,TRUE,""
BRD2,ENSG00000204256,6,32936437,32949282,Tier 2,,,TRUE,""
BRD3,ENSG00000169925,9,136895427,136933657,Tier 2,,,TRUE,""
BRD4,ENSG00000141867,19,15347647,15443356,Tier 2,,,TRUE,""
BRDT,ENSG00000137948,1,92414928,92479983,Tier 2,,,TRUE,""
BRPF3,ENSG00000096070,6,36164521,36200567,Tier 3B,,,TRUE,""
BRS3,ENSG00000102239,X,135570046,135575939,Tier 2,,,TRUE,""
BRSK1,ENSG00000160469,19,55793440,55823901,Tier 1,,,TRUE,""
BRSK2,ENSG00000174672,11,1411129,1483919,Tier 1,,,TRUE,""
BSG,ENSG00000172270,19,571297,583493,Tier 1,,,TRUE,""
BSPH1,ENSG00000188334,19,48471303,48495427,Tier 3A,,,TRUE,""
BST1,ENSG00000109743,4,15704573,15739936,Tier 3A,,,TRUE,""
BST2,ENSG00000130303,19,17513748,17516457,Tier 3B,,,TRUE,""
BTC,ENSG00000174808,4,75669969,75719896,Tier 3B,,,TRUE,""
BTD,ENSG00000169814,3,15642848,15687329,Tier 3A,,,TRUE,""
BTK,ENSG00000010671,X,100604435,100641183,Tier 1,,,TRUE,""
BTLA,ENSG00000186265,3,112182815,112218408,Tier 3B,,,TRUE,""
BTN1A1,ENSG00000124557,6,26501449,26510650,Tier 3A,,,TRUE,""
BTN3A1,ENSG00000026950,6,26402465,26415444,Tier 3B,,,TRUE,""
BTN3A2,ENSG00000186470,6,26365387,26378546,Tier 3B,,,TRUE,""
BTN3A3,ENSG00000111801,6,26440700,26453643,Tier 3A,,,TRUE,""
BTNL8,ENSG00000113303,5,180326077,180377906,Tier 3B,,,TRUE,""
BUB1,ENSG00000169679,2,111395275,111435691,Tier 3B,,,TRUE,""
BUB1B,ENSG00000156970,15,40453224,40513337,Tier 3B,,,TRUE,""
C10orf54,ENSG00000107738,10,73507316,73533255,Tier 3A,,,TRUE,""
C11orf83,ENSG00000204922,11,62437745,62441159,Tier 3B,,,TRUE,""
C12orf39,ENSG00000134548,12,21679241,21690311,Tier 3B,,,TRUE,""
C16orf89,ENSG00000153446,16,5094123,5116111,Tier 3B,,,TRUE,""
C17orf72,ENSG00000224383,17,62075711,62081664,Tier 3B,,,TRUE,""
C17orf99,ENSG00000187997,17,76142434,76162258,Tier 3B,,,TRUE,""
C19orf10,ENSG00000074842,19,4641386,4670382,Tier 3B,,,TRUE,""
C1QA,ENSG00000173372,1,22962999,22966101,Tier 3B,,,TRUE,""
C1QB,ENSG00000173369,1,22979255,22988031,Tier 3B,,,TRUE,""
C1QC,ENSG00000159189,1,22970123,22974603,Tier 3B,,,TRUE,""
C1QL1,ENSG00000131094,17,43037061,43045439,Tier 3B,,,TRUE,""
C1QL2,ENSG00000144119,2,119913819,119916465,Tier 3B,,,TRUE,""
C1QTNF5,ENSG00000223953,11,119209652,119217383,Tier 3A,,,TRUE,""
C1QTNF6,ENSG00000133466,22,37576207,37595425,Tier 3A,,,TRUE,""
C1QTNF8,ENSG00000184471,16,1140005,1146244,Tier 3B,,,TRUE,""
C1QTNF9,ENSG00000240654,13,24881304,24896673,Tier 3B,,,TRUE,""
C1QTNF9B,ENSG00000205863,13,24465238,24476794,Tier 3A,,,TRUE,""
C1R,ENSG00000159403,12,7187513,7245203,Tier 2,,,TRUE,""
C1RL,ENSG00000139178,12,7242183,7261869,Tier 3B,,,TRUE,""
C1S,ENSG00000182326,12,7096351,7178336,Tier 2,,,TRUE,""
C2,ENSG00000166278,6,31865562,31913449,Tier 3A,,,TRUE,""
C2orf40,ENSG00000119147,2,106679702,106694615,Tier 3B,,,TRUE,""
C3,ENSG00000125730,19,6677715,6730573,Tier 3A,,,TRUE,""
C3AR1,ENSG00000171860,12,8210898,8219067,Tier 2,,,TRUE,""
C4A,ENSG00000244731,6,31949801,31970458,Tier 3A,,,TRUE,""
C4B,ENSG00000224389,6,31982539,32003195,Tier 3B,,,TRUE,""
C4BPA,ENSG00000123838,1,207277607,207318317,Tier 3A,,,TRUE,""
C4BPB,ENSG00000123843,1,207262187,207273338,Tier 3A,,,TRUE,""
C5,ENSG00000106804,9,123714616,123812554,Tier 1,,,TRUE,""
C5AR1,ENSG00000197405,19,47793280,47825323,Tier 2,,,TRUE,""
C5AR2,ENSG00000134830,19,47835404,47846606,Tier 3B,,,TRUE,""
C6,ENSG00000039537,5,41142336,41261540,Tier 3A,,,TRUE,""
C6orf120,ENSG00000185127,6,170102233,170106401,Tier 3B,,,TRUE,""
C6orf15,ENSG00000204542,6,31079000,31080336,Tier 3A,,,TRUE,""
C6orf25,ENSG00000204420,6,31686371,31694491,Tier 3A,,,TRUE,""
C7,ENSG00000112936,5,40909354,40983041,Tier 3B,,,TRUE,""
C8A,ENSG00000157131,1,57320479,57383894,Tier 3B,,,TRUE,""
C8B,ENSG00000021852,1,57394883,57431813,Tier 3B,,,TRUE,""
C8G,ENSG00000176919,9,139839698,139841426,Tier 3A,,,TRUE,""
C8orf44-SGK3,ENSG00000270024,8,67579831,67772707,Tier 1,,,TRUE,""
C9,ENSG00000113600,5,39284364,39424970,Tier 3A,,,TRUE,""
C9orf96,ENSG00000198870,9,136243117,136271220,Tier 3B,,,TRUE,""
CA1,ENSG00000133742,8,86239837,86291243,Tier 1,,,TRUE,""
CA10,ENSG00000154975,17,49707674,50237377,Tier 3B,,,TRUE,""
CA11,ENSG00000063180,19,49141199,49149569,Tier 3B,,,TRUE,""
CA12,ENSG00000074410,15,63613577,63674360,Tier 1,,,TRUE,""
CA13,ENSG00000185015,8,86132816,86196302,Tier 1,,,TRUE,""
CA14,ENSG00000118298,1,150229554,150237478,Tier 1,,,TRUE,""
CA2,ENSG00000104267,8,86376081,86393722,Tier 1,,,TRUE,""
CA3,ENSG00000164879,8,86285665,86361269,Tier 1,,,TRUE,""
CA4,ENSG00000167434,17,58227297,58248260,Tier 1,,,TRUE,""
CA5A,ENSG00000174990,16,87921625,87970135,Tier 1,,,TRUE,""
CA5B,ENSG00000169239,X,15706953,15805747,Tier 1,,,TRUE,""
CA6,ENSG00000131686,1,9005926,9035151,Tier 1,,,TRUE,""
CA7,ENSG00000168748,16,66878282,66888056,Tier 1,,,TRUE,""
CA8,ENSG00000178538,8,61099906,61193971,Tier 3A,,,TRUE,""
CA9,ENSG00000107159,9,35673853,35681156,Tier 1,,,TRUE,""
CACNA1A,ENSG00000141837,19,13317256,13734804,Tier 2,,,TRUE,""
CACNA1B,ENSG00000148408,9,140772241,141019076,Tier 1,,,TRUE,""
CACNA1C,ENSG00000151067,12,2079952,2802108,Tier 1,,,TRUE,""
CACNA1D,ENSG00000157388,3,53528683,53847760,Tier 1,,,TRUE,""
CACNA1E,ENSG00000198216,1,181382238,181777219,Tier 3B,,,TRUE,""
CACNA1F,ENSG00000102001,X,49061523,49089833,Tier 1,,,TRUE,""
CACNA1G,ENSG00000006283,17,48638429,48704835,Tier 1,,,TRUE,""
CACNA1H,ENSG00000196557,16,1203241,1271771,Tier 1,,,TRUE,""
CACNA1I,ENSG00000100346,22,39966758,40085742,Tier 1,,,TRUE,""
CACNA1S,ENSG00000081248,1,201008642,201081694,Tier 1,,,TRUE,""
CACNA2D1,ENSG00000153956,7,81575760,82073114,Tier 1,,,TRUE,""
CACNA2D2,ENSG00000007402,3,50400233,50541675,Tier 1,,,TRUE,""
CACNA2D3,ENSG00000157445,3,54156574,55108584,Tier 3B,,,TRUE,""
CACNA2D4,ENSG00000151062,12,1901123,2028002,Tier 3B,,,TRUE,""
CACNB1,ENSG00000067191,17,37329709,37353956,Tier 3B,,,TRUE,""
CACNB2,ENSG00000165995,10,18429606,18830798,Tier 3A,,,TRUE,""
CACNB3,ENSG00000167535,12,49207577,49222724,Tier 3A,,,TRUE,""
CACNB4,ENSG00000182389,2,152689290,152955593,Tier 3B,,,TRUE,""
CACNG1,ENSG00000108878,17,65040706,65052909,Tier 3B,,,TRUE,""
CACNG2,ENSG00000166862,22,36959968,37099603,Tier 3B,,,TRUE,""
CACNG3,ENSG00000006116,16,24266874,24374122,Tier 3B,,,TRUE,""
CACNG4,ENSG00000075461,17,64961026,65029514,Tier 3B,,,TRUE,""
CACNG5,ENSG00000075429,17,64831235,64881603,Tier 3B,,,TRUE,""
CACNG6,ENSG00000130433,19,54495542,54515923,Tier 3B,,,TRUE,""
CACNG7,ENSG00000105605,19,54412589,54447195,Tier 3B,,,TRUE,""
CACNG8,ENSG00000142408,19,54466294,54493469,Tier 3B,,,TRUE,""
CAD,ENSG00000084774,2,27440258,27466811,Tier 2,,,TRUE,""
CADM3,ENSG00000162706,1,159141399,159173103,Tier 3A,,,TRUE,""
CALCA,ENSG00000110680,11,14988214,14993900,Tier 1,,,TRUE,""
CALCB,ENSG00000175868,11,14926543,15103888,Tier 3A,,,TRUE,""
CALCR,ENSG00000004948,7,93053799,93204042,Tier 1,,,TRUE,""
CALCRL,ENSG00000064989,2,188207856,188313187,Tier 1,,,TRUE,""
CALM1,ENSG00000198668,14,90862846,90874605,Tier 2,,,TRUE,""
CALM2,ENSG00000143933,2,47387221,47403740,Tier 2,,,TRUE,""
CALM3,ENSG00000160014,19,47104331,47114050,Tier 2,,,TRUE,""
CALR,ENSG00000179218,19,13049392,13055303,Tier 3A,,,TRUE,""
CALU,ENSG00000128595,7,128379346,128411861,Tier 3B,,,TRUE,""
CAMK1,ENSG00000134072,3,9799026,9811676,Tier 2,,,TRUE,""
CAMK1D,ENSG00000183049,10,12391481,12877545,Tier 1,,,TRUE,""
CAMK1G,ENSG00000008118,1,209757062,209787283,Tier 2,,,TRUE,""
CAMK2A,ENSG00000070808,5,149599054,149669854,Tier 1,,,TRUE,""
CAMK2B,ENSG00000058404,7,44256749,44374176,Tier 1,,,TRUE,""
CAMK2D,ENSG00000145349,4,114372188,114683083,Tier 1,,,TRUE,""
CAMK2G,ENSG00000148660,10,75572259,75634343,Tier 1,,,TRUE,""
CAMK4,ENSG00000152495,5,110559351,110830584,Tier 2,,,TRUE,""
CAMKK1,ENSG00000004660,17,3763609,3798185,Tier 1,,,TRUE,""
CAMKK2,ENSG00000110931,12,121675497,121736111,Tier 1,,,TRUE,""
CAMKV,ENSG00000164076,3,49895421,49907655,Tier 3B,,,TRUE,""
CAMP,ENSG00000164047,3,48264837,48266981,Tier 3B,,,TRUE,""
CAPN1,ENSG00000014216,11,64948037,64979477,Tier 2,,,TRUE,""
CAPN2,ENSG00000162909,1,223889295,223963720,Tier 2,,,TRUE,""
CAPNS1,ENSG00000126247,19,36630477,36641255,Tier 2,,,TRUE,""
CAPZA1,ENSG00000116489,1,113161795,113214241,Tier 3A,,,TRUE,""
CAPZA2,ENSG00000198898,7,116451124,116562103,Tier 3A,,,TRUE,""
CARM1,ENSG00000142453,19,10982189,11033453,Tier 2,,,TRUE,""
CARTPT,ENSG00000164326,5,71014990,71016875,Tier 3B,,,TRUE,""
CASK,ENSG00000147044,X,41374187,41782716,Tier 2,,,TRUE,""
CASP1,ENSG00000137752,11,104896170,104972158,Tier 1,,,TRUE,""
CASP2,ENSG00000106144,7,142985308,143004789,Tier 2,,,TRUE,""
CASP3,ENSG00000164305,4,185548850,185570663,Tier 2,,,TRUE,""
CASP6,ENSG00000138794,4,110609785,110624739,Tier 2,,,TRUE,""
CASP7,ENSG00000165806,10,115438942,115490662,Tier 2,,,TRUE,""
CASP8,ENSG00000064012,2,202098166,202152434,Tier 1,,,TRUE,""
CASP9,ENSG00000132906,1,15817327,15853029,Tier 2,,,TRUE,""
CASQ2,ENSG00000118729,1,116242628,116311402,Tier 3A,,,TRUE,""
CASR,ENSG00000036828,3,121902530,122005342,Tier 1,,,TRUE,""
CAT,ENSG00000121691,11,34460472,34493609,Tier 1,,,TRUE,""
CATSPER1,ENSG00000175294,11,65784223,65793988,Tier 3B,,,TRUE,""
CATSPER2,ENSG00000166762,15,43920701,43960316,Tier 3B,,,TRUE,""
CATSPER3,ENSG00000152705,5,134303596,134347392,Tier 3B,,,TRUE,""
CATSPER4,ENSG00000188782,1,26517052,26529459,Tier 3B,,,TRUE,""
CBLN1,ENSG00000102924,16,49311828,49315742,Tier 3B,,,TRUE,""
CBLN3,ENSG00000139899,14,24895738,24900160,Tier 3A,,,TRUE,""
CBLN4,ENSG00000054803,20,54572496,54580528,Tier 3B,,,TRUE,""
CBR1,ENSG00000159228,21,37442239,37445464,Tier 1,,,TRUE,""
CBR3,ENSG00000159231,21,37507210,37518864,Tier 1,,,TRUE,""
CCDC3,ENSG00000151468,10,12938627,13141652,Tier 3A,,,TRUE,""
CCDC80,ENSG00000091986,3,112323407,112368377,Tier 3A,,,TRUE,""
CCK,ENSG00000187094,3,42299317,42307699,Tier 3A,,,TRUE,""
CCKAR,ENSG00000163394,4,26483022,26492084,Tier 1,,,TRUE,""
CCKBR,ENSG00000110148,11,6280966,6293357,Tier 1,,,TRUE,""
CCL1,ENSG00000108702,17,32687347,32690250,Tier 3B,,,TRUE,""
CCL11,ENSG00000172156,17,32612687,32615353,Tier 1,,,TRUE,""
CCL13,ENSG00000181374,17,32683471,32685629,Tier 3B,,,TRUE,""
CCL14,ENSG00000213494,17,34310327,34329100,Tier 3B,,,TRUE,""
CCL15-CCL14,ENSG00000161574,17,34310692,34328660,Tier 3B,,,TRUE,""
CCL16,ENSG00000161573,17,34303529,34308532,Tier 3B,,,TRUE,""
CCL17,ENSG00000102970,16,57438679,57449974,Tier 3B,,,TRUE,""
CCL18,ENSG00000006074,17,34391640,34399392,Tier 3B,,,TRUE,""
CCL19,ENSG00000172724,9,34689564,34691274,Tier 3A,,,TRUE,""
CCL2,ENSG00000108691,17,32582304,32584222,Tier 1,,,TRUE,""
CCL20,ENSG00000115009,2,228678558,228682272,Tier 3A,,,TRUE,""
CCL21,ENSG00000137077,9,34709002,34710121,Tier 3A,,,TRUE,""
CCL22,ENSG00000102962,16,57392684,57400102,Tier 3B,,,TRUE,""
CCL23,ENSG00000167236,17,34340096,34345005,Tier 3B,,,TRUE,""
CCL24,ENSG00000106178,7,75440983,75452674,Tier 3B,,,TRUE,""
CCL25,ENSG00000131142,19,8117651,8127534,Tier 3B,,,TRUE,""
CCL26,ENSG00000006606,7,75398851,75419214,Tier 3B,,,TRUE,""
CCL27,ENSG00000213927,9,34661877,34664045,Tier 3A,,,TRUE,""
CCL28,ENSG00000151882,5,43376747,43412493,Tier 3B,,,TRUE,""
CCL3,ENSG00000006075,17,34415602,34417515,Tier 3B,,,TRUE,""
CCL3L1,ENSG00000205021,17,34623842,34625731,Tier 3B,,,TRUE,""
CCL3L3,ENSG00000256515,17,34522268,34524157,Tier 3B,,,TRUE,""
CCL4,ENSG00000129277,17,34430983,34433014,Tier 3B,,,TRUE,""
CCL4L1,ENSG00000205020,17,34538310,34540280,Tier 3B,,,TRUE,""
CCL4L2,ENSG00000197262,17,34639793,34641846,Tier 3B,,,TRUE,""
CCL5,ENSG00000161570,17,34198495,34207797,Tier 2,,,TRUE,""
CCL7,ENSG00000108688,17,32597240,32599261,Tier 3A,,,TRUE,""
CCL8,ENSG00000108700,17,32646055,32648421,Tier 3B,,,TRUE,""
CCNA1,ENSG00000133101,13,37005967,37017019,Tier 1,,,TRUE,""
CCNA2,ENSG00000145386,4,122737599,122745087,Tier 1,,,TRUE,""
CCNB1,ENSG00000134057,5,68462837,68474072,Tier 1,,,TRUE,""
CCNB2,ENSG00000157456,15,59397277,59417244,Tier 1,,,TRUE,""
CCNB3,ENSG00000147082,X,49967364,50094909,Tier 1,,,TRUE,""
CCND1,ENSG00000110092,11,69455855,69469242,Tier 1,,,TRUE,""
CCND2,ENSG00000118971,12,4382938,4414516,Tier 1,,,TRUE,""
CCND3,ENSG00000112576,6,41902671,42018095,Tier 1,,,TRUE,""
CCNE1,ENSG00000105173,19,30302805,30315215,Tier 1,,,TRUE,""
CCNE2,ENSG00000175305,8,95891998,95908906,Tier 1,,,TRUE,""
CCNH,ENSG00000134480,5,86687311,86708836,Tier 2,,,TRUE,""
CCNT1,ENSG00000129315,12,49082247,49110681,Tier 1,,,TRUE,""
CCR1,ENSG00000163823,3,46243200,46249887,Tier 1,,,TRUE,""
CCR10,ENSG00000184451,17,40830907,40835935,Tier 3B,,,TRUE,""
CCR2,ENSG00000121807,3,46395225,46402419,Tier 1,,,TRUE,""
CCR3,ENSG00000183625,3,46205096,46308197,Tier 2,,,TRUE,""
CCR4,ENSG00000183813,3,32993066,32997841,Tier 1,,,TRUE,""
CCR5,ENSG00000160791,3,46411633,46417697,Tier 1,,,TRUE,""
CCR6,ENSG00000112486,6,167525295,167553184,Tier 2,,,TRUE,""
CCR7,ENSG00000126353,17,38710021,38721724,Tier 3A,,,TRUE,""
CCR8,ENSG00000179934,3,39371197,39375171,Tier 2,,,TRUE,""
CCR9,ENSG00000173585,3,45927996,45944667,Tier 1,,,TRUE,""
CCRL2,ENSG00000121797,3,46448654,46454488,Tier 3B,,,TRUE,""
CD101,ENSG00000134256,1,117544382,117579167,Tier 3B,,,TRUE,""
CD109,ENSG00000156535,6,74405508,74538040,Tier 3B,,,TRUE,""
CD14,ENSG00000170458,5,140011313,140013286,Tier 1,,,TRUE,""
CD151,ENSG00000177697,11,832843,839831,Tier 3A,,,TRUE,""
CD160,ENSG00000117281,1,145695798,145715614,Tier 3A,,,TRUE,""
CD163,ENSG00000177575,12,7623409,7656489,Tier 3B,,,TRUE,""
CD163L1,ENSG00000177675,12,7499281,7632493,Tier 3B,,,TRUE,""
CD164,ENSG00000135535,6,109687717,109703762,Tier 3A,,,TRUE,""
CD164L2,ENSG00000174950,1,27705666,27709870,Tier 3B,,,TRUE,""
CD177,ENSG00000204936,19,43857811,43867480,Tier 3B,,,TRUE,""
CD180,ENSG00000134061,5,66478103,66492627,Tier 3A,,,TRUE,""
CD19,ENSG00000177455,16,28943260,28950667,Tier 1,,,TRUE,""
CD1A,ENSG00000158477,1,158223927,158228059,Tier 3B,,,TRUE,""
CD1B,ENSG00000158485,1,158297741,158301321,Tier 3B,,,TRUE,""
CD1C,ENSG00000158481,1,158259576,158263420,Tier 3B,,,TRUE,""
CD1D,ENSG00000158473,1,158149737,158154686,Tier 3B,,,TRUE,""
CD1E,ENSG00000158488,1,158323254,158327343,Tier 3B,,,TRUE,""
CD2,ENSG00000116824,1,117297007,117311850,Tier 1,,,TRUE,""
CD200,ENSG00000091972,3,112051194,112081659,Tier 1,,,TRUE,""
CD200R1,ENSG00000163606,3,112640056,112693969,Tier 3A,,,TRUE,""
CD207,ENSG00000116031,2,71057347,71062952,Tier 3B,,,TRUE,""
CD209,ENSG00000090659,19,7804879,7812464,Tier 3B,,,TRUE,""
CD22,ENSG00000012124,19,35810164,35838258,Tier 1,,,TRUE,""
CD226,ENSG00000150637,18,67498394,67629039,Tier 3A,,,TRUE,""
CD244,ENSG00000122223,1,160799950,160832692,Tier 3A,,,TRUE,""
CD247,ENSG00000198821,1,167399877,167487847,Tier 3A,,,TRUE,""
CD248,ENSG00000174807,11,66081958,66084515,Tier 1,,,TRUE,""
CD27,ENSG00000139193,12,6554033,6560884,Tier 3A,,,TRUE,""
CD274,ENSG00000120217,9,5450503,5470566,Tier 1,,,TRUE,""
CD276,ENSG00000103855,15,73976307,74006859,Tier 1,,,TRUE,""
CD28,ENSG00000178562,2,204571198,204603635,Tier 1,,,TRUE,""
CD300A,ENSG00000167851,17,72462555,72480933,Tier 3B,,,TRUE,""
CD300C,ENSG00000167850,17,72537247,72542282,Tier 3B,,,TRUE,""
CD300E,ENSG00000186407,17,72606026,72619897,Tier 3B,,,TRUE,""
CD300LB,ENSG00000178789,17,72517313,72527613,Tier 3B,,,TRUE,""
CD300LD,ENSG00000204345,17,72575504,72588422,Tier 3B,,,TRUE,""
CD300LF,ENSG00000186074,17,72690452,72709117,Tier 3A,,,TRUE,""
CD300LG,ENSG00000161649,17,41924516,41940997,Tier 3A,,,TRUE,""
CD302,ENSG00000241399,2,160625364,160654753,Tier 3B,,,TRUE,""
CD320,ENSG00000167775,19,8367011,8373240,Tier 3B,,,TRUE,""
CD33,ENSG00000105383,19,51728320,51747115,Tier 1,,,TRUE,""
CD34,ENSG00000174059,1,208057594,208084747,Tier 3A,,,TRUE,""
CD36,ENSG00000135218,7,79998891,80308593,Tier 3A,,,TRUE,""
CD37,ENSG00000104894,19,49838428,49846592,Tier 1,,,TRUE,""
CD38,ENSG00000004468,4,15779898,15854853,Tier 1,,,TRUE,""
CD3D,ENSG00000167286,11,118209669,118213459,Tier 3B,,,TRUE,""
CD3E,ENSG00000198851,11,118175260,118186890,Tier 1,,,TRUE,""
CD3G,ENSG00000160654,11,118215059,118225876,Tier 3B,,,TRUE,""
CD4,ENSG00000010610,12,6896024,6929974,Tier 1,,,TRUE,""
CD40,ENSG00000101017,20,44746911,44758502,Tier 1,,,TRUE,""
CD40LG,ENSG00000102245,X,135730352,135742549,Tier 1,,,TRUE,""
CD44,ENSG00000026508,11,35160417,35253949,Tier 1,,,TRUE,""
CD46,ENSG00000117335,1,207925402,207968858,Tier 3A,,,TRUE,""
CD47,ENSG00000196776,3,107762145,107809872,Tier 3B,,,TRUE,""
CD48,ENSG00000117091,1,160648536,160681641,Tier 3A,,,TRUE,""
CD5,ENSG00000110448,11,60869867,60895324,Tier 1,,,TRUE,""
CD52,ENSG00000169442,1,26644448,26647014,Tier 1,,,TRUE,""
CD53,ENSG00000143119,1,111415775,111442550,Tier 3A,,,TRUE,""
CD55,ENSG00000196352,1,207494853,207534311,Tier 1,,,TRUE,""
CD58,ENSG00000116815,1,117057157,117113661,Tier 3A,,,TRUE,""
CD59,ENSG00000085063,11,33719807,33757991,Tier 3B,,,TRUE,""
CD5L,ENSG00000073754,1,157800704,157868046,Tier 3A,,,TRUE,""
CD6,ENSG00000013725,11,60739115,60787849,Tier 1,,,TRUE,""
CD63,ENSG00000135404,12,56119107,56123491,Tier 3A,,,TRUE,""
CD68,ENSG00000129226,17,7482785,7485429,Tier 3A,,,TRUE,""
CD69,ENSG00000110848,12,9905082,9913497,Tier 3A,,,TRUE,""
CD7,ENSG00000173762,17,80272744,80275478,Tier 3B,,,TRUE,""
CD70,ENSG00000125726,19,6583194,6604114,Tier 1,,,TRUE,""
CD72,ENSG00000137101,9,35609530,35646807,Tier 3B,,,TRUE,""
CD74,ENSG00000019582,5,149781200,149792492,Tier 1,,,TRUE,""
CD79A,ENSG00000105369,19,42381190,42385439,Tier 3B,,,TRUE,""
CD79B,ENSG00000007312,17,62006100,62009714,Tier 1,,,TRUE,""
CD80,ENSG00000121594,3,119243140,119278449,Tier 1,,,TRUE,""
CD81,ENSG00000110651,11,2397407,2418649,Tier 3B,,,TRUE,""
CD82,ENSG00000085117,11,44585977,44641913,Tier 3A,,,TRUE,""
CD83,ENSG00000112149,6,14117872,14137149,Tier 3A,,,TRUE,""
CD84,ENSG00000066294,1,160510885,160549306,Tier 3B,,,TRUE,""
CD86,ENSG00000114013,3,121774213,121839983,Tier 1,,,TRUE,""
CD8A,ENSG00000153563,2,87011729,87035519,Tier 3A,,,TRUE,""
CD8B,ENSG00000172116,2,87042462,87089047,Tier 3A,,,TRUE,""
CD9,ENSG00000010278,12,6308881,6347425,Tier 3A,,,TRUE,""
CD93,ENSG00000125810,20,23059986,23066977,Tier 3A,,,TRUE,""
CD96,ENSG00000153283,3,111011566,111384597,Tier 3A,,,TRUE,""
CD97,ENSG00000123146,19,14491313,14519537,Tier 3B,,,TRUE,""
CD99,ENSG00000002586,X,2609220,2659350,Tier 3B,,,TRUE,""
CDA,ENSG00000158825,1,20915441,20945401,Tier 1,,,TRUE,""
CDC25A,ENSG00000164045,3,48198636,48229892,Tier 2,,,TRUE,""
CDC25B,ENSG00000101224,20,3767578,3786762,Tier 2,,,TRUE,""
CDC25C,ENSG00000158402,5,137620954,137674044,Tier 2,,,TRUE,""
CDC42,ENSG00000070831,1,22379120,22419437,Tier 2,,,TRUE,""
CDC42BPA,ENSG00000143776,1,227177566,227506175,Tier 2,,,TRUE,""
CDC42BPB,ENSG00000198752,14,103398716,103523799,Tier 2,,,TRUE,""
CDC42BPG,ENSG00000171219,11,64590859,64612041,Tier 2,,,TRUE,""
CDC7,ENSG00000097046,1,91966408,91991321,Tier 2,,,TRUE,""
CDCP1,ENSG00000163814,3,45123770,45187914,Tier 3B,,,TRUE,""
CDH1,ENSG00000039068,16,68771128,68869451,Tier 3A,,,TRUE,""
CDH13,ENSG00000140945,16,82660408,83830204,Tier 3A,,,TRUE,""
CDH2,ENSG00000170558,18,25530930,25757410,Tier 1,,,TRUE,""
CDH3,ENSG00000062038,16,68670092,68756519,Tier 1,,,TRUE,""
CDH5,ENSG00000179776,16,66400533,66438686,Tier 3B,,,TRUE,""
CDK1,ENSG00000170312,10,62538089,62554610,Tier 1,,,TRUE,""
CDK10,ENSG00000185324,16,89747145,89762772,Tier 3B,,,TRUE,""
CDK11A,ENSG00000008128,1,1634169,1655766,Tier 2,,,TRUE,""
CDK11B,ENSG00000248333,1,1570603,1590473,Tier 2,,,TRUE,""
CDK12,ENSG00000167258,17,37617764,37721160,Tier 3B,,,TRUE,""
CDK13,ENSG00000065883,7,39989636,40136733,Tier 1,,,TRUE,""
CDK14,ENSG00000058091,7,90095738,90839905,Tier 2,,,TRUE,""
CDK15,ENSG00000138395,2,202655184,202760273,Tier 2,,,TRUE,""
CDK16,ENSG00000102225,X,47077259,47089396,Tier 1,,,TRUE,""
CDK17,ENSG00000059758,12,96672039,96794338,Tier 2,,,TRUE,""
CDK18,ENSG00000117266,1,205473723,205501921,Tier 2,,,TRUE,""
CDK19,ENSG00000155111,6,110931181,111137161,Tier 1,,,TRUE,""
CDK2,ENSG00000123374,12,56360553,56366568,Tier 1,,,TRUE,""
CDK20,ENSG00000156345,9,90581356,90589668,Tier 3B,,,TRUE,""
CDK3,ENSG00000250506,17,73996987,74002080,Tier 2,,,TRUE,""
CDK4,ENSG00000135446,12,58141510,58149796,Tier 1,,,TRUE,""
CDK5,ENSG00000164885,7,150750899,150755617,Tier 1,,,TRUE,""
CDK5R1,ENSG00000176749,17,30813637,30818274,Tier 1,,,TRUE,""
CDK6,ENSG00000105810,7,92234235,92465908,Tier 1,,,TRUE,""
CDK7,ENSG00000134058,5,68530668,68573250,Tier 1,,,TRUE,""
CDK8,ENSG00000132964,13,26828276,26979375,Tier 1,,,TRUE,""
CDK9,ENSG00000136807,9,130547958,130553066,Tier 1,,,TRUE,""
CDKL1,ENSG00000100490,14,50796310,50883179,Tier 2,,,TRUE,""
CDKL2,ENSG00000138769,4,76503215,76555900,Tier 1,,,TRUE,""
CDKL3,ENSG00000006837,5,133541305,133706738,Tier 2,,,TRUE,""
CDKL4,ENSG00000205111,2,39402787,39456729,Tier 3B,,,TRUE,""
CDKL5,ENSG00000008086,X,18443703,18671749,Tier 1,,,TRUE,""
CDKN1A,ENSG00000124762,6,36644305,36655116,Tier 2,,,TRUE,""
CDNF,ENSG00000185267,10,14861249,14880574,Tier 3B,,,TRUE,""
CEACAM1,ENSG00000079385,19,43011456,43065386,Tier 3B,,,TRUE,""
CEACAM16,ENSG00000213892,19,45202421,45213986,Tier 3A,,,TRUE,""
CEACAM3,ENSG00000170956,19,42300369,42315591,Tier 1,,,TRUE,""
CEACAM5,ENSG00000105388,19,42212504,42233718,Tier 1,,,TRUE,""
CEACAM6,ENSG00000086548,19,42254885,42276113,Tier 1,,,TRUE,""
CEACAM7,ENSG00000007306,19,42177235,42210895,Tier 3B,,,TRUE,""
CEACAM8,ENSG00000124469,19,43084393,43099207,Tier 3B,,,TRUE,""
CECR1,ENSG00000093072,22,17660194,17702879,Tier 3B,,,TRUE,""
CEL,ENSG00000170835,9,135937365,135947248,Tier 2,,,TRUE,""
CELA1,ENSG00000139610,12,51722227,51740463,Tier 1,,,TRUE,""
CELA2A,ENSG00000142615,1,15783223,15798586,Tier 3A,,,TRUE,""
CELA2B,ENSG00000215704,1,15792404,15817895,Tier 3A,,,TRUE,""
CELSR1,ENSG00000075275,22,46756731,46933067,Tier 3B,,,TRUE,""
CELSR2,ENSG00000143126,1,109792641,109818372,Tier 3B,,,TRUE,""
CELSR3,ENSG00000008300,3,48673902,48700348,Tier 3B,,,TRUE,""
CER1,ENSG00000147869,9,14719722,14722715,Tier 3B,,,TRUE,""
CES1,ENSG00000198848,16,55836763,55867249,Tier 1,,,TRUE,""
CES2,ENSG00000172831,16,66968347,66978999,Tier 1,,,TRUE,""
CES3,ENSG00000172828,16,66995140,67009051,Tier 3B,,,TRUE,""
CES4A,ENSG00000172824,16,67022492,67043661,Tier 3B,,,TRUE,""
CES5A,ENSG00000159398,16,55880066,55989943,Tier 3B,,,TRUE,""
CETP,ENSG00000087237,16,56995762,57017757,Tier 1,,,TRUE,""
CFB,ENSG00000243649,6,31895475,31919861,Tier 3A,,,TRUE,""
CFC1,ENSG00000136698,2,131350339,131357123,Tier 3B,,,TRUE,""
CFD,ENSG00000197766,19,859453,863453,Tier 1,,,TRUE,""
CFH,ENSG00000000971,1,196621008,196716634,Tier 3A,,,TRUE,""
CFHR1,ENSG00000244414,1,196788887,196801319,Tier 3A,,,TRUE,""
CFHR2,ENSG00000080910,1,196788898,196928356,Tier 3A,,,TRUE,""
CFHR3,ENSG00000116785,1,196743925,196763203,Tier 3A,,,TRUE,""
CFHR4,ENSG00000134365,1,196819371,196888102,Tier 3A,,,TRUE,""
CFHR5,ENSG00000134389,1,196946667,196978804,Tier 3A,,,TRUE,""
CFI,ENSG00000205403,4,110661852,110723335,Tier 3A,,,TRUE,""
CFP,ENSG00000126759,X,47483612,47489704,Tier 3B,,,TRUE,""
CFTR,ENSG00000001626,7,117105838,117356025,Tier 1,,,TRUE,""
CGA,ENSG00000135346,6,87795216,87804824,Tier 3B,,,TRUE,""
CGB,ENSG00000104827,19,49526126,49527590,Tier 3B,,,TRUE,""
CGB2,ENSG00000104818,19,49535169,49536495,Tier 3B,,,TRUE,""
CGB5,ENSG00000189052,19,49547141,49548568,Tier 3B,,,TRUE,""
CGB7,ENSG00000196337,19,49557531,49562117,Tier 3B,,,TRUE,""
CGB8,ENSG00000213030,19,49550895,49552400,Tier 3B,,,TRUE,""
CGREF1,ENSG00000138028,2,27321757,27341995,Tier 3B,,,TRUE,""
CHAD,ENSG00000136457,17,48541857,48546327,Tier 3A,,,TRUE,""
CHADL,ENSG00000100399,22,41625517,41636938,Tier 3B,,,TRUE,""
CHAT,ENSG00000070748,10,50817141,50901925,Tier 1,,,TRUE,""
CHEK1,ENSG00000149554,11,125495036,125546150,Tier 1,,,TRUE,""
CHEK2,ENSG00000183765,22,29083731,29138410,Tier 1,,,TRUE,""
CHGA,ENSG00000100604,14,93389425,93401638,Tier 3B,,,TRUE,""
CHGB,ENSG00000089199,20,5892076,5906007,Tier 3A,,,TRUE,""
CHI3L1,ENSG00000133048,1,203148059,203155877,Tier 3A,,,TRUE,""
CHI3L2,ENSG00000064886,1,111743393,111786062,Tier 3B,,,TRUE,""
CHIA,ENSG00000134216,1,111833484,111863188,Tier 2,,,TRUE,""
CHID1,ENSG00000177830,11,867357,915058,Tier 3A,,,TRUE,""
CHIT1,ENSG00000133063,1,203181955,203242769,Tier 3A,,,TRUE,""
CHL1,ENSG00000134121,3,238279,451090,Tier 3A,,,TRUE,""
CHRD,ENSG00000090539,3,184097861,184108524,Tier 3A,,,TRUE,""
CHRDL1,ENSG00000101938,X,109917084,110039286,Tier 3A,,,TRUE,""
CHRDL2,ENSG00000054938,11,74407474,74442430,Tier 3B,,,TRUE,""
CHRFAM7A,ENSG00000166664,15,30653443,30686052,Tier 3B,,,TRUE,""
CHRM1,ENSG00000168539,11,62676151,62689279,Tier 1,,,TRUE,""
CHRM2,ENSG00000181072,7,136553416,136705002,Tier 1,,,TRUE,""
CHRM3,ENSG00000133019,1,239549865,240078750,Tier 1,,,TRUE,""
CHRM4,ENSG00000180720,11,46406640,46408107,Tier 1,,,TRUE,""
CHRM5,ENSG00000184984,15,34260921,34357291,Tier 1,,,TRUE,""
CHRNA1,ENSG00000138435,2,175612320,175629200,Tier 1,,,TRUE,""
CHRNA10,ENSG00000129749,11,3686817,3692614,Tier 3B,,,TRUE,""
CHRNA2,ENSG00000120903,8,27317279,27337400,Tier 1,,,TRUE,""
CHRNA3,ENSG00000080644,15,78885394,78913637,Tier 1,,,TRUE,""
CHRNA4,ENSG00000101204,20,61975420,62009753,Tier 1,,,TRUE,""
CHRNA5,ENSG00000169684,15,78857862,78887611,Tier 2,,,TRUE,""
CHRNA6,ENSG00000147434,8,42607763,42651535,Tier 2,,,TRUE,""
CHRNA7,ENSG00000175344,15,32322691,32464722,Tier 1,,,TRUE,""
CHRNA9,ENSG00000174343,4,40337346,40357234,Tier 3A,,,TRUE,""
CHRNB1,ENSG00000170175,17,7348380,7361026,Tier 1,,,TRUE,""
CHRNB2,ENSG00000160716,1,154540257,154552502,Tier 1,,,TRUE,""
CHRNB3,ENSG00000147432,8,42552519,42592550,Tier 2,,,TRUE,""
CHRNB4,ENSG00000117971,15,78916461,79020096,Tier 1,,,TRUE,""
CHRND,ENSG00000135902,2,233390703,233401377,Tier 1,,,TRUE,""
CHRNE,ENSG00000108556,17,4801069,4806369,Tier 1,,,TRUE,""
CHRNG,ENSG00000196811,2,233404437,233411113,Tier 1,,,TRUE,""
CHST1,ENSG00000175264,11,45670427,45687172,Tier 1,,,TRUE,""
CHST10,ENSG00000115526,2,101008327,101034118,Tier 1,,,TRUE,""
CHST11,ENSG00000171310,12,104849073,105155792,Tier 1,,,TRUE,""
CHST12,ENSG00000136213,7,2443223,2474242,Tier 1,,,TRUE,""
CHST13,ENSG00000180767,3,126243126,126262134,Tier 1,,,TRUE,""
CHST2,ENSG00000175040,3,142838173,142841800,Tier 1,,,TRUE,""
CHST3,ENSG00000122863,10,73724123,73773322,Tier 1,,,TRUE,""
CHST4,ENSG00000140835,16,71559136,71572649,Tier 1,,,TRUE,""
CHST5,ENSG00000135702,16,75562433,75569145,Tier 1,,,TRUE,""
CHST6,ENSG00000183196,16,75510949,75529282,Tier 1,,,TRUE,""
CHST7,ENSG00000147119,X,46433219,46457843,Tier 1,,,TRUE,""
CHST8,ENSG00000124302,19,34112861,34264414,Tier 1,,,TRUE,""
CHST9,ENSG00000154080,18,24495595,24765281,Tier 1,,,TRUE,""
CHSY1,ENSG00000131873,15,101715928,101792137,Tier 3A,,,TRUE,""
CHUK,ENSG00000213341,10,101948055,101989376,Tier 1,,,TRUE,""
CILP,ENSG00000138615,15,65488337,65503826,Tier 3B,,,TRUE,""
CILP2,ENSG00000160161,19,19649057,19657468,Tier 3A,,,TRUE,""
CISD1,ENSG00000122873,10,60028818,60049346,Tier 2,,,TRUE,""
CIT,ENSG00000122966,12,120123595,120315095,Tier 1,,,TRUE,""
CKLF,ENSG00000217555,16,66586466,66600154,Tier 3B,,,TRUE,""
CLCA1,ENSG00000016490,1,86934051,86965972,Tier 1,,,TRUE,""
CLCA2,ENSG00000137975,1,86889769,86922241,Tier 1,,,TRUE,""
CLCA3P,ENSG00000153923,1,87099956,87121059,Tier 1,,,TRUE,""
CLCA4,ENSG00000016602,1,87012761,87046437,Tier 1,,,TRUE,""
CLCF1,ENSG00000175505,11,67131639,67141648,Tier 3B,,,TRUE,""
CLCN1,ENSG00000188037,7,143013219,143049176,Tier 2,,,TRUE,""
CLCN2,ENSG00000114859,3,184063973,184079439,Tier 1,,,TRUE,""
CLCN3,ENSG00000109572,4,170533784,170644824,Tier 3B,,,TRUE,""
CLCN4,ENSG00000073464,X,10125024,10205700,Tier 3B,,,TRUE,""
CLCN5,ENSG00000171365,X,49687225,49863892,Tier 3B,,,TRUE,""
CLCNKA,ENSG00000186510,1,16345370,16360545,Tier 3A,,,TRUE,""
CLCNKB,ENSG00000184908,1,16370272,16383803,Tier 3B,,,TRUE,""
CLDN18,ENSG00000066405,3,137717577,137752494,Tier 1,,,TRUE,""
CLEC10A,ENSG00000132514,17,6977856,6983626,Tier 3B,,,TRUE,""
CLEC11A,ENSG00000105472,19,51226586,51228974,Tier 3B,,,TRUE,""
CLEC14A,ENSG00000176435,14,38723308,38725574,Tier 3A,,,TRUE,""
CLEC3A,ENSG00000166509,16,78056412,78100658,Tier 3B,,,TRUE,""
CLEC3B,ENSG00000163815,3,45043040,45077563,Tier 3B,,,TRUE,""
CLEC4C,ENSG00000198178,12,7882011,7904201,Tier 3B,,,TRUE,""
CLEC4M,ENSG00000104938,19,7828035,7834491,Tier 3B,,,TRUE,""
CLK1,ENSG00000013441,2,201717732,201729422,Tier 1,,,TRUE,""
CLK2,ENSG00000176444,1,155232659,155248282,Tier 1,,,TRUE,""
CLK3,ENSG00000179335,15,74890841,74932057,Tier 2,,,TRUE,""
CLK4,ENSG00000113240,5,178029665,178057616,Tier 1,,,TRUE,""
CLPS,ENSG00000137392,6,35762759,35765088,Tier 3B,,,TRUE,""
CLPSL2,ENSG00000196748,6,35744371,35747329,Tier 3B,,,TRUE,""
CLSTN1,ENSG00000171603,1,9789084,9884584,Tier 3B,,,TRUE,""
CLU,ENSG00000120885,8,27454434,27472548,Tier 3A,,,TRUE,""
CLUL1,ENSG00000079101,18,596988,650334,Tier 3B,,,TRUE,""
CMA1,ENSG00000092009,14,24974559,24977471,Tier 1,,,TRUE,""
CMKLR1,ENSG00000174600,12,108681821,108733118,Tier 2,,,TRUE,""
CNDP1,ENSG00000150656,18,72201675,72254448,Tier 3B,,,TRUE,""
CNGA1,ENSG00000198515,4,47937994,48018689,Tier 3B,,,TRUE,""
CNGA2,ENSG00000183862,X,150906923,150913776,Tier 3B,,,TRUE,""
CNGA3,ENSG00000144191,2,98962618,99015064,Tier 3B,,,TRUE,""
CNGA4,ENSG00000132259,11,6255995,6265659,Tier 3B,,,TRUE,""
CNGB1,ENSG00000070729,16,57917503,58005020,Tier 3B,,,TRUE,""
CNGB3,ENSG00000170289,8,87566205,87755903,Tier 3B,,,TRUE,""
CNP,ENSG00000173786,17,40118759,40129749,Tier 3B,,,TRUE,""
CNR1,ENSG00000118432,6,88849583,88876078,Tier 1,,,TRUE,""
CNR2,ENSG00000188822,1,24197016,24285549,Tier 1,,,TRUE,""
CNTF,ENSG00000242689,11,58390146,58393198,Tier 3A,,,TRUE,""
CNTFR,ENSG00000122756,9,34551430,34590121,Tier 3B,,,TRUE,""
CNTN1,ENSG00000018236,12,41086244,41466220,Tier 3A,,,TRUE,""
CNTN2,ENSG00000184144,1,205012325,205047627,Tier 3B,,,TRUE,""
CNTN4,ENSG00000144619,3,2140497,3099645,Tier 3A,,,TRUE,""
CNTNAP3,ENSG00000106714,9,39072764,39288312,Tier 3B,,,TRUE,""
COCH,ENSG00000100473,14,31343720,31364271,Tier 3B,,,TRUE,""
COL10A1,ENSG00000123500,6,116440086,116479910,Tier 3B,,,TRUE,""
COL11A1,ENSG00000060718,1,103342023,103574052,Tier 3A,,,TRUE,""
COL11A2,ENSG00000204248,6,33130458,33160276,Tier 3A,,,TRUE,""
COL12A1,ENSG00000111799,6,75794042,75915767,Tier 3B,,,TRUE,""
COL13A1,ENSG00000197467,10,71561644,71724031,Tier 3A,,,TRUE,""
COL14A1,ENSG00000187955,8,121072019,121384275,Tier 3B,,,TRUE,""
COL15A1,ENSG00000204291,9,101705461,101833069,Tier 3B,,,TRUE,""
COL16A1,ENSG00000084636,1,32117848,32169920,Tier 3B,,,TRUE,""
COL17A1,ENSG00000065618,10,105791044,105845760,Tier 3A,,,TRUE,""
COL18A1,ENSG00000182871,21,46825052,46933634,Tier 3A,,,TRUE,""
COL19A1,ENSG00000082293,6,70576463,70919679,Tier 3B,,,TRUE,""
COL1A1,ENSG00000108821,17,48260650,48278993,Tier 3A,,,TRUE,""
COL1A2,ENSG00000164692,7,94023873,94060544,Tier 3A,,,TRUE,""
COL20A1,ENSG00000101203,20,61924538,61966203,Tier 3A,,,TRUE,""
COL21A1,ENSG00000124749,6,55921388,56258892,Tier 3B,,,TRUE,""
COL22A1,ENSG00000169436,8,139600478,139926249,Tier 3B,,,TRUE,""
COL23A1,ENSG00000050767,5,177664619,178017556,Tier 3A,,,TRUE,""
COL24A1,ENSG00000171502,1,86194916,86622626,Tier 3A,,,TRUE,""
COL25A1,ENSG00000188517,4,109731877,110223813,Tier 3A,,,TRUE,""
COL26A1,ENSG00000160963,7,101006101,101202304,Tier 3A,,,TRUE,""
COL27A1,ENSG00000196739,9,116917840,117074791,Tier 3A,,,TRUE,""
COL28A1,ENSG00000215018,7,7395834,7575484,Tier 3A,,,TRUE,""
COL2A1,ENSG00000139219,12,48366748,48398269,Tier 3A,,,TRUE,""
COL3A1,ENSG00000168542,2,189839046,189877472,Tier 3B,,,TRUE,""
COL4A1,ENSG00000187498,13,110801318,110959496,Tier 3A,,,TRUE,""
COL4A2,ENSG00000134871,13,110958159,111165374,Tier 3A,,,TRUE,""
COL4A3,ENSG00000169031,2,228029281,228179508,Tier 3A,,,TRUE,""
COL4A4,ENSG00000081052,2,227867427,228028829,Tier 3A,,,TRUE,""
COL4A5,ENSG00000188153,X,107683074,107940775,Tier 3B,,,TRUE,""
COL4A6,ENSG00000197565,X,107386780,107682727,Tier 3B,,,TRUE,""
COL5A1,ENSG00000130635,9,137533620,137736686,Tier 3A,,,TRUE,""
COL5A2,ENSG00000204262,2,189896622,190044605,Tier 3B,,,TRUE,""
COL5A3,ENSG00000080573,19,10070237,10121147,Tier 3B,,,TRUE,""
COL6A1,ENSG00000142156,21,47401651,47424964,Tier 3A,,,TRUE,""
COL6A2,ENSG00000142173,21,47518011,47552763,Tier 3B,,,TRUE,""
COL6A3,ENSG00000163359,2,238232646,238323018,Tier 3A,,,TRUE,""
COL6A5,ENSG00000172752,3,130064359,130203688,Tier 3B,,,TRUE,""
COL6A6,ENSG00000206384,3,130279178,130396999,Tier 3B,,,TRUE,""
COL7A1,ENSG00000114270,3,48601506,48632700,Tier 3B,,,TRUE,""
COL8A1,ENSG00000144810,3,99357319,99518070,Tier 3A,,,TRUE,""
COL8A2,ENSG00000171812,1,36560837,36590821,Tier 3A,,,TRUE,""
COL9A1,ENSG00000112280,6,70924764,71012786,Tier 3B,,,TRUE,""
COL9A2,ENSG00000049089,1,40766159,40783488,Tier 3B,,,TRUE,""
COL9A3,ENSG00000092758,20,61447596,61472511,Tier 3A,,,TRUE,""
COLEC10,ENSG00000184374,8,120007691,120118821,Tier 3A,,,TRUE,""
COLQ,ENSG00000206561,3,15491640,15563258,Tier 3B,,,TRUE,""
COMP,ENSG00000105664,19,18893583,18902123,Tier 3B,,,TRUE,""
COMT,ENSG00000093010,22,19929130,19957498,Tier 1,,,TRUE,""
COPA,ENSG00000122218,1,160259063,160313190,Tier 3B,,,TRUE,""
CORIN,ENSG00000145244,4,47596015,47840123,Tier 3A,,,TRUE,""
CORT,ENSG00000241563,1,10509776,10511959,Tier 3B,,,TRUE,""
CP,ENSG00000047457,3,148880197,148939842,Tier 3A,,,TRUE,""
CPA1,ENSG00000091704,7,130020180,130027955,Tier 2,,,TRUE,""
CPA2,ENSG00000158516,7,129906667,129929638,Tier 3B,,,TRUE,""
CPA3,ENSG00000163751,3,148583043,148614983,Tier 2,,,TRUE,""
CPA4,ENSG00000128510,7,129932974,129964020,Tier 3B,,,TRUE,""
CPA5,ENSG00000158525,7,129984630,130008571,Tier 3B,,,TRUE,""
CPA6,ENSG00000165078,8,68334360,68658620,Tier 3B,,,TRUE,""
CPAMD8,ENSG00000160111,19,17003758,17137625,Tier 3A,,,TRUE,""
CPB1,ENSG00000153002,3,148508889,148577974,Tier 2,,,TRUE,""
CPB2,ENSG00000080618,13,46627321,46679211,Tier 2,,,TRUE,""
CPE,ENSG00000109472,4,166282346,166419472,Tier 3A,,,TRUE,""
CPM,ENSG00000135678,12,69235977,69365350,Tier 2,,,TRUE,""
CPN1,ENSG00000120054,10,101801950,101841634,Tier 2,,,TRUE,""
CPN2,ENSG00000178772,3,194060494,194072057,Tier 3B,,,TRUE,""
CPQ,ENSG00000104324,8,97657455,98161882,Tier 3A,,,TRUE,""
CPS1,ENSG00000021826,2,211342406,211543831,Tier 1,,,TRUE,""
CPT1A,ENSG00000110090,11,68522088,68611878,Tier 2,,,TRUE,""
CPT1B,ENSG00000205560,22,51007290,51017899,Tier 2,,,TRUE,""
CPT2,ENSG00000157184,1,53662101,53679869,Tier 2,,,TRUE,""
CPXM1,ENSG00000088882,20,2774715,2781283,Tier 3A,,,TRUE,""
CPXM2,ENSG00000121898,10,125465723,125699783,Tier 3B,,,TRUE,""
CPZ,ENSG00000109625,4,8594387,8621488,Tier 3B,,,TRUE,""
CR1,ENSG00000203710,1,207669492,207813992,Tier 3A,,,TRUE,""
CR1L,ENSG00000197721,1,207818458,207911761,Tier 3A,,,TRUE,""
CR2,ENSG00000117322,1,207627575,207663240,Tier 3A,,,TRUE,""
CRB1,ENSG00000134376,1,197170592,197447585,Tier 3A,,,TRUE,""
CRB2,ENSG00000148204,9,126118449,126142603,Tier 3A,,,TRUE,""
CREBBP,ENSG00000005339,16,3775055,3930727,Tier 2,,,TRUE,""
CREG1,ENSG00000143162,1,167498914,167523004,Tier 3B,,,TRUE,""
CREG2,ENSG00000175874,2,101962013,102004057,Tier 3A,,,TRUE,""
CRELD2,ENSG00000184164,22,50311815,50321188,Tier 3A,,,TRUE,""
CRH,ENSG00000147571,8,67088620,67090960,Tier 3B,,,TRUE,""
CRHBP,ENSG00000145708,5,76248538,76276983,Tier 3B,,,TRUE,""
CRHR1,ENSG00000120088,17,43699267,43913194,Tier 1,,,TRUE,""
CRHR2,ENSG00000106113,7,30692200,30739745,Tier 3B,,,TRUE,""
CRIM1,ENSG00000150938,2,36583069,36778278,Tier 3A,,,TRUE,""
CRISP1,ENSG00000124812,6,49801970,49844809,Tier 3B,,,TRUE,""
CRISP2,ENSG00000124490,6,49660073,49681274,Tier 3B,,,TRUE,""
CRISP3,ENSG00000096006,6,49695097,49712150,Tier 3B,,,TRUE,""
CRISPLD2,ENSG00000103196,16,84853590,84954374,Tier 3A,,,TRUE,""
CRLF1,ENSG00000006016,19,18683030,18718551,Tier 3A,,,TRUE,""
CRLF2,ENSG00000205755,X,1314890,1331616,Tier 1,,,TRUE,""
CRP,ENSG00000132693,1,159682079,159684379,Tier 3A,,,TRUE,""
CRTAC1,ENSG00000095713,10,99624757,99790585,Tier 3A,,,TRUE,""
CRTAM,ENSG00000109943,11,122709208,122743347,Tier 3B,,,TRUE,""
CRTAP,ENSG00000170275,3,33155471,33189265,Tier 3B,,,TRUE,""
CRY2,ENSG00000121671,11,45868669,45904798,Tier 3A,,,TRUE,""
CSF1,ENSG00000184371,1,110452864,110473614,Tier 1,,,TRUE,""
CSF1R,ENSG00000182578,5,149432854,149492935,Tier 1,,,TRUE,""
CSF2,ENSG00000164400,5,131409483,131411859,Tier 1,,,TRUE,""
CSF2RA,ENSG00000198223,X,1387693,1429274,Tier 1,,,TRUE,""
CSF2RB,ENSG00000100368,22,37309670,37336491,Tier 3A,,,TRUE,""
CSF3,ENSG00000108342,17,38171614,38174066,Tier 3A,,,TRUE,""
CSF3R,ENSG00000119535,1,36931644,36948879,Tier 1,,,TRUE,""
CSH1,ENSG00000136488,17,61972275,61974021,Tier 3A,,,TRUE,""
CSH2,ENSG00000213218,17,61949372,61951126,Tier 3A,,,TRUE,""
CSHL1,ENSG00000204414,17,61986957,61996198,Tier 3A,,,TRUE,""
CSK,ENSG00000103653,15,75074398,75095539,Tier 1,,,TRUE,""
CSN1S1,ENSG00000126545,4,70796799,70812289,Tier 3B,,,TRUE,""
CSN2,ENSG00000135222,4,70820974,70826725,Tier 3B,,,TRUE,""
CSN3,ENSG00000171209,4,71108305,71117145,Tier 3B,,,TRUE,""
CSNK1A1,ENSG00000113712,5,148871760,148931007,Tier 1,,,TRUE,""
CSNK1A1L,ENSG00000180138,13,37677398,37679803,Tier 2,,,TRUE,""
CSNK1D,ENSG00000141551,17,80196899,80231607,Tier 1,,,TRUE,""
CSNK1E,ENSG00000213923,22,38686697,38794527,Tier 1,,,TRUE,""
CSNK1G1,ENSG00000169118,15,64457716,64648442,Tier 2,,,TRUE,""
CSNK1G2,ENSG00000133275,19,1941188,1981337,Tier 2,,,TRUE,""
CSNK1G3,ENSG00000151292,5,122847793,122952739,Tier 2,,,TRUE,""
CSNK2A1,ENSG00000101266,20,459116,524465,Tier 1,,,TRUE,""
CSNK2A2,ENSG00000070770,16,58191811,58231824,Tier 2,,,TRUE,""
CSPG4,ENSG00000173546,15,75966663,76005189,Tier 3B,,,TRUE,""
CSPG5,ENSG00000114646,3,47603729,47622282,Tier 3B,,,TRUE,""
CST1,ENSG00000170373,20,23728190,23731905,Tier 3B,,,TRUE,""
CST2,ENSG00000170369,20,23804406,23807368,Tier 3A,,,TRUE,""
CST3,ENSG00000101439,20,23608534,23619110,Tier 3A,,,TRUE,""
CST4,ENSG00000101441,20,23666277,23669677,Tier 3B,,,TRUE,""
CST5,ENSG00000170367,20,23856572,23860387,Tier 3A,,,TRUE,""
CST6,ENSG00000175315,11,65779312,65780976,Tier 3B,,,TRUE,""
CST7,ENSG00000077984,20,24929866,24940564,Tier 3B,,,TRUE,""
CST8,ENSG00000125815,20,23471738,23476655,Tier 3B,,,TRUE,""
CST9,ENSG00000173335,20,23583047,23586513,Tier 3A,,,TRUE,""
CST9L,ENSG00000101435,20,23545369,23549386,Tier 3A,,,TRUE,""
CTBS,ENSG00000117151,1,85015289,85040163,Tier 3B,,,TRUE,""
CTDSP1,ENSG00000144579,2,219262979,219270664,Tier 2,,,TRUE,""
CTF1,ENSG00000150281,16,30907928,30914881,Tier 3A,,,TRUE,""
CTGF,ENSG00000118523,6,132269316,132272513,Tier 1,,,TRUE,""
CTHRC1,ENSG00000164932,8,104383743,104395225,Tier 3B,,,TRUE,""
CTLA4,ENSG00000163599,2,204732509,204738683,Tier 1,,,TRUE,""
CTNNB1,ENSG00000168036,3,41236328,41301587,Tier 2,,,TRUE,""
CTRB1,ENSG00000168925,16,75252898,75258822,Tier 2,,,TRUE,""
CTRB2,ENSG00000168928,16,75237994,75241083,Tier 3A,,,TRUE,""
CTRC,ENSG00000162438,1,15764935,15775737,Tier 2,,,TRUE,""
CTRL,ENSG00000141086,16,67961543,67966317,Tier 3A,,,TRUE,""
CTSA,ENSG00000064601,20,44518783,44527459,Tier 2,,,TRUE,""
CTSB,ENSG00000164733,8,11700033,11726957,Tier 1,,,TRUE,""
CTSC,ENSG00000109861,11,88026760,88070955,Tier 2,,,TRUE,""
CTSD,ENSG00000117984,11,1773982,1785222,Tier 1,,,TRUE,""
CTSE,ENSG00000196188,1,206317459,206332104,Tier 1,,,TRUE,""
CTSF,ENSG00000174080,11,66330934,66336312,Tier 2,,,TRUE,""
CTSG,ENSG00000100448,14,25042728,25045466,Tier 2,,,TRUE,""
CTSH,ENSG00000103811,15,79213400,79241916,Tier 2,,,TRUE,""
CTSK,ENSG00000143387,1,150768684,150780799,Tier 1,,,TRUE,""
CTSL,ENSG00000135047,9,90340434,90346308,Tier 1,,,TRUE,""
CTSS,ENSG00000163131,1,150702672,150738433,Tier 1,,,TRUE,""
CTSV,ENSG00000136943,9,99794940,99801925,Tier 1,,,TRUE,""
CTSW,ENSG00000172543,11,65647280,65651212,Tier 3A,,,TRUE,""
CTSZ,ENSG00000101160,20,57570240,57582302,Tier 2,,,TRUE,""
CX3CL1,ENSG00000006210,16,57406370,57418960,Tier 3B,,,TRUE,""
CX3CR1,ENSG00000168329,3,39304985,39323226,Tier 2,,,TRUE,""
CXADR,ENSG00000154639,21,18884700,18965897,Tier 3B,,,TRUE,""
CXCL1,ENSG00000163739,4,74735110,74736959,Tier 3B,,,TRUE,""
CXCL10,ENSG00000169245,4,76942273,76944650,Tier 1,,,TRUE,""
CXCL11,ENSG00000169248,4,76954835,76962568,Tier 3B,,,TRUE,""
CXCL12,ENSG00000107562,10,44793038,44881941,Tier 3A,,,TRUE,""
CXCL13,ENSG00000156234,4,78432907,78532988,Tier 3B,,,TRUE,""
CXCL14,ENSG00000145824,5,134906373,134914969,Tier 3B,,,TRUE,""
CXCL16,ENSG00000161921,17,4636821,4643217,Tier 3A,,,TRUE,""
CXCL17,ENSG00000189377,19,42932440,42947200,Tier 3B,,,TRUE,""
CXCL2,ENSG00000081041,4,74962752,74965010,Tier 3A,,,TRUE,""
CXCL3,ENSG00000163734,4,74902306,74904524,Tier 3A,,,TRUE,""
CXCL5,ENSG00000163735,4,74861359,74864496,Tier 3A,,,TRUE,""
CXCL6,ENSG00000124875,4,74702214,74714781,Tier 3B,,,TRUE,""
CXCL9,ENSG00000138755,4,76922428,76928641,Tier 3A,,,TRUE,""
CXCR1,ENSG00000163464,2,219027568,219031718,Tier 1,,,TRUE,""
CXCR2,ENSG00000180871,2,218990012,219001976,Tier 1,,,TRUE,""
CXCR3,ENSG00000186810,X,70835766,70838367,Tier 2,,,TRUE,""
CXCR4,ENSG00000121966,2,136871919,136875735,Tier 1,,,TRUE,""
CXCR5,ENSG00000160683,11,118754475,118768508,Tier 1,,,TRUE,""
CXCR6,ENSG00000172215,3,45982425,45989845,Tier 3B,,,TRUE,""
CYB5D2,ENSG00000167740,17,4046462,4090605,Tier 3B,,,TRUE,""
CYB5R3,ENSG00000100243,22,43013846,43045574,Tier 1,,,TRUE,""
CYBB,ENSG00000165168,X,37639264,37672714,Tier 2,,,TRUE,""
CYP11A1,ENSG00000140459,15,74630100,74660081,Tier 1,,,TRUE,""
CYP11B1,ENSG00000160882,8,143953772,143961262,Tier 1,,,TRUE,""
CYP11B2,ENSG00000179142,8,143991975,143999259,Tier 1,,,TRUE,""
CYP17A1,ENSG00000148795,10,104590288,104597290,Tier 1,,,TRUE,""
CYP19A1,ENSG00000137869,15,51500254,51630807,Tier 1,,,TRUE,""
CYP1A1,ENSG00000140465,15,75011883,75017951,Tier 1,,,TRUE,""
CYP1A2,ENSG00000140505,15,75041185,75048543,Tier 1,,,TRUE,""
CYP1B1,ENSG00000138061,2,38294116,38337044,Tier 1,,,TRUE,""
CYP20A1,ENSG00000119004,2,204103663,204163009,Tier 1,,,TRUE,""
CYP21A2,ENSG00000231852,6,32006042,32009447,Tier 3B,,,TRUE,""
CYP24A1,ENSG00000019186,20,52769988,52790512,Tier 1,,,TRUE,""
CYP26A1,ENSG00000095596,10,94833232,94837647,Tier 1,,,TRUE,""
CYP26B1,ENSG00000003137,2,72356367,72375167,Tier 3B,,,TRUE,""
CYP26C1,ENSG00000187553,10,94821021,94828454,Tier 1,,,TRUE,""
CYP27A1,ENSG00000135929,2,219646472,219680016,Tier 1,,,TRUE,""
CYP27B1,ENSG00000111012,12,58156117,58162769,Tier 1,,,TRUE,""
CYP2A13,ENSG00000197838,19,41594377,41602100,Tier 1,,,TRUE,""
CYP2A6,ENSG00000255974,19,41349443,41356352,Tier 1,,,TRUE,""
CYP2A7,ENSG00000198077,19,41381344,41388657,Tier 1,,,TRUE,""
CYP2B6,ENSG00000197408,19,41497204,41524303,Tier 1,,,TRUE,""
CYP2C18,ENSG00000108242,10,96443251,96495947,Tier 1,,,TRUE,""
CYP2C19,ENSG00000165841,10,96447911,96613017,Tier 1,,,TRUE,""
CYP2C8,ENSG00000138115,10,96796530,96829254,Tier 1,,,TRUE,""
CYP2C9,ENSG00000138109,10,96698415,96749147,Tier 1,,,TRUE,""
CYP2D6,ENSG00000100197,22,42522501,42526908,Tier 1,,,TRUE,""
CYP2E1,ENSG00000130649,10,135333910,135374724,Tier 1,,,TRUE,""
CYP2F1,ENSG00000197446,19,41620337,41634271,Tier 1,,,TRUE,""
CYP2J2,ENSG00000134716,1,60358980,60392462,Tier 1,,,TRUE,""
CYP2R1,ENSG00000186104,11,14899553,14913798,Tier 1,,,TRUE,""
CYP2S1,ENSG00000167600,19,41698954,41713444,Tier 1,,,TRUE,""
CYP2U1,ENSG00000155016,4,108852525,108874613,Tier 3B,,,TRUE,""
CYP2W1,ENSG00000073067,7,1022835,1029276,Tier 3B,,,TRUE,""
CYP39A1,ENSG00000146233,6,46517541,46620523,Tier 1,,,TRUE,""
CYP3A4,ENSG00000160868,7,99354604,99381888,Tier 1,,,TRUE,""
CYP3A43,ENSG00000021461,7,99425636,99463718,Tier 1,,,TRUE,""
CYP3A5,ENSG00000106258,7,99245817,99277621,Tier 1,,,TRUE,""
CYP3A7,ENSG00000160870,7,99302660,99332819,Tier 1,,,TRUE,""
CYP46A1,ENSG00000036530,14,100150641,100193638,Tier 1,,,TRUE,""
CYP4A11,ENSG00000187048,1,47394849,47407156,Tier 1,,,TRUE,""
CYP4A22,ENSG00000162365,1,47603107,47615413,Tier 3B,,,TRUE,""
CYP4B1,ENSG00000142973,1,47223510,47285085,Tier 1,,,TRUE,""
CYP4F11,ENSG00000171903,19,16023177,16045677,Tier 1,,,TRUE,""
CYP4F12,ENSG00000186204,19,15783567,15807984,Tier 1,,,TRUE,""
CYP4F2,ENSG00000186115,19,15988833,16008930,Tier 1,,,TRUE,""
CYP4F22,ENSG00000171954,19,15619304,15663128,Tier 3B,,,TRUE,""
CYP4F3,ENSG00000186529,19,15751707,15773635,Tier 1,,,TRUE,""
CYP4F8,ENSG00000186526,19,15726029,15741448,Tier 1,,,TRUE,""
CYP4V2,ENSG00000145476,4,187112674,187134610,Tier 3B,,,TRUE,""
CYP4X1,ENSG00000186377,1,47427036,47516423,Tier 3B,,,TRUE,""
CYP4Z1,ENSG00000186160,1,47533160,47583991,Tier 1,,,TRUE,""
CYP51A1,ENSG00000001630,7,91741465,91772266,Tier 1,,,TRUE,""
CYP7A1,ENSG00000167910,8,59402737,59412795,Tier 1,,,TRUE,""
CYP7B1,ENSG00000172817,8,65500320,65711318,Tier 1,,,TRUE,""
CYP8B1,ENSG00000180432,3,42897497,42917633,Tier 1,,,TRUE,""
CYR61,ENSG00000142871,1,86046444,86049645,Tier 3B,,,TRUE,""
CYSLTR1,ENSG00000173198,X,77526961,77583048,Tier 1,,,TRUE,""
CYSLTR2,ENSG00000152207,13,49280951,49283498,Tier 3B,,,TRUE,""
CYTL1,ENSG00000170891,4,5016313,5021199,Tier 3B,,,TRUE,""
DAG1,ENSG00000173402,3,49506146,49573048,Tier 3B,,,TRUE,""
DAGLA,ENSG00000134780,11,61447905,61514473,Tier 1,,,TRUE,""
DAGLB,ENSG00000164535,7,6448757,6523821,Tier 1,,,TRUE,""
DAND5,ENSG00000179284,19,13075973,13085567,Tier 3B,,,TRUE,""
DAO,ENSG00000110887,12,109252708,109294819,Tier 2,,,TRUE,""
DAPK1,ENSG00000196730,9,90112143,90323548,Tier 1,,,TRUE,""
DAPK2,ENSG00000035664,15,64199235,64364232,Tier 1,,,TRUE,""
DAPK3,ENSG00000167657,19,3958451,3971121,Tier 1,,,TRUE,""
DARC,ENSG00000213088,1,159173097,159176290,Tier 3A,,,TRUE,""
DBF4,ENSG00000006634,7,87505531,87538856,Tier 2,,,TRUE,""
DBH,ENSG00000123454,9,136501482,136524466,Tier 2,,,TRUE,""
DCD,ENSG00000161634,12,55038375,55042277,Tier 3A,,,TRUE,""
DCK,ENSG00000156136,4,71858255,71896631,Tier 2,,,TRUE,""
DCLK1,ENSG00000133083,13,36345478,36705443,Tier 1,,,TRUE,""
DCLK2,ENSG00000170390,4,150999426,151178609,Tier 2,,,TRUE,""
DCLK3,ENSG00000163673,3,36753913,36781352,Tier 1,,,TRUE,""
DCN,ENSG00000011465,12,91539025,91576900,Tier 3B,,,TRUE,""
DCPS,ENSG00000110063,11,126173647,126215644,Tier 1,,,TRUE,""
DCT,ENSG00000080166,13,95089558,95131936,Tier 3B,,,TRUE,""
DDC,ENSG00000132437,7,50526134,50633154,Tier 1,,,TRUE,""
DDO,ENSG00000203797,6,110712974,110736765,Tier 1,,,TRUE,""
DDOST,ENSG00000244038,1,20978270,20988000,Tier 3B,,,TRUE,""
DDR1,ENSG00000204580,6,30844198,30867933,Tier 1,,,TRUE,""
DDR2,ENSG00000162733,1,162601163,162757190,Tier 1,,,TRUE,""
DDX3X,ENSG00000215301,X,41192651,41223725,Tier 2,,,TRUE,""
DEAF1,ENSG00000177030,11,644233,706715,Tier 3B,,,TRUE,""
DEFA1,ENSG00000206047,8,6835171,6837602,Tier 3A,,,TRUE,""
DEFA1B,ENSG00000240247,8,6854288,6875778,Tier 3A,,,TRUE,""
DEFA3,ENSG00000239839,8,6873391,6875823,Tier 3A,,,TRUE,""
DEFA4,ENSG00000164821,8,6793344,6795860,Tier 3A,,,TRUE,""
DEFA5,ENSG00000164816,8,6912831,6914256,Tier 3B,,,TRUE,""
DEFA6,ENSG00000164822,8,6782215,6783598,Tier 3A,,,TRUE,""
DEFB1,ENSG00000164825,8,6728097,6735544,Tier 3B,,,TRUE,""
DEFB103A,ENSG00000176797,8,7738726,7740186,Tier 3B,,,TRUE,""
DEFB103B,ENSG00000177243,8,7286410,7287870,Tier 3B,,,TRUE,""
DEFB104A,ENSG00000176782,8,7693993,7698764,Tier 3B,,,TRUE,""
DEFB104B,ENSG00000177023,8,7327830,7332604,Tier 3B,,,TRUE,""
DEFB105A,ENSG00000186562,8,7679488,7681411,Tier 3B,,,TRUE,""
DEFB105B,ENSG00000186599,8,7345191,7347115,Tier 3B,,,TRUE,""
DEFB106A,ENSG00000186579,8,7682694,7686575,Tier 3B,,,TRUE,""
DEFB106B,ENSG00000187082,8,7340026,7343922,Tier 3B,,,TRUE,""
DEFB107A,ENSG00000186572,8,7669242,7673238,Tier 3B,,,TRUE,""
DEFB107B,ENSG00000198129,8,7353368,7366833,Tier 3B,,,TRUE,""
DEFB108B,ENSG00000184276,11,71544246,71548756,Tier 3B,,,TRUE,""
DEFB110,ENSG00000203970,6,49976851,49989694,Tier 3B,,,TRUE,""
DEFB112,ENSG00000180872,6,50011288,50016364,Tier 3B,,,TRUE,""
DEFB113,ENSG00000214642,6,49936390,49937338,Tier 3B,,,TRUE,""
DEFB114,ENSG00000177684,6,49927962,49931818,Tier 3B,,,TRUE,""
DEFB115,ENSG00000215547,20,29845467,29847435,Tier 3B,,,TRUE,""
DEFB116,ENSG00000215545,20,29891015,29896388,Tier 3B,,,TRUE,""
DEFB118,ENSG00000131068,20,29956421,29961726,Tier 3B,,,TRUE,""
DEFB126,ENSG00000125788,20,123010,126392,Tier 3A,,,TRUE,""
DEFB127,ENSG00000088782,20,138111,139804,Tier 3A,,,TRUE,""
DEFB4A,ENSG00000171711,8,7752151,7754233,Tier 3B,,,TRUE,""
DERL1,ENSG00000136986,8,124025404,124054663,Tier 3B,,,TRUE,""
DGAT1,ENSG00000185000,8,145539954,145550573,Tier 2,,,TRUE,""
DGCR6,ENSG00000183628,22,18893541,18901751,Tier 3B,,,TRUE,""
DHCR7,ENSG00000172893,11,71139239,71163914,Tier 1,,,TRUE,""
DHFR,ENSG00000228716,5,79922047,79950802,Tier 1,,,TRUE,""
DHFRL1,ENSG00000178700,3,93766680,93782233,Tier 2,,,TRUE,""
DHH,ENSG00000139549,12,49483204,49488602,Tier 3A,,,TRUE,""
DHODH,ENSG00000102967,16,72042487,72058954,Tier 1,,,TRUE,""
DHRS1,ENSG00000157379,14,24759804,24769039,Tier 1,,,TRUE,""
DHRS12,ENSG00000102796,13,52342129,52378293,Tier 1,,,TRUE,""
DHRS13,ENSG00000167536,17,27224799,27230089,Tier 1,,,TRUE,""
DHRS2,ENSG00000100867,14,24099324,24114848,Tier 1,,,TRUE,""
DHRS3,ENSG00000162496,1,12627939,12677737,Tier 1,,,TRUE,""
DHRS4,ENSG00000157326,14,24422795,24438488,Tier 1,,,TRUE,""
DHRS4L2,ENSG00000187630,14,24439148,24475617,Tier 1,,,TRUE,""
DHRS7,ENSG00000100612,14,60610838,60636574,Tier 1,,,TRUE,""
DHRS7B,ENSG00000109016,17,21026677,21096578,Tier 1,,,TRUE,""
DHRS7C,ENSG00000184544,17,9674751,9694614,Tier 1,,,TRUE,""
DHRS9,ENSG00000073737,2,169921299,169952677,Tier 1,,,TRUE,""
DHRSX,ENSG00000169084,X,2137557,2420846,Tier 1,,,TRUE,""
DIO1,ENSG00000211452,1,54356912,54376759,Tier 1,,,TRUE,""
DIO3,ENSG00000197406,14,102027688,102029789,Tier 3B,,,TRUE,""
DKK1,ENSG00000107984,10,54074056,54077802,Tier 1,,,TRUE,""
DKK2,ENSG00000155011,4,107842959,108204963,Tier 3A,,,TRUE,""
DKK3,ENSG00000050165,11,11984653,12031316,Tier 3A,,,TRUE,""
DKK4,ENSG00000104371,8,42231586,42234750,Tier 3B,,,TRUE,""
DKKL1,ENSG00000104901,19,49865040,49878373,Tier 3A,,,TRUE,""
DLD,ENSG00000091140,7,107531415,107572175,Tier 3A,,,TRUE,""
DLK1,ENSG00000185559,14,101192042,101201539,Tier 1,,,TRUE,""
DLL4,ENSG00000128917,15,41221538,41231237,Tier 1,,,TRUE,""
DMBT1,ENSG00000187908,10,124320181,124403252,Tier 3B,,,TRUE,""
DMD,ENSG00000198947,X,31115794,33357558,Tier 1,,,TRUE,""
DMKN,ENSG00000161249,19,35988122,36004560,Tier 3A,,,TRUE,""
DMP1,ENSG00000152592,4,88571459,88585513,Tier 3B,,,TRUE,""
DMPK,ENSG00000104936,19,46272975,46285810,Tier 1,,,TRUE,""
DNAJA1,ENSG00000086061,9,33025209,33039905,Tier 2,,,TRUE,""
DNAJB11,ENSG00000090520,3,186285192,186315061,Tier 3B,,,TRUE,""
DNASE1,ENSG00000213918,16,3661729,3730144,Tier 3A,,,TRUE,""
DNASE1L3,ENSG00000163687,3,58177984,58200424,Tier 3A,,,TRUE,""
DNMT1,ENSG00000130816,19,10244021,10341962,Tier 1,,,TRUE,""
DNMT3A,ENSG00000119772,2,25455845,25565459,Tier 1,,,TRUE,""
DNMT3B,ENSG00000088305,20,31350191,31397162,Tier 2,,,TRUE,""
DNPEP,ENSG00000123992,2,220238268,220264744,Tier 2,,,TRUE,""
DOT1L,ENSG00000104885,19,2164148,2232577,Tier 2,,,TRUE,""
DPEP1,ENSG00000015413,16,89679716,89704839,Tier 1,,,TRUE,""
DPEP2,ENSG00000167261,16,68021297,68034489,Tier 2,,,TRUE,""
DPEP3,ENSG00000141096,16,68009566,68014732,Tier 3B,,,TRUE,""
DPP10,ENSG00000175497,2,115199876,116603328,Tier 3B,,,TRUE,""
DPP4,ENSG00000197635,2,162848751,162931052,Tier 1,,,TRUE,""
DPP6,ENSG00000130226,7,153584182,154685995,Tier 3B,,,TRUE,""
DPP7,ENSG00000176978,9,140004994,140009629,Tier 2,,,TRUE,""
DPP8,ENSG00000074603,15,65734801,65810042,Tier 2,,,TRUE,""
DPP9,ENSG00000142002,19,4675236,4724685,Tier 1,,,TRUE,""
DPT,ENSG00000143196,1,168664697,168698502,Tier 3A,,,TRUE,""
DPYD,ENSG00000188641,1,97543299,98386605,Tier 1,,,TRUE,""
DRAXIN,ENSG00000162490,1,11751786,11785914,Tier 3A,,,TRUE,""
DRD1,ENSG00000184845,5,174867042,174871211,Tier 1,,,TRUE,""
DRD2,ENSG00000149295,11,113280318,113346413,Tier 1,,,TRUE,""
DRD3,ENSG00000151577,3,113847499,113918254,Tier 1,,,TRUE,""
DRD4,ENSG00000069696,11,637293,640706,Tier 1,,,TRUE,""
DRD5,ENSG00000169676,4,9783258,9785632,Tier 1,,,TRUE,""
DSCAM,ENSG00000171587,21,41382926,42219065,Tier 3A,,,TRUE,""
DSPP,ENSG00000152591,4,88529681,88538062,Tier 3B,,,TRUE,""
DST,ENSG00000151914,6,56322785,56819426,Tier 3B,,,TRUE,""
DSTYK,ENSG00000133059,1,205111632,205180727,Tier 1,,,TRUE,""
DUSP3,ENSG00000108861,17,41843489,41856356,Tier 2,,,TRUE,""
DUT,ENSG00000128951,15,48623208,48635570,Tier 2,,,TRUE,""
DYRK1A,ENSG00000157540,21,38738092,38889753,Tier 1,,,TRUE,""
DYRK1B,ENSG00000105204,19,40315990,40324841,Tier 1,,,TRUE,""
DYRK2,ENSG00000127334,12,68042118,68059186,Tier 1,,,TRUE,""
DYRK3,ENSG00000143479,1,206808881,206857764,Tier 2,,,TRUE,""
DYRK4,ENSG00000010219,12,4671370,4723325,Tier 2,,,TRUE,""
EBI3,ENSG00000105246,19,4229495,4237528,Tier 3B,,,TRUE,""
EBP,ENSG00000147155,X,48379546,48387104,Tier 1,,,TRUE,""
EBPL,ENSG00000123179,13,50234859,50265611,Tier 1,,,TRUE,""
ECE1,ENSG00000117298,1,21543740,21671997,Tier 2,,,TRUE,""
ECM1,ENSG00000143369,1,150480538,150486265,Tier 3B,,,TRUE,""
ECM2,ENSG00000106823,9,95256365,95298937,Tier 3B,,,TRUE,""
EDA,ENSG00000158813,X,68835911,69259319,Tier 3A,,,TRUE,""
EDAR,ENSG00000135960,2,109510927,109605828,Tier 3A,,,TRUE,""
EDDM3A,ENSG00000181562,14,21214051,21216539,Tier 3A,,,TRUE,""
EDEM2,ENSG00000088298,20,33703167,33865928,Tier 3A,,,TRUE,""
EDIL3,ENSG00000164176,5,83236373,83680611,Tier 3A,,,TRUE,""
EDN1,ENSG00000078401,6,12290596,12297427,Tier 3B,,,TRUE,""
EDN2,ENSG00000127129,1,41944446,41950344,Tier 3B,,,TRUE,""
EDN3,ENSG00000124205,20,57875482,57901047,Tier 3B,,,TRUE,""
EDNRA,ENSG00000151617,4,148402069,148466106,Tier 1,,,TRUE,""
EDNRB,ENSG00000136160,13,78469616,78493903,Tier 1,,,TRUE,""
EEF2,ENSG00000167658,19,3976054,3985467,Tier 1,,,TRUE,""
EEF2K,ENSG00000103319,16,22217603,22298554,Tier 2,,,TRUE,""
EFEMP1,ENSG00000115380,2,56093102,56151274,Tier 3A,,,TRUE,""
EFEMP2,ENSG00000172638,11,65633912,65641063,Tier 3A,,,TRUE,""
EFNA1,ENSG00000169242,1,155099936,155107333,Tier 3A,,,TRUE,""
EFNA4,ENSG00000243364,1,155036207,155042029,Tier 3B,,,TRUE,""
EFNA5,ENSG00000184349,5,106712590,107006596,Tier 3A,,,TRUE,""
EFNB1,ENSG00000090776,X,68048840,68061990,Tier 3B,,,TRUE,""
EFNB3,ENSG00000108947,17,7608520,7614696,Tier 3A,,,TRUE,""
EFTUD1,ENSG00000140598,15,82422571,82555104,Tier 3B,,,TRUE,""
EFTUD2,ENSG00000108883,17,42927311,42977030,Tier 3A,,,TRUE,""
EGF,ENSG00000138798,4,110834040,110933422,Tier 3A,,,TRUE,""
EGFL6,ENSG00000198759,X,13587724,13651694,Tier 3B,,,TRUE,""
EGFL7,ENSG00000172889,9,139553308,139567130,Tier 1,,,TRUE,""
EGFL8,ENSG00000241404,6,32132360,32136058,Tier 3A,,,TRUE,""
EGFLAM,ENSG00000164318,5,38258511,38465123,Tier 3A,,,TRUE,""
EGFR,ENSG00000146648,7,55086714,55324313,Tier 1,,,TRUE,""
EGLN1,ENSG00000135766,1,231499497,231560790,Tier 1,,,TRUE,""
EGLN2,ENSG00000269858,19,41304901,41314338,Tier 1,,,TRUE,""
EGLN3,ENSG00000129521,14,34393437,34931980,Tier 1,,,TRUE,""
EHMT1,ENSG00000181090,9,140513444,140764468,Tier 2,,,TRUE,""
EHMT2,ENSG00000204371,6,31847536,31865464,Tier 2,,,TRUE,""
EIF2AK1,ENSG00000086232,7,6061881,6098861,Tier 2,,,TRUE,""
EIF2AK2,ENSG00000055332,2,37326353,37384208,Tier 2,,,TRUE,""
EIF2AK3,ENSG00000172071,2,88856259,88927094,Tier 2,,,TRUE,""
EIF2AK4,ENSG00000128829,15,40226347,40327797,Tier 1,,,TRUE,""
EIF4A1,ENSG00000161960,17,7476024,7482323,Tier 2,,,TRUE,""
EIF4E,ENSG00000151247,4,99792835,99851788,Tier 1,,,TRUE,""
EIF4H,ENSG00000106682,7,73588575,73611431,Tier 2,,,TRUE,""
ELANE,ENSG00000197561,19,851014,856242,Tier 1,,,TRUE,""
ELAVL1,ENSG00000066044,19,8023463,8070543,Tier 2,,,TRUE,""
ELN,ENSG00000049540,7,73442119,73484237,Tier 3B,,,TRUE,""
ELOVL3,ENSG00000119915,10,103986085,103989346,Tier 2,,,TRUE,""
ELOVL6,ENSG00000170522,4,110967002,111120355,Tier 2,,,TRUE,""
ELSPBP1,ENSG00000169393,19,48497908,48528410,Tier 3A,,,TRUE,""
EMC10,ENSG00000161671,19,50979657,50986608,Tier 3B,,,TRUE,""
EMID1,ENSG00000186998,22,29601840,29655586,Tier 3B,,,TRUE,""
EMILIN1,ENSG00000138080,2,27301435,27309271,Tier 3B,,,TRUE,""
EMILIN2,ENSG00000132205,18,2847028,2915991,Tier 3A,,,TRUE,""
EMILIN3,ENSG00000183798,20,39988606,39995467,Tier 3B,,,TRUE,""
EMR2,ENSG00000127507,19,14843205,14889353,Tier 3B,,,TRUE,""
EMR3,ENSG00000131355,19,14729929,14800839,Tier 3B,,,TRUE,""
ENAM,ENSG00000132464,4,71494461,71552533,Tier 3B,,,TRUE,""
ENC1,ENSG00000171617,5,73923234,73937249,Tier 3B,,,TRUE,""
ENDOU,ENSG00000111405,12,48103517,48119350,Tier 3B,,,TRUE,""
ENG,ENSG00000106991,9,130577291,130617035,Tier 1,,,TRUE,""
ENGASE,ENSG00000167280,17,77071021,77084681,Tier 2,,,TRUE,""
ENHO,ENSG00000168913,9,34521038,34523039,Tier 3B,,,TRUE,""
ENOX1,ENSG00000120658,13,43787654,44361044,Tier 3A,,,TRUE,""
ENOX2,ENSG00000165675,X,129757350,130037208,Tier 3B,,,TRUE,""
ENPEP,ENSG00000138792,4,111286889,111486441,Tier 2,,,TRUE,""
ENPP1,ENSG00000197594,6,132129156,132216295,Tier 3A,,,TRUE,""
ENPP2,ENSG00000136960,8,120569326,120685693,Tier 2,,,TRUE,""
ENPP3,ENSG00000154269,6,131949582,132068553,Tier 3A,,,TRUE,""
ENPP5,ENSG00000112796,6,46126924,46138708,Tier 3B,,,TRUE,""
ENPP6,ENSG00000164303,4,185009859,185142383,Tier 3B,,,TRUE,""
ENPP7,ENSG00000182156,17,77704681,77716021,Tier 3B,,,TRUE,""
ENTPD1,ENSG00000138185,10,97471536,97637023,Tier 3B,,,TRUE,""
ENTPD6,ENSG00000197586,20,25176329,25207365,Tier 3A,,,TRUE,""
EP300,ENSG00000100393,22,41487790,41576081,Tier 2,,,TRUE,""
EPAS1,ENSG00000116016,2,46520806,46613836,Tier 2,,,TRUE,""
EPCAM,ENSG00000119888,2,47572297,47614740,Tier 1,,,TRUE,""
EPDR1,ENSG00000086289,7,37723446,37991543,Tier 3A,,,TRUE,""
EPGN,ENSG00000182585,4,75174190,75181024,Tier 3A,,,TRUE,""
EPHA1,ENSG00000146904,7,143087382,143105985,Tier 1,,,TRUE,""
EPHA10,ENSG00000183317,1,38179552,38230805,Tier 1,,,TRUE,""
EPHA2,ENSG00000142627,1,16450832,16482582,Tier 1,,,TRUE,""
EPHA3,ENSG00000044524,3,89156674,89531284,Tier 1,,,TRUE,""
EPHA4,ENSG00000116106,2,222282747,222438922,Tier 1,,,TRUE,""
EPHA5,ENSG00000145242,4,66185281,66536213,Tier 1,,,TRUE,""
EPHA6,ENSG00000080224,3,96533425,97471304,Tier 1,,,TRUE,""
EPHA7,ENSG00000135333,6,93949738,94129265,Tier 1,,,TRUE,""
EPHA8,ENSG00000070886,1,22890057,22930087,Tier 1,,,TRUE,""
EPHB1,ENSG00000154928,3,134316643,134979309,Tier 1,,,TRUE,""
EPHB2,ENSG00000133216,1,23037332,23241818,Tier 1,,,TRUE,""
EPHB3,ENSG00000182580,3,184279572,184300197,Tier 1,,,TRUE,""
EPHB4,ENSG00000196411,7,100400187,100425121,Tier 1,,,TRUE,""
EPHB6,ENSG00000106123,7,142552792,142568847,Tier 1,,,TRUE,""
EPHX1,ENSG00000143819,1,225997794,226033260,Tier 1,,,TRUE,""
EPHX2,ENSG00000120915,8,27348296,27403081,Tier 1,,,TRUE,""
EPO,ENSG00000130427,7,100318423,100321323,Tier 3A,,,TRUE,""
EPOR,ENSG00000187266,19,11488236,11495018,Tier 1,,,TRUE,""
EPX,ENSG00000121053,17,56270098,56282535,Tier 3B,,,TRUE,""
EPYC,ENSG00000083782,12,91357456,91398803,Tier 3B,,,TRUE,""
ERAP1,ENSG00000164307,5,96096521,96143803,Tier 3A,,,TRUE,""
ERBB2,ENSG00000141736,17,37844167,37886679,Tier 1,,,TRUE,""
ERBB2IP,ENSG00000112851,5,65222303,65378377,Tier 3B,,,TRUE,""
ERBB3,ENSG00000065361,12,56473641,56497289,Tier 1,,,TRUE,""
ERBB4,ENSG00000178568,2,212240446,213403565,Tier 1,,,TRUE,""
ERCC5,ENSG00000134899,13,103497194,103528345,Tier 2,,,TRUE,""
EREG,ENSG00000124882,4,75230860,75254468,Tier 1,,,TRUE,""
ERG,ENSG00000157554,21,39751949,40033704,Tier 2,,,TRUE,""
ERN1,ENSG00000178607,17,62116502,62208179,Tier 1,,,TRUE,""
ERN2,ENSG00000134398,16,23701647,23724821,Tier 3B,,,TRUE,""
ERO1L,ENSG00000197930,14,53106634,53162618,Tier 3B,,,TRUE,""
ERP29,ENSG00000089248,12,112451120,112461255,Tier 3A,,,TRUE,""
ERP44,ENSG00000023318,9,102741461,102861322,Tier 3A,,,TRUE,""
ESAM,ENSG00000149564,11,124622026,124632186,Tier 3A,,,TRUE,""
ESM1,ENSG00000164283,5,54273692,54318499,Tier 3B,,,TRUE,""
ESR1,ENSG00000091831,6,151977826,152450754,Tier 1,,,TRUE,""
ESR2,ENSG00000140009,14,64550950,64804830,Tier 1,,,TRUE,""
ESRRA,ENSG00000173153,11,64073044,64084215,Tier 1,,,TRUE,""
ESRRB,ENSG00000119715,14,76776957,76968178,Tier 1,,,TRUE,""
ESRRG,ENSG00000196482,1,216676588,217311097,Tier 2,,,TRUE,""
ETNPPL,ENSG00000164089,4,109663196,109684210,Tier 3B,,,TRUE,""
EVI2B,ENSG00000185862,17,29630784,29641130,Tier 3B,,,TRUE,""
EXTL2,ENSG00000162694,1,101337943,101361554,Tier 3A,,,TRUE,""
EYS,ENSG00000188107,6,64429876,66417118,Tier 3A,,,TRUE,""
F10,ENSG00000126218,13,113777128,113803843,Tier 1,,,TRUE,""
F11,ENSG00000088926,4,187187099,187210835,Tier 2,,,TRUE,""
F11R,ENSG00000158769,1,160965001,160991138,Tier 3B,,,TRUE,""
F12,ENSG00000131187,5,176829141,176836577,Tier 3A,,,TRUE,""
F13A1,ENSG00000124491,6,6144318,6321246,Tier 2,,,TRUE,""
F13B,ENSG00000143278,1,197008321,197036397,Tier 3A,,,TRUE,""
F2,ENSG00000180210,11,46740730,46761056,Tier 1,,,TRUE,""
F2R,ENSG00000181104,5,76011868,76031606,Tier 1,,,TRUE,""
F2RL1,ENSG00000164251,5,76114758,76131140,Tier 2,,,TRUE,""
F2RL2,ENSG00000164220,5,75911307,75919259,Tier 3A,,,TRUE,""
F2RL3,ENSG00000127533,19,16999671,17003417,Tier 3B,,,TRUE,""
F3,ENSG00000117525,1,94994781,95007356,Tier 1,,,TRUE,""
F5,ENSG00000198734,1,169483404,169555826,Tier 1,,,TRUE,""
F7,ENSG00000057593,13,113760105,113774995,Tier 1,,,TRUE,""
F8,ENSG00000185010,X,154064063,154255215,Tier 1,,,TRUE,""
F9,ENSG00000101981,X,138612917,138645617,Tier 2,,,TRUE,""
FAAH,ENSG00000117480,1,46859937,46879520,Tier 1,,,TRUE,""
FAAH2,ENSG00000165591,X,57313139,57515629,Tier 2,,,TRUE,""
FABP1,ENSG00000163586,2,88422510,88427635,Tier 1,,,TRUE,""
FABP2,ENSG00000145384,4,120238405,120243545,Tier 2,,,TRUE,""
FABP4,ENSG00000170323,8,82390654,82395498,Tier 2,,,TRUE,""
FAM19A1,ENSG00000183662,3,68053359,68594776,Tier 3B,,,TRUE,""
FAM19A3,ENSG00000184599,1,113263041,113269857,Tier 3A,,,TRUE,""
FAM19A4,ENSG00000163377,3,68780917,68981761,Tier 3B,,,TRUE,""
FAM19A5,ENSG00000219438,22,48885272,49246724,Tier 3A,,,TRUE,""
FAM20A,ENSG00000108950,17,66531254,66597530,Tier 3B,,,TRUE,""
FAM20C,ENSG00000177706,7,192969,300711,Tier 3B,,,TRUE,""
FAM3B,ENSG00000183844,21,42676139,42729358,Tier 3A,,,TRUE,""
FAM3C,ENSG00000196937,7,120988905,121036418,Tier 3A,,,TRUE,""
FAP,ENSG00000078098,2,163027194,163101661,Tier 1,,,TRUE,""
FARS2,ENSG00000145982,6,5261277,5771813,Tier 2,,,TRUE,""
FAS,ENSG00000026103,10,90750414,90775542,Tier 3A,,,TRUE,""
FASLG,ENSG00000117560,1,172628154,172636014,Tier 3B,,,TRUE,""
FASN,ENSG00000169710,17,80036214,80056208,Tier 1,,,TRUE,""
FAT1,ENSG00000083857,4,187508937,187647876,Tier 3B,,,TRUE,""
FAT3,ENSG00000165323,11,92085262,92629618,Tier 3B,,,TRUE,""
FAT4,ENSG00000196159,4,126237554,126414087,Tier 3B,,,TRUE,""
FBLN1,ENSG00000077942,22,45898118,45997015,Tier 3A,,,TRUE,""
FBLN2,ENSG00000163520,3,13573824,13679922,Tier 3A,,,TRUE,""
FBLN5,ENSG00000140092,14,92335756,92414331,Tier 3A,,,TRUE,""
FBLN7,ENSG00000144152,2,112895962,112945791,Tier 3B,,,TRUE,""
FBN1,ENSG00000166147,15,48700503,48938046,Tier 3A,,,TRUE,""
FBN2,ENSG00000138829,5,127593601,127994878,Tier 3A,,,TRUE,""
FBN3,ENSG00000142449,19,8130286,8214730,Tier 3B,,,TRUE,""
FBP1,ENSG00000165140,9,97365415,97402531,Tier 2,,,TRUE,""
FCAMR,ENSG00000162897,1,207131310,207143970,Tier 3B,,,TRUE,""
FCAR,ENSG00000186431,19,55385704,55401838,Tier 3A,,,TRUE,""
FCER1A,ENSG00000179639,1,159259504,159278014,Tier 3A,,,TRUE,""
FCER2,ENSG00000104921,19,7753644,7767032,Tier 1,,,TRUE,""
FCGBP,ENSG00000090920,19,40353963,40440533,Tier 3B,,,TRUE,""
FCGR1A,ENSG00000150337,1,149754227,149764074,Tier 1,,,TRUE,""
FCGR2A,ENSG00000143226,1,161475220,161493803,Tier 3A,,,TRUE,""
FCGR2B,ENSG00000072694,1,161551101,161648444,Tier 1,,,TRUE,""
FCGR2C,ENSG00000244682,1,161551129,161575452,Tier 3A,,,TRUE,""
FCGR3A,ENSG00000203747,1,161511549,161600917,Tier 3A,,,TRUE,""
FCGR3B,ENSG00000162747,1,161592986,161601753,Tier 3B,,,TRUE,""
FCGRT,ENSG00000104870,19,50010073,50029590,Tier 3A,,,TRUE,""
FCN1,ENSG00000085265,9,137801431,137809809,Tier 3B,,,TRUE,""
FCN2,ENSG00000160339,9,137772654,137779924,Tier 3B,,,TRUE,""
FCN3,ENSG00000142748,1,27695603,27701315,Tier 3B,,,TRUE,""
FCRL1,ENSG00000163534,1,157764193,157789895,Tier 3A,,,TRUE,""
FCRL2,ENSG00000132704,1,157715523,157746922,Tier 3A,,,TRUE,""
FCRL3,ENSG00000160856,1,157644111,157670647,Tier 3A,,,TRUE,""
FCRL4,ENSG00000163518,1,157543539,157567870,Tier 3B,,,TRUE,""
FCRL5,ENSG00000143297,1,157483167,157522310,Tier 3A,,,TRUE,""
FCRL6,ENSG00000181036,1,159770301,159786041,Tier 3A,,,TRUE,""
FCRLA,ENSG00000132185,1,161676762,161684142,Tier 3B,,,TRUE,""
FDCSP,ENSG00000181617,4,71091788,71100969,Tier 3B,,,TRUE,""
FDFT1,ENSG00000079459,8,11653082,11696818,Tier 1,,,TRUE,""
FDPS,ENSG00000160752,1,155278539,155290457,Tier 1,,,TRUE,""
FEN1,ENSG00000168496,11,61560109,61564716,Tier 2,,,TRUE,""
FER,ENSG00000151422,5,108083523,108532542,Tier 1,,,TRUE,""
FES,ENSG00000182511,15,91426925,91439006,Tier 2,,,TRUE,""
FFAR1,ENSG00000126266,19,35842445,35843367,Tier 1,,,TRUE,""
FFAR2,ENSG00000126262,19,35934809,35942669,Tier 2,,,TRUE,""
FFAR3,ENSG00000185897,19,35849362,35851387,Tier 3B,,,TRUE,""
FFAR4,ENSG00000186188,10,95326422,95364237,Tier 2,,,TRUE,""
FGA,ENSG00000171560,4,155504278,155511918,Tier 1,,,TRUE,""
FGB,ENSG00000171564,4,155484108,155492238,Tier 1,,,TRUE,""
FGF1,ENSG00000113578,5,141971743,142077617,Tier 1,,,TRUE,""
FGF10,ENSG00000070193,5,44303646,44389808,Tier 3A,,,TRUE,""
FGF12,ENSG00000114279,3,191857184,192485553,Tier 3A,,,TRUE,""
FGF16,ENSG00000196468,X,76709648,76712769,Tier 1,,,TRUE,""
FGF17,ENSG00000158815,8,21899909,21906320,Tier 3A,,,TRUE,""
FGF18,ENSG00000156427,5,170846660,170884627,Tier 1,,,TRUE,""
FGF19,ENSG00000162344,11,69513000,69519410,Tier 3B,,,TRUE,""
FGF2,ENSG00000138685,4,123747863,123819391,Tier 1,,,TRUE,""
FGF20,ENSG00000078579,8,16849678,16859690,Tier 3B,,,TRUE,""
FGF21,ENSG00000105550,19,49258816,49261587,Tier 3A,,,TRUE,""
FGF22,ENSG00000070388,19,639879,643703,Tier 3B,,,TRUE,""
FGF23,ENSG00000118972,12,4477393,4488894,Tier 3B,,,TRUE,""
FGF3,ENSG00000186895,11,69624992,69633792,Tier 3A,,,TRUE,""
FGF4,ENSG00000075388,11,69587797,69590171,Tier 1,,,TRUE,""
FGF5,ENSG00000138675,4,81187753,81257834,Tier 3A,,,TRUE,""
FGF6,ENSG00000111241,12,4537321,4554780,Tier 3B,,,TRUE,""
FGF7,ENSG00000140285,15,49715293,49780972,Tier 3A,,,TRUE,""
FGF8,ENSG00000107831,10,103529899,103535854,Tier 3B,,,TRUE,""
FGF9,ENSG00000102678,13,22245522,22278637,Tier 3A,,,TRUE,""
FGFBP1,ENSG00000137440,4,15937192,15940363,Tier 3B,,,TRUE,""
FGFBP2,ENSG00000137441,4,15961866,15970932,Tier 3A,,,TRUE,""
FGFBP3,ENSG00000174721,10,93666346,93669240,Tier 3B,,,TRUE,""
FGFR1,ENSG00000077782,8,38268656,38326352,Tier 1,,,TRUE,""
FGFR2,ENSG00000066468,10,123237848,123357972,Tier 1,,,TRUE,""
FGFR3,ENSG00000068078,4,1795034,1810599,Tier 1,,,TRUE,""
FGFR4,ENSG00000160867,5,176513887,176525145,Tier 1,,,TRUE,""
FGFRL1,ENSG00000127418,4,1003724,1020685,Tier 3A,,,TRUE,""
FGG,ENSG00000171557,4,155525286,155534119,Tier 1,,,TRUE,""
FGL1,ENSG00000104760,8,17721889,17767874,Tier 3A,,,TRUE,""
FGL2,ENSG00000127951,7,76822688,76829143,Tier 3B,,,TRUE,""
FGR,ENSG00000000938,1,27938575,27961788,Tier 1,,,TRUE,""
FIBIN,ENSG00000176971,11,27015628,27018630,Tier 3B,,,TRUE,""
FIGF,ENSG00000165197,X,15363713,15402498,Tier 3B,,,TRUE,""
FJX1,ENSG00000179431,11,35639735,35642419,Tier 3B,,,TRUE,""
FKBP10,ENSG00000141756,17,39968932,39979465,Tier 3B,,,TRUE,""
FKBP11,ENSG00000134285,12,49315301,49320257,Tier 3B,,,TRUE,""
FKBP14,ENSG00000106080,7,30050203,30066300,Tier 3A,,,TRUE,""
FKBP15,ENSG00000119321,9,115923286,115983641,Tier 3B,,,TRUE,""
FKBP1A,ENSG00000088832,20,1349622,1373806,Tier 1,,,TRUE,""
FKBP1B,ENSG00000119782,2,24272571,24286551,Tier 1,,,TRUE,""
FKBP1C,ENSG00000198225,6,63921351,63922929,Tier 2,,,TRUE,""
FKBP2,ENSG00000173486,11,64008475,64011604,Tier 2,,,TRUE,""
FKBP3,ENSG00000100442,14,45584803,45604522,Tier 3B,,,TRUE,""
FKBP4,ENSG00000004478,12,2904119,2914576,Tier 1,,,TRUE,""
FKBP5,ENSG00000096060,6,35541362,35696360,Tier 1,,,TRUE,""
FKBP6,ENSG00000077800,7,72742167,72772634,Tier 3B,,,TRUE,""
FKBP7,ENSG00000079150,2,179328391,179343327,Tier 3B,,,TRUE,""
FKBP8,ENSG00000105701,19,18642561,18654887,Tier 3B,,,TRUE,""
FKBP9,ENSG00000122642,7,32997017,33046543,Tier 3B,,,TRUE,""
FKRP,ENSG00000181027,19,47249303,47280245,Tier 3A,,,TRUE,""
FKTN,ENSG00000106692,9,108320411,108403399,Tier 3A,,,TRUE,""
FLNA,ENSG00000196924,X,153576892,153603006,Tier 3A,,,TRUE,""
FLRT1,ENSG00000126500,11,63870660,63886645,Tier 3B,,,TRUE,""
FLRT2,ENSG00000185070,14,85996488,86095034,Tier 3B,,,TRUE,""
FLT1,ENSG00000102755,13,28874489,29069265,Tier 1,,,TRUE,""
FLT3,ENSG00000122025,13,28577411,28674729,Tier 1,,,TRUE,""
FLT3LG,ENSG00000090554,19,49977464,49989488,Tier 3A,,,TRUE,""
FLT4,ENSG00000037280,5,180028506,180076624,Tier 1,,,TRUE,""
FMO1,ENSG00000010932,1,171217638,171255117,Tier 1,,,TRUE,""
FMO2,ENSG00000094963,1,171154347,171181822,Tier 1,,,TRUE,""
FMO3,ENSG00000007933,1,171060018,171086959,Tier 1,,,TRUE,""
FMO4,ENSG00000076258,1,171283347,171311223,Tier 1,,,TRUE,""
FMO5,ENSG00000131781,1,146646930,146714700,Tier 1,,,TRUE,""
FMO6P,ENSG00000117507,1,171106879,171130707,Tier 1,,,TRUE,""
FMOD,ENSG00000122176,1,203309756,203320617,Tier 3B,,,TRUE,""
FN1,ENSG00000115414,2,216225163,216300895,Tier 1,,,TRUE,""
FNDC5,ENSG00000160097,1,33327869,33338083,Tier 3B,,,TRUE,""
FNTA,ENSG00000168522,8,42889337,42940931,Tier 1,,,TRUE,""
FNTB,ENSG00000257365,14,65381203,65529368,Tier 1,,,TRUE,""
FOLH1,ENSG00000086205,11,49168187,49230222,Tier 1,,,TRUE,""
FOLR1,ENSG00000110195,11,71900602,71907345,Tier 1,,,TRUE,""
FOLR2,ENSG00000165457,11,71927645,71932994,Tier 3B,,,TRUE,""
FOLR3,ENSG00000110203,11,71825915,71850936,Tier 3B,,,TRUE,""
FOS,ENSG00000170345,14,75745477,75748933,Tier 2,,,TRUE,""
FPGS,ENSG00000136877,9,130556876,130576606,Tier 2,,,TRUE,""
FPR1,ENSG00000171051,19,52248425,52307363,Tier 2,,,TRUE,""
FPR2,ENSG00000171049,19,52255279,52273779,Tier 2,,,TRUE,""
FPR3,ENSG00000187474,19,52298416,52329442,Tier 3B,,,TRUE,""
FREM1,ENSG00000164946,9,14734664,14910993,Tier 3A,,,TRUE,""
FREM3,ENSG00000183090,4,144498455,144621828,Tier 3B,,,TRUE,""
FRK,ENSG00000111816,6,116252312,116381921,Tier 1,,,TRUE,""
FRZB,ENSG00000162998,2,183698002,183731890,Tier 3A,,,TRUE,""
FSHB,ENSG00000131808,11,30252563,30256808,Tier 3B,,,TRUE,""
FSHR,ENSG00000170820,2,49189296,49381676,Tier 1,,,TRUE,""
FST,ENSG00000134363,5,52776239,52782964,Tier 3B,,,TRUE,""
FSTL1,ENSG00000163430,3,120111140,120170100,Tier 3B,,,TRUE,""
FSTL3,ENSG00000070404,19,676392,683385,Tier 3B,,,TRUE,""
FSTL4,ENSG00000053108,5,132532147,132948255,Tier 3A,,,TRUE,""
FSTL5,ENSG00000168843,4,162305049,163085187,Tier 3A,,,TRUE,""
FUCA1,ENSG00000179163,1,24171567,24194784,Tier 2,,,TRUE,""
FUCA2,ENSG00000001036,6,143815948,143832827,Tier 2,,,TRUE,""
FURIN,ENSG00000140564,15,91411822,91426688,Tier 3A,,,TRUE,""
FXYD2,ENSG00000137731,11,117671559,117699413,Tier 3B,,,TRUE,""
FYN,ENSG00000010810,6,111981535,112194655,Tier 1,,,TRUE,""
FZD10,ENSG00000111432,12,130647004,130650285,Tier 3A,,,TRUE,""
FZD3,ENSG00000104290,8,28351729,28431775,Tier 3B,,,TRUE,""
FZD4,ENSG00000174804,11,86656721,86666433,Tier 3B,,,TRUE,""
FZD9,ENSG00000188763,7,72848109,72850450,Tier 3A,,,TRUE,""
G6PC,ENSG00000131482,17,41052814,41065386,Tier 2,,,TRUE,""
G6PD,ENSG00000160211,X,153759606,153775787,Tier 2,,,TRUE,""
GAA,ENSG00000171298,17,78075355,78093678,Tier 1,,,TRUE,""
GABBR1,ENSG00000204681,6,29523406,29601753,Tier 1,,,TRUE,""
GABBR2,ENSG00000136928,9,101050391,101471479,Tier 1,,,TRUE,""
GABRA1,ENSG00000022355,5,161274197,161326975,Tier 1,,,TRUE,""
GABRA2,ENSG00000151834,4,46250444,46477247,Tier 1,,,TRUE,""
GABRA3,ENSG00000011677,X,151334706,151619830,Tier 1,,,TRUE,""
GABRA4,ENSG00000109158,4,46920917,46996424,Tier 1,,,TRUE,""
GABRA5,ENSG00000186297,15,27111510,27194354,Tier 1,,,TRUE,""
GABRA6,ENSG00000145863,5,160974069,161129599,Tier 1,,,TRUE,""
GABRB1,ENSG00000163288,4,46995740,47428461,Tier 1,,,TRUE,""
GABRB2,ENSG00000145864,5,160715436,160976050,Tier 1,,,TRUE,""
GABRB3,ENSG00000166206,15,26788693,27184686,Tier 1,,,TRUE,""
GABRD,ENSG00000187730,1,1950780,1962192,Tier 3B,,,TRUE,""
GABRE,ENSG00000102287,X,151121596,151143152,Tier 3B,,,TRUE,""
GABRG1,ENSG00000163285,4,46037786,46126098,Tier 1,,,TRUE,""
GABRG2,ENSG00000113327,5,161494546,161582542,Tier 1,,,TRUE,""
GABRG3,ENSG00000182256,15,27216429,27778373,Tier 1,,,TRUE,""
GABRP,ENSG00000094755,5,170190354,170241051,Tier 3B,,,TRUE,""
GABRQ,ENSG00000147402,X,151806637,151825999,Tier 3B,,,TRUE,""
GABRR1,ENSG00000146276,6,89887220,89940997,Tier 2,,,TRUE,""
GABRR2,ENSG00000111886,6,89966927,90025018,Tier 2,,,TRUE,""
GABRR3,ENSG00000183185,3,97705517,97754148,Tier 3B,,,TRUE,""
GAK,ENSG00000178950,4,843064,926161,Tier 1,,,TRUE,""
GAL,ENSG00000069482,11,68451247,68458643,Tier 3B,,,TRUE,""
GALC,ENSG00000054983,14,88304164,88460009,Tier 3A,,,TRUE,""
GALE,ENSG00000117308,1,24122089,24127271,Tier 2,,,TRUE,""
GALK1,ENSG00000108479,17,73747675,73761792,Tier 2,,,TRUE,""
GALNS,ENSG00000141012,16,88880142,88923378,Tier 3A,,,TRUE,""
GALNT1,ENSG00000141429,18,33161081,33291798,Tier 3B,,,TRUE,""
GALNT2,ENSG00000143641,1,230193536,230417870,Tier 3A,,,TRUE,""
GALP,ENSG00000197487,19,56687389,56697144,Tier 3B,,,TRUE,""
GALR1,ENSG00000166573,18,74962505,74980858,Tier 3A,,,TRUE,""
GALR2,ENSG00000182687,17,74070875,74073622,Tier 3B,,,TRUE,""
GALR3,ENSG00000128310,22,38219389,38221502,Tier 2,,,TRUE,""
GAN,ENSG00000261609,16,81348557,81424489,Tier 3B,,,TRUE,""
GANAB,ENSG00000089597,11,62392298,62414104,Tier 1,,,TRUE,""
GANC,ENSG00000214013,15,42565431,42645864,Tier 3B,,,TRUE,""
GAPDH,ENSG00000111640,12,6643093,6647537,Tier 2,,,TRUE,""
GART,ENSG00000159131,21,34876238,34915797,Tier 1,,,TRUE,""
GAS6,ENSG00000183087,13,114523522,114567046,Tier 3B,,,TRUE,""
GAST,ENSG00000184502,17,39868578,39872221,Tier 3A,,,TRUE,""
GBA,ENSG00000177628,1,155204243,155214490,Tier 1,,,TRUE,""
GBA2,ENSG00000070610,9,35736863,35749983,Tier 2,,,TRUE,""
GC,ENSG00000145321,4,72607410,72669758,Tier 1,,,TRUE,""
GCG,ENSG00000115263,2,162999392,163008914,Tier 3A,,,TRUE,""
GCGR,ENSG00000215644,17,79762008,79771889,Tier 1,,,TRUE,""
GCK,ENSG00000106633,7,44183872,44237769,Tier 2,,,TRUE,""
GCLC,ENSG00000001084,6,53362139,53481768,Tier 2,,,TRUE,""
GDF1,ENSG00000130283,19,18979361,19006905,Tier 3B,,,TRUE,""
GDF10,ENSG00000107623,10,48425815,48438976,Tier 3B,,,TRUE,""
GDF11,ENSG00000135414,12,56137064,56150911,Tier 3B,,,TRUE,""
GDF15,ENSG00000130513,19,18485541,18499986,Tier 3A,,,TRUE,""
GDF2,ENSG00000128802,10,48413092,48416853,Tier 3B,,,TRUE,""
GDF3,ENSG00000184344,12,7842378,7848372,Tier 3B,,,TRUE,""
GDF5,ENSG00000125965,20,34021145,34042568,Tier 3A,,,TRUE,""
GDF6,ENSG00000156466,8,97154562,97173020,Tier 3B,,,TRUE,""
GDF7,ENSG00000143869,2,20866424,20873418,Tier 3A,,,TRUE,""
GDF9,ENSG00000164404,5,132196873,132202576,Tier 3B,,,TRUE,""
GDNF,ENSG00000168621,5,37812779,37839788,Tier 3B,,,TRUE,""
GFER,ENSG00000127554,16,2034208,2037750,Tier 1,,,TRUE,""
GFM1,ENSG00000168827,3,158362067,158410364,Tier 3B,,,TRUE,""
GFM2,ENSG00000164347,5,74017029,74063196,Tier 3B,,,TRUE,""
GFOD2,ENSG00000141098,16,67708434,67753324,Tier 3A,,,TRUE,""
GFPT1,ENSG00000198380,2,69546905,69614382,Tier 2,,,TRUE,""
GFRA3,ENSG00000146013,5,137588068,137610360,Tier 3A,,,TRUE,""
GFRA4,ENSG00000125861,20,3639939,3644046,Tier 3B,,,TRUE,""
GGCX,ENSG00000115486,2,85771846,85788670,Tier 1,,,TRUE,""
GGH,ENSG00000137563,8,63927638,63951730,Tier 2,,,TRUE,""
GGPS1,ENSG00000152904,1,235490665,235507847,Tier 2,,,TRUE,""
GGT1,ENSG00000100031,22,24979718,25024972,Tier 3A,,,TRUE,""
GGT2,ENSG00000133475,22,21562262,21581926,Tier 3B,,,TRUE,""
GGT5,ENSG00000099998,22,24615622,24641110,Tier 3B,,,TRUE,""
GGT6,ENSG00000167741,17,4460222,4464113,Tier 3B,,,TRUE,""
GGT7,ENSG00000131067,20,33432523,33460663,Tier 3B,,,TRUE,""
GGTLC1,ENSG00000149435,20,23965690,23969416,Tier 3B,,,TRUE,""
GGTLC2,ENSG00000100121,22,22988780,22990368,Tier 3B,,,TRUE,""
GGTLC3,ENSG00000183038,22,20366206,20368028,Tier 3B,,,TRUE,""
GH1,ENSG00000259384,17,61994560,61996179,Tier 3A,,,TRUE,""
GH2,ENSG00000136487,17,61957578,61959295,Tier 3A,,,TRUE,""
GHR,ENSG00000112964,5,42423879,42721979,Tier 1,,,TRUE,""
GHRH,ENSG00000118702,20,35879489,35890238,Tier 3B,,,TRUE,""
GHRHR,ENSG00000106128,7,30978284,31032869,Tier 1,,,TRUE,""
GHRL,ENSG00000157017,3,10327359,10334631,Tier 1,,,TRUE,""
GHSR,ENSG00000121853,3,172162923,172166246,Tier 1,,,TRUE,""
GIF,ENSG00000134812,11,59596741,59612974,Tier 3A,,,TRUE,""
GIP,ENSG00000159224,17,47035916,47045958,Tier 3A,,,TRUE,""
GIPR,ENSG00000010310,19,46171502,46186982,Tier 1,,,TRUE,""
GJB1,ENSG00000169562,X,70435044,70445366,Tier 3B,,,TRUE,""
GKN1,ENSG00000169605,2,69201705,69208106,Tier 3A,,,TRUE,""
GKN2,ENSG00000183607,2,69172364,69180102,Tier 3A,,,TRUE,""
GLA,ENSG00000102393,X,100652791,100662913,Tier 1,,,TRUE,""
GLB1,ENSG00000170266,3,33038100,33138722,Tier 2,,,TRUE,""
GLI2,ENSG00000074047,2,121493199,121750229,Tier 2,,,TRUE,""
GLIPR1L1,ENSG00000173401,12,75728419,75764340,Tier 3B,,,TRUE,""
GLO1,ENSG00000124767,6,38643701,38670917,Tier 2,,,TRUE,""
GLP1R,ENSG00000112164,6,39016574,39055519,Tier 1,,,TRUE,""
GLP2R,ENSG00000065325,17,9725523,9795419,Tier 1,,,TRUE,""
GLRA1,ENSG00000145888,5,151202074,151304403,Tier 1,,,TRUE,""
GLRA2,ENSG00000101958,X,14547420,14749934,Tier 2,,,TRUE,""
GLRA3,ENSG00000145451,4,175558065,175750465,Tier 2,,,TRUE,""
GLRA4,ENSG00000188828,X,102962152,102983583,Tier 2,,,TRUE,""
GLRB,ENSG00000109738,4,157997209,158093242,Tier 3B,,,TRUE,""
GLUL,ENSG00000135821,1,182350839,182361341,Tier 1,,,TRUE,""
GMNN,ENSG00000112312,6,24775159,24786327,Tier 1,,,TRUE,""
GNAS,ENSG00000087460,20,57414773,57486247,Tier 3A,,,TRUE,""
GNLY,ENSG00000115523,2,85912298,85925977,Tier 3B,,,TRUE,""
GNPTG,ENSG00000090581,16,1401924,1413352,Tier 3B,,,TRUE,""
GNRH1,ENSG00000147437,8,25276776,25282170,Tier 3B,,,TRUE,""
GNRH2,ENSG00000125787,20,3024268,3026393,Tier 3B,,,TRUE,""
GNRHR,ENSG00000109163,4,68605046,68620078,Tier 1,,,TRUE,""
GNS,ENSG00000135677,12,65107225,65153227,Tier 3B,,,TRUE,""
GP1BA,ENSG00000185245,17,4835592,4838325,Tier 3A,,,TRUE,""
GP1BB,ENSG00000203618,22,19710468,19712294,Tier 3B,,,TRUE,""
GP2,ENSG00000169347,16,20320894,20339130,Tier 3A,,,TRUE,""
GP5,ENSG00000178732,3,194115550,194119995,Tier 3B,,,TRUE,""
GP9,ENSG00000169704,3,128779610,128781249,Tier 3B,,,TRUE,""
GPA33,ENSG00000143167,1,167022073,167059868,Tier 1,,,TRUE,""
GPBAR1,ENSG00000179921,2,219124219,219128582,Tier 1,,,TRUE,""
GPC1,ENSG00000063660,2,241375088,241407493,Tier 3B,,,TRUE,""
GPC2,ENSG00000213420,7,99767229,99774995,Tier 3B,,,TRUE,""
GPC3,ENSG00000147257,X,132669773,133119922,Tier 1,,,TRUE,""
GPC4,ENSG00000076716,X,132434131,132549518,Tier 3B,,,TRUE,""
GPC5,ENSG00000179399,13,92050929,93519490,Tier 3A,,,TRUE,""
GPC6,ENSG00000183098,13,93879095,95059655,Tier 3A,,,TRUE,""
GPD2,ENSG00000115159,2,157291802,157470247,Tier 1,,,TRUE,""
GPER1,ENSG00000164850,7,1121844,1133451,Tier 1,,,TRUE,""
GPHA2,ENSG00000149735,11,64701943,64703360,Tier 3B,,,TRUE,""
GPI,ENSG00000105220,19,34850385,34893061,Tier 3B,,,TRUE,""
GPIHBP1,ENSG00000182851,8,144295068,144299044,Tier 3B,,,TRUE,""
GPLD1,ENSG00000112293,6,24424793,24495433,Tier 3A,,,TRUE,""
GPM6A,ENSG00000150625,4,176554085,176923815,Tier 3A,,,TRUE,""
GPNMB,ENSG00000136235,7,23275586,23314727,Tier 1,,,TRUE,""
GPR1,ENSG00000183671,2,207040040,207082771,Tier 3B,,,TRUE,""
GPR101,ENSG00000165370,X,136112307,136113833,Tier 3B,,,TRUE,""
GPR119,ENSG00000147262,X,129518319,129519511,Tier 2,,,TRUE,""
GPR12,ENSG00000132975,13,27329341,27334922,Tier 3B,,,TRUE,""
GPR132,ENSG00000183484,14,105515728,105531782,Tier 3B,,,TRUE,""
GPR135,ENSG00000181619,14,59895740,59932060,Tier 3B,,,TRUE,""
GPR139,ENSG00000180269,16,20042807,20085239,Tier 3B,,,TRUE,""
GPR141,ENSG00000187037,7,37723399,37873390,Tier 3B,,,TRUE,""
GPR142,ENSG00000257008,17,72363546,72368761,Tier 2,,,TRUE,""
GPR146,ENSG00000164849,7,1084212,1098897,Tier 3B,,,TRUE,""
GPR148,ENSG00000173302,2,131486643,131487909,Tier 3B,,,TRUE,""
GPR149,ENSG00000174948,3,154055461,154147504,Tier 3B,,,TRUE,""
GPR15,ENSG00000154165,3,98250743,98251960,Tier 3B,,,TRUE,""
GPR150,ENSG00000178015,5,94955782,94957846,Tier 3B,,,TRUE,""
GPR151,ENSG00000173250,5,145892666,145895753,Tier 3B,,,TRUE,""
GPR152,ENSG00000175514,11,67218772,67220200,Tier 3B,,,TRUE,""
GPR153,ENSG00000158292,1,6307406,6321035,Tier 3B,,,TRUE,""
GPR160,ENSG00000173890,3,169755717,169803191,Tier 3B,,,TRUE,""
GPR161,ENSG00000143147,1,168053997,168106821,Tier 3B,,,TRUE,""
GPR162,ENSG00000250510,12,6930711,6939136,Tier 3B,,,TRUE,""
GPR17,ENSG00000144230,2,128403439,128410213,Tier 1,,,TRUE,""
GPR171,ENSG00000174946,3,150915619,150920988,Tier 3B,,,TRUE,""
GPR173,ENSG00000184194,X,53078273,53109797,Tier 3B,,,TRUE,""
GPR174,ENSG00000147138,X,78426469,78427726,Tier 3B,,,TRUE,""
GPR176,ENSG00000166073,15,40091233,40213093,Tier 3B,,,TRUE,""
GPR18,ENSG00000125245,13,99906968,99913998,Tier 3B,,,TRUE,""
GPR182,ENSG00000166856,12,57388230,57390468,Tier 3B,,,TRUE,""
GPR183,ENSG00000169508,13,99946784,99959659,Tier 3B,,,TRUE,""
GPR19,ENSG00000183150,12,12813825,12849141,Tier 3B,,,TRUE,""
GPR20,ENSG00000204882,8,142366600,142377367,Tier 3B,,,TRUE,""
GPR21,ENSG00000188394,9,125796806,125797975,Tier 3B,,,TRUE,""
GPR22,ENSG00000172209,7,107110463,107116098,Tier 3B,,,TRUE,""
GPR25,ENSG00000170128,1,200842083,200843306,Tier 3B,,,TRUE,""
GPR26,ENSG00000154478,10,125425871,125454123,Tier 3B,,,TRUE,""
GPR27,ENSG00000170837,3,71803201,71805647,Tier 3B,,,TRUE,""
GPR3,ENSG00000181773,1,27719148,27722318,Tier 3B,,,TRUE,""
GPR31,ENSG00000120436,6,167569759,167571817,Tier 3B,,,TRUE,""
GPR32,ENSG00000142511,19,51273721,51274989,Tier 3B,,,TRUE,""
GPR33,ENSG00000214943,14,31952173,31953171,Tier 3B,,,TRUE,""
GPR34,ENSG00000171659,X,41548226,41556526,Tier 3B,,,TRUE,""
GPR35,ENSG00000178623,2,241544848,241570676,Tier 1,,,TRUE,""
GPR37,ENSG00000170775,7,124386051,124405681,Tier 3B,,,TRUE,""
GPR37L1,ENSG00000170075,1,202091986,202102720,Tier 3B,,,TRUE,""
GPR39,ENSG00000183840,2,133174147,133404132,Tier 3B,,,TRUE,""
GPR4,ENSG00000177464,19,46093022,46105466,Tier 3B,,,TRUE,""
GPR42,ENSG00000126251,19,35861831,35863855,Tier 3B,,,TRUE,""
GPR45,ENSG00000135973,2,105858200,105859924,Tier 3B,,,TRUE,""
GPR50,ENSG00000102195,X,150345125,150349937,Tier 2,,,TRUE,""
GPR52,ENSG00000203737,1,174417212,174418683,Tier 3B,,,TRUE,""
GPR55,ENSG00000135898,2,231772033,231825781,Tier 2,,,TRUE,""
GPR56,ENSG00000205336,16,57644564,57698944,Tier 3B,,,TRUE,""
GPR6,ENSG00000146360,6,110299514,110301921,Tier 3B,,,TRUE,""
GPR61,ENSG00000156097,1,110082494,110091028,Tier 3B,,,TRUE,""
GPR62,ENSG00000180929,3,51989330,51991509,Tier 3B,,,TRUE,""
GPR63,ENSG00000112218,6,97242002,97285353,Tier 3B,,,TRUE,""
GPR65,ENSG00000140030,14,88471468,88478419,Tier 3B,,,TRUE,""
GPR68,ENSG00000119714,14,91698876,91720269,Tier 3B,,,TRUE,""
GPR75,ENSG00000119737,2,54080050,54087126,Tier 3B,,,TRUE,""
GPR78,ENSG00000155269,4,8560452,8621486,Tier 3B,,,TRUE,""
GPR82,ENSG00000171657,X,41583408,41589388,Tier 3B,,,TRUE,""
GPR83,ENSG00000123901,11,94110477,94134585,Tier 3B,,,TRUE,""
GPR84,ENSG00000139572,12,54756229,54758271,Tier 3B,,,TRUE,""
GPR85,ENSG00000164604,7,112718386,112727833,Tier 3B,,,TRUE,""
GPR87,ENSG00000138271,3,151011891,151034740,Tier 3B,,,TRUE,""
GPR88,ENSG00000181656,1,101003693,101007574,Tier 3B,,,TRUE,""
GPR97,ENSG00000182885,16,57702099,57723975,Tier 3B,,,TRUE,""
GPRC6A,ENSG00000173612,6,117113248,117150200,Tier 3B,,,TRUE,""
GPX1,ENSG00000233276,3,49394609,49396033,Tier 1,,,TRUE,""
GPX2,ENSG00000176153,14,65405870,65409531,Tier 1,,,TRUE,""
GPX3,ENSG00000211445,5,150400124,150408554,Tier 1,,,TRUE,""
GPX4,ENSG00000167468,19,1103936,1106787,Tier 1,,,TRUE,""
GPX5,ENSG00000224586,6,28493702,28502729,Tier 3B,,,TRUE,""
GPX6,ENSG00000198704,6,28471073,28495992,Tier 1,,,TRUE,""
GPX7,ENSG00000116157,1,53068044,53074723,Tier 1,,,TRUE,""
GREM1,ENSG00000166923,15,33010175,33026870,Tier 3A,,,TRUE,""
GREM2,ENSG00000180875,1,240652873,240775449,Tier 3A,,,TRUE,""
GRIA1,ENSG00000155511,5,152869175,153193429,Tier 1,,,TRUE,""
GRIA2,ENSG00000120251,4,158125334,158287227,Tier 1,,,TRUE,""
GRIA3,ENSG00000125675,X,122318006,122624766,Tier 1,,,TRUE,""
GRIA4,ENSG00000152578,11,105480721,105852819,Tier 1,,,TRUE,""
GRID1,ENSG00000182771,10,87359312,88126250,Tier 3B,,,TRUE,""
GRID2,ENSG00000152208,4,93225550,94695707,Tier 3B,,,TRUE,""
GRIK1,ENSG00000171189,21,30909254,31312351,Tier 1,,,TRUE,""
GRIK2,ENSG00000164418,6,101846664,102517958,Tier 1,,,TRUE,""
GRIK3,ENSG00000163873,1,37261128,37499730,Tier 1,,,TRUE,""
GRIK4,ENSG00000149403,11,120382468,120859613,Tier 1,,,TRUE,""
GRIK5,ENSG00000105737,19,42502473,42573650,Tier 1,,,TRUE,""
GRIN1,ENSG00000176884,9,140032842,140063207,Tier 1,,,TRUE,""
GRIN2A,ENSG00000183454,16,9852376,10276611,Tier 1,,,TRUE,""
GRIN2B,ENSG00000273079,12,13693165,14133053,Tier 1,,,TRUE,""
GRIN2C,ENSG00000161509,17,72838162,72857627,Tier 1,,,TRUE,""
GRIN2D,ENSG00000105464,19,48898132,48948188,Tier 1,,,TRUE,""
GRIN3A,ENSG00000198785,9,104331635,104500862,Tier 1,,,TRUE,""
GRIN3B,ENSG00000116032,19,1000418,1009731,Tier 1,,,TRUE,""
GRK1,ENSG00000185974,13,114321470,114440708,Tier 1,,,TRUE,""
GRK4,ENSG00000125388,4,2965335,3042474,Tier 1,,,TRUE,""
GRK5,ENSG00000198873,10,120967101,121215131,Tier 2,,,TRUE,""
GRK6,ENSG00000198055,5,176830205,176869902,Tier 3A,,,TRUE,""
GRK7,ENSG00000114124,3,141496990,141537332,Tier 1,,,TRUE,""
GRM1,ENSG00000152822,6,146348782,146758734,Tier 1,,,TRUE,""
GRM2,ENSG00000164082,3,51741086,51752629,Tier 1,,,TRUE,""
GRM3,ENSG00000198822,7,86273230,86494200,Tier 1,,,TRUE,""
GRM4,ENSG00000124493,6,33989628,34123399,Tier 2,,,TRUE,""
GRM5,ENSG00000168959,11,88237744,88799113,Tier 1,,,TRUE,""
GRM6,ENSG00000113262,5,178405328,178423207,Tier 2,,,TRUE,""
GRM7,ENSG00000196277,3,6811688,7783215,Tier 2,,,TRUE,""
GRM8,ENSG00000179603,7,126078652,126893348,Tier 1,,,TRUE,""
GRN,ENSG00000030582,17,42422614,42430470,Tier 3A,,,TRUE,""
GRP,ENSG00000134443,18,56887400,56898006,Tier 3B,,,TRUE,""
GRPR,ENSG00000126010,X,16141679,16171144,Tier 3B,,,TRUE,""
GSG2,ENSG00000177602,17,3627211,3630067,Tier 2,,,TRUE,""
GSK3A,ENSG00000105723,19,42734338,42746777,Tier 1,,,TRUE,""
GSK3B,ENSG00000082701,3,119540170,119813264,Tier 1,,,TRUE,""
GSN,ENSG00000148180,9,123970072,124095121,Tier 3A,,,TRUE,""
GSR,ENSG00000104687,8,30535583,30585443,Tier 1,,,TRUE,""
GSS,ENSG00000100983,20,33516236,33543620,Tier 1,,,TRUE,""
GSTA1,ENSG00000243955,6,52656462,52668708,Tier 1,,,TRUE,""
GSTA2,ENSG00000244067,6,52614897,52628367,Tier 1,,,TRUE,""
GSTA3,ENSG00000174156,6,52761437,52774483,Tier 1,,,TRUE,""
GSTA4,ENSG00000170899,6,52842751,52860176,Tier 1,,,TRUE,""
GSTA5,ENSG00000182793,6,52696453,52710893,Tier 1,,,TRUE,""
GSTCD,ENSG00000138780,4,106629935,106768885,Tier 1,,,TRUE,""
GSTK1,ENSG00000197448,7,142941186,142967947,Tier 1,,,TRUE,""
GSTM1,ENSG00000134184,1,110230436,110251661,Tier 1,,,TRUE,""
GSTM2,ENSG00000213366,1,110210644,110252171,Tier 1,,,TRUE,""
GSTM3,ENSG00000134202,1,110276554,110284384,Tier 1,,,TRUE,""
GSTM4,ENSG00000168765,1,110198703,110208118,Tier 1,,,TRUE,""
GSTM5,ENSG00000134201,1,110254864,110318050,Tier 1,,,TRUE,""
GSTO1,ENSG00000148834,10,105995114,106027217,Tier 1,,,TRUE,""
GSTO2,ENSG00000065621,10,106028631,106064703,Tier 1,,,TRUE,""
GSTP1,ENSG00000084207,11,67351066,67354131,Tier 1,,,TRUE,""
GSTT1,ENSG00000184674,22,24376133,24384680,Tier 1,,,TRUE,""
GSTT2B,ENSG00000133433,22,24299601,24303373,Tier 1,,,TRUE,""
GSTZ1,ENSG00000100577,14,77787227,77797940,Tier 1,,,TRUE,""
GUCA2A,ENSG00000197273,1,42628362,42630389,Tier 3B,,,TRUE,""
GUCA2B,ENSG00000044012,1,42619092,42621495,Tier 3B,,,TRUE,""
GUCY1A2,ENSG00000152402,11,106544738,106889250,Tier 3A,,,TRUE,""
GUCY1A3,ENSG00000164116,4,156587863,156653501,Tier 2,,,TRUE,""
GUCY1B2,ENSG00000123201,13,51568647,51654998,Tier 1,,,TRUE,""
GUCY1B3,ENSG00000061918,4,156680144,156728743,Tier 1,,,TRUE,""
GUCY2C,ENSG00000070019,12,14765576,14849519,Tier 1,,,TRUE,""
GUCY2D,ENSG00000132518,17,7905912,7923657,Tier 3B,,,TRUE,""
GUCY2F,ENSG00000101890,X,108616135,108725301,Tier 3B,,,TRUE,""
GUSB,ENSG00000169919,7,65425671,65447301,Tier 3B,,,TRUE,""
GYPA,ENSG00000170180,4,145030457,145061904,Tier 3B,,,TRUE,""
GYPB,ENSG00000250361,4,144917257,145061844,Tier 3B,,,TRUE,""
GYPC,ENSG00000136732,2,127413509,127454246,Tier 3B,,,TRUE,""
GYPE,ENSG00000197465,4,144792020,144826716,Tier 3B,,,TRUE,""
GZMA,ENSG00000145649,5,54398476,54406080,Tier 3B,,,TRUE,""
GZMB,ENSG00000100453,14,25100160,25103473,Tier 2,,,TRUE,""
GZMH,ENSG00000100450,14,25075686,25078905,Tier 3A,,,TRUE,""
GZMK,ENSG00000113088,5,54320081,54330398,Tier 3B,,,TRUE,""
GZMM,ENSG00000197540,19,544034,549919,Tier 3B,,,TRUE,""
H1F0,ENSG00000189060,22,38201114,38203442,Tier 1,,,TRUE,""
H3F3A,ENSG00000163041,1,226249552,226259702,Tier 3B,,,TRUE,""
H3F3B,ENSG00000132475,17,73772515,73781974,Tier 3B,,,TRUE,""
H6PD,ENSG00000049239,1,9294834,9331396,Tier 3B,,,TRUE,""
HABP2,ENSG00000148702,10,115310596,115349361,Tier 3B,,,TRUE,""
HABP4,ENSG00000130956,9,99212483,99253618,Tier 3B,,,TRUE,""
HAGH,ENSG00000063854,16,1845621,1877195,Tier 1,,,TRUE,""
HAMP,ENSG00000105697,19,35771619,35776046,Tier 1,,,TRUE,""
HAO1,ENSG00000101323,20,7863628,7921121,Tier 2,,,TRUE,""
HAO2,ENSG00000116882,1,119911402,119936753,Tier 2,,,TRUE,""
HAPLN1,ENSG00000145681,5,82933624,83017432,Tier 3A,,,TRUE,""
HAPLN2,ENSG00000132702,1,156589086,156595517,Tier 3B,,,TRUE,""
HAPLN3,ENSG00000140511,15,89420519,89438857,Tier 3A,,,TRUE,""
HAPLN4,ENSG00000187664,19,19366450,19373605,Tier 3A,,,TRUE,""
HAS3,ENSG00000103044,16,69139467,69152622,Tier 3A,,,TRUE,""
HBB,ENSG00000244734,11,5246694,5250625,Tier 2,,,TRUE,""
HBEGF,ENSG00000113070,5,139712428,139726216,Tier 1,,,TRUE,""
HCAR1,ENSG00000196917,12,123104824,123215390,Tier 3B,,,TRUE,""
HCAR2,ENSG00000182782,12,123185840,123187890,Tier 1,,,TRUE,""
HCAR3,ENSG00000255398,12,123199303,123201439,Tier 2,,,TRUE,""
HCK,ENSG00000101336,20,30639991,30689659,Tier 1,,,TRUE,""
HCN1,ENSG00000164588,5,45259349,45696253,Tier 2,,,TRUE,""
HCN2,ENSG00000099822,19,589893,617159,Tier 3B,,,TRUE,""
HCN3,ENSG00000143630,1,155247374,155259639,Tier 3B,,,TRUE,""
HCN4,ENSG00000138622,15,73612200,73661605,Tier 2,,,TRUE,""
HCRT,ENSG00000161610,17,40336078,40337470,Tier 3B,,,TRUE,""
HCRTR1,ENSG00000121764,1,32083287,32098119,Tier 1,,,TRUE,""
HCRTR2,ENSG00000137252,6,55039050,55147418,Tier 1,,,TRUE,""
HDAC1,ENSG00000116478,1,32757687,32799236,Tier 1,,,TRUE,""
HDAC10,ENSG00000100429,22,50683612,50689834,Tier 1,,,TRUE,""
HDAC11,ENSG00000163517,3,13521224,13547916,Tier 1,,,TRUE,""
HDAC2,ENSG00000196591,6,114254192,114332472,Tier 1,,,TRUE,""
HDAC3,ENSG00000171720,5,141000443,141016437,Tier 1,,,TRUE,""
HDAC4,ENSG00000068024,2,239969864,240323348,Tier 1,,,TRUE,""
HDAC5,ENSG00000108840,17,42154114,42201070,Tier 1,,,TRUE,""
HDAC6,ENSG00000094631,X,48659784,48683392,Tier 1,,,TRUE,""
HDAC7,ENSG00000061273,12,48176505,48226915,Tier 1,,,TRUE,""
HDAC8,ENSG00000147099,X,71549366,71792953,Tier 1,,,TRUE,""
HDAC9,ENSG00000048052,7,18126572,19042039,Tier 1,,,TRUE,""
HDC,ENSG00000140287,15,50534144,50558223,Tier 2,,,TRUE,""
HDGF,ENSG00000143321,1,156711899,156736717,Tier 3A,,,TRUE,""
HEBP1,ENSG00000013583,12,13127798,13153207,Tier 3B,,,TRUE,""
HEPH,ENSG00000089472,X,65382391,65488709,Tier 3B,,,TRUE,""
HEPHL1,ENSG00000181333,11,93754527,93846917,Tier 3B,,,TRUE,""
HEXA,ENSG00000213614,15,72635775,72668817,Tier 3B,,,TRUE,""
HFE,ENSG00000010704,6,26087509,26098571,Tier 3A,,,TRUE,""
HGF,ENSG00000019991,7,81328322,81399754,Tier 1,,,TRUE,""
HGFAC,ENSG00000109758,4,3443614,3451211,Tier 3A,,,TRUE,""
HHIP,ENSG00000164161,4,145567173,145666423,Tier 3A,,,TRUE,""
HIF1A,ENSG00000100644,14,62162231,62214976,Tier 1,,,TRUE,""
HILPDA,ENSG00000135245,7,128095903,128098472,Tier 3B,,,TRUE,""
HIPK1,ENSG00000163349,1,114471814,114520426,Tier 1,,,TRUE,""
HIPK2,ENSG00000064393,7,139246316,139477577,Tier 1,,,TRUE,""
HIPK3,ENSG00000110422,11,33278218,33378569,Tier 1,,,TRUE,""
HIPK4,ENSG00000160396,19,40885178,40896094,Tier 1,,,TRUE,""
HIST1H1A,ENSG00000124610,6,26017260,26018040,Tier 1,,,TRUE,""
HIST1H1B,ENSG00000184357,6,27834570,27835359,Tier 1,,,TRUE,""
HIST1H1C,ENSG00000187837,6,26055968,26056699,Tier 1,,,TRUE,""
HIST1H1E,ENSG00000168298,6,26156559,26157343,Tier 1,,,TRUE,""
HIST1H3A,ENSG00000198366,6,26020718,26021186,Tier 3A,,,TRUE,""
HIST1H3B,ENSG00000124693,6,26031817,26032288,Tier 3A,,,TRUE,""
HIST1H3D,ENSG00000197409,6,26197068,26199521,Tier 3A,,,TRUE,""
HIST1H3E,ENSG00000196966,6,26225383,26225844,Tier 3A,,,TRUE,""
HIST1H3H,ENSG00000203813,6,27777842,27778314,Tier 3B,,,TRUE,""
HIST1H3I,ENSG00000182572,6,27839623,27840099,Tier 3B,,,TRUE,""
HIST1H3J,ENSG00000197153,6,27858093,27860884,Tier 3B,,,TRUE,""
HIST1H4A,ENSG00000196176,6,26021907,26022278,Tier 3A,,,TRUE,""
HIST1H4B,ENSG00000124529,6,26027124,26027480,Tier 3A,,,TRUE,""
HIST1H4C,ENSG00000197061,6,26104104,26104518,Tier 3A,,,TRUE,""
HIST1H4D,ENSG00000188987,6,26188938,26189304,Tier 3A,,,TRUE,""
HIST1H4E,ENSG00000198518,6,26204858,26206266,Tier 3A,,,TRUE,""
HIST1H4F,ENSG00000198327,6,26240561,26240976,Tier 3A,,,TRUE,""
HIST1H4H,ENSG00000158406,6,26281283,26285762,Tier 3A,,,TRUE,""
HIST1H4I,ENSG00000198339,6,27107076,27108418,Tier 3A,,,TRUE,""
HIST1H4J,ENSG00000197238,6,27791884,27792257,Tier 3B,,,TRUE,""
HIST1H4K,ENSG00000197914,6,27798952,27799305,Tier 3B,,,TRUE,""
HIST1H4L,ENSG00000198558,6,27840926,27841289,Tier 3B,,,TRUE,""
HIST2H3A,ENSG00000203852,1,149824181,149825836,Tier 3B,,,TRUE,""
HIST2H3C,ENSG00000203811,1,149811110,149812765,Tier 3B,,,TRUE,""
HIST2H3D,ENSG00000183598,1,149784826,149785236,Tier 3B,,,TRUE,""
HIST2H4A,ENSG00000183941,1,149804221,149811339,Tier 3B,,,TRUE,""
HIST2H4B,ENSG00000182217,1,149825607,149832714,Tier 3B,,,TRUE,""
HIST4H4,ENSG00000197837,12,14920933,14924065,Tier 3B,,,TRUE,""
HKDC1,ENSG00000156510,10,70980059,71027315,Tier 2,,,TRUE,""
HLA-A,ENSG00000206503,6,29909037,29913661,Tier 1,,,TRUE,""
HLA-B,ENSG00000234745,6,31321649,31324965,Tier 3A,,,TRUE,""
HLA-C,ENSG00000204525,6,31236526,31239907,Tier 3A,,,TRUE,""
HLA-DOB,ENSG00000241106,6,32780540,32784825,Tier 3A,,,TRUE,""
HLA-DPA1,ENSG00000231389,6,33032346,33048552,Tier 3A,,,TRUE,""
HLA-DPB1,ENSG00000223865,6,33043703,33054978,Tier 3A,,,TRUE,""
HLA-DQA2,ENSG00000237541,6,32709119,32714992,Tier 3A,,,TRUE,""
HLA-DRA,ENSG00000204287,6,32407619,32412823,Tier 1,,,TRUE,""
HLA-DRB1,ENSG00000196126,6,32546546,32557625,Tier 1,,,TRUE,""
HLA-DRB5,ENSG00000198502,6,32485120,32498064,Tier 1,,,TRUE,""
HLA-G,ENSG00000204632,6,29794744,29798902,Tier 3A,,,TRUE,""
HLCS,ENSG00000159267,21,38123189,38362536,Tier 2,,,TRUE,""
HMCN1,ENSG00000143341,1,185703683,186160085,Tier 3B,,,TRUE,""
HMGB1,ENSG00000189403,13,31032884,31191734,Tier 3A,,,TRUE,""
HMGB2,ENSG00000164104,4,174252846,174256276,Tier 3B,,,TRUE,""
HMGCR,ENSG00000113161,5,74632154,74657929,Tier 1,,,TRUE,""
HMMR,ENSG00000072571,5,162887209,162918947,Tier 3B,,,TRUE,""
HMOX1,ENSG00000100292,22,35776354,35790207,Tier 3A,,,TRUE,""
HNF4A,ENSG00000101076,20,42984340,43061485,Tier 1,,,TRUE,""
HNF4G,ENSG00000164749,8,76320149,76479078,Tier 3B,,,TRUE,""
HNMT,ENSG00000150540,2,138721590,138773930,Tier 1,,,TRUE,""
HNRNPA1,ENSG00000135486,12,54673977,54680872,Tier 2,,,TRUE,""
HP,ENSG00000257017,16,72088491,72094954,Tier 3A,,,TRUE,""
HPD,ENSG00000158104,12,122277433,122301502,Tier 1,,,TRUE,""
HPGD,ENSG00000164120,4,175411328,175444305,Tier 2,,,TRUE,""
HPGDS,ENSG00000163106,4,95219686,95264027,Tier 2,,,TRUE,""
HPRT1,ENSG00000165704,X,133594183,133654543,Tier 2,,,TRUE,""
HPSE,ENSG00000173083,4,84213614,84256306,Tier 2,,,TRUE,""
HPSE2,ENSG00000172987,10,100218875,100995619,Tier 3A,,,TRUE,""
HPX,ENSG00000110169,11,6452279,6463847,Tier 3B,,,TRUE,""
HRAS,ENSG00000174775,11,532242,537287,Tier 1,,,TRUE,""
HRC,ENSG00000130528,19,49654455,49658681,Tier 3B,,,TRUE,""
HRG,ENSG00000113905,3,186378005,186396029,Tier 3A,,,TRUE,""
HRH1,ENSG00000196639,3,11178779,11305243,Tier 1,,,TRUE,""
HRH2,ENSG00000113749,5,175085033,175113245,Tier 1,,,TRUE,""
HRH3,ENSG00000101180,20,60790026,60795323,Tier 1,,,TRUE,""
HRH4,ENSG00000134489,18,22040593,22059921,Tier 1,,,TRUE,""
HS3ST1,ENSG00000002587,4,11394774,11431389,Tier 3B,,,TRUE,""
HSD11B1,ENSG00000117594,1,209859510,209908295,Tier 1,,,TRUE,""
HSD11B2,ENSG00000176387,16,67464555,67471456,Tier 1,,,TRUE,""
HSD17B1,ENSG00000108786,17,40701232,40707231,Tier 1,,,TRUE,""
HSD17B10,ENSG00000072506,X,53458206,53461320,Tier 1,,,TRUE,""
HSD17B11,ENSG00000198189,4,88257762,88312538,Tier 1,,,TRUE,""
HSD17B14,ENSG00000087076,19,49316274,49339935,Tier 1,,,TRUE,""
HSD17B2,ENSG00000086696,16,82068609,82132139,Tier 2,,,TRUE,""
HSD17B3,ENSG00000130948,9,98997588,99064434,Tier 2,,,TRUE,""
HSD17B7,ENSG00000132196,1,162760492,162782607,Tier 2,,,TRUE,""
HSD3B1,ENSG00000203857,1,120049821,120057681,Tier 2,,,TRUE,""
HSD3B2,ENSG00000203859,1,119957554,119965658,Tier 1,,,TRUE,""
HSD3B7,ENSG00000099377,16,30996519,31000473,Tier 3B,,,TRUE,""
HSP90AA1,ENSG00000080824,14,102547075,102606036,Tier 1,,,TRUE,""
HSP90AB1,ENSG00000096384,6,44214824,44221620,Tier 1,,,TRUE,""
HSP90B1,ENSG00000166598,12,104323885,104347423,Tier 2,,,TRUE,""
HSPA1A,ENSG00000204389,6,31783291,31785723,Tier 2,,,TRUE,""
HSPA1B,ENSG00000204388,6,31795512,31798031,Tier 2,,,TRUE,""
HSPA5,ENSG00000044574,9,127997132,128003609,Tier 2,,,TRUE,""
HSPB1,ENSG00000106211,7,75931861,75933612,Tier 1,,,TRUE,""
HSPD1,ENSG00000144381,2,198351305,198381461,Tier 3B,,,TRUE,""
HSPG2,ENSG00000142798,1,22148738,22263790,Tier 3B,,,TRUE,""
HSPH1,ENSG00000120694,13,31710762,31736525,Tier 3B,,,TRUE,""
HTN1,ENSG00000126550,4,70916119,70924562,Tier 3B,,,TRUE,""
HTN3,ENSG00000205649,4,70894130,70902255,Tier 3B,,,TRUE,""
HTR1A,ENSG00000178394,5,63256183,63258334,Tier 1,,,TRUE,""
HTR1B,ENSG00000135312,6,78171948,78173490,Tier 1,,,TRUE,""
HTR1D,ENSG00000179546,1,23516993,23521222,Tier 1,,,TRUE,""
HTR1E,ENSG00000168830,6,87647024,87726349,Tier 1,,,TRUE,""
HTR1F,ENSG00000179097,3,88039846,88042919,Tier 1,,,TRUE,""
HTR2A,ENSG00000102468,13,47405685,47471169,Tier 1,,,TRUE,""
HTR2B,ENSG00000135914,2,231972944,231989832,Tier 1,,,TRUE,""
HTR2C,ENSG00000147246,X,113818551,114144624,Tier 1,,,TRUE,""
HTR3A,ENSG00000166736,11,113845603,113861035,Tier 1,,,TRUE,""
HTR3B,ENSG00000149305,11,113775399,113817287,Tier 1,,,TRUE,""
HTR3C,ENSG00000178084,3,183770835,183778459,Tier 1,,,TRUE,""
HTR3D,ENSG00000186090,3,183749332,183757157,Tier 1,,,TRUE,""
HTR3E,ENSG00000186038,3,183814852,183824783,Tier 1,,,TRUE,""
HTR4,ENSG00000164270,5,147830595,148056798,Tier 1,,,TRUE,""
HTR5A,ENSG00000157219,7,154862034,154877459,Tier 1,,,TRUE,""
HTR6,ENSG00000158748,1,19991780,20006055,Tier 1,,,TRUE,""
HTR7,ENSG00000148680,10,92500578,92617671,Tier 1,,,TRUE,""
HTRA1,ENSG00000166033,10,124221041,124274424,Tier 3A,,,TRUE,""
HTRA3,ENSG00000170801,4,8271492,8308838,Tier 3B,,,TRUE,""
HTRA4,ENSG00000169495,8,38831683,38846181,Tier 3B,,,TRUE,""
HTT,ENSG00000197386,4,3076408,3245676,Tier 1,,,TRUE,""
HUNK,ENSG00000142149,21,33245628,33416946,Tier 2,,,TRUE,""
HYAL1,ENSG00000114378,3,50337320,50349812,Tier 3A,,,TRUE,""
HYAL2,ENSG00000068001,3,50355221,50360337,Tier 3A,,,TRUE,""
HYAL3,ENSG00000186792,3,50330262,50336899,Tier 3A,,,TRUE,""
HYOU1,ENSG00000149428,11,118914900,118927913,Tier 3B,,,TRUE,""
IAPP,ENSG00000121351,12,21507893,21532912,Tier 1,,,TRUE,""
IARS,ENSG00000196305,9,94972489,95056038,Tier 1,,,TRUE,""
IBSP,ENSG00000029559,4,88720733,88733074,Tier 3A,,,TRUE,""
ICAM1,ENSG00000090339,19,10381511,10397291,Tier 1,,,TRUE,""
ICAM2,ENSG00000108622,17,62079954,62097994,Tier 3B,,,TRUE,""
ICAM3,ENSG00000076662,19,10444452,10450499,Tier 1,,,TRUE,""
ICAM4,ENSG00000105371,19,10397643,10399198,Tier 3A,,,TRUE,""
ICK,ENSG00000112144,6,52866077,52926600,Tier 1,,,TRUE,""
ICMT,ENSG00000116237,1,6281253,6296032,Tier 2,,,TRUE,""
ICOS,ENSG00000163600,2,204801471,204826300,Tier 1,,,TRUE,""
ICOSLG,ENSG00000160223,21,45642874,45660849,Tier 1,,,TRUE,""
IDE,ENSG00000119912,10,94211441,94333833,Tier 2,,,TRUE,""
IDO1,ENSG00000131203,8,39759794,39785963,Tier 2,,,TRUE,""
IFI30,ENSG00000216490,19,18283972,18288927,Tier 3A,,,TRUE,""
IFIT1,ENSG00000185745,10,91152303,91163745,Tier 3B,,,TRUE,""
IFITM1,ENSG00000185885,11,313506,315272,Tier 3A,,,TRUE,""
IFNA1,ENSG00000197919,9,21440440,21441315,Tier 1,,,TRUE,""
IFNA10,ENSG00000186803,9,21206180,21207142,Tier 1,,,TRUE,""
IFNA14,ENSG00000228083,9,21239201,21239978,Tier 3B,,,TRUE,""
IFNA16,ENSG00000147885,9,21216372,21217310,Tier 3B,,,TRUE,""
IFNA17,ENSG00000234829,9,21227242,21228221,Tier 3B,,,TRUE,""
IFNA2,ENSG00000188379,9,21384254,21385396,Tier 1,,,TRUE,""
IFNA21,ENSG00000137080,9,21165636,21166659,Tier 3B,,,TRUE,""
IFNA4,ENSG00000236637,9,21186617,21187598,Tier 1,,,TRUE,""
IFNA5,ENSG00000147873,9,21304613,21305312,Tier 1,,,TRUE,""
IFNA6,ENSG00000120235,9,21349834,21351377,Tier 1,,,TRUE,""
IFNA7,ENSG00000214042,9,21201468,21202204,Tier 1,,,TRUE,""
IFNA8,ENSG00000120242,9,21409146,21410184,Tier 1,,,TRUE,""
IFNAR1,ENSG00000142166,21,34696734,34732168,Tier 1,,,TRUE,""
IFNAR2,ENSG00000159110,21,34602206,34637980,Tier 1,,,TRUE,""
IFNB1,ENSG00000171855,9,21077104,21077943,Tier 3B,,,TRUE,""
IFNG,ENSG00000111537,12,68548548,68553527,Tier 1,,,TRUE,""
IFNGR1,ENSG00000027697,6,137518621,137540586,Tier 1,,,TRUE,""
IFNGR2,ENSG00000159128,21,34775202,34851655,Tier 1,,,TRUE,""
IFNK,ENSG00000147896,9,27524312,27526496,Tier 3A,,,TRUE,""
IFNL1,ENSG00000182393,19,39786965,39789313,Tier 3A,,,TRUE,""
IFNL2,ENSG00000183709,19,39759154,39760732,Tier 3A,,,TRUE,""
IFNL3,ENSG00000197110,19,39734246,39735646,Tier 3A,,,TRUE,""
IFNW1,ENSG00000177047,9,21140631,21142144,Tier 3B,,,TRUE,""
IGF1,ENSG00000017427,12,102789645,102874423,Tier 1,,,TRUE,""
IGF1R,ENSG00000140443,15,99192200,99507759,Tier 1,,,TRUE,""
IGF2,ENSG00000167244,11,2150342,2170833,Tier 1,,,TRUE,""
IGF2R,ENSG00000197081,6,160390131,160534539,Tier 3A,,,TRUE,""
IGFALS,ENSG00000099769,16,1840414,1844972,Tier 3A,,,TRUE,""
IGFBP1,ENSG00000146678,7,45927956,45933267,Tier 2,,,TRUE,""
IGFBP2,ENSG00000115457,2,217497551,217529159,Tier 2,,,TRUE,""
IGFBP3,ENSG00000146674,7,45951949,45961473,Tier 2,,,TRUE,""
IGFBP4,ENSG00000141753,17,38599702,38613983,Tier 2,,,TRUE,""
IGFBP5,ENSG00000115461,2,217536828,217560248,Tier 2,,,TRUE,""
IGFBP6,ENSG00000167779,12,53491220,53496129,Tier 2,,,TRUE,""
IGFBP7,ENSG00000163453,4,57896939,57976551,Tier 3B,,,TRUE,""
IGFBPL1,ENSG00000137142,9,38408991,38424444,Tier 3A,,,TRUE,""
IGFL1,ENSG00000188293,19,46733009,46734500,Tier 3B,,,TRUE,""
IGFL3,ENSG00000188624,19,46623328,46627931,Tier 3B,,,TRUE,""
IGHA2,ENSG00000211890,14,106053226,106054732,Tier 3B,,,TRUE,""
IGHD,ENSG00000211898,14,106303099,106312010,Tier 3B,,,TRUE,""
IGHE,ENSG00000211891,14,106064224,106068065,Tier 1,,,TRUE,""
IGHG1,ENSG00000211896,14,106202680,106209408,Tier 3A,,,TRUE,""
IGHG2,ENSG00000211893,14,106109389,106111127,Tier 3B,,,TRUE,""
IGHG3,ENSG00000211897,14,106235439,106237742,Tier 3A,,,TRUE,""
IGHG4,ENSG00000211892,14,106090687,106092403,Tier 3B,,,TRUE,""
IGHM,ENSG00000211899,14,106320349,106322323,Tier 3B,,,TRUE,""
IGHV1-2,ENSG00000211934,14,106452671,106453170,Tier 3B,,,TRUE,""
IGHV1-46,ENSG00000211962,14,106967049,106967788,Tier 3B,,,TRUE,""
IGHV3-23,ENSG00000211949,14,106725201,106725733,Tier 3B,,,TRUE,""
IGHV7-81,ENSG00000211979,14,107282792,107283280,Tier 3B,,,TRUE,""
IGIP,ENSG00000182700,5,139505521,139508391,Tier 3B,,,TRUE,""
IGJ,ENSG00000132465,4,71521258,71547534,Tier 3B,,,TRUE,""
IGKC,ENSG00000211592,2,89156674,89157196,Tier 3B,,,TRUE,""
IGKV1-39,ENSG00000242371,2,89619383,89619904,Tier 3B,,,TRUE,""
IGKV1-5,ENSG00000243466,2,89246819,89247475,Tier 3B,,,TRUE,""
IGKV1D-16,ENSG00000241244,2,90139078,90139580,Tier 3B,,,TRUE,""
IGKV1D-39,ENSG00000251546,2,89901292,89901791,Tier 3B,,,TRUE,""
IGKV1D-42,ENSG00000211633,2,90229045,90229531,Tier 3B,,,TRUE,""
IGKV2-30,ENSG00000243238,2,89544264,89545079,Tier 3B,,,TRUE,""
IGKV2-40,ENSG00000211619,2,89629873,89630186,Tier 3B,,,TRUE,""
IGKV2D-29,ENSG00000243264,2,89986322,89987079,Tier 3B,,,TRUE,""
IGKV2D-40,ENSG00000251039,2,89890601,89891307,Tier 3B,,,TRUE,""
IGKV3-11,ENSG00000241351,2,89326668,89327228,Tier 3B,,,TRUE,""
IGKV3-15,ENSG00000244437,2,89384673,89385283,Tier 3B,,,TRUE,""
IGKV3-20,ENSG00000239951,2,89442057,89442643,Tier 3B,,,TRUE,""
IGKV3-7,ENSG00000243063,2,89277987,89278600,Tier 3B,,,TRUE,""
IGKV3D-15,ENSG00000224041,2,90153696,90154258,Tier 3B,,,TRUE,""
IGKV4-1,ENSG00000211598,2,89184913,89185669,Tier 3B,,,TRUE,""
IGKV5-2,ENSG00000211599,2,89196748,89197300,Tier 3B,,,TRUE,""
IGLC2,ENSG00000211677,22,23243156,23243617,Tier 3B,,,TRUE,""
IGLC3,ENSG00000211679,22,23248512,23248973,Tier 3B,,,TRUE,""
IGLC7,ENSG00000211685,22,23264766,23265203,Tier 3B,,,TRUE,""
IGLL1,ENSG00000128322,22,23915312,23922495,Tier 3A,,,TRUE,""
IGLL5,ENSG00000254709,22,23229960,23238287,Tier 3B,,,TRUE,""
IGLV1-36,ENSG00000211655,22,22786296,22786802,Tier 3B,,,TRUE,""
IGLV1-40,ENSG00000211653,22,22764098,22764614,Tier 3B,,,TRUE,""
IGLV1-44,ENSG00000211651,22,22735135,22735715,Tier 3B,,,TRUE,""
IGLV1-51,ENSG00000211644,22,22676828,22677336,Tier 3B,,,TRUE,""
IGLV10-54,ENSG00000211642,22,22569184,22569660,Tier 3B,,,TRUE,""
IGLV11-55,ENSG00000211641,22,22556057,22556600,Tier 3A,,,TRUE,""
IGLV2-11,ENSG00000211668,22,23134980,23135496,Tier 3B,,,TRUE,""
IGLV2-18,ENSG00000211664,22,23077095,23077584,Tier 3B,,,TRUE,""
IGLV2-23,ENSG00000211660,22,23040274,23040892,Tier 3B,,,TRUE,""
IGLV3-12,ENSG00000211667,22,23114317,23115079,Tier 3B,,,TRUE,""
IGLV3-16,ENSG00000211665,22,23089870,23090398,Tier 3B,,,TRUE,""
IGLV3-22,ENSG00000211661,22,23046750,23047307,Tier 3B,,,TRUE,""
IGLV3-25,ENSG00000211659,22,23029190,23029735,Tier 3B,,,TRUE,""
IGLV3-27,ENSG00000211658,22,23010758,23011276,Tier 3B,,,TRUE,""
IGLV4-3,ENSG00000211672,22,23213686,23214214,Tier 3B,,,TRUE,""
IGLV4-60,ENSG00000211639,22,22516592,22517074,Tier 3A,,,TRUE,""
IGLV4-69,ENSG00000211637,22,22385332,22385870,Tier 3B,,,TRUE,""
IGLV5-37,ENSG00000211654,22,22781876,22782371,Tier 3B,,,TRUE,""
IGLV5-45,ENSG00000211650,22,22730355,22730874,Tier 3B,,,TRUE,""
IGLV7-43,ENSG00000211652,22,22749356,22749827,Tier 3B,,,TRUE,""
IGLV7-46,ENSG00000211649,22,22723982,22724454,Tier 3B,,,TRUE,""
IGLV8-61,ENSG00000211638,22,22453110,22453622,Tier 3B,,,TRUE,""
IGSF11,ENSG00000144847,3,118619404,118864915,Tier 3B,,,TRUE,""
IGSF8,ENSG00000162729,1,160061130,160068733,Tier 3A,,,TRUE,""
IHH,ENSG00000163501,2,219919142,219925189,Tier 3A,,,TRUE,""
IK,ENSG00000113141,5,140026643,140042064,Tier 3B,,,TRUE,""
IKBKB,ENSG00000104365,8,42128820,42189973,Tier 1,,,TRUE,""
IKBKE,ENSG00000143466,1,206643791,206670223,Tier 1,,,TRUE,""
IKBKG,ENSG00000073009,X,153769414,153796782,Tier 2,,,TRUE,""
IL10,ENSG00000136634,1,206940947,206945839,Tier 1,,,TRUE,""
IL10RA,ENSG00000110324,11,117857063,117872196,Tier 3A,,,TRUE,""
IL10RB,ENSG00000243646,21,34638663,34669539,Tier 3B,,,TRUE,""
IL11,ENSG00000095752,19,55875757,55881831,Tier 3A,,,TRUE,""
IL11RA,ENSG00000137070,9,34650699,34661889,Tier 1,,,TRUE,""
IL12A,ENSG00000168811,3,159706537,159713806,Tier 3A,,,TRUE,""
IL12B,ENSG00000113302,5,158741791,158757895,Tier 1,,,TRUE,""
IL12RB1,ENSG00000096996,19,18169805,18209754,Tier 1,,,TRUE,""
IL12RB2,ENSG00000081985,1,67773047,67862583,Tier 3B,,,TRUE,""
IL13,ENSG00000169194,5,131991955,131996802,Tier 1,,,TRUE,""
IL13RA1,ENSG00000131724,X,117861535,117928502,Tier 3B,,,TRUE,""
IL13RA2,ENSG00000123496,X,114238538,114254540,Tier 3B,,,TRUE,""
IL15,ENSG00000164136,4,142557752,142655140,Tier 1,,,TRUE,""
IL15RA,ENSG00000134470,10,5990855,6020150,Tier 3A,,,TRUE,""
IL16,ENSG00000172349,15,81451916,81605104,Tier 3A,,,TRUE,""
IL17A,ENSG00000112115,6,52051185,52055436,Tier 1,,,TRUE,""
IL17B,ENSG00000127743,5,148750887,148783765,Tier 3A,,,TRUE,""
IL17C,ENSG00000124391,16,88704999,88706881,Tier 3B,,,TRUE,""
IL17D,ENSG00000172458,13,21276266,21297237,Tier 3A,,,TRUE,""
IL17F,ENSG00000112116,6,52101479,52109335,Tier 1,,,TRUE,""
IL17RA,ENSG00000177663,22,17565844,17596583,Tier 1,,,TRUE,""
IL17RB,ENSG00000056736,3,53880607,53899827,Tier 3B,,,TRUE,""
IL17RC,ENSG00000163702,3,9958758,9975314,Tier 3B,,,TRUE,""
IL17RE,ENSG00000163701,3,9944296,9958086,Tier 3B,,,TRUE,""
IL18,ENSG00000150782,11,112013974,112034840,Tier 1,,,TRUE,""
IL18BP,ENSG00000137496,11,71709587,71716761,Tier 3B,,,TRUE,""
IL18R1,ENSG00000115604,2,102927989,103015218,Tier 3A,,,TRUE,""
IL18RAP,ENSG00000115607,2,103035149,103069025,Tier 3A,,,TRUE,""
IL19,ENSG00000142224,1,206972215,207016324,Tier 3A,,,TRUE,""
IL1A,ENSG00000115008,2,113531492,113542167,Tier 1,,,TRUE,""
IL1B,ENSG00000125538,2,113587328,113594480,Tier 1,,,TRUE,""
IL1F10,ENSG00000136697,2,113825547,113833427,Tier 3A,,,TRUE,""
IL1R1,ENSG00000115594,2,102681004,102796334,Tier 1,,,TRUE,""
IL1R2,ENSG00000115590,2,102608306,102645006,Tier 1,,,TRUE,""
IL1RAP,ENSG00000196083,3,190231840,190375843,Tier 3A,,,TRUE,""
IL1RAPL1,ENSG00000169306,X,28605516,29974840,Tier 3B,,,TRUE,""
IL1RAPL2,ENSG00000189108,X,103810996,105011822,Tier 3B,,,TRUE,""
IL1RL1,ENSG00000115602,2,102927962,102968497,Tier 3A,,,TRUE,""
IL1RL2,ENSG00000115598,2,102803433,102856462,Tier 3B,,,TRUE,""
IL1RN,ENSG00000136689,2,113864791,113891593,Tier 3A,,,TRUE,""
IL2,ENSG00000109471,4,123372625,123377880,Tier 1,,,TRUE,""
IL20,ENSG00000162891,1,207038699,207042568,Tier 3A,,,TRUE,""
IL20RA,ENSG00000016402,6,137321108,137366298,Tier 3B,,,TRUE,""
IL20RB,ENSG00000174564,3,136665072,136729927,Tier 3B,,,TRUE,""
IL21,ENSG00000138684,4,123533783,123542224,Tier 3A,,,TRUE,""
IL21R,ENSG00000103522,16,27413483,27462115,Tier 3A,,,TRUE,""
IL22,ENSG00000127318,12,68642022,68647387,Tier 1,,,TRUE,""
IL22RA2,ENSG00000164485,6,137464968,137494785,Tier 3A,,,TRUE,""
IL23A,ENSG00000110944,12,56732663,56734193,Tier 1,,,TRUE,""
IL24,ENSG00000162892,1,207070788,207077484,Tier 3A,,,TRUE,""
IL25,ENSG00000166090,14,23842018,23845612,Tier 3A,,,TRUE,""
IL26,ENSG00000111536,12,68595131,68619601,Tier 3A,,,TRUE,""
IL27,ENSG00000197272,16,28510683,28523372,Tier 3A,,,TRUE,""
IL2RA,ENSG00000134460,10,6052652,6104288,Tier 1,,,TRUE,""
IL2RB,ENSG00000100385,22,37521878,37571094,Tier 1,,,TRUE,""
IL2RG,ENSG00000147168,X,70327254,70331958,Tier 3B,,,TRUE,""
IL3,ENSG00000164399,5,131396222,131398897,Tier 3A,,,TRUE,""
IL31,ENSG00000204671,12,122656577,122658746,Tier 3A,,,TRUE,""
IL31RA,ENSG00000164509,5,55147207,55218678,Tier 3B,,,TRUE,""
IL32,ENSG00000008517,16,3115298,3131908,Tier 3A,,,TRUE,""
IL33,ENSG00000137033,9,6215805,6257983,Tier 3A,,,TRUE,""
IL34,ENSG00000157368,16,70613798,70694585,Tier 3B,,,TRUE,""
IL36B,ENSG00000136696,2,113779668,113810444,Tier 3A,,,TRUE,""
IL36G,ENSG00000136688,2,113730780,113743242,Tier 3A,,,TRUE,""
IL36RN,ENSG00000136695,2,113816215,113822959,Tier 3A,,,TRUE,""
IL37,ENSG00000125571,2,113670548,113676459,Tier 3A,,,TRUE,""
IL3RA,ENSG00000185291,X,1455509,1501578,Tier 1,,,TRUE,""
IL4,ENSG00000113520,5,132009678,132018368,Tier 1,,,TRUE,""
IL4I1,ENSG00000104951,19,50392911,50432796,Tier 3B,,,TRUE,""
IL4R,ENSG00000077238,16,27324989,27376099,Tier 1,,,TRUE,""
IL5,ENSG00000113525,5,131877136,131892530,Tier 1,,,TRUE,""
IL5RA,ENSG00000091181,3,3111233,3168297,Tier 1,,,TRUE,""
IL6,ENSG00000136244,7,22765503,22771621,Tier 1,,,TRUE,""
IL6R,ENSG00000160712,1,154377669,154441926,Tier 1,,,TRUE,""
IL6ST,ENSG00000134352,5,55230923,55290821,Tier 1,,,TRUE,""
IL7,ENSG00000104432,8,79587978,79717758,Tier 3A,,,TRUE,""
IL7R,ENSG00000168685,5,35852797,35879705,Tier 3A,,,TRUE,""
IL8,ENSG00000169429,4,74606223,74609433,Tier 1,,,TRUE,""
IL9,ENSG00000145839,5,135227935,135231516,Tier 1,,,TRUE,""
IL9R,ENSG00000124334,X,155227246,155240482,Tier 3B,,,TRUE,""
ILK,ENSG00000166333,11,6624961,6632102,Tier 3B,,,TRUE,""
IMPA1,ENSG00000133731,8,82570196,82598928,Tier 1,,,TRUE,""
IMPA2,ENSG00000141401,18,11981024,12030876,Tier 2,,,TRUE,""
IMPDH1,ENSG00000106348,7,128032331,128050306,Tier 1,,,TRUE,""
IMPDH2,ENSG00000178035,3,49061758,49066841,Tier 1,,,TRUE,""
IMPG1,ENSG00000112706,6,76630832,76782395,Tier 3B,,,TRUE,""
IMPG2,ENSG00000081148,3,100941390,101039404,Tier 3B,,,TRUE,""
INHA,ENSG00000123999,2,220433884,220440435,Tier 3B,,,TRUE,""
INHBA,ENSG00000122641,7,41724712,41742706,Tier 1,,,TRUE,""
INHBB,ENSG00000163083,2,121103719,121109384,Tier 3A,,,TRUE,""
INHBC,ENSG00000175189,12,57828543,57844611,Tier 3A,,,TRUE,""
INHBE,ENSG00000139269,12,57846106,57853063,Tier 3A,,,TRUE,""
INS,ENSG00000254647,11,2181009,2182571,Tier 3A,,,TRUE,""
INS-IGF2,ENSG00000129965,11,2153768,2182439,Tier 3A,,,TRUE,""
INSL3,ENSG00000248099,19,17927321,17932383,Tier 3A,,,TRUE,""
INSL4,ENSG00000120211,9,5231419,5235304,Tier 3A,,,TRUE,""
INSL5,ENSG00000172410,1,67263424,67266939,Tier 3B,,,TRUE,""
INSL6,ENSG00000120210,9,5131979,5185668,Tier 3A,,,TRUE,""
INSR,ENSG00000171105,19,7112266,7294045,Tier 1,,,TRUE,""
INSRR,ENSG00000027644,1,156809855,156828810,Tier 2,,,TRUE,""
IPP,ENSG00000197429,1,46159996,46216322,Tier 3B,,,TRUE,""
IRAK1,ENSG00000184216,X,153275951,153285431,Tier 1,,,TRUE,""
IRAK2,ENSG00000134070,3,10206549,10285427,Tier 3B,,,TRUE,""
IRAK3,ENSG00000090376,12,66582659,66648402,Tier 1,,,TRUE,""
IRAK4,ENSG00000198001,12,44152747,44183346,Tier 1,,,TRUE,""
ISG15,ENSG00000187608,1,948803,949920,Tier 3B,,,TRUE,""
ISLR2,ENSG00000167178,15,74392652,74430881,Tier 3B,,,TRUE,""
ITGA1,ENSG00000213949,5,52083730,52255040,Tier 3A,,,TRUE,""
ITGA10,ENSG00000143127,1,145524891,145543868,Tier 3B,,,TRUE,""
ITGA11,ENSG00000137809,15,68594050,68724501,Tier 3A,,,TRUE,""
ITGA2,ENSG00000164171,5,52285156,52390609,Tier 1,,,TRUE,""
ITGA2B,ENSG00000005961,17,42449548,42466873,Tier 1,,,TRUE,""
ITGA3,ENSG00000005884,17,48133332,48167845,Tier 3B,,,TRUE,""
ITGA4,ENSG00000115232,2,182321929,182400914,Tier 1,,,TRUE,""
ITGA5,ENSG00000161638,12,54789045,54813244,Tier 1,,,TRUE,""
ITGA6,ENSG00000091409,2,173292082,173371181,Tier 3A,,,TRUE,""
ITGA7,ENSG00000135424,12,56078352,56109827,Tier 3A,,,TRUE,""
ITGA8,ENSG00000077943,10,15555948,15762124,Tier 3A,,,TRUE,""
ITGA9,ENSG00000144668,3,37493606,37865005,Tier 3A,,,TRUE,""
ITGAD,ENSG00000156886,16,31404633,31437826,Tier 3A,,,TRUE,""
ITGAE,ENSG00000083457,17,3617922,3704537,Tier 1,,,TRUE,""
ITGAL,ENSG00000005844,16,30483979,30534506,Tier 1,,,TRUE,""
ITGAM,ENSG00000169896,16,31271311,31344213,Tier 3A,,,TRUE,""
ITGAV,ENSG00000138448,2,187454792,187545628,Tier 1,,,TRUE,""
ITGAX,ENSG00000140678,16,31366455,31394318,Tier 3A,,,TRUE,""
ITGB1,ENSG00000150093,10,33189247,33294720,Tier 1,,,TRUE,""
ITGB2,ENSG00000160255,21,46305868,46351904,Tier 1,,,TRUE,""
ITGB3,ENSG00000259207,17,45331212,45421658,Tier 1,,,TRUE,""
ITGB4,ENSG00000132470,17,73717408,73753899,Tier 3B,,,TRUE,""
ITGB5,ENSG00000082781,3,124480795,124620265,Tier 1,,,TRUE,""
ITGB6,ENSG00000115221,2,160956177,161128399,Tier 1,,,TRUE,""
ITGB7,ENSG00000139626,12,53585102,53601091,Tier 1,,,TRUE,""
ITGB8,ENSG00000105855,7,20370325,20455377,Tier 3B,,,TRUE,""
ITIH1,ENSG00000055957,3,52811603,52826078,Tier 3A,,,TRUE,""
ITIH2,ENSG00000151655,10,7745232,7791483,Tier 3A,,,TRUE,""
ITIH3,ENSG00000162267,3,52828784,52843025,Tier 3A,,,TRUE,""
ITIH4,ENSG00000055955,3,52846991,52865495,Tier 3A,,,TRUE,""
ITIH5,ENSG00000123243,10,7601232,7708961,Tier 3A,,,TRUE,""
ITIH6,ENSG00000102313,X,54775332,54824673,Tier 3B,,,TRUE,""
ITK,ENSG00000113263,5,156569944,156682201,Tier 1,,,TRUE,""
ITLN1,ENSG00000179914,1,160846329,160854960,Tier 3A,,,TRUE,""
ITM2B,ENSG00000136156,13,48807294,48837063,Tier 3B,,,TRUE,""
ITPR1,ENSG00000150995,3,4535032,4889524,Tier 3A,,,TRUE,""
ITPR2,ENSG00000123104,12,26490342,26986131,Tier 3B,,,TRUE,""
ITPR3,ENSG00000096433,6,33588142,33664351,Tier 3B,,,TRUE,""
IVNS1ABP,ENSG00000116679,1,185265520,185286461,Tier 3B,,,TRUE,""
JAG1,ENSG00000101384,20,10618332,10654694,Tier 3A,,,TRUE,""
JAK1,ENSG00000162434,1,65298912,65432187,Tier 1,,,TRUE,""
JAK2,ENSG00000096968,9,4985033,5128183,Tier 1,,,TRUE,""
JAK3,ENSG00000105639,19,17935589,17958880,Tier 1,,,TRUE,""
JAM2,ENSG00000154721,21,27011584,27089874,Tier 3A,,,TRUE,""
JAM3,ENSG00000166086,11,133938820,134021896,Tier 3B,,,TRUE,""
JMJD7-PLA2G4B,ENSG00000168970,15,42120293,42140353,Tier 3B,,,TRUE,""
JUN,ENSG00000177606,1,59246465,59249785,Tier 2,,,TRUE,""
KAL1,ENSG00000011201,X,8496915,8700227,Tier 3B,,,TRUE,""
KALRN,ENSG00000160145,3,123798870,124445172,Tier 3A,,,TRUE,""
KARS,ENSG00000065427,16,75661622,75682541,Tier 2,,,TRUE,""
KAT2B,ENSG00000114166,3,20081515,20195896,Tier 2,,,TRUE,""
KAZALD1,ENSG00000107821,10,102821598,102827888,Tier 3B,,,TRUE,""
KBTBD11,ENSG00000176595,8,1922044,1955102,Tier 3B,,,TRUE,""
KBTBD12,ENSG00000187715,3,127634075,127706514,Tier 3B,,,TRUE,""
KBTBD2,ENSG00000170852,7,32907784,32933743,Tier 3B,,,TRUE,""
KBTBD6,ENSG00000165572,13,41701705,41706882,Tier 3B,,,TRUE,""
KBTBD7,ENSG00000120696,13,41763969,41768702,Tier 3B,,,TRUE,""
KBTBD8,ENSG00000163376,3,67048727,67061634,Tier 3B,,,TRUE,""
KCNA1,ENSG00000111262,12,5019071,5040527,Tier 3B,,,TRUE,""
KCNA10,ENSG00000143105,1,111059839,111061797,Tier 3B,,,TRUE,""
KCNA2,ENSG00000177301,1,111136202,111174096,Tier 3B,,,TRUE,""
KCNA3,ENSG00000177272,1,111214310,111217655,Tier 2,,,TRUE,""
KCNA4,ENSG00000182255,11,30031288,30038570,Tier 3B,,,TRUE,""
KCNA5,ENSG00000130037,12,5153085,5155949,Tier 2,,,TRUE,""
KCNA6,ENSG00000151079,12,4918342,4960277,Tier 3B,,,TRUE,""
KCNA7,ENSG00000104848,19,49570675,49576198,Tier 3B,,,TRUE,""
KCNB1,ENSG00000158445,20,47980414,48099184,Tier 3B,,,TRUE,""
KCNB2,ENSG00000182674,8,73449626,73850584,Tier 2,,,TRUE,""
KCNC1,ENSG00000129159,11,17756359,17804602,Tier 3B,,,TRUE,""
KCNC2,ENSG00000166006,12,75433857,75603648,Tier 3B,,,TRUE,""
KCNC3,ENSG00000131398,19,50815194,50836772,Tier 3B,,,TRUE,""
KCNC4,ENSG00000116396,1,110753965,110825722,Tier 3B,,,TRUE,""
KCND1,ENSG00000102057,X,48818639,48827976,Tier 3B,,,TRUE,""
KCND2,ENSG00000184408,7,119913722,120390385,Tier 3A,,,TRUE,""
KCND3,ENSG00000171385,1,112313284,112531777,Tier 3B,,,TRUE,""
KCNE1,ENSG00000180509,21,35818988,35884573,Tier 2,,,TRUE,""
KCNF1,ENSG00000162975,2,11052063,11054350,Tier 3B,,,TRUE,""
KCNG1,ENSG00000026559,20,49620193,49639666,Tier 3B,,,TRUE,""
KCNG2,ENSG00000178342,18,77623668,77660184,Tier 3B,,,TRUE,""
KCNG3,ENSG00000171126,2,42669157,42721237,Tier 3B,,,TRUE,""
KCNG4,ENSG00000168418,16,84255823,84273356,Tier 3B,,,TRUE,""
KCNH1,ENSG00000143473,1,210856555,211307457,Tier 3B,,,TRUE,""
KCNH2,ENSG00000055118,7,150642049,150675403,Tier 1,,,TRUE,""
KCNH3,ENSG00000135519,12,49932940,49952091,Tier 3B,,,TRUE,""
KCNH4,ENSG00000089558,17,40308909,40333296,Tier 3B,,,TRUE,""
KCNH5,ENSG00000140015,14,63173287,63568755,Tier 3B,,,TRUE,""
KCNH6,ENSG00000173826,17,61600695,61626338,Tier 2,,,TRUE,""
KCNH7,ENSG00000184611,2,163227917,163695240,Tier 2,,,TRUE,""
KCNH8,ENSG00000183960,3,19189946,19577138,Tier 3B,,,TRUE,""
KCNJ1,ENSG00000151704,11,128706210,128737268,Tier 2,,,TRUE,""
KCNJ10,ENSG00000177807,1,160007257,160040038,Tier 3A,,,TRUE,""
KCNJ11,ENSG00000187486,11,17407406,17410878,Tier 1,,,TRUE,""
KCNJ12,ENSG00000184185,17,21279509,21323179,Tier 2,,,TRUE,""
KCNJ13,ENSG00000115474,2,233631174,233641278,Tier 3B,,,TRUE,""
KCNJ14,ENSG00000182324,19,48958766,48969367,Tier 3B,,,TRUE,""
KCNJ15,ENSG00000157551,21,39529128,39679279,Tier 3A,,,TRUE,""
KCNJ16,ENSG00000153822,17,68049570,68131749,Tier 3A,,,TRUE,""
KCNJ2,ENSG00000123700,17,68164814,68176189,Tier 2,,,TRUE,""
KCNJ3,ENSG00000162989,2,155554811,155714863,Tier 3B,,,TRUE,""
KCNJ4,ENSG00000168135,22,38822332,38851205,Tier 3B,,,TRUE,""
KCNJ5,ENSG00000120457,11,128761251,128790930,Tier 3A,,,TRUE,""
KCNJ6,ENSG00000157542,21,38979678,39288749,Tier 3A,,,TRUE,""
KCNJ8,ENSG00000121361,12,21917889,21928515,Tier 1,,,TRUE,""
KCNJ9,ENSG00000162728,1,160051360,160060353,Tier 2,,,TRUE,""
KCNK1,ENSG00000135750,1,233749750,233808258,Tier 3A,,,TRUE,""
KCNK10,ENSG00000100433,14,88649113,88793251,Tier 1,,,TRUE,""
KCNK12,ENSG00000184261,2,47743720,47798078,Tier 3B,,,TRUE,""
KCNK13,ENSG00000152315,14,90528109,90652201,Tier 3B,,,TRUE,""
KCNK15,ENSG00000124249,20,43374421,43379675,Tier 3B,,,TRUE,""
KCNK16,ENSG00000095981,6,39282474,39290744,Tier 3B,,,TRUE,""
KCNK17,ENSG00000124780,6,39266777,39282329,Tier 3B,,,TRUE,""
KCNK18,ENSG00000186795,10,118957000,118969810,Tier 1,,,TRUE,""
KCNK2,ENSG00000082482,1,215179118,215410436,Tier 1,,,TRUE,""
KCNK3,ENSG00000171303,2,26915619,26956288,Tier 1,,,TRUE,""
KCNK4,ENSG00000182450,11,64058774,64067503,Tier 3B,,,TRUE,""
KCNK5,ENSG00000164626,6,39156749,39197226,Tier 3B,,,TRUE,""
KCNK6,ENSG00000099337,19,38810484,38819660,Tier 3B,,,TRUE,""
KCNK7,ENSG00000173338,11,65360326,65363467,Tier 3B,,,TRUE,""
KCNK9,ENSG00000169427,8,140613081,140715299,Tier 1,,,TRUE,""
KCNMA1,ENSG00000156113,10,78629359,79398353,Tier 2,,,TRUE,""
KCNN1,ENSG00000105642,19,18062102,18110889,Tier 2,,,TRUE,""
KCNN2,ENSG00000080709,5,113696642,113832337,Tier 2,,,TRUE,""
KCNN3,ENSG00000143603,1,154669931,154842756,Tier 2,,,TRUE,""
KCNN4,ENSG00000104783,19,44270685,44285409,Tier 1,,,TRUE,""
KCNQ1,ENSG00000053918,11,2465914,2870339,Tier 1,,,TRUE,""
KCNQ2,ENSG00000075043,20,62037542,62103993,Tier 1,,,TRUE,""
KCNQ3,ENSG00000184156,8,133133108,133493200,Tier 1,,,TRUE,""
KCNQ4,ENSG00000117013,1,41249684,41306124,Tier 1,,,TRUE,""
KCNQ5,ENSG00000185760,6,73331520,73908574,Tier 1,,,TRUE,""
KCNS1,ENSG00000124134,20,43720951,43729753,Tier 3B,,,TRUE,""
KCNS2,ENSG00000156486,8,99439250,99445076,Tier 3B,,,TRUE,""
KCNS3,ENSG00000170745,2,18059114,18542882,Tier 3B,,,TRUE,""
KCNT1,ENSG00000107147,9,138594031,138684992,Tier 3B,,,TRUE,""
KCNT2,ENSG00000162687,1,196194909,196578355,Tier 3A,,,TRUE,""
KCNU1,ENSG00000215262,8,36641842,36793646,Tier 3B,,,TRUE,""
KCNV1,ENSG00000164794,8,110975874,110988076,Tier 3B,,,TRUE,""
KCNV2,ENSG00000168263,9,2717502,2730037,Tier 3B,,,TRUE,""
KDM1A,ENSG00000004487,1,23345941,23410182,Tier 2,,,TRUE,""
KDM1B,ENSG00000165097,6,18155560,18224084,Tier 3B,,,TRUE,""
KDM2A,ENSG00000173120,11,66886740,67025558,Tier 2,,,TRUE,""
KDM4A,ENSG00000066135,1,44115829,44171186,Tier 2,,,TRUE,""
KDM4C,ENSG00000107077,9,6720863,7175648,Tier 2,,,TRUE,""
KDM4E,ENSG00000235268,11,94758422,94760760,Tier 2,,,TRUE,""
KDM5C,ENSG00000126012,X,53220503,53254604,Tier 2,,,TRUE,""
KDR,ENSG00000128052,4,55944644,55991756,Tier 1,,,TRUE,""
KDSR,ENSG00000119537,18,60994959,61034743,Tier 3B,,,TRUE,""
KEAP1,ENSG00000079999,19,10596796,10614417,Tier 1,,,TRUE,""
KEL,ENSG00000197993,7,142638201,142659768,Tier 3B,,,TRUE,""
KERA,ENSG00000139330,12,91444268,91451760,Tier 3A,,,TRUE,""
KHDRBS1,ENSG00000121774,1,32479430,32526451,Tier 2,,,TRUE,""
KHK,ENSG00000138030,2,27309615,27323640,Tier 2,,,TRUE,""
KIF11,ENSG00000138160,10,94353043,94415150,Tier 1,,,TRUE,""
KIR2DL1,ENSG00000125498,19,55281263,55295774,Tier 1,,,TRUE,""
KIR2DL3,ENSG00000243772,19,55249980,55295776,Tier 1,,,TRUE,""
KIR2DL4,ENSG00000189013,19,55236002,55325972,Tier 1,,,TRUE,""
KIR2DS4,ENSG00000221957,19,55344131,55360024,Tier 3A,,,TRUE,""
KIR3DL1,ENSG00000167633,19,55235969,55378448,Tier 3A,,,TRUE,""
KIR3DL2,ENSG00000240403,19,55361898,55378662,Tier 3A,,,TRUE,""
KIR3DL3,ENSG00000242019,19,55235984,55248003,Tier 3B,,,TRUE,""
KIRREL2,ENSG00000126259,19,36346763,36358011,Tier 3B,,,TRUE,""
KISS1,ENSG00000170498,1,204159469,204165614,Tier 3A,,,TRUE,""
KISS1R,ENSG00000116014,19,917287,921015,Tier 2,,,TRUE,""
KIT,ENSG00000157404,4,55524085,55606881,Tier 1,,,TRUE,""
KITLG,ENSG00000049130,12,88886570,88974628,Tier 3A,,,TRUE,""
KL,ENSG00000133116,13,33590207,33640282,Tier 3B,,,TRUE,""
KLF5,ENSG00000102554,13,73629114,73651676,Tier 2,,,TRUE,""
KLHL1,ENSG00000150361,13,70274726,70682591,Tier 3B,,,TRUE,""
KLHL10,ENSG00000161594,17,39991937,40004636,Tier 3B,,,TRUE,""
KLHL12,ENSG00000117153,1,202860228,202897764,Tier 3B,,,TRUE,""
KLHL13,ENSG00000003096,X,117031776,117251303,Tier 3B,,,TRUE,""
KLHL15,ENSG00000174010,X,24001837,24045303,Tier 3B,,,TRUE,""
KLHL17,ENSG00000187961,1,895967,901095,Tier 3B,,,TRUE,""
KLHL18,ENSG00000114648,3,47324407,47388306,Tier 3B,,,TRUE,""
KLHL2,ENSG00000109466,4,166128770,166244308,Tier 3B,,,TRUE,""
KLHL20,ENSG00000076321,1,173684080,173755840,Tier 3B,,,TRUE,""
KLHL21,ENSG00000162413,1,6650784,6674667,Tier 3B,,,TRUE,""
KLHL22,ENSG00000099910,22,20783528,20850170,Tier 3B,,,TRUE,""
KLHL23,ENSG00000213160,2,170550998,170633499,Tier 3B,,,TRUE,""
KLHL24,ENSG00000114796,3,183353356,183402265,Tier 3B,,,TRUE,""
KLHL25,ENSG00000183655,15,86302554,86338261,Tier 3B,,,TRUE,""
KLHL26,ENSG00000167487,19,18747775,18781309,Tier 3B,,,TRUE,""
KLHL28,ENSG00000179454,14,45393522,45511525,Tier 3B,,,TRUE,""
KLHL29,ENSG00000119771,2,23608088,23931481,Tier 3B,,,TRUE,""
KLHL3,ENSG00000146021,5,136953189,137071779,Tier 3B,,,TRUE,""
KLHL30,ENSG00000168427,2,239047363,239061588,Tier 3B,,,TRUE,""
KLHL32,ENSG00000186231,6,97372605,97588630,Tier 3B,,,TRUE,""
KLHL33,ENSG00000185271,14,20896970,20903801,Tier 3B,,,TRUE,""
KLHL35,ENSG00000149243,11,75133438,75141674,Tier 3B,,,TRUE,""
KLHL36,ENSG00000135686,16,84682131,84701292,Tier 3B,,,TRUE,""
KLHL38,ENSG00000175946,8,124657767,124665190,Tier 3B,,,TRUE,""
KLHL4,ENSG00000102271,X,86772752,86925050,Tier 3B,,,TRUE,""
KLHL40,ENSG00000157119,3,42727011,42734036,Tier 3B,,,TRUE,""
KLHL5,ENSG00000109790,4,39046659,39128477,Tier 3B,,,TRUE,""
KLHL6,ENSG00000172578,3,183205319,183273477,Tier 3B,,,TRUE,""
KLHL7,ENSG00000122550,7,23145353,23217533,Tier 3B,,,TRUE,""
KLHL8,ENSG00000145332,4,88081255,88161466,Tier 3B,,,TRUE,""
KLHL9,ENSG00000198642,9,21329670,21335379,Tier 3B,,,TRUE,""
KLK1,ENSG00000167748,19,51322404,51327043,Tier 2,,,TRUE,""
KLK10,ENSG00000129451,19,51515995,51523431,Tier 3B,,,TRUE,""
KLK11,ENSG00000167757,19,51525472,51531295,Tier 3B,,,TRUE,""
KLK12,ENSG00000186474,19,51532348,51538486,Tier 3B,,,TRUE,""
KLK13,ENSG00000167759,19,51559463,51568371,Tier 3B,,,TRUE,""
KLK14,ENSG00000129437,19,51580752,51587502,Tier 3B,,,TRUE,""
KLK15,ENSG00000174562,19,51328545,51340469,Tier 3A,,,TRUE,""
KLK2,ENSG00000167751,19,51364824,51383823,Tier 3A,,,TRUE,""
KLK3,ENSG00000142515,19,51358171,51364020,Tier 2,,,TRUE,""
KLK4,ENSG00000167749,19,51409608,51413994,Tier 3A,,,TRUE,""
KLK5,ENSG00000167754,19,51446559,51456349,Tier 3A,,,TRUE,""
KLK6,ENSG00000167755,19,51461887,51472929,Tier 3A,,,TRUE,""
KLK7,ENSG00000169035,19,51479729,51487355,Tier 3B,,,TRUE,""
KLK8,ENSG00000129455,19,51499263,51505967,Tier 3B,,,TRUE,""
KLK9,ENSG00000213022,19,51503806,51512890,Tier 3B,,,TRUE,""
KLKB1,ENSG00000164344,4,187130133,187179625,Tier 1,,,TRUE,""
KLRB1,ENSG00000111796,12,9747147,9760482,Tier 3B,,,TRUE,""
KLRC1,ENSG00000134545,12,10594863,10607284,Tier 3A,,,TRUE,""
KLRC2,ENSG00000205809,12,10579453,10594899,Tier 3A,,,TRUE,""
KLRD1,ENSG00000134539,12,10378657,10469850,Tier 3B,,,TRUE,""
KLRK1,ENSG00000213809,12,10524952,10544473,Tier 3A,,,TRUE,""
KMO,ENSG00000117009,1,241695434,241758944,Tier 2,,,TRUE,""
KMT2A,ENSG00000118058,11,118307205,118397539,Tier 1,,,TRUE,""
KNG1,ENSG00000113889,3,186435065,186461743,Tier 3A,,,TRUE,""
KRT18,ENSG00000111057,12,53342655,53346685,Tier 1,,,TRUE,""
KRT19,ENSG00000171345,17,39679869,39684560,Tier 1,,,TRUE,""
KRT8,ENSG00000170421,12,53290977,53343738,Tier 1,,,TRUE,""
KRTDAP,ENSG00000188508,19,35978226,35986460,Tier 3A,,,TRUE,""
KSR1,ENSG00000141068,17,25783670,25953461,Tier 3A,,,TRUE,""
KSR2,ENSG00000171435,12,117890817,118406788,Tier 3A,,,TRUE,""
KYNU,ENSG00000115919,2,143635067,143799890,Tier 2,,,TRUE,""
L1CAM,ENSG00000198910,X,153126969,153174677,Tier 3B,,,TRUE,""
L3MBTL1,ENSG00000185513,20,42136320,42179590,Tier 1,,,TRUE,""
LACRT,ENSG00000135413,12,55024595,55028679,Tier 3A,,,TRUE,""
LACTB,ENSG00000103642,15,63413999,63434260,Tier 1,,,TRUE,""
LAD1,ENSG00000159166,1,201342372,201368736,Tier 3A,,,TRUE,""
LAG3,ENSG00000089692,12,6881678,6887621,Tier 3B,,,TRUE,""
LAIR1,ENSG00000167613,19,54865362,54882165,Tier 3B,,,TRUE,""
LAIR2,ENSG00000167618,19,55009100,55021897,Tier 3B,,,TRUE,""
LALBA,ENSG00000167531,12,48961467,48963849,Tier 3B,,,TRUE,""
LAMA1,ENSG00000101680,18,6941743,7117813,Tier 1,,,TRUE,""
LAMA2,ENSG00000196569,6,129204342,129837714,Tier 1,,,TRUE,""
LAMA3,ENSG00000053747,18,21269407,21535030,Tier 1,,,TRUE,""
LAMA4,ENSG00000112769,6,112429963,112576141,Tier 1,,,TRUE,""
LAMA5,ENSG00000130702,20,60883011,60942368,Tier 1,,,TRUE,""
LAMB1,ENSG00000091136,7,107564244,107643700,Tier 1,,,TRUE,""
LAMB2,ENSG00000172037,3,49158547,49170551,Tier 1,,,TRUE,""
LAMB3,ENSG00000196878,1,209788215,209825811,Tier 1,,,TRUE,""
LAMB4,ENSG00000091128,7,107663993,107770801,Tier 1,,,TRUE,""
LAMC1,ENSG00000135862,1,182992595,183114727,Tier 1,,,TRUE,""
LAMC2,ENSG00000058085,1,183155373,183214035,Tier 1,,,TRUE,""
LAMC3,ENSG00000050555,9,133884469,133969860,Tier 1,,,TRUE,""
LAMP1,ENSG00000185896,13,113951556,113977987,Tier 3A,,,TRUE,""
LAMP2,ENSG00000005893,X,119561682,119603220,Tier 3B,,,TRUE,""
LAMP3,ENSG00000078081,3,182840001,182881627,Tier 3A,,,TRUE,""
LAP3,ENSG00000002549,4,17578815,17609595,Tier 1,,,TRUE,""
LARS,ENSG00000133706,5,145492601,145562223,Tier 2,,,TRUE,""
LATS1,ENSG00000131023,6,149979289,150039392,Tier 1,,,TRUE,""
LATS2,ENSG00000150457,13,21547171,21635686,Tier 1,,,TRUE,""
LBP,ENSG00000129988,20,36974759,37005665,Tier 3A,,,TRUE,""
LCAT,ENSG00000213398,16,67973653,67978034,Tier 3A,,,TRUE,""
LCK,ENSG00000182866,1,32716840,32751766,Tier 1,,,TRUE,""
LCN1,ENSG00000160349,9,138413284,138418378,Tier 3A,,,TRUE,""
LCN2,ENSG00000148346,9,130911350,130915734,Tier 3B,,,TRUE,""
LCN8,ENSG00000204001,9,139648838,139652678,Tier 3B,,,TRUE,""
LCN9,ENSG00000148386,9,138555168,138558268,Tier 3A,,,TRUE,""
LCT,ENSG00000115850,2,136545410,136594750,Tier 3A,,,TRUE,""
LCTL,ENSG00000188501,15,66839517,66858317,Tier 3B,,,TRUE,""
LDHA,ENSG00000134333,11,18415935,18429972,Tier 2,,,TRUE,""
LDHB,ENSG00000111716,12,21788276,21910791,Tier 2,,,TRUE,""
LDLR,ENSG00000130164,19,11200038,11244492,Tier 2,,,TRUE,""
LEAP2,ENSG00000164406,5,132208014,132210738,Tier 3B,,,TRUE,""
LECT1,ENSG00000136110,13,53277399,53313947,Tier 3B,,,TRUE,""
LECT2,ENSG00000145826,5,135257968,135290723,Tier 3A,,,TRUE,""
LEFTY1,ENSG00000243709,1,226073982,226099082,Tier 3B,,,TRUE,""
LEFTY2,ENSG00000143768,1,226124298,226129189,Tier 3B,,,TRUE,""
LEP,ENSG00000174697,7,127881337,127897681,Tier 3B,,,TRUE,""
LEPR,ENSG00000116678,1,65886248,66107242,Tier 3A,,,TRUE,""
LEPRE1,ENSG00000117385,1,43212006,43232755,Tier 3B,,,TRUE,""
LGALS1,ENSG00000100097,22,38071615,38075813,Tier 3B,,,TRUE,""
LGALS3,ENSG00000131981,14,55590828,55612126,Tier 3A,,,TRUE,""
LGALS3BP,ENSG00000108679,17,76967320,76976191,Tier 3B,,,TRUE,""
LGALS7,ENSG00000205076,19,39261611,39264132,Tier 3B,,,TRUE,""
LGALS7B,ENSG00000178934,19,39279851,39282389,Tier 3B,,,TRUE,""
LGALS8,ENSG00000116977,1,236681300,236716281,Tier 3B,,,TRUE,""
LGALS9,ENSG00000168961,17,25956824,25976586,Tier 3B,,,TRUE,""
LGI1,ENSG00000108231,10,95517566,95557916,Tier 3B,,,TRUE,""
LGMN,ENSG00000100600,14,93170152,93215047,Tier 3B,,,TRUE,""
LGR4,ENSG00000205213,11,27387508,27494322,Tier 3B,,,TRUE,""
LGR5,ENSG00000139292,12,71833550,71980090,Tier 3B,,,TRUE,""
LGR6,ENSG00000133067,1,202163029,202288909,Tier 3B,,,TRUE,""
LHB,ENSG00000104826,19,49519237,49520338,Tier 3B,,,TRUE,""
LHCGR,ENSG00000138039,2,48859428,48982880,Tier 1,,,TRUE,""
LIF,ENSG00000128342,22,30636436,30642840,Tier 3A,,,TRUE,""
LIFR,ENSG00000113594,5,38475065,38608456,Tier 3A,,,TRUE,""
LIG1,ENSG00000105486,19,48618702,48673860,Tier 2,,,TRUE,""
LILRA1,ENSG00000104974,19,55105047,55113555,Tier 3B,,,TRUE,""
LILRA2,ENSG00000239998,19,55084387,55099027,Tier 3B,,,TRUE,""
LILRA3,ENSG00000170866,19,54799854,54809952,Tier 3A,,,TRUE,""
LILRA4,ENSG00000239961,19,54844456,54850421,Tier 3A,,,TRUE,""
LILRA5,ENSG00000187116,19,54818353,54824409,Tier 3A,,,TRUE,""
LILRA6,ENSG00000244482,19,54720737,54746649,Tier 3A,,,TRUE,""
LILRB1,ENSG00000104972,19,55085346,55148979,Tier 3B,,,TRUE,""
LILRB2,ENSG00000131042,19,54777675,54785039,Tier 3A,,,TRUE,""
LILRB4,ENSG00000186818,19,55155340,55181810,Tier 3B,,,TRUE,""
LILRB5,ENSG00000105609,19,54754263,54761164,Tier 3A,,,TRUE,""
LIMK1,ENSG00000106683,7,73497263,73536855,Tier 2,,,TRUE,""
LIMK2,ENSG00000182541,22,31608225,31676066,Tier 1,,,TRUE,""
LINGO1,ENSG00000169783,15,77905369,78113242,Tier 1,,,TRUE,""
LINGO2,ENSG00000174482,9,27948076,28670283,Tier 3B,,,TRUE,""
LIPA,ENSG00000107798,10,90973326,91174314,Tier 2,,,TRUE,""
LIPC,ENSG00000166035,15,58702768,58861151,Tier 3A,,,TRUE,""
LIPE,ENSG00000079435,19,42905659,42931578,Tier 2,,,TRUE,""
LIPF,ENSG00000182333,10,90424198,90438571,Tier 1,,,TRUE,""
LIPG,ENSG00000101670,18,47087069,47119272,Tier 2,,,TRUE,""
LIPH,ENSG00000163898,3,185224050,185270401,Tier 3B,,,TRUE,""
LIPI,ENSG00000188992,21,15481134,15583166,Tier 3B,,,TRUE,""
LIPJ,ENSG00000204022,10,90346510,90366733,Tier 2,,,TRUE,""
LIPK,ENSG00000204021,10,90484301,90512543,Tier 2,,,TRUE,""
LIPM,ENSG00000173239,10,90562487,90580303,Tier 2,,,TRUE,""
LIPN,ENSG00000204020,10,90521163,90537999,Tier 2,,,TRUE,""
LMAN1,ENSG00000074695,18,56995055,57027194,Tier 3B,,,TRUE,""
LMCD1,ENSG00000071282,3,8543393,8609805,Tier 3B,,,TRUE,""
LMNA,ENSG00000160789,1,156052364,156109880,Tier 1,,,TRUE,""
LMTK2,ENSG00000164715,7,97736197,97838945,Tier 3B,,,TRUE,""
LMTK3,ENSG00000142235,19,48988528,49016446,Tier 3B,,,TRUE,""
LNPEP,ENSG00000113441,5,96271098,96373219,Tier 2,,,TRUE,""
LOX,ENSG00000113083,5,121398890,121413980,Tier 3B,,,TRUE,""
LOXL1,ENSG00000129038,15,74218330,74244478,Tier 3A,,,TRUE,""
LOXL2,ENSG00000134013,8,23154702,23282841,Tier 3B,,,TRUE,""
LOXL3,ENSG00000115318,2,74759541,74782817,Tier 3B,,,TRUE,""
LPA,ENSG00000198670,6,160952515,161087407,Tier 3A,,,TRUE,""
LPAR1,ENSG00000198121,9,113635543,113800981,Tier 1,,,TRUE,""
LPAR2,ENSG00000064547,19,19734477,19739739,Tier 1,,,TRUE,""
LPAR3,ENSG00000171517,1,85277285,85358896,Tier 2,,,TRUE,""
LPAR4,ENSG00000147145,X,78003206,78012591,Tier 3B,,,TRUE,""
LPAR5,ENSG00000184574,12,6728001,6745613,Tier 2,,,TRUE,""
LPAR6,ENSG00000139679,13,48963707,49018840,Tier 3B,,,TRUE,""
LPHN1,ENSG00000072071,19,14260750,14316999,Tier 3A,,,TRUE,""
LPL,ENSG00000175445,8,19759228,19824769,Tier 2,,,TRUE,""
LPO,ENSG00000167419,17,56295909,56345879,Tier 3B,,,TRUE,""
LRG1,ENSG00000171236,19,4536421,4540486,Tier 3B,,,TRUE,""
LRIG3,ENSG00000139263,12,59265931,59314303,Tier 3B,,,TRUE,""
LRIT2,ENSG00000204033,10,85980254,85985345,Tier 3B,,,TRUE,""
LRP1,ENSG00000123384,12,57522276,57607134,Tier 3A,,,TRUE,""
LRP8,ENSG00000157193,1,53711217,53793742,Tier 3A,,,TRUE,""
LRPAP1,ENSG00000163956,4,3508103,3534286,Tier 3A,,,TRUE,""
LRRC17,ENSG00000128606,7,102553438,102585396,Tier 3B,,,TRUE,""
LRRC26,ENSG00000184709,9,140063210,140064503,Tier 3A,,,TRUE,""
LRRC4,ENSG00000128594,7,127667124,127672160,Tier 3B,,,TRUE,""
LRRC4B,ENSG00000131409,19,51020149,51071302,Tier 3B,,,TRUE,""
LRRC4C,ENSG00000148948,11,40135753,41481323,Tier 3B,,,TRUE,""
LRRC55,ENSG00000183908,11,56949221,56959191,Tier 3B,,,TRUE,""
LRRK1,ENSG00000154237,15,101459420,101610317,Tier 3B,,,TRUE,""
LRRK2,ENSG00000188906,12,40590546,40763087,Tier 1,,,TRUE,""
LRRN1,ENSG00000175928,3,3841121,3889387,Tier 3B,,,TRUE,""
LRRN3,ENSG00000173114,7,110731062,110765510,Tier 3B,,,TRUE,""
LRRTM3,ENSG00000198739,10,68685764,68859588,Tier 3B,,,TRUE,""
LRTOMT,ENSG00000184154,11,71791382,71821828,Tier 3B,,,TRUE,""
LSS,ENSG00000160285,21,47608055,47648738,Tier 2,,,TRUE,""
LTA,ENSG00000226979,6,31539831,31542101,Tier 1,,,TRUE,""
LTA4H,ENSG00000111144,12,96394606,96437298,Tier 1,,,TRUE,""
LTB,ENSG00000227507,6,31548302,31550299,Tier 1,,,TRUE,""
LTB4R,ENSG00000213903,14,24780656,24787242,Tier 1,,,TRUE,""
LTB4R2,ENSG00000213906,14,24774940,24781259,Tier 2,,,TRUE,""
LTBP1,ENSG00000049323,2,33172039,33624576,Tier 3A,,,TRUE,""
LTBP2,ENSG00000119681,14,74964873,75079306,Tier 3A,,,TRUE,""
LTBP3,ENSG00000168056,11,65306276,65326401,Tier 3A,,,TRUE,""
LTBP4,ENSG00000090006,19,41098789,41135725,Tier 3B,,,TRUE,""
LTBR,ENSG00000111321,12,6484211,6500733,Tier 1,,,TRUE,""
LTF,ENSG00000012223,3,46477136,46526724,Tier 3A,,,TRUE,""
LTK,ENSG00000062524,15,41795836,41806085,Tier 1,,,TRUE,""
LUM,ENSG00000139329,12,91496406,91505608,Tier 3A,,,TRUE,""
LY6D,ENSG00000167656,8,143866296,143868008,Tier 3B,,,TRUE,""
LY6K,ENSG00000160886,8,143781529,143786545,Tier 3A,,,TRUE,""
LY75,ENSG00000054219,2,160628362,160761260,Tier 3B,,,TRUE,""
LY86,ENSG00000112799,6,6588341,6655216,Tier 3A,,,TRUE,""
LY9,ENSG00000122224,1,160765864,160798051,Tier 3A,,,TRUE,""
LY96,ENSG00000154589,8,74903587,74941322,Tier 3B,,,TRUE,""
LYG1,ENSG00000144214,2,99900701,99921205,Tier 3B,,,TRUE,""
LYG2,ENSG00000185674,2,99858709,99871745,Tier 3B,,,TRUE,""
LYN,ENSG00000254087,8,56792372,56923940,Tier 1,,,TRUE,""
LYPD5,ENSG00000159871,19,44300081,44331358,Tier 3B,,,TRUE,""
LYPD6,ENSG00000187123,2,150186499,150330662,Tier 3A,,,TRUE,""
LYZ,ENSG00000090382,12,69742121,69748014,Tier 3B,,,TRUE,""
LYZL1,ENSG00000120563,10,29577990,29607257,Tier 3B,,,TRUE,""
LYZL2,ENSG00000151033,10,30900718,30918691,Tier 3A,,,TRUE,""
LYZL4,ENSG00000157093,3,42438570,42452092,Tier 3A,,,TRUE,""
LYZL6,ENSG00000161572,17,34261522,34270703,Tier 3B,,,TRUE,""
M6PR,ENSG00000003056,12,9092959,9102551,Tier 3A,,,TRUE,""
MADCAM1,ENSG00000099866,19,489176,505347,Tier 1,,,TRUE,""
MAG,ENSG00000105695,19,35783028,35804707,Tier 1,,,TRUE,""
MAGEA3,ENSG00000221867,X,151934652,151938240,Tier 1,,,TRUE,""
MAK,ENSG00000111837,6,10762956,10838764,Tier 1,,,TRUE,""
MAMDC2,ENSG00000165072,9,72658497,72841886,Tier 3B,,,TRUE,""
MAN1B1,ENSG00000177239,9,139981379,140003635,Tier 2,,,TRUE,""
MAN2B1,ENSG00000104774,19,12757325,12777556,Tier 1,,,TRUE,""
MANBA,ENSG00000109323,4,103552660,103682151,Tier 2,,,TRUE,""
MANF,ENSG00000145050,3,51422478,51426828,Tier 3B,,,TRUE,""
MAOA,ENSG00000189221,X,43515467,43606068,Tier 1,,,TRUE,""
MAOB,ENSG00000069535,X,43625858,43741693,Tier 1,,,TRUE,""
MAP2K1,ENSG00000169032,15,66679155,66784650,Tier 1,,,TRUE,""
MAP2K2,ENSG00000126934,19,4090319,4124126,Tier 1,,,TRUE,""
MAP2K3,ENSG00000034152,17,21187984,21218552,Tier 1,,,TRUE,""
MAP2K4,ENSG00000065559,17,11924141,12047147,Tier 1,,,TRUE,""
MAP2K5,ENSG00000137764,15,67835047,68099461,Tier 1,,,TRUE,""
MAP2K6,ENSG00000108984,17,67410839,67539472,Tier 1,,,TRUE,""
MAP2K7,ENSG00000076984,19,7968728,7979363,Tier 1,,,TRUE,""
MAP3K1,ENSG00000095015,5,56111401,56191979,Tier 2,,,TRUE,""
MAP3K10,ENSG00000130758,19,40697651,40721482,Tier 1,,,TRUE,""
MAP3K11,ENSG00000173327,11,65365226,65382853,Tier 1,,,TRUE,""
MAP3K12,ENSG00000139625,12,53874274,53893847,Tier 1,,,TRUE,""
MAP3K13,ENSG00000073803,3,185000729,185206885,Tier 1,,,TRUE,""
MAP3K14,ENSG00000006062,17,43340488,43394414,Tier 2,,,TRUE,""
MAP3K15,ENSG00000180815,X,19378174,19533379,Tier 1,,,TRUE,""
MAP3K19,ENSG00000176601,2,135722061,135805038,Tier 1,,,TRUE,""
MAP3K2,ENSG00000169967,2,128056306,128146041,Tier 1,,,TRUE,""
MAP3K3,ENSG00000198909,17,61699775,61773663,Tier 1,,,TRUE,""
MAP3K4,ENSG00000085511,6,161412759,161538417,Tier 1,,,TRUE,""
MAP3K5,ENSG00000197442,6,136878185,137113656,Tier 1,,,TRUE,""
MAP3K6,ENSG00000142733,1,27681675,27693383,Tier 2,,,TRUE,""
MAP3K7,ENSG00000135341,6,91223292,91296764,Tier 1,,,TRUE,""
MAP3K8,ENSG00000107968,10,30722866,30750762,Tier 2,,,TRUE,""
MAP3K9,ENSG00000006432,14,71189243,71276251,Tier 1,,,TRUE,""
MAP4K1,ENSG00000104814,19,39078281,39109522,Tier 1,,,TRUE,""
MAP4K2,ENSG00000168067,11,64556290,64570713,Tier 1,,,TRUE,""
MAP4K3,ENSG00000011566,2,39476407,39664453,Tier 1,,,TRUE,""
MAP4K4,ENSG00000071054,2,102313312,102511149,Tier 1,,,TRUE,""
MAP4K5,ENSG00000012983,14,50885219,51027844,Tier 1,,,TRUE,""
MAPK1,ENSG00000100030,22,22108789,22221970,Tier 1,,,TRUE,""
MAPK10,ENSG00000109339,4,86936276,87515284,Tier 1,,,TRUE,""
MAPK11,ENSG00000185386,22,50702142,50709196,Tier 1,,,TRUE,""
MAPK12,ENSG00000188130,22,50683879,50700254,Tier 1,,,TRUE,""
MAPK13,ENSG00000156711,6,36095586,36107842,Tier 1,,,TRUE,""
MAPK14,ENSG00000112062,6,35995488,36079013,Tier 1,,,TRUE,""
MAPK15,ENSG00000181085,8,144798429,144804628,Tier 1,,,TRUE,""
MAPK3,ENSG00000102882,16,30125426,30134827,Tier 1,,,TRUE,""
MAPK4,ENSG00000141639,18,48086448,48258194,Tier 3B,,,TRUE,""
MAPK6,ENSG00000069956,15,52244303,52358462,Tier 2,,,TRUE,""
MAPK7,ENSG00000166484,17,19281034,19286857,Tier 2,,,TRUE,""
MAPK8,ENSG00000107643,10,49514698,49647403,Tier 1,,,TRUE,""
MAPK9,ENSG00000050748,5,179660143,179719099,Tier 1,,,TRUE,""
MAPKAPK2,ENSG00000162889,1,206858289,206907628,Tier 2,,,TRUE,""
MAPKAPK3,ENSG00000114738,3,50648951,50686720,Tier 2,,,TRUE,""
MAPKAPK5,ENSG00000089022,12,112279782,112334343,Tier 2,,,TRUE,""
MAPT,ENSG00000186868,17,43971748,44105700,Tier 1,,,TRUE,""
MARK1,ENSG00000116141,1,220701568,220837803,Tier 1,,,TRUE,""
MARK2,ENSG00000072518,11,63606400,63678491,Tier 1,,,TRUE,""
MARK3,ENSG00000075413,14,103851729,103970168,Tier 1,,,TRUE,""
MARK4,ENSG00000007047,19,45582546,45808541,Tier 1,,,TRUE,""
MARS,ENSG00000166986,12,57869228,57911352,Tier 2,,,TRUE,""
MAS1,ENSG00000130368,6,160327974,160329108,Tier 3B,,,TRUE,""
MAS1L,ENSG00000204687,6,29454474,29455738,Tier 3B,,,TRUE,""
MASP1,ENSG00000127241,3,186935942,187009810,Tier 3B,,,TRUE,""
MASP2,ENSG00000009724,1,11086580,11107290,Tier 3A,,,TRUE,""
MAST1,ENSG00000105613,19,12944765,12985765,Tier 1,,,TRUE,""
MAST2,ENSG00000086015,1,46252659,46501796,Tier 3B,,,TRUE,""
MAST3,ENSG00000099308,19,18208603,18262502,Tier 3A,,,TRUE,""
MAST4,ENSG00000069020,5,65892176,66465423,Tier 3B,,,TRUE,""
MASTL,ENSG00000120539,10,27443753,27475853,Tier 3B,,,TRUE,""
MAT1A,ENSG00000151224,10,82031576,82049440,Tier 1,,,TRUE,""
MATK,ENSG00000007264,19,3777971,3802127,Tier 1,,,TRUE,""
MATN1,ENSG00000162510,1,31184124,31196434,Tier 3B,,,TRUE,""
MATN2,ENSG00000132561,8,98881068,99048944,Tier 3A,,,TRUE,""
MATN3,ENSG00000132031,2,20191872,20212455,Tier 3A,,,TRUE,""
MATN4,ENSG00000124159,20,43922085,43937169,Tier 3A,,,TRUE,""
MBL2,ENSG00000165471,10,54525140,54531460,Tier 3A,,,TRUE,""
MBNL1,ENSG00000152601,3,151961617,152183569,Tier 1,,,TRUE,""
MBTPS1,ENSG00000140943,16,84087368,84150511,Tier 2,,,TRUE,""
MC1R,ENSG00000258839,16,89978527,89987385,Tier 1,,,TRUE,""
MC2R,ENSG00000185231,18,13882043,13915706,Tier 1,,,TRUE,""
MC3R,ENSG00000124089,20,54823788,54824871,Tier 1,,,TRUE,""
MC4R,ENSG00000166603,18,58038564,58040001,Tier 1,,,TRUE,""
MC5R,ENSG00000176136,18,13824154,13826861,Tier 1,,,TRUE,""
MCAM,ENSG00000076706,11,119179241,119192231,Tier 1,,,TRUE,""
MCHR1,ENSG00000128285,22,41074754,41078818,Tier 2,,,TRUE,""
MCHR2,ENSG00000152034,6,100367786,100442123,Tier 2,,,TRUE,""
MCL1,ENSG00000143384,1,150547032,150552066,Tier 2,,,TRUE,""
MCOLN1,ENSG00000090674,19,7587512,7598895,Tier 3B,,,TRUE,""
MCOLN2,ENSG00000153898,1,85391268,85462796,Tier 3B,,,TRUE,""
MCOLN3,ENSG00000055732,1,85483765,85514182,Tier 2,,,TRUE,""
MDK,ENSG00000110492,11,46402306,46405375,Tier 3A,,,TRUE,""
MDM2,ENSG00000135679,12,69201956,69239214,Tier 1,,,TRUE,""
ME1,ENSG00000065833,6,83920108,84140797,Tier 2,,,TRUE,""
MELK,ENSG00000165304,9,36572859,36677678,Tier 1,,,TRUE,""
MEP1A,ENSG00000112818,6,46761127,46807515,Tier 3B,,,TRUE,""
MEP1B,ENSG00000141434,18,29765032,29800367,Tier 3B,,,TRUE,""
MEPE,ENSG00000152595,4,88742563,88767969,Tier 3A,,,TRUE,""
MERTK,ENSG00000153208,2,112656056,112787138,Tier 1,,,TRUE,""
MET,ENSG00000105976,7,116312444,116438440,Tier 1,,,TRUE,""
METAP1,ENSG00000164024,4,99916771,99983964,Tier 1,,,TRUE,""
METAP2,ENSG00000111142,12,95867296,95909615,Tier 1,,,TRUE,""
METRN,ENSG00000103260,16,765115,769655,Tier 3A,,,TRUE,""
MFAP1,ENSG00000140259,15,44096690,44117000,Tier 3B,,,TRUE,""
MFAP2,ENSG00000117122,1,17300997,17307330,Tier 3A,,,TRUE,""
MFAP4,ENSG00000166482,17,19286755,19290553,Tier 3B,,,TRUE,""
MFAP5,ENSG00000197614,12,8789942,8815484,Tier 3B,,,TRUE,""
MFGE8,ENSG00000140545,15,89441916,89456642,Tier 3A,,,TRUE,""
MFI2,ENSG00000163975,3,196715492,196756687,Tier 3B,,,TRUE,""
MFNG,ENSG00000100060,22,37865101,37882439,Tier 3A,,,TRUE,""
MGAM,ENSG00000257335,7,141607613,141806547,Tier 1,,,TRUE,""
MGAT4A,ENSG00000071073,2,99235569,99347589,Tier 3A,,,TRUE,""
MGEA5,ENSG00000198408,10,103544200,103578696,Tier 2,,,TRUE,""
MGLL,ENSG00000074416,3,127407909,127542051,Tier 2,,,TRUE,""
MGMT,ENSG00000170430,10,131265448,131566271,Tier 1,,,TRUE,""
MGP,ENSG00000111341,12,15034115,15038860,Tier 3B,,,TRUE,""
MGST1,ENSG00000008394,12,16500076,16762193,Tier 1,,,TRUE,""
MGST2,ENSG00000085871,4,140586922,140661899,Tier 1,,,TRUE,""
MGST3,ENSG00000143198,1,165600098,165631033,Tier 1,,,TRUE,""
MIA,ENSG00000261857,19,41277553,41283395,Tier 3A,,,TRUE,""
MIF,ENSG00000240972,22,24236191,24237414,Tier 2,,,TRUE,""
MINK1,ENSG00000141503,17,4736683,4801356,Tier 1,,,TRUE,""
MINPP1,ENSG00000107789,10,89264632,89313217,Tier 3A,,,TRUE,""
MIP,ENSG00000135517,12,56843286,56862950,Tier 3A,,,TRUE,""
MITF,ENSG00000187098,3,69788586,70017488,Tier 2,,,TRUE,""
MKNK1,ENSG00000079277,1,47023090,47082515,Tier 1,,,TRUE,""
MKNK2,ENSG00000099875,19,2037470,2051243,Tier 1,,,TRUE,""
MLKL,ENSG00000168404,16,74705753,74734858,Tier 3B,,,TRUE,""
MLN,ENSG00000096395,6,33762450,33771788,Tier 3A,,,TRUE,""
MLNR,ENSG00000102539,13,49794474,49796513,Tier 1,,,TRUE,""
MLX,ENSG00000108788,17,40719086,40725257,Tier 2,,,TRUE,""
MLYCD,ENSG00000103150,16,83932731,83949787,Tier 2,,,TRUE,""
MME,ENSG00000196549,3,154741913,154901497,Tier 1,,,TRUE,""
MMEL1,ENSG00000142606,1,2522078,2564481,Tier 3A,,,TRUE,""
MMP1,ENSG00000196611,11,102660651,102668891,Tier 1,,,TRUE,""
MMP10,ENSG00000166670,11,102641234,102651359,Tier 2,,,TRUE,""
MMP11,ENSG00000099953,22,24110413,24126503,Tier 3B,,,TRUE,""
MMP13,ENSG00000137745,11,102813724,102826463,Tier 1,,,TRUE,""
MMP14,ENSG00000157227,14,23305766,23318236,Tier 1,,,TRUE,""
MMP15,ENSG00000102996,16,58059470,58080805,Tier 1,,,TRUE,""
MMP16,ENSG00000156103,8,89044237,89340254,Tier 1,,,TRUE,""
MMP17,ENSG00000198598,12,132312938,132336328,Tier 1,,,TRUE,""
MMP19,ENSG00000123342,12,56229217,56236750,Tier 3B,,,TRUE,""
MMP2,ENSG00000087245,16,55423612,55540603,Tier 1,,,TRUE,""
MMP20,ENSG00000137674,11,102447566,102496063,Tier 2,,,TRUE,""
MMP21,ENSG00000154485,10,127455022,127464390,Tier 3B,,,TRUE,""
MMP24,ENSG00000125966,20,33814457,33864801,Tier 3A,,,TRUE,""
MMP25,ENSG00000008516,16,3096682,3110727,Tier 2,,,TRUE,""
MMP26,ENSG00000167346,11,4726157,5013659,Tier 1,,,TRUE,""
MMP27,ENSG00000137675,11,102562218,102576537,Tier 2,,,TRUE,""
MMP28,ENSG00000129270,17,34083268,34122711,Tier 3B,,,TRUE,""
MMP3,ENSG00000149968,11,102706532,102714534,Tier 1,,,TRUE,""
MMP7,ENSG00000137673,11,102391239,102401484,Tier 1,,,TRUE,""
MMP8,ENSG00000118113,11,102582526,102597781,Tier 1,,,TRUE,""
MMP9,ENSG00000100985,20,44637547,44645200,Tier 1,,,TRUE,""
MMRN1,ENSG00000138722,4,90800683,90875780,Tier 3A,,,TRUE,""
MMRN2,ENSG00000173269,10,88695297,88729238,Tier 3B,,,TRUE,""
MOK,ENSG00000080823,14,102690837,102771537,Tier 3B,,,TRUE,""
MOS,ENSG00000172680,8,57025501,57026541,Tier 3B,,,TRUE,""
MPI,ENSG00000178802,15,75182346,75191798,Tier 2,,,TRUE,""
MPL,ENSG00000117400,1,43803478,43818443,Tier 1,,,TRUE,""
MPO,ENSG00000005381,17,56347217,56358296,Tier 1,,,TRUE,""
MPZ,ENSG00000158887,1,161274525,161279762,Tier 3A,,,TRUE,""
MPZL3,ENSG00000160588,11,118097409,118123065,Tier 3A,,,TRUE,""
MR1,ENSG00000153029,1,181003067,181031074,Tier 3A,,,TRUE,""
MRC1,ENSG00000120586,10,18098352,18200091,Tier 3B,,,TRUE,""
MRC2,ENSG00000011028,17,60704762,60770958,Tier 3A,,,TRUE,""
MRGPRD,ENSG00000172938,11,68747490,68748455,Tier 3B,,,TRUE,""
MRGPRE,ENSG00000184350,11,3248928,3253616,Tier 3B,,,TRUE,""
MRGPRF,ENSG00000172935,11,68771863,68780877,Tier 3B,,,TRUE,""
MRGPRG,ENSG00000182170,11,3239174,3240043,Tier 3B,,,TRUE,""
MRGPRX1,ENSG00000170255,11,18955360,18961054,Tier 2,,,TRUE,""
MRGPRX2,ENSG00000183695,11,19076002,19082228,Tier 3B,,,TRUE,""
MRGPRX3,ENSG00000179826,11,18142502,18160027,Tier 3B,,,TRUE,""
MRGPRX4,ENSG00000179817,11,18194384,18195827,Tier 3B,,,TRUE,""
MS4A1,ENSG00000156738,11,60223225,60238233,Tier 1,,,TRUE,""
MSLN,ENSG00000102854,16,810762,818865,Tier 1,,,TRUE,""
MSMB,ENSG00000138294,10,51549498,51562517,Tier 3A,,,TRUE,""
MSMP,ENSG00000215183,9,35752987,35756610,Tier 3B,,,TRUE,""
MSR1,ENSG00000038945,8,15965387,16424999,Tier 3B,,,TRUE,""
MST1,ENSG00000173531,3,49721380,49726934,Tier 3A,,,TRUE,""
MST1R,ENSG00000164078,3,49924435,49941299,Tier 1,,,TRUE,""
MSTN,ENSG00000138379,2,190920423,190927455,Tier 1,,,TRUE,""
MTAP,ENSG00000099810,9,21802542,21931646,Tier 2,,,TRUE,""
MTNR1A,ENSG00000168412,4,187454809,187476721,Tier 1,,,TRUE,""
MTNR1B,ENSG00000134640,11,92702886,92718232,Tier 1,,,TRUE,""
MTOR,ENSG00000198793,1,11166592,11322564,Tier 1,,,TRUE,""
MTRNR2L1,ENSG00000256618,17,22022437,22023991,Tier 3B,,,TRUE,""
MTRNR2L10,ENSG00000256045,X,55207824,55208944,Tier 3B,,,TRUE,""
MTRNR2L3,ENSG00000256222,20,55933496,55934878,Tier 3B,,,TRUE,""
MTRNR2L4,ENSG00000232196,16,3421053,3422283,Tier 3B,,,TRUE,""
MTRNR2L5,ENSG00000249860,10,57358750,57360488,Tier 3B,,,TRUE,""
MTRNR2L7,ENSG00000256892,10,37890366,37891859,Tier 3B,,,TRUE,""
MTRNR2L8,ENSG00000255823,11,10529434,10530723,Tier 3B,,,TRUE,""
MTTP,ENSG00000138823,4,100484918,100545156,Tier 1,,,TRUE,""
MUC1,ENSG00000185499,1,155158300,155162707,Tier 1,,,TRUE,""
MUC13,ENSG00000173702,3,124624289,124672663,Tier 3B,,,TRUE,""
MUC15,ENSG00000169550,11,26580580,26593780,Tier 3A,,,TRUE,""
MUC16,ENSG00000181143,19,8959520,9092018,Tier 1,,,TRUE,""
MUC17,ENSG00000169876,7,100663353,100702020,Tier 3B,,,TRUE,""
MUC2,ENSG00000198788,11,1074875,1104419,Tier 3B,,,TRUE,""
MUC3A,ENSG00000169894,7,100547187,100611118,Tier 3A,,,TRUE,""
MUC4,ENSG00000145113,3,195473636,195539148,Tier 3B,,,TRUE,""
MUC5AC,ENSG00000215182,11,1151580,1222364,Tier 1,,,TRUE,""
MUC5B,ENSG00000117983,11,1244296,1283406,Tier 3B,,,TRUE,""
MUC6,ENSG00000184956,11,1012821,1036706,Tier 3B,,,TRUE,""
MUC7,ENSG00000171195,4,71296209,71348714,Tier 3A,,,TRUE,""
MUCL1,ENSG00000172551,12,55224303,55252177,Tier 3B,,,TRUE,""
MUSK,ENSG00000030304,9,113431051,113563859,Tier 1,,,TRUE,""
MVD,ENSG00000167508,16,88718343,88729569,Tier 2,,,TRUE,""
MYH6,ENSG00000197616,14,23851199,23877486,Tier 1,,,TRUE,""
MYH7,ENSG00000092054,14,23881947,23904927,Tier 1,,,TRUE,""
MYLK,ENSG00000065534,3,123328896,123603178,Tier 1,,,TRUE,""
MYLK2,ENSG00000101306,20,30407111,30422492,Tier 1,,,TRUE,""
MYLK3,ENSG00000140795,16,46740891,46824319,Tier 1,,,TRUE,""
MYLK4,ENSG00000145949,6,2663863,2751200,Tier 1,,,TRUE,""
MYO3A,ENSG00000095777,10,26223196,26501456,Tier 2,,,TRUE,""
MYO3B,ENSG00000071909,2,171034655,171511681,Tier 2,,,TRUE,""
MYOC,ENSG00000034971,1,171604557,171621823,Tier 3B,,,TRUE,""
MYT1,ENSG00000196132,20,62783144,62873604,Tier 1,,,TRUE,""
NAAA,ENSG00000138744,4,76831809,76862204,Tier 2,,,TRUE,""
NAALAD2,ENSG00000077616,11,89864683,89926062,Tier 2,,,TRUE,""
NAE1,ENSG00000159593,16,66836778,66907159,Tier 2,,,TRUE,""
NAGA,ENSG00000198951,22,42454358,42466846,Tier 3B,,,TRUE,""
NAGLU,ENSG00000108784,17,40688190,40696467,Tier 3B,,,TRUE,""
NAMPT,ENSG00000105835,7,105888731,105926772,Tier 2,,,TRUE,""
NAPSA,ENSG00000131400,19,50861734,50869087,Tier 3A,,,TRUE,""
NAT1,ENSG00000171428,8,18027986,18081198,Tier 1,,,TRUE,""
NAT2,ENSG00000156006,8,18248755,18258728,Tier 1,,,TRUE,""
NBL1,ENSG00000158747,1,19967048,19984945,Tier 3B,,,TRUE,""
NCAM1,ENSG00000149294,11,112831997,113149158,Tier 1,,,TRUE,""
NCAN,ENSG00000130287,19,19322782,19363042,Tier 3A,,,TRUE,""
NCEH1,ENSG00000144959,3,172348039,172429008,Tier 2,,,TRUE,""
NCOA3,ENSG00000124151,20,46130601,46285621,Tier 2,,,TRUE,""
NCOR2,ENSG00000196498,12,124808961,125052135,Tier 1,,,TRUE,""
NCR1,ENSG00000189430,19,55417508,55427508,Tier 3A,,,TRUE,""
NCR2,ENSG00000096264,6,41303393,41318625,Tier 3A,,,TRUE,""
NCR3,ENSG00000204475,6,31556672,31560762,Tier 3A,,,TRUE,""
NCSTN,ENSG00000162736,1,160313062,160328742,Tier 1,,,TRUE,""
NDFIP1,ENSG00000131507,5,141488070,141534005,Tier 3A,,,TRUE,""
NDNF,ENSG00000173376,4,121956768,121994176,Tier 3B,,,TRUE,""
NDP,ENSG00000124479,X,43808022,43832750,Tier 3B,,,TRUE,""
NDUFA4,ENSG00000189043,7,10971578,10979883,Tier 2,,,TRUE,""
NEGR1,ENSG00000172260,1,71861623,72748417,Tier 3A,,,TRUE,""
NEK1,ENSG00000137601,4,170314426,170533780,Tier 2,,,TRUE,""
NEK10,ENSG00000163491,3,27151576,27410951,Tier 3B,,,TRUE,""
NEK11,ENSG00000114670,3,130745694,131069309,Tier 2,,,TRUE,""
NEK2,ENSG00000117650,1,211836114,211848960,Tier 1,,,TRUE,""
NEK3,ENSG00000136098,13,52706775,52733996,Tier 2,,,TRUE,""
NEK4,ENSG00000114904,3,52744800,52804965,Tier 2,,,TRUE,""
NEK5,ENSG00000197168,13,52611093,52703214,Tier 2,,,TRUE,""
NEK6,ENSG00000119408,9,127019885,127115586,Tier 2,,,TRUE,""
NEK7,ENSG00000151414,1,198126093,198291550,Tier 2,,,TRUE,""
NEK8,ENSG00000160602,17,27052915,27070473,Tier 3B,,,TRUE,""
NEK9,ENSG00000119638,14,75548822,75594047,Tier 2,,,TRUE,""
NELL1,ENSG00000165973,11,20691117,21597227,Tier 3A,,,TRUE,""
NELL2,ENSG00000184613,12,44902058,45315631,Tier 3B,,,TRUE,""
NENF,ENSG00000117691,1,212606229,212619714,Tier 3B,,,TRUE,""
NETO2,ENSG00000171208,16,47111614,47177908,Tier 3B,,,TRUE,""
NEU1,ENSG00000204386,6,31825436,31830683,Tier 3A,,,TRUE,""
NFKB1,ENSG00000109320,4,103422486,103538459,Tier 1,,,TRUE,""
NFKBIA,ENSG00000100906,14,35870717,35873955,Tier 2,,,TRUE,""
NGF,ENSG00000134259,1,115828539,115880857,Tier 1,,,TRUE,""
NGFR,ENSG00000064300,17,47572655,47592379,Tier 1,,,TRUE,""
NID1,ENSG00000116962,1,236139130,236228462,Tier 3A,,,TRUE,""
NID2,ENSG00000087303,14,52471521,52535712,Tier 3A,,,TRUE,""
NIM1K,ENSG00000177453,5,43192173,43280952,Tier 2,,,TRUE,""
NISCH,ENSG00000010322,3,52489134,52527087,Tier 1,,,TRUE,""
NKTR,ENSG00000114857,3,42642106,42690227,Tier 2,,,TRUE,""
NLGN1,ENSG00000169760,3,173114074,174004434,Tier 3B,,,TRUE,""
NLGN2,ENSG00000169992,17,7308193,7323179,Tier 3B,,,TRUE,""
NLGN3,ENSG00000196338,X,70364681,70391051,Tier 3B,,,TRUE,""
NLGN4X,ENSG00000146938,X,5758678,6146904,Tier 3B,,,TRUE,""
NLGN4Y,ENSG00000165246,Y,16634518,16957530,Tier 3B,,,TRUE,""
NLK,ENSG00000087095,17,26368763,26523407,Tier 2,,,TRUE,""
NLRP3,ENSG00000162711,1,247579458,247612410,Tier 2,,,TRUE,""
NMB,ENSG00000197696,15,85198360,85201794,Tier 3B,,,TRUE,""
NMBR,ENSG00000135577,6,142379467,142409936,Tier 2,,,TRUE,""
NMS,ENSG00000204640,2,101086944,101099742,Tier 3B,,,TRUE,""
NMT1,ENSG00000136448,17,43128978,43186384,Tier 2,,,TRUE,""
NMU,ENSG00000109255,4,56461396,56502865,Tier 3A,,,TRUE,""
NMUR1,ENSG00000171596,2,232387871,232395206,Tier 3B,,,TRUE,""
NMUR2,ENSG00000132911,5,151771093,151812929,Tier 3B,,,TRUE,""
NNMT,ENSG00000166741,11,114128509,114184007,Tier 1,,,TRUE,""
NOD1,ENSG00000106100,7,30464143,30518400,Tier 2,,,TRUE,""
NOD2,ENSG00000167207,16,50727514,50766988,Tier 2,,,TRUE,""
NODAL,ENSG00000156574,10,72192071,72207707,Tier 3B,,,TRUE,""
NOG,ENSG00000183691,17,54671060,54672951,Tier 3A,,,TRUE,""
NOS1,ENSG00000089250,12,117645947,117889975,Tier 1,,,TRUE,""
NOS2,ENSG00000007171,17,26083792,26127525,Tier 1,,,TRUE,""
NOS3,ENSG00000164867,7,150688083,150711676,Tier 1,,,TRUE,""
NOTCH1,ENSG00000148400,9,139388896,139440314,Tier 1,,,TRUE,""
NOTCH2,ENSG00000134250,1,120454176,120612240,Tier 3A,,,TRUE,""
NOTCH2NL,ENSG00000213240,1,145209119,145291972,Tier 3B,,,TRUE,""
NOTCH3,ENSG00000074181,19,15270444,15311792,Tier 3B,,,TRUE,""
NOTCH4,ENSG00000204301,6,32162620,32191844,Tier 3A,,,TRUE,""
NOTUM,ENSG00000185269,17,79910388,79919716,Tier 3B,,,TRUE,""
NOV,ENSG00000136999,8,120428546,120436593,Tier 3A,,,TRUE,""
NOX1,ENSG00000007952,X,100098313,100129334,Tier 2,,,TRUE,""
NOX4,ENSG00000086991,11,89057524,89322779,Tier 2,,,TRUE,""
NOX5,ENSG00000255346,15,69222864,69355083,Tier 2,,,TRUE,""
NPB,ENSG00000183979,17,79858621,79860781,Tier 3B,,,TRUE,""
NPBWR1,ENSG00000183729,8,53850991,53853677,Tier 2,,,TRUE,""
NPBWR2,ENSG00000125522,20,62737173,62738524,Tier 3B,,,TRUE,""
NPC1,ENSG00000141458,18,21086148,21166862,Tier 1,,,TRUE,""
NPC1L1,ENSG00000015520,7,44552134,44580914,Tier 1,,,TRUE,""
NPFF,ENSG00000139574,12,53900474,53901422,Tier 3A,,,TRUE,""
NPFFR1,ENSG00000148734,10,72007085,72043432,Tier 2,,,TRUE,""
NPFFR2,ENSG00000056291,4,72897521,73013784,Tier 2,,,TRUE,""
NPM1,ENSG00000181163,5,170814120,170838141,Tier 2,,,TRUE,""
NPNT,ENSG00000168743,4,106815932,106925184,Tier 3A,,,TRUE,""
NPPA,ENSG00000175206,1,11905766,11908402,Tier 1,,,TRUE,""
NPPB,ENSG00000120937,1,11917521,11918988,Tier 3A,,,TRUE,""
NPPC,ENSG00000163273,2,232786530,232791113,Tier 3A,,,TRUE,""
NPR1,ENSG00000169418,1,153651113,153666468,Tier 1,,,TRUE,""
NPR2,ENSG00000159899,9,35792151,35809729,Tier 3B,,,TRUE,""
NPS,ENSG00000214285,10,129347613,129350935,Tier 3B,,,TRUE,""
NPSR1,ENSG00000187258,7,34697851,34917944,Tier 1,,,TRUE,""
NPTN,ENSG00000156642,15,73852355,73926475,Tier 3B,,,TRUE,""
NPTX2,ENSG00000106236,7,98246609,98259180,Tier 3B,,,TRUE,""
NPVF,ENSG00000105954,7,25264189,25268105,Tier 3B,,,TRUE,""
NPW,ENSG00000183971,16,2059927,2070756,Tier 3A,,,TRUE,""
NPY,ENSG00000122585,7,24323782,24331484,Tier 3B,,,TRUE,""
NPY1R,ENSG00000164128,4,164245113,164265984,Tier 2,,,TRUE,""
NPY2R,ENSG00000185149,4,156129781,156138230,Tier 2,,,TRUE,""
NPY4R,ENSG00000204174,10,47083534,47088320,Tier 3B,,,TRUE,""
NPY5R,ENSG00000164129,4,164265091,164273086,Tier 1,,,TRUE,""
NQO1,ENSG00000181019,16,69740899,69760854,Tier 1,,,TRUE,""
NQO2,ENSG00000124588,6,2988221,3019996,Tier 1,,,TRUE,""
NR0B1,ENSG00000169297,X,30322323,30327715,Tier 3B,,,TRUE,""
NR0B2,ENSG00000131910,1,27237980,27240457,Tier 3B,,,TRUE,""
NR1D1,ENSG00000126368,17,38249040,38256978,Tier 2,,,TRUE,""
NR1D2,ENSG00000174738,3,23986751,24022109,Tier 2,,,TRUE,""
NR1H2,ENSG00000131408,19,50832910,50886239,Tier 2,,,TRUE,""
NR1H3,ENSG00000025434,11,47269851,47290396,Tier 2,,,TRUE,""
NR1H4,ENSG00000012504,12,100867486,100958191,Tier 1,,,TRUE,""
NR1I2,ENSG00000144852,3,119499331,119537332,Tier 1,,,TRUE,""
NR1I3,ENSG00000143257,1,161199456,161208092,Tier 1,,,TRUE,""
NR2C1,ENSG00000120798,12,95414005,95467479,Tier 3B,,,TRUE,""
NR2C2,ENSG00000177463,3,14989091,15095107,Tier 2,,,TRUE,""
NR2E1,ENSG00000112333,6,108487262,108510013,Tier 3B,,,TRUE,""
NR2E3,ENSG00000031544,15,72084977,72110600,Tier 2,,,TRUE,""
NR2F1,ENSG00000175745,5,92919043,92930321,Tier 3B,,,TRUE,""
NR2F2,ENSG00000185551,15,96869167,96883492,Tier 3B,,,TRUE,""
NR2F6,ENSG00000160113,19,17342692,17356749,Tier 3A,,,TRUE,""
NR3C1,ENSG00000113580,5,142657496,142815077,Tier 1,,,TRUE,""
NR3C2,ENSG00000151623,4,148999913,149365850,Tier 1,,,TRUE,""
NR4A1,ENSG00000123358,12,52416616,52453291,Tier 2,,,TRUE,""
NR4A2,ENSG00000153234,2,157180944,157198860,Tier 2,,,TRUE,""
NR4A3,ENSG00000119508,9,102584137,102629173,Tier 3B,,,TRUE,""
NR5A1,ENSG00000136931,9,127243516,127269709,Tier 2,,,TRUE,""
NR5A2,ENSG00000116833,1,199996730,200146552,Tier 3A,,,TRUE,""
NR6A1,ENSG00000148200,9,127279554,127533589,Tier 3B,,,TRUE,""
NRBP1,ENSG00000115216,2,27650657,27665126,Tier 3B,,,TRUE,""
NRG1,ENSG00000157168,8,31496902,32622548,Tier 3A,,,TRUE,""
NRG2,ENSG00000158458,5,139226364,139422884,Tier 3B,,,TRUE,""
NRG3,ENSG00000185737,10,83635070,84746935,Tier 3A,,,TRUE,""
NRG4,ENSG00000169752,15,76228310,76352136,Tier 3A,,,TRUE,""
NRK,ENSG00000123572,X,105066536,105202602,Tier 3B,,,TRUE,""
NRP1,ENSG00000099250,10,33466420,33625190,Tier 1,,,TRUE,""
NRTN,ENSG00000171119,19,5823813,5828335,Tier 3A,,,TRUE,""
NRXN1,ENSG00000179915,2,50145643,51259674,Tier 3A,,,TRUE,""
NRXN2,ENSG00000110076,11,64373646,64490660,Tier 3A,,,TRUE,""
NRXN3,ENSG00000021645,14,78708734,80330762,Tier 3A,,,TRUE,""
NSDHL,ENSG00000147383,X,151999511,152038273,Tier 3B,,,TRUE,""
NT5E,ENSG00000135318,6,86159809,86205500,Tier 1,,,TRUE,""
NTF3,ENSG00000185652,12,5541278,5630702,Tier 3B,,,TRUE,""
NTM,ENSG00000182667,11,131240373,132206716,Tier 3A,,,TRUE,""
NTN1,ENSG00000065320,17,8924859,9147317,Tier 3A,,,TRUE,""
NTN3,ENSG00000162068,16,2521500,2524146,Tier 3B,,,TRUE,""
NTN4,ENSG00000074527,12,96051583,96184930,Tier 3A,,,TRUE,""
NTNG1,ENSG00000162631,1,107682629,108026080,Tier 3A,,,TRUE,""
NTRK1,ENSG00000198400,1,156785432,156851642,Tier 1,,,TRUE,""
NTRK2,ENSG00000148053,9,87283466,87638505,Tier 1,,,TRUE,""
NTRK3,ENSG00000140538,15,88418230,88799999,Tier 1,,,TRUE,""
NTS,ENSG00000133636,12,86268073,86276770,Tier 3B,,,TRUE,""
NTSR1,ENSG00000101188,20,61340189,61394123,Tier 1,,,TRUE,""
NTSR2,ENSG00000169006,2,11798304,11810290,Tier 3A,,,TRUE,""
NUAK1,ENSG00000074590,12,106457118,106533811,Tier 1,,,TRUE,""
NUAK2,ENSG00000163545,1,205271187,205290883,Tier 1,,,TRUE,""
NUCB1,ENSG00000104805,19,49403307,49426629,Tier 3B,,,TRUE,""
NUCB2,ENSG00000070081,11,17229700,17371521,Tier 3A,,,TRUE,""
NUP210,ENSG00000132182,3,13357737,13461809,Tier 3B,,,TRUE,""
NUP62,ENSG00000213024,19,50410082,50433020,Tier 3B,,,TRUE,""
NXPE1,ENSG00000095110,11,114392437,114430617,Tier 3A,,,TRUE,""
NXPH3,ENSG00000182575,17,47653220,47661189,Tier 3B,,,TRUE,""
NYX,ENSG00000188937,X,41306687,41334963,Tier 3B,,,TRUE,""
OAS1,ENSG00000089127,12,113344582,113369990,Tier 3A,,,TRUE,""
OBP2A,ENSG00000122136,9,138437985,138441815,Tier 3B,,,TRUE,""
OBP2B,ENSG00000171102,9,136080664,136084630,Tier 3A,,,TRUE,""
OBSCN,ENSG00000154358,1,228395831,228566577,Tier 3B,,,TRUE,""
OC90,ENSG00000253117,8,133036467,133071627,Tier 3A,,,TRUE,""
OCLN,ENSG00000197822,5,68788119,68853931,Tier 3B,,,TRUE,""
ODAM,ENSG00000109205,4,71062213,71070293,Tier 3B,,,TRUE,""
ODC1,ENSG00000115758,2,10580094,10588630,Tier 1,,,TRUE,""
OGN,ENSG00000106809,9,95146249,95166978,Tier 3B,,,TRUE,""
OLFM2,ENSG00000105088,19,9964394,10047228,Tier 3A,,,TRUE,""
OLFM3,ENSG00000118733,1,102268130,102462586,Tier 3B,,,TRUE,""
OLFM4,ENSG00000102837,13,53602894,53626192,Tier 3B,,,TRUE,""
OLFML1,ENSG00000183801,11,7506619,7532608,Tier 3B,,,TRUE,""
OLFML2A,ENSG00000185585,9,127539437,127577164,Tier 3B,,,TRUE,""
OLFML2B,ENSG00000162745,1,161952982,161993644,Tier 3A,,,TRUE,""
OLFML3,ENSG00000116774,1,114522063,114524876,Tier 3B,,,TRUE,""
OLR1,ENSG00000173391,12,10310902,10324737,Tier 3B,,,TRUE,""
OMD,ENSG00000127083,9,95176527,95186743,Tier 3B,,,TRUE,""
OMG,ENSG00000126861,17,29599031,29624557,Tier 3B,,,TRUE,""
OPCML,ENSG00000183715,11,132284871,133402414,Tier 3A,,,TRUE,""
OPN1LW,ENSG00000102076,X,153409698,153424507,Tier 3B,,,TRUE,""
OPN1MW,ENSG00000147380,X,153448107,153461633,Tier 3B,,,TRUE,""
OPN1MW2,ENSG00000166160,X,153485225,153498755,Tier 3B,,,TRUE,""
OPN1SW,ENSG00000128617,7,128412545,128415844,Tier 3B,,,TRUE,""
OPN3,ENSG00000054277,1,241753404,241840678,Tier 3B,,,TRUE,""
OPN4,ENSG00000122375,10,88414314,88426605,Tier 3B,,,TRUE,""
OPN5,ENSG00000124818,6,47749718,47800516,Tier 3B,,,TRUE,""
OPRD1,ENSG00000116329,1,29138654,29190208,Tier 1,,,TRUE,""
OPRK1,ENSG00000082556,8,54138284,54164257,Tier 1,,,TRUE,""
OPRL1,ENSG00000125510,20,62711526,62731996,Tier 1,,,TRUE,""
OPRM1,ENSG00000112038,6,154331631,154568001,Tier 1,,,TRUE,""
OPTC,ENSG00000188770,1,203463271,203477992,Tier 3A,,,TRUE,""
OR10A5,ENSG00000166363,11,6866883,6867936,Tier 3B,,,TRUE,""
OR10K2,ENSG00000180708,1,158389718,158390656,Tier 3B,,,TRUE,""
OR10P1,ENSG00000175398,12,56030644,56031638,Tier 3B,,,TRUE,""
OR11A1,ENSG00000204694,6,29393281,29424848,Tier 3B,,,TRUE,""
OR13J1,ENSG00000168828,9,35869375,35870461,Tier 3B,,,TRUE,""
OR14J1,ENSG00000204695,6,29274403,29275519,Tier 3B,,,TRUE,""
OR1A1,ENSG00000172146,17,3118915,3119844,Tier 3B,,,TRUE,""
OR1C1,ENSG00000221888,1,247920676,247921982,Tier 3B,,,TRUE,""
OR1D2,ENSG00000184166,17,2995352,2996290,Tier 3B,,,TRUE,""
OR1J1,ENSG00000136834,9,125239220,125240235,Tier 3B,,,TRUE,""
OR1J2,ENSG00000197233,9,125273081,125274022,Tier 3B,,,TRUE,""
OR1L8,ENSG00000171496,9,125329778,125330838,Tier 3B,,,TRUE,""
OR1M1,ENSG00000170929,19,9203855,9204889,Tier 3B,,,TRUE,""
OR2B11,ENSG00000177535,1,247614255,247615308,Tier 3B,,,TRUE,""
OR2H1,ENSG00000204688,6,29424958,29432105,Tier 3B,,,TRUE,""
OR2H2,ENSG00000204657,6,29555683,29556745,Tier 3B,,,TRUE,""
OR2T10,ENSG00000184022,1,248756052,248757100,Tier 3B,,,TRUE,""
OR2T29,ENSG00000182783,1,248721784,248722797,Tier 3B,,,TRUE,""
OR2T3,ENSG00000196539,1,248636627,248637634,Tier 3B,,,TRUE,""
OR2T34,ENSG00000183310,1,248737022,248738080,Tier 3B,,,TRUE,""
OR2T5,ENSG00000203661,1,248651885,248652898,Tier 3B,,,TRUE,""
OR2V2,ENSG00000182613,5,180581943,180582890,Tier 3B,,,TRUE,""
OR4A16,ENSG00000181961,11,55110627,55111707,Tier 3B,,,TRUE,""
OR4C16,ENSG00000181935,11,55339604,55340536,Tier 3B,,,TRUE,""
OR4D1,ENSG00000141194,17,56232494,56233517,Tier 3B,,,TRUE,""
OR4D9,ENSG00000172742,11,59282386,59283330,Tier 3B,,,TRUE,""
OR4F17,ENSG00000176695,19,107471,111696,Tier 3B,,,TRUE,""
OR4F4,ENSG00000177693,15,102462245,102463298,Tier 3B,,,TRUE,""
OR4F5,ENSG00000186092,1,69091,70008,Tier 3B,,,TRUE,""
OR4K15,ENSG00000169488,14,20443603,20444818,Tier 3B,,,TRUE,""
OR4K17,ENSG00000176230,14,20585566,20586597,Tier 3B,,,TRUE,""
OR4K5,ENSG00000176281,14,20388741,20389818,Tier 3B,,,TRUE,""
OR51C1P,ENSG00000197674,11,4711988,4713394,Tier 3B,,,TRUE,""
OR51E1,ENSG00000180785,11,4664650,4676718,Tier 3B,,,TRUE,""
OR51E2,ENSG00000167332,11,4701401,4719084,Tier 3B,,,TRUE,""
OR52B2,ENSG00000255307,11,6190560,6191638,Tier 3B,,,TRUE,""
OR52M1,ENSG00000197790,11,4566421,4567374,Tier 3B,,,TRUE,""
OR5AS1,ENSG00000181785,11,55797895,55798869,Tier 3B,,,TRUE,""
OR7G1,ENSG00000161807,19,9225274,9226439,Tier 3B,,,TRUE,""
OR7G2,ENSG00000170923,19,9212945,9213982,Tier 3B,,,TRUE,""
OR8B12,ENSG00000170953,11,124412578,124413575,Tier 3B,,,TRUE,""
OR8H3,ENSG00000181761,11,55889849,55890787,Tier 3B,,,TRUE,""
ORM1,ENSG00000229314,9,117085336,117088755,Tier 3A,,,TRUE,""
ORM2,ENSG00000228278,9,117092149,117095532,Tier 3A,,,TRUE,""
OSM,ENSG00000099985,22,30658818,30662829,Tier 3B,,,TRUE,""
OSTN,ENSG00000188729,3,190917030,190983404,Tier 3A,,,TRUE,""
OTC,ENSG00000036473,X,38211798,38280703,Tier 2,,,TRUE,""
OTOA,ENSG00000155719,16,21689835,21772050,Tier 3B,,,TRUE,""
OTOG,ENSG00000188162,11,17568920,17668697,Tier 3B,,,TRUE,""
OTOL1,ENSG00000182447,3,161214596,161221730,Tier 3B,,,TRUE,""
OTOP1,ENSG00000163982,4,4190530,4228616,Tier 3B,,,TRUE,""
OTOR,ENSG00000125879,20,16729003,16750707,Tier 3B,,,TRUE,""
OTOS,ENSG00000178602,2,241078446,241083979,Tier 3B,,,TRUE,""
OVCH1,ENSG00000187950,12,29565407,29650619,Tier 3B,,,TRUE,""
OVCH2,ENSG00000183378,11,7710669,7727968,Tier 3A,,,TRUE,""
OVGP1,ENSG00000085465,1,111956936,111970399,Tier 3B,,,TRUE,""
OXER1,ENSG00000162881,2,42989642,42991401,Tier 2,,,TRUE,""
OXGR1,ENSG00000165621,13,97637973,97646984,Tier 3B,,,TRUE,""
OXSR1,ENSG00000172939,3,38206580,38296979,Tier 2,,,TRUE,""
OXT,ENSG00000101405,20,3052266,3053163,Tier 3B,,,TRUE,""
OXTR,ENSG00000180914,3,8792094,8811314,Tier 1,,,TRUE,""
P2RX1,ENSG00000108405,17,3799886,3819794,Tier 1,,,TRUE,""
P2RX2,ENSG00000187848,12,133195366,133198972,Tier 2,,,TRUE,""
P2RX3,ENSG00000109991,11,57105848,57138073,Tier 2,,,TRUE,""
P2RX4,ENSG00000135124,12,121647660,121671909,Tier 2,,,TRUE,""
P2RX5,ENSG00000083454,17,3575493,3599698,Tier 3B,,,TRUE,""
P2RX6,ENSG00000099957,22,21364097,21383119,Tier 3B,,,TRUE,""
P2RX7,ENSG00000089041,12,121570622,121623876,Tier 2,,,TRUE,""
P2RY1,ENSG00000169860,3,152552736,152555841,Tier 2,,,TRUE,""
P2RY10,ENSG00000078589,X,78200829,78217451,Tier 3B,,,TRUE,""
P2RY12,ENSG00000169313,3,151055168,151102600,Tier 1,,,TRUE,""
P2RY13,ENSG00000181631,3,151044100,151047336,Tier 3B,,,TRUE,""
P2RY14,ENSG00000174944,3,150929905,150996255,Tier 3B,,,TRUE,""
P2RY2,ENSG00000175591,11,72929343,72947397,Tier 1,,,TRUE,""
P2RY4,ENSG00000186912,X,69478016,69479654,Tier 3B,,,TRUE,""
P2RY6,ENSG00000171631,11,72975550,73009662,Tier 2,,,TRUE,""
P2RY8,ENSG00000182162,X,1581465,1656000,Tier 3B,,,TRUE,""
P4HA1,ENSG00000122884,10,74766975,74856732,Tier 3B,,,TRUE,""
P4HB,ENSG00000185624,17,79801035,79818570,Tier 2,,,TRUE,""
P4HTM,ENSG00000178467,3,49027319,49044587,Tier 1,,,TRUE,""
PADI1,ENSG00000142623,1,17531621,17572500,Tier 2,,,TRUE,""
PADI3,ENSG00000142619,1,17575593,17610728,Tier 2,,,TRUE,""
PAEP,ENSG00000122133,9,138453602,138458801,Tier 3B,,,TRUE,""
PAH,ENSG00000171759,12,103230663,103352188,Tier 1,,,TRUE,""
PAK1,ENSG00000149269,11,77032752,77185680,Tier 1,,,TRUE,""
PAK2,ENSG00000180370,3,196466728,196559518,Tier 1,,,TRUE,""
PAK3,ENSG00000077264,X,110187513,110470589,Tier 1,,,TRUE,""
PAK4,ENSG00000130669,19,39616410,39673456,Tier 1,,,TRUE,""
PAK6,ENSG00000137843,15,40509629,40569688,Tier 1,,,TRUE,""
PAK7,ENSG00000101349,20,9518036,9819689,Tier 1,,,TRUE,""
PAM,ENSG00000145730,5,102089685,102366809,Tier 2,,,TRUE,""
PAMR1,ENSG00000149090,11,35453370,35551848,Tier 3B,,,TRUE,""
PAOX,ENSG00000148832,10,135192695,135205198,Tier 2,,,TRUE,""
PAPPA,ENSG00000182752,9,118916083,119164601,Tier 3A,,,TRUE,""
PAPPA2,ENSG00000116183,1,176432307,176814735,Tier 3A,,,TRUE,""
PARM1,ENSG00000169116,4,75858305,75975325,Tier 3B,,,TRUE,""
PARP1,ENSG00000143799,1,226548392,226595780,Tier 1,,,TRUE,""
PARP2,ENSG00000129484,14,20811741,20826064,Tier 1,,,TRUE,""
PARP3,ENSG00000041880,3,51976361,51982883,Tier 2,,,TRUE,""
PARP4,ENSG00000102699,13,24995064,25086948,Tier 2,,,TRUE,""
PASK,ENSG00000115687,2,242045514,242089679,Tier 2,,,TRUE,""
PATE2,ENSG00000196844,11,125646008,125648714,Tier 3B,,,TRUE,""
PATE4,ENSG00000237353,11,125703211,125709964,Tier 3B,,,TRUE,""
PBK,ENSG00000168078,8,27667137,27695612,Tier 2,,,TRUE,""
PCDH15,ENSG00000150275,10,55562531,57387702,Tier 3A,,,TRUE,""
PCDHA2,ENSG00000204969,5,140174444,140391929,Tier 3A,,,TRUE,""
PCDHB10,ENSG00000120324,5,140571942,140575215,Tier 3B,,,TRUE,""
PCK1,ENSG00000124253,20,56136136,56141513,Tier 2,,,TRUE,""
PCOLCE,ENSG00000106333,7,100199800,100205798,Tier 3A,,,TRUE,""
PCOLCE2,ENSG00000163710,3,142534764,142608045,Tier 3A,,,TRUE,""
PCSK1,ENSG00000175426,5,95726119,95769847,Tier 3A,,,TRUE,""
PCSK1N,ENSG00000102109,X,48689504,48694035,Tier 3B,,,TRUE,""
PCSK2,ENSG00000125851,20,17206752,17465223,Tier 3A,,,TRUE,""
PCSK5,ENSG00000099139,9,78505560,78977255,Tier 3A,,,TRUE,""
PCSK6,ENSG00000140479,15,101840818,102065405,Tier 3A,,,TRUE,""
PCSK7,ENSG00000160613,11,117075053,117103241,Tier 3A,,,TRUE,""
PCSK9,ENSG00000169174,1,55505221,55530525,Tier 1,,,TRUE,""
PCYOX1,ENSG00000116005,2,70484518,70508323,Tier 3B,,,TRUE,""
PCYOX1L,ENSG00000145882,5,148737570,148749216,Tier 3A,,,TRUE,""
PDCD1,ENSG00000188389,2,242792033,242801060,Tier 1,,,TRUE,""
PDCD1LG2,ENSG00000197646,9,5510545,5571282,Tier 1,,,TRUE,""
PDCD4,ENSG00000150593,10,112631565,112659764,Tier 1,,,TRUE,""
PDE10A,ENSG00000112541,6,165740776,166400091,Tier 1,,,TRUE,""
PDE11A,ENSG00000128655,2,178487980,178973066,Tier 1,,,TRUE,""
PDE1A,ENSG00000115252,2,183004763,183387919,Tier 2,,,TRUE,""
PDE1B,ENSG00000123360,12,54943134,54973023,Tier 2,,,TRUE,""
PDE1C,ENSG00000154678,7,31790793,32338941,Tier 2,,,TRUE,""
PDE2A,ENSG00000186642,11,72287185,72385635,Tier 2,,,TRUE,""
PDE3A,ENSG00000172572,12,20522179,20837315,Tier 1,,,TRUE,""
PDE3B,ENSG00000152270,11,14665269,14892350,Tier 1,,,TRUE,""
PDE4A,ENSG00000065989,19,10527449,10580305,Tier 1,,,TRUE,""
PDE4B,ENSG00000184588,1,66258197,66840259,Tier 1,,,TRUE,""
PDE4C,ENSG00000105650,19,18318771,18366229,Tier 1,,,TRUE,""
PDE4D,ENSG00000113448,5,58264865,59817947,Tier 1,,,TRUE,""
PDE5A,ENSG00000138735,4,120415550,120550146,Tier 1,,,TRUE,""
PDE6A,ENSG00000132915,5,149237519,149324356,Tier 2,,,TRUE,""
PDE6B,ENSG00000133256,4,619373,664571,Tier 3B,,,TRUE,""
PDE6C,ENSG00000095464,10,95372345,95425767,Tier 1,,,TRUE,""
PDE6D,ENSG00000156973,2,232597135,232650982,Tier 3B,,,TRUE,""
PDE6G,ENSG00000185527,17,79617489,79630142,Tier 3B,,,TRUE,""
PDE6H,ENSG00000139053,12,15125956,15134799,Tier 3B,,,TRUE,""
PDE7A,ENSG00000205268,8,66629745,66754557,Tier 1,,,TRUE,""
PDE7B,ENSG00000171408,6,136172834,136516712,Tier 1,,,TRUE,""
PDE8A,ENSG00000073417,15,85523671,85682376,Tier 1,,,TRUE,""
PDE8B,ENSG00000113231,5,76506274,76725632,Tier 1,,,TRUE,""
PDE9A,ENSG00000160191,21,44073746,44195619,Tier 2,,,TRUE,""
PDF,ENSG00000258429,16,69362524,69364498,Tier 1,,,TRUE,""
PDGFA,ENSG00000197461,7,536895,559933,Tier 3B,,,TRUE,""
PDGFB,ENSG00000100311,22,39619364,39640756,Tier 3A,,,TRUE,""
PDGFC,ENSG00000145431,4,157681606,157892546,Tier 3A,,,TRUE,""
PDGFD,ENSG00000170962,11,103777914,104035107,Tier 3A,,,TRUE,""
PDGFRA,ENSG00000134853,4,55095264,55164414,Tier 1,,,TRUE,""
PDGFRB,ENSG00000113721,5,149493400,149535435,Tier 1,,,TRUE,""
PDGFRL,ENSG00000104213,8,17433942,17501580,Tier 3B,,,TRUE,""
PDIA3,ENSG00000167004,15,44038590,44065477,Tier 3B,,,TRUE,""
PDIA6,ENSG00000143870,2,10923517,10978103,Tier 3A,,,TRUE,""
PDIK1L,ENSG00000175087,1,26437664,26452034,Tier 3B,,,TRUE,""
PDK1,ENSG00000152256,2,173420101,173489823,Tier 2,,,TRUE,""
PDPK1,ENSG00000140992,16,2587965,2653189,Tier 1,,,TRUE,""
PDYN,ENSG00000101327,20,1959403,1974732,Tier 3A,,,TRUE,""
PDZD2,ENSG00000133401,5,31639517,32111037,Tier 3A,,,TRUE,""
PEAK1,ENSG00000173517,15,77400471,77712486,Tier 3B,,,TRUE,""
PEBP4,ENSG00000134020,8,22570769,22857513,Tier 3A,,,TRUE,""
PENK,ENSG00000181195,8,57349233,57359293,Tier 3A,,,TRUE,""
PEPD,ENSG00000124299,19,33877856,34012700,Tier 2,,,TRUE,""
PF4,ENSG00000163737,4,74846794,74847841,Tier 3A,,,TRUE,""
PF4V1,ENSG00000109272,4,74718906,74719872,Tier 3B,,,TRUE,""
PGA3,ENSG00000229859,11,60970779,60980570,Tier 2,,,TRUE,""
PGA4,ENSG00000229183,11,60989688,61018929,Tier 2,,,TRUE,""
PGA5,ENSG00000256713,11,61008514,61018920,Tier 1,,,TRUE,""
PGC,ENSG00000096088,6,41704449,41721847,Tier 3B,,,TRUE,""
PGD,ENSG00000142657,1,10458649,10480201,Tier 2,,,TRUE,""
PGF,ENSG00000119630,14,75408537,75422487,Tier 1,,,TRUE,""
PGGT1B,ENSG00000164219,5,114546527,114598569,Tier 2,,,TRUE,""
PGLYRP1,ENSG00000008438,19,46522411,46526323,Tier 3B,,,TRUE,""
PGLYRP2,ENSG00000161031,19,15579456,15609767,Tier 3B,,,TRUE,""
PGLYRP3,ENSG00000159527,1,153270338,153283194,Tier 3B,,,TRUE,""
PGLYRP4,ENSG00000163218,1,153302596,153321316,Tier 3B,,,TRUE,""
PGR,ENSG00000082175,11,100900355,101001255,Tier 1,,,TRUE,""
PHF8,ENSG00000172943,X,53963109,54075391,Tier 2,,,TRUE,""
PHKG1,ENSG00000164776,7,56148440,56160689,Tier 1,,,TRUE,""
PHKG2,ENSG00000156873,16,30759591,30772490,Tier 1,,,TRUE,""
PHOSPHO1,ENSG00000173868,17,47300724,47308128,Tier 2,,,TRUE,""
PI15,ENSG00000137558,8,75736772,75767264,Tier 3B,,,TRUE,""
PI16,ENSG00000164530,6,36922209,36932613,Tier 3A,,,TRUE,""
PI3,ENSG00000124102,20,43803517,43805185,Tier 3B,,,TRUE,""
PI4KB,ENSG00000143393,1,151264273,151300191,Tier 2,,,TRUE,""
PIGF,ENSG00000151665,2,46808076,46844258,Tier 1,,,TRUE,""
PIGK,ENSG00000142892,1,77554675,77685115,Tier 3B,,,TRUE,""
PIGR,ENSG00000162896,1,207101863,207119811,Tier 3B,,,TRUE,""
PIGT,ENSG00000124155,20,44044717,44054884,Tier 3A,,,TRUE,""
PIK3C2A,ENSG00000011405,11,17099277,17229530,Tier 2,,,TRUE,""
PIK3C2B,ENSG00000133056,1,204391756,204463852,Tier 2,,,TRUE,""
PIK3C2G,ENSG00000139144,12,18400548,18801348,Tier 2,,,TRUE,""
PIK3C3,ENSG00000078142,18,39535171,39667794,Tier 2,,,TRUE,""
PIK3CA,ENSG00000121879,3,178865902,178957881,Tier 1,,,TRUE,""
PIK3CB,ENSG00000051382,3,138372860,138553780,Tier 1,,,TRUE,""
PIK3CD,ENSG00000171608,1,9711790,9789172,Tier 1,,,TRUE,""
PIK3CG,ENSG00000105851,7,106505723,106547590,Tier 1,,,TRUE,""
PIK3IP1,ENSG00000100100,22,31677579,31688520,Tier 3A,,,TRUE,""
PIK3R1,ENSG00000145675,5,67511548,67597649,Tier 2,,,TRUE,""
PIK3R4,ENSG00000196455,3,130397779,130465673,Tier 3B,,,TRUE,""
PIM1,ENSG00000137193,6,37137979,37143202,Tier 1,,,TRUE,""
PIM2,ENSG00000102096,X,48770459,48776301,Tier 1,,,TRUE,""
PIM3,ENSG00000198355,22,50354161,50357728,Tier 1,,,TRUE,""
PIN1,ENSG00000127445,19,9945933,9960358,Tier 2,,,TRUE,""
PINK1,ENSG00000158828,1,20959948,20978004,Tier 3B,,,TRUE,""
PIP,ENSG00000159763,7,142829170,142836839,Tier 3B,,,TRUE,""
PIP4K2B,ENSG00000141720,17,36921942,36956379,Tier 1,,,TRUE,""
PIP4K2C,ENSG00000166908,12,57984957,57997198,Tier 2,,,TRUE,""
PIP5K1A,ENSG00000143398,1,151170425,151222012,Tier 1,,,TRUE,""
PIP5K1C,ENSG00000186111,19,3630181,3700477,Tier 2,,,TRUE,""
PKD2,ENSG00000118762,4,88928820,88998929,Tier 2,,,TRUE,""
PKD2L1,ENSG00000107593,10,102047903,102090243,Tier 2,,,TRUE,""
PKD2L2,ENSG00000078795,5,137223657,137278436,Tier 3B,,,TRUE,""
PKHD1,ENSG00000170927,6,51480098,51952423,Tier 3A,,,TRUE,""
PKLR,ENSG00000143627,1,155259630,155271225,Tier 2,,,TRUE,""
PKM,ENSG00000067225,15,72491370,72524164,Tier 1,,,TRUE,""
PKMYT1,ENSG00000127564,16,3018025,3030540,Tier 2,,,TRUE,""
PKN1,ENSG00000123143,19,14543865,14582679,Tier 1,,,TRUE,""
PKN2,ENSG00000065243,1,89149905,89301938,Tier 1,,,TRUE,""
PKN3,ENSG00000160447,9,131464802,131483197,Tier 3B,,,TRUE,""
PLA2G10,ENSG00000069764,16,14766405,14788526,Tier 1,,,TRUE,""
PLA2G12A,ENSG00000123739,4,110631145,110651233,Tier 3A,,,TRUE,""
PLA2G12B,ENSG00000138308,10,74694928,74714536,Tier 3B,,,TRUE,""
PLA2G15,ENSG00000103066,16,68279207,68294961,Tier 3A,,,TRUE,""
PLA2G1B,ENSG00000170890,12,120759914,120765592,Tier 2,,,TRUE,""
PLA2G2A,ENSG00000188257,1,20301925,20306932,Tier 1,,,TRUE,""
PLA2G2C,ENSG00000187980,1,20487746,20503917,Tier 2,,,TRUE,""
PLA2G2D,ENSG00000117215,1,20438432,20446050,Tier 1,,,TRUE,""
PLA2G2E,ENSG00000188784,1,20246502,20250110,Tier 1,,,TRUE,""
PLA2G2F,ENSG00000158786,1,20465819,20476879,Tier 2,,,TRUE,""
PLA2G3,ENSG00000100078,22,31530795,31536593,Tier 3B,,,TRUE,""
PLA2G4A,ENSG00000116711,1,186798085,186958113,Tier 1,,,TRUE,""
PLA2G4B,ENSG00000243708,15,42120283,42140345,Tier 2,,,TRUE,""
PLA2G5,ENSG00000127472,1,20354672,20417683,Tier 2,,,TRUE,""
PLA2G6,ENSG00000184381,22,38507502,38601697,Tier 2,,,TRUE,""
PLA2G7,ENSG00000146070,6,46671938,46703430,Tier 1,,,TRUE,""
PLA2R1,ENSG00000153246,2,160788519,160919121,Tier 3A,,,TRUE,""
PLAA,ENSG00000137055,9,26904081,26947461,Tier 2,,,TRUE,""
PLAC1,ENSG00000170965,X,133699868,133898352,Tier 3B,,,TRUE,""
PLAT,ENSG00000104368,8,42032236,42065242,Tier 1,,,TRUE,""
PLAU,ENSG00000122861,10,75668935,75677255,Tier 2,,,TRUE,""
PLAUR,ENSG00000011422,19,44150247,44174699,Tier 2,,,TRUE,""
PLBD1,ENSG00000121316,12,14656595,14721283,Tier 3A,,,TRUE,""
PLBD2,ENSG00000151176,12,113796371,113827203,Tier 3B,,,TRUE,""
PLCG2,ENSG00000197943,16,81772702,81991899,Tier 2,,,TRUE,""
PLD1,ENSG00000075651,3,171318195,171528740,Tier 1,,,TRUE,""
PLD2,ENSG00000129219,17,4710391,4726729,Tier 2,,,TRUE,""
PLEK,ENSG00000115956,2,68592305,68624585,Tier 3A,,,TRUE,""
PLG,ENSG00000122194,6,161123270,161174347,Tier 1,,,TRUE,""
PLGLB1,ENSG00000183281,2,87229682,87248975,Tier 3B,,,TRUE,""
PLGLB2,ENSG00000125551,2,88047606,88058312,Tier 1,,,TRUE,""
PLIN2,ENSG00000147872,9,19108373,19149288,Tier 3B,,,TRUE,""
PLK1,ENSG00000166851,16,23688977,23701688,Tier 1,,,TRUE,""
PLK2,ENSG00000145632,5,57749809,57756087,Tier 2,,,TRUE,""
PLK3,ENSG00000173846,1,45265897,45271662,Tier 2,,,TRUE,""
PLK4,ENSG00000142731,4,128802016,128820350,Tier 1,,,TRUE,""
PLOD1,ENSG00000083444,1,11994262,12035595,Tier 3A,,,TRUE,""
PLP1,ENSG00000123560,X,103028647,103047548,Tier 3B,,,TRUE,""
PLSCR1,ENSG00000188313,3,146232967,146262651,Tier 3B,,,TRUE,""
PLSCR2,ENSG00000163746,3,146109208,146213778,Tier 3B,,,TRUE,""
PLSCR4,ENSG00000114698,3,145910126,145968966,Tier 3A,,,TRUE,""
PLTP,ENSG00000100979,20,44527399,44540794,Tier 3A,,,TRUE,""
PLXNB1,ENSG00000164050,3,48445261,48471594,Tier 3A,,,TRUE,""
PLXNC1,ENSG00000136040,12,94542499,94701451,Tier 3B,,,TRUE,""
PMCH,ENSG00000183395,12,102590237,102591623,Tier 3B,,,TRUE,""
PMEL,ENSG00000185664,12,56347889,56367101,Tier 1,,,TRUE,""
PMP22,ENSG00000109099,17,15133095,15168643,Tier 1,,,TRUE,""
PNCK,ENSG00000130822,X,152935185,152954465,Tier 3B,,,TRUE,""
PNLIP,ENSG00000175535,10,118305443,118327367,Tier 1,,,TRUE,""
PNLIPRP1,ENSG00000187021,10,118349897,118368687,Tier 2,,,TRUE,""
PNLIPRP2,ENSG00000165862,10,118380465,118404654,Tier 2,,,TRUE,""
PNLIPRP3,ENSG00000203837,10,118187379,118237469,Tier 3B,,,TRUE,""
PNMT,ENSG00000141744,17,37824234,37826728,Tier 1,,,TRUE,""
PNOC,ENSG00000168081,8,28174503,28200872,Tier 3B,,,TRUE,""
PNP,ENSG00000198805,14,20937113,20945253,Tier 1,,,TRUE,""
PODN,ENSG00000174348,1,53527854,53551174,Tier 3A,,,TRUE,""
PODNL1,ENSG00000132000,19,14042000,14064204,Tier 3B,,,TRUE,""
POGLUT1,ENSG00000163389,3,119187785,119213555,Tier 3A,,,TRUE,""
POLA1,ENSG00000101868,X,24712036,25015103,Tier 1,,,TRUE,""
POLB,ENSG00000070501,8,42195972,42229326,Tier 2,,,TRUE,""
POLD1,ENSG00000062822,19,50887461,50921273,Tier 1,,,TRUE,""
POLE,ENSG00000177084,12,133200348,133263951,Tier 1,,,TRUE,""
POMC,ENSG00000115138,2,25383722,25391772,Tier 3A,,,TRUE,""
PON1,ENSG00000005421,7,94926988,95025673,Tier 1,,,TRUE,""
PON2,ENSG00000105854,7,95034175,95064510,Tier 1,,,TRUE,""
PON3,ENSG00000105852,7,94989256,95025680,Tier 1,,,TRUE,""
POR,ENSG00000127948,7,75528518,75616173,Tier 1,,,TRUE,""
PORCN,ENSG00000102312,X,48367350,48379202,Tier 1,,,TRUE,""
POSTN,ENSG00000133110,13,38136720,38172981,Tier 3B,,,TRUE,""
POTEI,ENSG00000196834,2,131217028,131267239,Tier 3B,,,TRUE,""
PPARA,ENSG00000186951,22,46546424,46639653,Tier 1,,,TRUE,""
PPARD,ENSG00000112033,6,35310335,35395968,Tier 1,,,TRUE,""
PPARG,ENSG00000132170,3,12328867,12475855,Tier 1,,,TRUE,""
PPAT,ENSG00000128059,4,57259528,57301781,Tier 1,,,TRUE,""
PPBP,ENSG00000163736,4,74852755,74853914,Tier 3A,,,TRUE,""
PPIA,ENSG00000196262,7,44836279,44864163,Tier 1,,,TRUE,""
PPIAL4A,ENSG00000255963,1,147954635,147955419,Tier 2,,,TRUE,""
PPIAL4B,ENSG00000255854,1,144363462,144364246,Tier 2,,,TRUE,""
PPIAL4C,ENSG00000198161,1,149553003,149553787,Tier 2,,,TRUE,""
PPIAL4D,ENSG00000256374,1,148201752,148202536,Tier 2,,,TRUE,""
PPIAL4G,ENSG00000236334,1,143767144,143767881,Tier 2,,,TRUE,""
PPIB,ENSG00000166794,15,64448011,64455404,Tier 1,,,TRUE,""
PPIC,ENSG00000168938,5,122358945,122372436,Tier 2,,,TRUE,""
PPID,ENSG00000171497,4,159630286,159644548,Tier 1,,,TRUE,""
PPIE,ENSG00000084072,1,40157854,40229586,Tier 2,,,TRUE,""
PPIF,ENSG00000108179,10,81107225,81115093,Tier 2,,,TRUE,""
PPIG,ENSG00000138398,2,170440850,170497916,Tier 2,,,TRUE,""
PPIH,ENSG00000171960,1,43124096,43142429,Tier 2,,,TRUE,""
PPIL1,ENSG00000137168,6,36822603,36842800,Tier 2,,,TRUE,""
PPIL2,ENSG00000100023,22,22006559,22054304,Tier 3B,,,TRUE,""
PPIL3,ENSG00000240344,2,201735630,201754026,Tier 2,,,TRUE,""
PPIL4,ENSG00000131013,6,149825869,149867174,Tier 3B,,,TRUE,""
PPIL6,ENSG00000185250,6,109711418,109762374,Tier 3B,,,TRUE,""
PPM1B,ENSG00000138032,2,44395108,44471523,Tier 2,,,TRUE,""
PPME1,ENSG00000214517,11,73882144,73965748,Tier 2,,,TRUE,""
PPOX,ENSG00000143224,1,161136200,161147803,Tier 2,,,TRUE,""
PPP1CA,ENSG00000172531,11,67165654,67188654,Tier 2,,,TRUE,""
PPP3CA,ENSG00000138814,4,101944566,102269435,Tier 1,,,TRUE,""
PPP5C,ENSG00000011485,19,46850251,46896238,Tier 2,,,TRUE,""
PPT1,ENSG00000131238,1,40538379,40563375,Tier 3B,,,TRUE,""
PPWD1,ENSG00000113593,5,64859063,64883376,Tier 3B,,,TRUE,""
PPY,ENSG00000108849,17,42018172,42019836,Tier 3A,,,TRUE,""
PRADC1,ENSG00000135617,2,73455134,73460366,Tier 3B,,,TRUE,""
PRAME,ENSG00000185686,22,22890123,22901768,Tier 1,,,TRUE,""
PRAP1,ENSG00000165828,10,135160650,135166187,Tier 3B,,,TRUE,""
PRB2,ENSG00000121335,12,11544476,11653975,Tier 3A,,,TRUE,""
PRB3,ENSG00000197870,12,11418857,11422739,Tier 3B,,,TRUE,""
PRB4,ENSG00000230657,12,11460017,11463369,Tier 3B,,,TRUE,""
PRCP,ENSG00000137509,11,82534544,82681626,Tier 1,,,TRUE,""
PRDX4,ENSG00000123131,X,23682379,23704516,Tier 3B,,,TRUE,""
PRELP,ENSG00000188783,1,203444956,203460480,Tier 3A,,,TRUE,""
PREP,ENSG00000085377,6,105725440,105850959,Tier 2,,,TRUE,""
PRF1,ENSG00000180644,10,72357104,72362531,Tier 2,,,TRUE,""
PRG2,ENSG00000186652,11,57154267,57158130,Tier 3A,,,TRUE,""
PRG4,ENSG00000116690,1,186265405,186283694,Tier 3B,,,TRUE,""
PRH1,ENSG00000231887,12,11033610,11036854,Tier 3B,,,TRUE,""
PRH2,ENSG00000134551,12,11081835,11084940,Tier 3B,,,TRUE,""
PRIMA1,ENSG00000175785,14,94184644,94254827,Tier 3A,,,TRUE,""
PRKAA1,ENSG00000132356,5,40759481,40798476,Tier 1,,,TRUE,""
PRKAA2,ENSG00000162409,1,57110995,57181008,Tier 1,,,TRUE,""
PRKAB1,ENSG00000111725,12,120105558,120119435,Tier 2,,,TRUE,""
PRKACA,ENSG00000072062,19,14202500,14228896,Tier 1,,,TRUE,""
PRKACB,ENSG00000142875,1,84543745,84704181,Tier 2,,,TRUE,""
PRKACG,ENSG00000165059,9,71627469,71629039,Tier 3B,,,TRUE,""
PRKCA,ENSG00000154229,17,64298754,64806861,Tier 1,,,TRUE,""
PRKCB,ENSG00000166501,16,23847322,24231932,Tier 1,,,TRUE,""
PRKCD,ENSG00000163932,3,53190025,53226733,Tier 1,,,TRUE,""
PRKCE,ENSG00000171132,2,45878484,46415129,Tier 1,,,TRUE,""
PRKCG,ENSG00000126583,19,54382444,54410906,Tier 1,,,TRUE,""
PRKCH,ENSG00000027075,14,61654277,62017694,Tier 1,,,TRUE,""
PRKCI,ENSG00000163558,3,169940153,170023769,Tier 1,,,TRUE,""
PRKCQ,ENSG00000065675,10,6469105,6622263,Tier 1,,,TRUE,""
PRKCSH,ENSG00000130175,19,11546109,11561783,Tier 3B,,,TRUE,""
PRKCZ,ENSG00000067606,1,1981909,2116834,Tier 1,,,TRUE,""
PRKD1,ENSG00000184304,14,30045687,30661104,Tier 1,,,TRUE,""
PRKD2,ENSG00000105287,19,47177532,47220384,Tier 1,,,TRUE,""
PRKD3,ENSG00000115825,2,37477645,37551951,Tier 1,,,TRUE,""
PRKDC,ENSG00000253729,8,48685669,48872743,Tier 2,,,TRUE,""
PRKG1,ENSG00000185532,10,52750945,54058110,Tier 2,,,TRUE,""
PRKG2,ENSG00000138669,4,82009837,82136218,Tier 1,,,TRUE,""
PRKX,ENSG00000183943,X,3522411,3631649,Tier 1,,,TRUE,""
PRL,ENSG00000172179,6,22287480,22297730,Tier 3A,,,TRUE,""
PRLH,ENSG00000071677,2,238475217,238475818,Tier 3A,,,TRUE,""
PRLHR,ENSG00000119973,10,120352916,120355160,Tier 3B,,,TRUE,""
PRLR,ENSG00000113494,5,35048861,35230794,Tier 1,,,TRUE,""
PRMT3,ENSG00000185238,11,20409076,20530840,Tier 2,,,TRUE,""
PRNP,ENSG00000171867,20,4666882,4682236,Tier 3A,,,TRUE,""
PROC,ENSG00000115718,2,128176003,128186822,Tier 3A,,,TRUE,""
PROCR,ENSG00000101000,20,33759876,33765165,Tier 3A,,,TRUE,""
PROK1,ENSG00000143125,1,110993822,110999976,Tier 3A,,,TRUE,""
PROK2,ENSG00000163421,3,71820807,71834357,Tier 3B,,,TRUE,""
PROKR1,ENSG00000169618,2,68870721,68882708,Tier 2,,,TRUE,""
PROKR2,ENSG00000101292,20,5282317,5297378,Tier 3B,,,TRUE,""
PROL1,ENSG00000171199,4,71263599,71275911,Tier 3B,,,TRUE,""
PROM1,ENSG00000007062,4,15964699,16086001,Tier 3A,,,TRUE,""
PROS1,ENSG00000184500,3,93591881,93692910,Tier 3B,,,TRUE,""
PROZ,ENSG00000126231,13,113812968,113826694,Tier 3A,,,TRUE,""
PRPF4,ENSG00000136875,9,116037623,116055185,Tier 1,,,TRUE,""
PRPF4B,ENSG00000112739,6,4021501,4065217,Tier 1,,,TRUE,""
PRR4,ENSG00000111215,12,10977559,11324212,Tier 3B,,,TRUE,""
PRRT3,ENSG00000163704,3,9987226,9994078,Tier 3B,,,TRUE,""
PRSS1,ENSG00000204983,7,142457319,142460923,Tier 1,,,TRUE,""
PRSS12,ENSG00000164099,4,119201193,119274158,Tier 3B,,,TRUE,""
PRSS22,ENSG00000005001,16,2902728,2908171,Tier 3B,,,TRUE,""
PRSS27,ENSG00000172382,16,2762419,2770552,Tier 3B,,,TRUE,""
PRSS3,ENSG00000010438,9,33750515,33799230,Tier 2,,,TRUE,""
PRSS33,ENSG00000103355,16,2833954,2837949,Tier 3B,,,TRUE,""
PRSS36,ENSG00000178226,16,31150246,31161415,Tier 3A,,,TRUE,""
PRSS53,ENSG00000151006,16,31094746,31100949,Tier 3A,,,TRUE,""
PRSS54,ENSG00000103023,16,58313901,58328951,Tier 3B,,,TRUE,""
PRSS8,ENSG00000052344,16,31142756,31147083,Tier 3A,,,TRUE,""
PRTN3,ENSG00000196415,19,840963,848175,Tier 3B,,,TRUE,""
PSAP,ENSG00000197746,10,73576055,73611126,Tier 3A,,,TRUE,""
PSCA,ENSG00000167653,8,143751726,143764142,Tier 1,,,TRUE,""
PSEN1,ENSG00000080815,14,73603126,73690399,Tier 1,,,TRUE,""
PSEN2,ENSG00000143801,1,227057885,227083806,Tier 1,,,TRUE,""
PSENEN,ENSG00000205155,19,36236015,36237911,Tier 1,,,TRUE,""
PSG1,ENSG00000231924,19,43370616,43383974,Tier 3B,,,TRUE,""
PSG2,ENSG00000242221,19,43568363,43587197,Tier 3B,,,TRUE,""
PSKH1,ENSG00000159792,16,67927175,67963581,Tier 3A,,,TRUE,""
PSKH2,ENSG00000147613,8,87060602,87100850,Tier 3B,,,TRUE,""
PSMA1,ENSG00000129084,11,14515329,14665181,Tier 3B,,,TRUE,""
PSMA2,ENSG00000106588,7,42956460,42971822,Tier 3B,,,TRUE,""
PSMA3,ENSG00000100567,14,58711549,58738730,Tier 3B,,,TRUE,""
PSMA4,ENSG00000041357,15,78832747,78841604,Tier 3B,,,TRUE,""
PSMA5,ENSG00000143106,1,109941653,109969062,Tier 3B,,,TRUE,""
PSMA6,ENSG00000100902,14,35747839,35786699,Tier 3B,,,TRUE,""
PSMA7,ENSG00000101182,20,60711791,60718496,Tier 3B,,,TRUE,""
PSMA8,ENSG00000154611,18,23713816,23773319,Tier 3B,,,TRUE,""
PSMB1,ENSG00000008018,6,170844205,170862429,Tier 1,,,TRUE,""
PSMB10,ENSG00000205220,16,67968405,67970990,Tier 3B,,,TRUE,""
PSMB11,ENSG00000222028,14,23511376,23513269,Tier 2,,,TRUE,""
PSMB2,ENSG00000126067,1,36067185,36107445,Tier 1,,,TRUE,""
PSMB3,ENSG00000108294,17,36908989,36920484,Tier 3B,,,TRUE,""
PSMB4,ENSG00000159377,1,151372010,151374420,Tier 3B,,,TRUE,""
PSMB5,ENSG00000100804,14,23485752,23504439,Tier 1,,,TRUE,""
PSMB6,ENSG00000142507,17,4699439,4701790,Tier 3B,,,TRUE,""
PSMB7,ENSG00000136930,9,127115745,127177723,Tier 3B,,,TRUE,""
PSMB8,ENSG00000204264,6,32808494,32812480,Tier 1,,,TRUE,""
PSMB9,ENSG00000240065,6,32811913,32827362,Tier 3B,,,TRUE,""
PSMD14,ENSG00000115233,2,162164549,162268228,Tier 2,,,TRUE,""
PSMG3,ENSG00000157778,7,1606966,1610641,Tier 2,,,TRUE,""
PSPN,ENSG00000125650,19,6375159,6379069,Tier 3B,,,TRUE,""
PTAFR,ENSG00000169403,1,28473677,28520447,Tier 1,,,TRUE,""
PTBP1,ENSG00000011304,19,797075,812327,Tier 2,,,TRUE,""
PTGDR,ENSG00000168229,14,52734431,52743442,Tier 1,,,TRUE,""
PTGDR2,ENSG00000183134,11,60618413,60623444,Tier 1,,,TRUE,""
PTGDS,ENSG00000107317,9,139871956,139879887,Tier 3A,,,TRUE,""
PTGER1,ENSG00000160951,19,14583278,14586174,Tier 1,,,TRUE,""
PTGER2,ENSG00000125384,14,52781023,52795324,Tier 1,,,TRUE,""
PTGER3,ENSG00000050628,1,71318036,71513491,Tier 1,,,TRUE,""
PTGER4,ENSG00000171522,5,40679600,40693837,Tier 1,,,TRUE,""
PTGES,ENSG00000148344,9,132500610,132515326,Tier 1,,,TRUE,""
PTGFR,ENSG00000122420,1,78769568,79005434,Tier 1,,,TRUE,""
PTGFRN,ENSG00000134247,1,117452679,117532980,Tier 3A,,,TRUE,""
PTGIR,ENSG00000160013,19,47123725,47128375,Tier 1,,,TRUE,""
PTGS1,ENSG00000095303,9,125132824,125157982,Tier 1,,,TRUE,""
PTGS2,ENSG00000073756,1,186640923,186649559,Tier 1,,,TRUE,""
PTH,ENSG00000152266,11,13513602,13517728,Tier 3B,,,TRUE,""
PTH1R,ENSG00000160801,3,46919236,46945287,Tier 1,,,TRUE,""
PTH2,ENSG00000142538,19,49925671,49926698,Tier 3B,,,TRUE,""
PTH2R,ENSG00000144407,2,209224438,209719227,Tier 2,,,TRUE,""
PTHLH,ENSG00000087494,12,28111017,28125638,Tier 1,,,TRUE,""
PTK2,ENSG00000169398,8,141667999,142012315,Tier 1,,,TRUE,""
PTK2B,ENSG00000120899,8,27168999,27316903,Tier 1,,,TRUE,""
PTK6,ENSG00000101213,20,62159778,62168723,Tier 1,,,TRUE,""
PTK7,ENSG00000112655,6,43044006,43129457,Tier 3B,,,TRUE,""
PTN,ENSG00000105894,7,136912088,137028611,Tier 3B,,,TRUE,""
PTP4A1,ENSG00000112245,6,64231666,64293492,Tier 2,,,TRUE,""
PTP4A2,ENSG00000184007,1,32372022,32410457,Tier 2,,,TRUE,""
PTPN1,ENSG00000196396,20,49126891,49201299,Tier 2,,,TRUE,""
PTPN11,ENSG00000179295,12,112856155,112947717,Tier 2,,,TRUE,""
PTPN12,ENSG00000127947,7,77166592,77269388,Tier 2,,,TRUE,""
PTPN13,ENSG00000163629,4,87515468,87736324,Tier 2,,,TRUE,""
PTPN2,ENSG00000175354,18,12785477,12929642,Tier 2,,,TRUE,""
PTPN22,ENSG00000134242,1,114356433,114414381,Tier 2,,,TRUE,""
PTPN7,ENSG00000143851,1,202116141,202130716,Tier 1,,,TRUE,""
PTPRA,ENSG00000132670,20,2844830,3019722,Tier 2,,,TRUE,""
PTPRB,ENSG00000127329,12,70910630,71031220,Tier 2,,,TRUE,""
PTPRC,ENSG00000081237,1,198607801,198726545,Tier 1,,,TRUE,""
PTPRF,ENSG00000142949,1,43990858,44089343,Tier 2,,,TRUE,""
PTPRG,ENSG00000144724,3,61547243,62283288,Tier 3A,,,TRUE,""
PTPRJ,ENSG00000149177,11,48002113,48189670,Tier 3A,,,TRUE,""
PTPRN,ENSG00000054356,2,220154345,220174370,Tier 3B,,,TRUE,""
PTPRS,ENSG00000105426,19,5158506,5340814,Tier 2,,,TRUE,""
PTPRZ1,ENSG00000106278,7,121513143,121702090,Tier 3B,,,TRUE,""
PTX3,ENSG00000163661,3,157154578,157161417,Tier 3B,,,TRUE,""
PVR,ENSG00000073008,19,45147098,45166850,Tier 3A,,,TRUE,""
PVRL1,ENSG00000110400,11,119494120,119599794,Tier 3B,,,TRUE,""
PVRL2,ENSG00000130202,19,45349432,45392485,Tier 3A,,,TRUE,""
PVRL3,ENSG00000177707,3,110788918,110994410,Tier 3B,,,TRUE,""
PVRL4,ENSG00000143217,1,161040785,161059389,Tier 1,,,TRUE,""
PXDN,ENSG00000130508,2,1635659,1748624,Tier 3A,,,TRUE,""
PXDNL,ENSG00000147485,8,52232138,52722005,Tier 3B,,,TRUE,""
PYGL,ENSG00000100504,14,51324609,51411454,Tier 2,,,TRUE,""
PYGM,ENSG00000068976,11,64513861,64527769,Tier 2,,,TRUE,""
PYY,ENSG00000131096,17,42030106,42081837,Tier 3A,,,TRUE,""
PZP,ENSG00000126838,12,9301436,9360966,Tier 3A,,,TRUE,""
QDPR,ENSG00000151552,4,17461884,17513857,Tier 2,,,TRUE,""
QPCT,ENSG00000115828,2,37571717,37600465,Tier 2,,,TRUE,""
QRFP,ENSG00000188710,9,133768815,133769225,Tier 3A,,,TRUE,""
QRFPR,ENSG00000186867,4,122250467,122302214,Tier 3B,,,TRUE,""
QSOX1,ENSG00000116260,1,180123969,180173165,Tier 3B,,,TRUE,""
QSOX2,ENSG00000165661,9,139098179,139137687,Tier 3A,,,TRUE,""
RAB35,ENSG00000111737,12,120532899,120555306,Tier 3A,,,TRUE,""
RAB9A,ENSG00000123595,X,13707244,13728625,Tier 1,,,TRUE,""
RAD51,ENSG00000051180,15,40986972,41024354,Tier 2,,,TRUE,""
RAET1G,ENSG00000203722,6,150238014,150244257,Tier 3B,,,TRUE,""
RAF1,ENSG00000132155,3,12625100,12705725,Tier 1,,,TRUE,""
RAMP1,ENSG00000132329,2,238767536,238820756,Tier 1,,,TRUE,""
RAMP2,ENSG00000131477,17,40910465,40915059,Tier 3B,,,TRUE,""
RAMP3,ENSG00000122679,7,45197390,45225901,Tier 3B,,,TRUE,""
RANBP2,ENSG00000153201,2,109335937,109402267,Tier 2,,,TRUE,""
RAPGEF4,ENSG00000091428,2,173600002,173917621,Tier 2,,,TRUE,""
RARA,ENSG00000131759,17,38465444,38513094,Tier 1,,,TRUE,""
RARB,ENSG00000077092,3,25215823,25639423,Tier 1,,,TRUE,""
RARG,ENSG00000172819,12,53604354,53626764,Tier 1,,,TRUE,""
RASGRP3,ENSG00000152689,2,33661391,33789817,Tier 2,,,TRUE,""
RB1,ENSG00000139687,13,48877887,49056122,Tier 2,,,TRUE,""
RBBP9,ENSG00000089050,20,18467184,18477887,Tier 2,,,TRUE,""
RBMX,ENSG00000147274,X,135930163,135962923,Tier 3B,,,TRUE,""
RBP3,ENSG00000107618,10,48381487,48390991,Tier 3B,,,TRUE,""
RBP4,ENSG00000138207,10,95351444,95361501,Tier 2,,,TRUE,""
RCE1,ENSG00000173653,11,66610306,66614017,Tier 2,,,TRUE,""
RECQL,ENSG00000004700,12,21621845,21654603,Tier 1,,,TRUE,""
REG1A,ENSG00000115386,2,79347488,79350545,Tier 3B,,,TRUE,""
REG1B,ENSG00000172023,2,79312156,79315145,Tier 3B,,,TRUE,""
REG3A,ENSG00000172016,2,79384132,79386879,Tier 3B,,,TRUE,""
REG3G,ENSG00000143954,2,79252812,79255631,Tier 3B,,,TRUE,""
REG4,ENSG00000134193,1,120336641,120354283,Tier 3B,,,TRUE,""
RELA,ENSG00000173039,11,65421067,65430565,Tier 2,,,TRUE,""
RELN,ENSG00000189056,7,103112231,103629963,Tier 3A,,,TRUE,""
RELT,ENSG00000054967,11,73087309,73108519,Tier 3B,,,TRUE,""
REN,ENSG00000143839,1,204123944,204135465,Tier 1,,,TRUE,""
RESP18,ENSG00000182698,2,220192131,220197899,Tier 3B,,,TRUE,""
RET,ENSG00000165731,10,43572475,43625799,Tier 1,,,TRUE,""
RETN,ENSG00000104918,19,7733930,7735334,Tier 3A,,,TRUE,""
RETNLB,ENSG00000163515,3,108462271,108476231,Tier 3B,,,TRUE,""
REV3L,ENSG00000009413,6,111620234,111804918,Tier 3B,,,TRUE,""
RGR,ENSG00000148604,10,86004809,86019716,Tier 3B,,,TRUE,""
RGS12,ENSG00000159788,4,3294755,3441640,Tier 2,,,TRUE,""
RGS4,ENSG00000117152,1,163038565,163046592,Tier 2,,,TRUE,""
RHAG,ENSG00000112077,6,49572871,49604552,Tier 3B,,,TRUE,""
RHCE,ENSG00000188672,1,25688740,25756683,Tier 3A,,,TRUE,""
RHD,ENSG00000187010,1,25598884,25656936,Tier 1,,,TRUE,""
RHO,ENSG00000163914,3,129247483,129254012,Tier 3B,,,TRUE,""
RIOK1,ENSG00000124784,6,7389729,7418270,Tier 1,,,TRUE,""
RIOK2,ENSG00000058729,5,96496571,96518964,Tier 1,,,TRUE,""
RIOK3,ENSG00000101782,18,21032787,21066567,Tier 1,,,TRUE,""
RIPK1,ENSG00000137275,6,3064225,3115421,Tier 1,,,TRUE,""
RIPK2,ENSG00000104312,8,90769975,90803291,Tier 1,,,TRUE,""
RIPK3,ENSG00000129465,14,24805227,24809251,Tier 3B,,,TRUE,""
RIPK4,ENSG00000183421,21,43159529,43187266,Tier 1,,,TRUE,""
RLN1,ENSG00000107018,9,5334969,5339873,Tier 3B,,,TRUE,""
RLN2,ENSG00000107014,9,5299868,5304969,Tier 3B,,,TRUE,""
RLN3,ENSG00000171136,19,14138960,14141854,Tier 3A,,,TRUE,""
RNASE1,ENSG00000129538,14,21269387,21271437,Tier 3A,,,TRUE,""
RNASE10,ENSG00000182545,14,20973696,20979328,Tier 3A,,,TRUE,""
RNASE13,ENSG00000206150,14,21500979,21502944,Tier 3B,,,TRUE,""
RNASE2,ENSG00000169385,14,21423611,21424595,Tier 3B,,,TRUE,""
RNASE3,ENSG00000169397,14,21359558,21360507,Tier 3B,,,TRUE,""
RNASE4,ENSG00000258818,14,21152259,21168761,Tier 3B,,,TRUE,""
RNASE6,ENSG00000169413,14,21249210,21250626,Tier 3A,,,TRUE,""
RNASE7,ENSG00000165799,14,21510385,21512393,Tier 3B,,,TRUE,""
RNASE8,ENSG00000173431,14,21525981,21526614,Tier 3B,,,TRUE,""
RNASE9,ENSG00000188655,14,21024252,21029090,Tier 3A,,,TRUE,""
RNASEH1,ENSG00000171865,2,3592383,3606206,Tier 2,,,TRUE,""
RNASET2,ENSG00000026297,6,167342992,167370679,Tier 3A,,,TRUE,""
RNLS,ENSG00000184719,10,90033621,90344287,Tier 3A,,,TRUE,""
RNPEP,ENSG00000176393,1,201951500,201975275,Tier 2,,,TRUE,""
ROCK1,ENSG00000067900,18,18526867,18691812,Tier 1,,,TRUE,""
ROCK2,ENSG00000134318,2,11319887,11488456,Tier 1,,,TRUE,""
ROR1,ENSG00000185483,1,64239693,64647181,Tier 3B,,,TRUE,""
ROR2,ENSG00000169071,9,94325373,94712444,Tier 3B,,,TRUE,""
RORA,ENSG00000069667,15,60780483,61521518,Tier 3A,,,TRUE,""
RORB,ENSG00000198963,9,77112281,77308093,Tier 3B,,,TRUE,""
RORC,ENSG00000143365,1,151778547,151804348,Tier 1,,,TRUE,""
ROS1,ENSG00000047936,6,117609463,117747018,Tier 1,,,TRUE,""
RPN1,ENSG00000163902,3,128338817,128399918,Tier 3A,,,TRUE,""
RPN2,ENSG00000118705,20,35806813,35870022,Tier 3A,,,TRUE,""
RPS27,ENSG00000177954,1,153963235,153964626,Tier 2,,,TRUE,""
RPS6KA1,ENSG00000117676,1,26856252,26901521,Tier 1,,,TRUE,""
RPS6KA2,ENSG00000071242,6,166822852,167319939,Tier 1,,,TRUE,""
RPS6KA3,ENSG00000177189,X,20168029,20285523,Tier 1,,,TRUE,""
RPS6KA4,ENSG00000162302,11,64126620,64139687,Tier 1,,,TRUE,""
RPS6KA5,ENSG00000100784,14,91336799,91526980,Tier 1,,,TRUE,""
RPS6KA6,ENSG00000072133,X,83318984,83442933,Tier 1,,,TRUE,""
RPS6KB1,ENSG00000108443,17,57970447,58027925,Tier 1,,,TRUE,""
RPS6KB2,ENSG00000175634,11,67195931,67202872,Tier 2,,,TRUE,""
RPS6KL1,ENSG00000198208,14,75370657,75390099,Tier 3B,,,TRUE,""
RPTN,ENSG00000215853,1,152126071,152131704,Tier 3A,,,TRUE,""
RRH,ENSG00000180245,4,110749150,110765760,Tier 3A,,,TRUE,""
RRM1,ENSG00000167325,11,4115937,4160106,Tier 1,,,TRUE,""
RRM2,ENSG00000171848,2,10262455,10271545,Tier 1,,,TRUE,""
RRM2B,ENSG00000048392,8,103216730,103251346,Tier 3B,,,TRUE,""
RS1,ENSG00000102104,X,18658030,18690229,Tier 3B,,,TRUE,""
RSPO1,ENSG00000169218,1,38076951,38100595,Tier 3B,,,TRUE,""
RSPO2,ENSG00000147655,8,108911544,109095913,Tier 3B,,,TRUE,""
RSPO3,ENSG00000146374,6,127439749,127518910,Tier 3A,,,TRUE,""
RSPO4,ENSG00000101282,20,939095,982907,Tier 3B,,,TRUE,""
RTN3,ENSG00000133318,11,63448918,63527363,Tier 3B,,,TRUE,""
RTN4,ENSG00000115310,2,55199325,55339757,Tier 1,,,TRUE,""
RTN4R,ENSG00000040608,22,20228938,20270769,Tier 3A,,,TRUE,""
RTN4RL1,ENSG00000185924,17,1837971,1928639,Tier 3B,,,TRUE,""
RXFP1,ENSG00000171509,4,159236463,159574524,Tier 2,,,TRUE,""
RXFP2,ENSG00000133105,13,32313674,32377009,Tier 3B,,,TRUE,""
RXFP3,ENSG00000182631,5,33936491,33939023,Tier 3B,,,TRUE,""
RXFP4,ENSG00000173080,1,155911480,155912625,Tier 3B,,,TRUE,""
RXRA,ENSG00000186350,9,137208944,137332431,Tier 1,,,TRUE,""
RXRB,ENSG00000204231,6,33161365,33168630,Tier 1,,,TRUE,""
RXRG,ENSG00000143171,1,165370159,165414433,Tier 1,,,TRUE,""
RYK,ENSG00000163785,3,133784147,133969689,Tier 3B,,,TRUE,""
RYR1,ENSG00000196218,19,38924339,39078204,Tier 1,,,TRUE,""
RYR2,ENSG00000198626,1,237205505,237997288,Tier 2,,,TRUE,""
RYR3,ENSG00000198838,15,33603163,34158303,Tier 1,,,TRUE,""
S100A12,ENSG00000163221,1,153346184,153348125,Tier 3B,,,TRUE,""
S100A13,ENSG00000189171,1,153591263,153606568,Tier 3B,,,TRUE,""
S100A7,ENSG00000143556,1,153430220,153433177,Tier 3A,,,TRUE,""
S100A8,ENSG00000143546,1,153362508,153363664,Tier 3B,,,TRUE,""
S100A9,ENSG00000163220,1,153330330,153333503,Tier 3B,,,TRUE,""
S100B,ENSG00000160307,21,48018875,48025121,Tier 2,,,TRUE,""
S1PR1,ENSG00000170989,1,101702444,101707074,Tier 1,,,TRUE,""
S1PR2,ENSG00000267534,19,10334520,10341948,Tier 1,,,TRUE,""
S1PR3,ENSG00000213694,9,91606362,91619925,Tier 1,,,TRUE,""
S1PR4,ENSG00000125910,19,3172344,3180329,Tier 1,,,TRUE,""
S1PR5,ENSG00000180739,19,10623623,10628607,Tier 1,,,TRUE,""
SAA1,ENSG00000173432,11,18287721,18291524,Tier 3A,,,TRUE,""
SAA2,ENSG00000134339,11,18260770,18270190,Tier 3A,,,TRUE,""
SAA4,ENSG00000148965,11,18252896,18258440,Tier 3A,,,TRUE,""
SAE1,ENSG00000142230,19,47616531,47713886,Tier 2,,,TRUE,""
SAMD1,ENSG00000141858,19,14198652,14201848,Tier 3B,,,TRUE,""
SBK1,ENSG00000188322,16,28303840,28335170,Tier 2,,,TRUE,""
SBK2,ENSG00000187550,19,56041100,56048456,Tier 3B,,,TRUE,""
SBK3,ENSG00000231274,19,56052023,56056909,Tier 2,,,TRUE,""
SBSN,ENSG00000189001,19,36014269,36019253,Tier 3A,,,TRUE,""
SCARB1,ENSG00000073060,12,125261402,125367214,Tier 2,,,TRUE,""
SCD,ENSG00000099194,10,102106881,102124591,Tier 2,,,TRUE,""
SCD5,ENSG00000145284,4,83550692,83720010,Tier 2,,,TRUE,""
SCG2,ENSG00000171951,2,224461658,224467221,Tier 3A,,,TRUE,""
SCG3,ENSG00000104112,15,51973550,52013223,Tier 3A,,,TRUE,""
SCG5,ENSG00000166922,15,32933877,32989299,Tier 3A,,,TRUE,""
SCGB1A1,ENSG00000149021,11,62172575,62190667,Tier 3A,,,TRUE,""
SCGB1C1,ENSG00000188076,11,193080,194573,Tier 3A,,,TRUE,""
SCGB1D1,ENSG00000168515,11,61957688,61961011,Tier 3B,,,TRUE,""
SCGB1D2,ENSG00000124935,11,62009682,62012280,Tier 3B,,,TRUE,""
SCGB1D4,ENSG00000197745,11,62063754,62066536,Tier 3A,,,TRUE,""
SCGB2A1,ENSG00000124939,11,61976140,61981408,Tier 3B,,,TRUE,""
SCGB3A1,ENSG00000161055,5,180017103,180018540,Tier 3B,,,TRUE,""
SCGB3A2,ENSG00000164265,5,147250245,147261754,Tier 3A,,,TRUE,""
SCGN,ENSG00000079689,6,25652464,25702011,Tier 3A,,,TRUE,""
SCN10A,ENSG00000185313,3,38738293,38835501,Tier 1,,,TRUE,""
SCN11A,ENSG00000168356,3,38887260,38992052,Tier 1,,,TRUE,""
SCN1A,ENSG00000144285,2,166845670,166984523,Tier 1,,,TRUE,""
SCN1B,ENSG00000105711,19,35521588,35531352,Tier 3A,,,TRUE,""
SCN2A,ENSG00000136531,2,166095912,166248818,Tier 1,,,TRUE,""
SCN2B,ENSG00000149575,11,118032666,118047388,Tier 3B,,,TRUE,""
SCN3A,ENSG00000153253,2,165944032,166060577,Tier 1,,,TRUE,""
SCN3B,ENSG00000166257,11,123499895,123525952,Tier 3B,,,TRUE,""
SCN4A,ENSG00000007314,17,62015914,62050278,Tier 1,,,TRUE,""
SCN5A,ENSG00000183873,3,38589548,38691164,Tier 1,,,TRUE,""
SCN7A,ENSG00000136546,2,167260083,167350757,Tier 1,,,TRUE,""
SCN8A,ENSG00000196876,12,51984050,52206648,Tier 1,,,TRUE,""
SCN9A,ENSG00000169432,2,167051695,167232503,Tier 1,,,TRUE,""
SCNN1A,ENSG00000111319,12,6456009,6486896,Tier 1,,,TRUE,""
SCNN1B,ENSG00000168447,16,23289552,23392620,Tier 2,,,TRUE,""
SCNN1D,ENSG00000162572,1,1215816,1227409,Tier 3A,,,TRUE,""
SCNN1G,ENSG00000166828,16,23194036,23228204,Tier 2,,,TRUE,""
SCP2,ENSG00000116171,1,53392901,53517375,Tier 2,,,TRUE,""
SCPEP1,ENSG00000121064,17,55055466,55084129,Tier 3A,,,TRUE,""
SCRG1,ENSG00000164106,4,174305852,174327531,Tier 3B,,,TRUE,""
SCT,ENSG00000070031,11,626431,627143,Tier 3A,,,TRUE,""
SCTR,ENSG00000080293,2,120197419,120282070,Tier 1,,,TRUE,""
SCUBE1,ENSG00000159307,22,43593289,43739394,Tier 3A,,,TRUE,""
SCUBE2,ENSG00000175356,11,9041071,9159661,Tier 3A,,,TRUE,""
SCUBE3,ENSG00000146197,6,35182190,35220856,Tier 3B,,,TRUE,""
SCYL2,ENSG00000136021,12,100660918,100735502,Tier 3B,,,TRUE,""
SDC1,ENSG00000115884,2,20400558,20425194,Tier 1,,,TRUE,""
SDC2,ENSG00000169439,8,97505579,97624000,Tier 3B,,,TRUE,""
SDC4,ENSG00000124145,20,43953928,43977064,Tier 3A,,,TRUE,""
SDF2,ENSG00000132581,17,26975374,26989207,Tier 3B,,,TRUE,""
SDR42E1,ENSG00000184860,16,82031221,82045093,Tier 3B,,,TRUE,""
SDR42E2,ENSG00000183921,16,22177618,22203075,Tier 3B,,,TRUE,""
SECTM1,ENSG00000141574,17,80278900,80291950,Tier 3B,,,TRUE,""
SELE,ENSG00000007908,1,169691781,169733846,Tier 1,,,TRUE,""
SELL,ENSG00000188404,1,169659808,169680839,Tier 1,,,TRUE,""
SELP,ENSG00000174175,1,169558087,169599431,Tier 1,,,TRUE,""
SELPLG,ENSG00000110876,12,109015686,109027735,Tier 3A,,,TRUE,""
SEMA3A,ENSG00000075213,7,83585093,84122040,Tier 3A,,,TRUE,""
SEMA3C,ENSG00000075223,7,80371854,80551675,Tier 3A,,,TRUE,""
SEMA3D,ENSG00000153993,7,84624869,84816171,Tier 3B,,,TRUE,""
SEMA3E,ENSG00000170381,7,82993222,83278326,Tier 3B,,,TRUE,""
SEMA3F,ENSG00000001617,3,50192478,50226508,Tier 3B,,,TRUE,""
SEMA3G,ENSG00000010319,3,52467069,52479101,Tier 3A,,,TRUE,""
SEMA4B,ENSG00000185033,15,90703836,90772911,Tier 3B,,,TRUE,""
SEMA4D,ENSG00000187764,9,91975702,92113045,Tier 3A,,,TRUE,""
SEMA6B,ENSG00000167680,19,4542600,4559820,Tier 3B,,,TRUE,""
SEMA7A,ENSG00000138623,15,74701630,74726808,Tier 3A,,,TRUE,""
SEMG1,ENSG00000124233,20,43835638,43838413,Tier 3B,,,TRUE,""
SEMG2,ENSG00000124157,20,43849941,43853099,Tier 3B,,,TRUE,""
SENP6,ENSG00000112701,6,76311225,76427997,Tier 2,,,TRUE,""
SENP7,ENSG00000138468,3,101043049,101232085,Tier 2,,,TRUE,""
SENP8,ENSG00000166192,15,72406599,72433311,Tier 2,,,TRUE,""
SEPP1,ENSG00000250722,5,42799982,42887494,Tier 3B,,,TRUE,""
SERPINA1,ENSG00000197249,14,94843084,94857030,Tier 3A,,,TRUE,""
SERPINA10,ENSG00000140093,14,94749650,94759608,Tier 3A,,,TRUE,""
SERPINA11,ENSG00000186910,14,94908801,94919127,Tier 3B,,,TRUE,""
SERPINA12,ENSG00000165953,14,94953611,94984181,Tier 3A,,,TRUE,""
SERPINA3,ENSG00000196136,14,95078714,95090392,Tier 3A,,,TRUE,""
SERPINA4,ENSG00000100665,14,95027428,95036250,Tier 3A,,,TRUE,""
SERPINA5,ENSG00000188488,14,95027779,95059457,Tier 3A,,,TRUE,""
SERPINA6,ENSG00000170099,14,94770585,94789731,Tier 3A,,,TRUE,""
SERPINA7,ENSG00000123561,X,105277197,105282729,Tier 1,,,TRUE,""
SERPINA9,ENSG00000170054,14,94929054,94946026,Tier 3A,,,TRUE,""
SERPINB1,ENSG00000021355,6,2832566,2842240,Tier 3B,,,TRUE,""
SERPINB10,ENSG00000242550,18,61564408,61603345,Tier 3B,,,TRUE,""
SERPINB11,ENSG00000206072,18,61314813,61391127,Tier 3B,,,TRUE,""
SERPINB12,ENSG00000166634,18,61223393,61234244,Tier 3B,,,TRUE,""
SERPINB13,ENSG00000197641,18,61254223,61271873,Tier 3B,,,TRUE,""
SERPINB2,ENSG00000197632,18,61538926,61571124,Tier 3B,,,TRUE,""
SERPINB3,ENSG00000057149,18,61322431,61329197,Tier 3B,,,TRUE,""
SERPINB4,ENSG00000206073,18,61304493,61311532,Tier 3B,,,TRUE,""
SERPINB5,ENSG00000206075,18,61143994,61172318,Tier 3B,,,TRUE,""
SERPINB6,ENSG00000124570,6,2948393,2972090,Tier 3B,,,TRUE,""
SERPINB7,ENSG00000166396,18,61420169,61472604,Tier 3B,,,TRUE,""
SERPINB8,ENSG00000166401,18,61637159,61672278,Tier 3B,,,TRUE,""
SERPINB9,ENSG00000170542,6,2887500,2903514,Tier 3B,,,TRUE,""
SERPINC1,ENSG00000117601,1,173872947,173886516,Tier 1,,,TRUE,""
SERPIND1,ENSG00000099937,22,21128167,21142008,Tier 3B,,,TRUE,""
SERPINE1,ENSG00000106366,7,100770370,100782547,Tier 2,,,TRUE,""
SERPINE2,ENSG00000135919,2,224839829,224904036,Tier 3B,,,TRUE,""
SERPINE3,ENSG00000253309,13,51909909,51938871,Tier 3B,,,TRUE,""
SERPINF1,ENSG00000132386,17,1665253,1680868,Tier 3A,,,TRUE,""
SERPINF2,ENSG00000167711,17,1646130,1658562,Tier 3A,,,TRUE,""
SERPING1,ENSG00000149131,11,57364860,57382326,Tier 3A,,,TRUE,""
SERPINI1,ENSG00000163536,3,167453031,167543356,Tier 3B,,,TRUE,""
SERPINI2,ENSG00000114204,3,167159577,167196792,Tier 3B,,,TRUE,""
SEZ6L2,ENSG00000174938,16,29882480,29910868,Tier 3A,,,TRUE,""
SF3B3,ENSG00000189091,16,70557691,70608820,Tier 1,,,TRUE,""
SFN,ENSG00000175793,1,27189633,27190947,Tier 3B,,,TRUE,""
SFRP1,ENSG00000104332,8,41119481,41167016,Tier 2,,,TRUE,""
SFRP2,ENSG00000145423,4,154701744,154710272,Tier 3A,,,TRUE,""
SFRP4,ENSG00000106483,7,37945543,38065297,Tier 3A,,,TRUE,""
SFRP5,ENSG00000120057,10,99526508,99531709,Tier 3B,,,TRUE,""
SFTA2,ENSG00000196260,6,30899130,30899952,Tier 3A,,,TRUE,""
SFTPA1,ENSG00000122852,10,81370695,81375196,Tier 3B,,,TRUE,""
SFTPA2,ENSG00000185303,10,81315608,81320153,Tier 3B,,,TRUE,""
SFTPB,ENSG00000168878,2,85884437,85895864,Tier 3B,,,TRUE,""
SFTPC,ENSG00000168484,8,22014426,22021992,Tier 3A,,,TRUE,""
SFTPD,ENSG00000133661,10,81697496,81742370,Tier 3A,,,TRUE,""
SGK1,ENSG00000118515,6,134490384,134639250,Tier 2,,,TRUE,""
SGK2,ENSG00000101049,20,42187608,42216877,Tier 2,,,TRUE,""
SGK3,ENSG00000104205,8,67624653,67774257,Tier 1,,,TRUE,""
SGSH,ENSG00000181523,17,78180515,78194722,Tier 3A,,,TRUE,""
SHBG,ENSG00000129214,17,7517382,7536700,Tier 1,,,TRUE,""
SHH,ENSG00000164690,7,155592680,155604967,Tier 1,,,TRUE,""
SHISA2,ENSG00000180730,13,26618735,26625169,Tier 3B,,,TRUE,""
SI,ENSG00000090402,3,164696686,164796283,Tier 1,,,TRUE,""
SIAE,ENSG00000110013,11,124503009,124565603,Tier 3A,,,TRUE,""
SIDT2,ENSG00000149577,11,117049449,117068160,Tier 3A,,,TRUE,""
SIGLEC1,ENSG00000088827,20,3667617,3687775,Tier 3B,,,TRUE,""
SIGLEC10,ENSG00000142512,19,51913275,51921057,Tier 3B,,,TRUE,""
SIGLEC11,ENSG00000161640,19,50452242,50464429,Tier 3B,,,TRUE,""
SIGLEC12,ENSG00000254521,19,51994611,52005043,Tier 3B,,,TRUE,""
SIGLEC5,ENSG00000105501,19,52114781,52150151,Tier 2,,,TRUE,""
SIGLEC6,ENSG00000105492,19,52022779,52035110,Tier 2,,,TRUE,""
SIGLEC7,ENSG00000168995,19,51645556,51656783,Tier 3B,,,TRUE,""
SIGLEC8,ENSG00000105366,19,51954101,51961710,Tier 3B,,,TRUE,""
SIGLEC9,ENSG00000129450,19,51628165,51639908,Tier 2,,,TRUE,""
SIGMAR1,ENSG00000147955,9,34634719,34637806,Tier 1,,,TRUE,""
SIK1,ENSG00000142178,21,44834395,44847008,Tier 1,,,TRUE,""
SIK2,ENSG00000170145,11,111473115,111601577,Tier 1,,,TRUE,""
SIK3,ENSG00000160584,11,116714118,116969153,Tier 1,,,TRUE,""
SIRPA,ENSG00000198053,20,1875154,1920543,Tier 3A,,,TRUE,""
SIRPB1,ENSG00000101307,20,1544167,1600707,Tier 3A,,,TRUE,""
SIRPG,ENSG00000089012,20,1609798,1638425,Tier 3A,,,TRUE,""
SIRT1,ENSG00000096717,10,69644427,69678147,Tier 1,,,TRUE,""
SIRT2,ENSG00000068903,19,39369197,39390502,Tier 2,,,TRUE,""
SIRT3,ENSG00000142082,11,215458,236931,Tier 2,,,TRUE,""
SLAMF1,ENSG00000117090,1,160577890,160617085,Tier 3A,,,TRUE,""
SLAMF6,ENSG00000162739,1,160454820,160493052,Tier 3A,,,TRUE,""
SLAMF7,ENSG00000026751,1,160709037,160724611,Tier 1,,,TRUE,""
SLAMF8,ENSG00000158714,1,159796540,159807039,Tier 3A,,,TRUE,""
SLC10A1,ENSG00000100652,14,70242134,70264006,Tier 1,,,TRUE,""
SLC10A2,ENSG00000125255,13,103696350,103719196,Tier 1,,,TRUE,""
SLC11A2,ENSG00000110911,12,51373184,51422349,Tier 2,,,TRUE,""
SLC12A1,ENSG00000074803,15,48483861,48596275,Tier 1,,,TRUE,""
SLC12A2,ENSG00000064651,5,127419458,127525380,Tier 2,,,TRUE,""
SLC12A3,ENSG00000070915,16,56899119,56949762,Tier 1,,,TRUE,""
SLC12A4,ENSG00000124067,16,67977377,68003504,Tier 3A,,,TRUE,""
SLC12A5,ENSG00000124140,20,44650356,44688784,Tier 2,,,TRUE,""
SLC12A6,ENSG00000140199,15,34525460,34630261,Tier 3B,,,TRUE,""
SLC12A7,ENSG00000113504,5,1050499,1112150,Tier 3B,,,TRUE,""
SLC12A9,ENSG00000146828,7,100424442,100464631,Tier 3B,,,TRUE,""
SLC13A1,ENSG00000081800,7,122753585,122840040,Tier 1,,,TRUE,""
SLC13A2,ENSG00000007216,17,26800311,26824799,Tier 1,,,TRUE,""
SLC13A3,ENSG00000158296,20,45186463,45304714,Tier 1,,,TRUE,""
SLC15A1,ENSG00000088386,13,99336055,99404908,Tier 1,,,TRUE,""
SLC15A2,ENSG00000163406,3,121612936,121662949,Tier 1,,,TRUE,""
SLC16A1,ENSG00000155380,1,113454469,113499635,Tier 1,,,TRUE,""
SLC18A1,ENSG00000036565,8,20002366,20040717,Tier 2,,,TRUE,""
SLC18A2,ENSG00000165646,10,119000604,119038941,Tier 1,,,TRUE,""
SLC18A3,ENSG00000187714,10,50818347,50820765,Tier 2,,,TRUE,""
SLC19A1,ENSG00000173638,21,46913486,46964325,Tier 1,,,TRUE,""
SLC1A1,ENSG00000106688,9,4490444,4587469,Tier 1,,,TRUE,""
SLC1A2,ENSG00000110436,11,35272753,35441610,Tier 2,,,TRUE,""
SLC1A3,ENSG00000079215,5,36606457,36688436,Tier 2,,,TRUE,""
SLC1A6,ENSG00000105143,19,15060846,15133802,Tier 2,,,TRUE,""
SLC1A7,ENSG00000162383,1,53552855,53608289,Tier 2,,,TRUE,""
SLC22A1,ENSG00000175003,6,160542821,160579750,Tier 1,,,TRUE,""
SLC22A10,ENSG00000184999,11,62905339,63137190,Tier 1,,,TRUE,""
SLC22A11,ENSG00000168065,11,64323098,64340347,Tier 1,,,TRUE,""
SLC22A12,ENSG00000197891,11,64358113,64369820,Tier 1,,,TRUE,""
SLC22A13,ENSG00000172940,3,38307303,38319806,Tier 1,,,TRUE,""
SLC22A14,ENSG00000144671,3,38323785,38360066,Tier 1,,,TRUE,""
SLC22A15,ENSG00000163393,1,116519119,116612675,Tier 1,,,TRUE,""
SLC22A16,ENSG00000004809,6,110745890,110797844,Tier 1,,,TRUE,""
SLC22A17,ENSG00000092096,14,23815515,23822121,Tier 1,,,TRUE,""
SLC22A18,ENSG00000110628,11,2920951,2946476,Tier 1,,,TRUE,""
SLC22A2,ENSG00000112499,6,160592093,160698670,Tier 1,,,TRUE,""
SLC22A24,ENSG00000197658,11,62847412,62911693,Tier 3B,,,TRUE,""
SLC22A25,ENSG00000196600,11,62931248,62997124,Tier 3B,,,TRUE,""
SLC22A3,ENSG00000146477,6,160769300,160876014,Tier 1,,,TRUE,""
SLC22A31,ENSG00000259803,16,89262406,89268072,Tier 3B,,,TRUE,""
SLC22A4,ENSG00000197208,5,131630136,131679899,Tier 1,,,TRUE,""
SLC22A5,ENSG00000197375,5,131705444,131731306,Tier 1,,,TRUE,""
SLC22A6,ENSG00000197901,11,62703857,62752455,Tier 1,,,TRUE,""
SLC22A7,ENSG00000137204,6,43263432,43273276,Tier 1,,,TRUE,""
SLC22A8,ENSG00000149452,11,62756626,62783311,Tier 1,,,TRUE,""
SLC22A9,ENSG00000149742,11,63137261,63177766,Tier 1,,,TRUE,""
SLC24A1,ENSG00000074621,15,65903704,65953333,Tier 3B,,,TRUE,""
SLC27A1,ENSG00000130304,19,17579578,17616977,Tier 1,,,TRUE,""
SLC27A4,ENSG00000167114,9,131102925,131123749,Tier 2,,,TRUE,""
SLC28A1,ENSG00000156222,15,85427885,85518876,Tier 1,,,TRUE,""
SLC28A2,ENSG00000137860,15,45544428,45568149,Tier 1,,,TRUE,""
SLC28A3,ENSG00000197506,9,86890372,86955672,Tier 1,,,TRUE,""
SLC29A1,ENSG00000112759,6,44187242,44201888,Tier 1,,,TRUE,""
SLC29A2,ENSG00000174669,11,66129992,66139685,Tier 1,,,TRUE,""
SLC29A3,ENSG00000198246,10,73079015,73123142,Tier 3B,,,TRUE,""
SLC2A1,ENSG00000117394,1,43391052,43424530,Tier 2,,,TRUE,""
SLC2A4,ENSG00000181856,17,7184986,7191576,Tier 1,,,TRUE,""
SLC2A5,ENSG00000142583,1,9095166,9148537,Tier 1,,,TRUE,""
SLC34A2,ENSG00000157765,4,25656923,25680370,Tier 1,,,TRUE,""
SLC39A5,ENSG00000139540,12,56623833,56631630,Tier 3B,,,TRUE,""
SLC39A6,ENSG00000141424,18,33688495,33709348,Tier 3B,,,TRUE,""
SLC3A2,ENSG00000168003,11,62623518,62656352,Tier 3B,,,TRUE,""
SLC40A1,ENSG00000138449,2,190425305,190448484,Tier 1,,,TRUE,""
SLC41A2,ENSG00000136052,12,105196331,105352522,Tier 3B,,,TRUE,""
SLC44A1,ENSG00000070214,9,108006903,108201452,Tier 3B,,,TRUE,""
SLC44A4,ENSG00000204385,6,31830969,31846823,Tier 1,,,TRUE,""
SLC47A1,ENSG00000142494,17,19398698,19482347,Tier 1,,,TRUE,""
SLC47A2,ENSG00000180638,17,19581601,19622292,Tier 1,,,TRUE,""
SLC4A1,ENSG00000004939,17,42325753,42345509,Tier 3A,,,TRUE,""
SLC4A3,ENSG00000114923,2,220492049,220506702,Tier 3B,,,TRUE,""
SLC5A1,ENSG00000100170,22,32439019,32509016,Tier 1,,,TRUE,""
SLC5A10,ENSG00000154025,17,18853658,18925908,Tier 2,,,TRUE,""
SLC5A11,ENSG00000158865,16,24857162,24922949,Tier 2,,,TRUE,""
SLC5A2,ENSG00000140675,16,31494323,31502181,Tier 1,,,TRUE,""
SLC5A3,ENSG00000198743,21,35445870,35478559,Tier 2,,,TRUE,""
SLC5A4,ENSG00000100191,22,32614465,32651328,Tier 1,,,TRUE,""
SLC5A6,ENSG00000138074,2,27422455,27435826,Tier 1,,,TRUE,""
SLC5A7,ENSG00000115665,2,108602979,108630450,Tier 2,,,TRUE,""
SLC5A9,ENSG00000117834,1,48688357,48714316,Tier 2,,,TRUE,""
SLC6A1,ENSG00000157103,3,11034410,11080933,Tier 1,,,TRUE,""
SLC6A11,ENSG00000132164,3,10857885,10982419,Tier 2,,,TRUE,""
SLC6A12,ENSG00000111181,12,299243,323736,Tier 3B,,,TRUE,""
SLC6A13,ENSG00000010379,12,329789,372039,Tier 2,,,TRUE,""
SLC6A14,ENSG00000087916,X,115567790,115592625,Tier 3B,,,TRUE,""
SLC6A15,ENSG00000072041,12,85253492,85307394,Tier 3B,,,TRUE,""
SLC6A16,ENSG00000063127,19,49792895,49828482,Tier 3B,,,TRUE,""
SLC6A17,ENSG00000197106,1,110693108,110744824,Tier 3B,,,TRUE,""
SLC6A18,ENSG00000164363,5,1225470,1246304,Tier 3B,,,TRUE,""
SLC6A19,ENSG00000174358,5,1201710,1225232,Tier 3B,,,TRUE,""
SLC6A2,ENSG00000103546,16,55689516,55740104,Tier 1,,,TRUE,""
SLC6A20,ENSG00000163817,3,45796942,45838027,Tier 3B,,,TRUE,""
SLC6A3,ENSG00000142319,5,1392909,1445545,Tier 1,,,TRUE,""
SLC6A4,ENSG00000108576,17,28521337,28563020,Tier 1,,,TRUE,""
SLC6A5,ENSG00000165970,11,20620946,20680831,Tier 2,,,TRUE,""
SLC6A6,ENSG00000131389,3,14444076,14530857,Tier 1,,,TRUE,""
SLC6A7,ENSG00000011083,5,149569520,149602351,Tier 3A,,,TRUE,""
SLC6A8,ENSG00000130821,X,152953554,152962048,Tier 2,,,TRUE,""
SLC6A9,ENSG00000196517,1,44457172,44497139,Tier 1,,,TRUE,""
SLC7A5,ENSG00000103257,16,87863629,87903094,Tier 1,,,TRUE,""
SLC7A7,ENSG00000155465,14,23242431,23299029,Tier 1,,,TRUE,""
SLC7A8,ENSG00000092068,14,23594504,23652883,Tier 1,,,TRUE,""
SLC9A1,ENSG00000090020,1,27425306,27493472,Tier 1,,,TRUE,""
SLC9A3,ENSG00000066230,5,473425,524447,Tier 1,,,TRUE,""
SLCO1A2,ENSG00000084453,12,21417534,21572528,Tier 1,,,TRUE,""
SLCO1B1,ENSG00000134538,12,21284136,21392180,Tier 1,,,TRUE,""
SLCO1B3,ENSG00000111700,12,20963636,21243040,Tier 1,,,TRUE,""
SLCO1C1,ENSG00000139155,12,20848289,20906320,Tier 1,,,TRUE,""
SLCO2A1,ENSG00000174640,3,133651540,133771028,Tier 1,,,TRUE,""
SLCO2B1,ENSG00000137491,11,74811608,74917594,Tier 1,,,TRUE,""
SLCO3A1,ENSG00000176463,15,92396925,92715665,Tier 1,,,TRUE,""
SLCO4A1,ENSG00000101187,20,61273797,61317137,Tier 1,,,TRUE,""
SLCO4C1,ENSG00000173930,5,101569690,101632253,Tier 1,,,TRUE,""
SLCO5A1,ENSG00000137571,8,70579282,70747299,Tier 1,,,TRUE,""
SLCO6A1,ENSG00000205359,5,101707486,101834720,Tier 1,,,TRUE,""
SLIT1,ENSG00000187122,10,98757795,98945677,Tier 3A,,,TRUE,""
SLIT2,ENSG00000145147,4,20254883,20622184,Tier 3A,,,TRUE,""
SLIT3,ENSG00000184347,5,168088745,168728133,Tier 3A,,,TRUE,""
SLITRK4,ENSG00000179542,X,142710596,142723596,Tier 3B,,,TRUE,""
SLK,ENSG00000065613,10,105726959,105788991,Tier 1,,,TRUE,""
SLPI,ENSG00000124107,20,43880880,43883205,Tier 3B,,,TRUE,""
SLURP1,ENSG00000126233,8,143822362,143823829,Tier 3B,,,TRUE,""
SMAD3,ENSG00000166949,15,67356101,67487533,Tier 2,,,TRUE,""
SMC3,ENSG00000108055,10,112327449,112364394,Tier 3B,,,TRUE,""
SMG1,ENSG00000157106,16,18816175,18937776,Tier 2,,,TRUE,""
SMN1,ENSG00000172062,5,70220768,70249769,Tier 1,,,TRUE,""
SMN2,ENSG00000205571,5,69345350,69374349,Tier 1,,,TRUE,""
SMO,ENSG00000128602,7,128828713,128853386,Tier 1,,,TRUE,""
SMOC1,ENSG00000198732,14,70320848,70499083,Tier 3A,,,TRUE,""
SMOC2,ENSG00000112562,6,168841831,169073984,Tier 3A,,,TRUE,""
SMPD1,ENSG00000166311,11,6411655,6416228,Tier 3B,,,TRUE,""
SMPD2,ENSG00000135587,6,109761966,109765122,Tier 2,,,TRUE,""
SMPDL3A,ENSG00000172594,6,123110315,123130865,Tier 3B,,,TRUE,""
SMPDL3B,ENSG00000130768,1,28261504,28285668,Tier 3B,,,TRUE,""
SMR3A,ENSG00000109208,4,71226478,71232875,Tier 3B,,,TRUE,""
SMR3B,ENSG00000171201,4,71235810,71255961,Tier 3B,,,TRUE,""
SMS,ENSG00000102172,X,21958691,22025798,Tier 2,,,TRUE,""
SNAP23,ENSG00000092531,15,42783431,42837547,Tier 2,,,TRUE,""
SNAP25,ENSG00000132639,20,10199478,10288066,Tier 1,,,TRUE,""
SNAP29,ENSG00000099940,22,21213271,21245506,Tier 3B,,,TRUE,""
SNCA,ENSG00000145335,4,90645250,90759466,Tier 2,,,TRUE,""
SNRK,ENSG00000163788,3,43328004,43466256,Tier 2,,,TRUE,""
SOAT1,ENSG00000057252,1,179262925,179327815,Tier 2,,,TRUE,""
SOAT2,ENSG00000167780,12,53497302,53518322,Tier 2,,,TRUE,""
SOD1,ENSG00000142168,21,33031935,33041244,Tier 1,,,TRUE,""
SOD2,ENSG00000112096,6,160090089,160183561,Tier 1,,,TRUE,""
SOD3,ENSG00000109610,4,24791534,24802464,Tier 1,,,TRUE,""
SOGA1,ENSG00000149639,20,35405845,35492089,Tier 3B,,,TRUE,""
SORD,ENSG00000140263,15,45315302,45369383,Tier 2,,,TRUE,""
SOST,ENSG00000167941,17,41831099,41836156,Tier 1,,,TRUE,""
SOSTDC1,ENSG00000171243,7,16501106,16570205,Tier 3A,,,TRUE,""
SPACA3,ENSG00000141316,17,31297394,31324895,Tier 3B,,,TRUE,""
SPACA5,ENSG00000171489,X,47863734,47869126,Tier 3B,,,TRUE,""
SPACA5B,ENSG00000171478,X,47990039,47991995,Tier 3B,,,TRUE,""
SPAG11A,ENSG00000178287,8,7705398,7726389,Tier 3B,,,TRUE,""
SPAG11B,ENSG00000164871,8,7300206,7321196,Tier 3B,,,TRUE,""
SPAM1,ENSG00000106304,7,123565286,123611468,Tier 3B,,,TRUE,""
SPARC,ENSG00000113140,5,151040657,151066726,Tier 3B,,,TRUE,""
SPARCL1,ENSG00000152583,4,88394487,88452213,Tier 3B,,,TRUE,""
SPEG,ENSG00000072195,2,220299568,220363009,Tier 3B,,,TRUE,""
SPHK1,ENSG00000176170,17,74372665,74383941,Tier 2,,,TRUE,""
SPINK1,ENSG00000164266,5,147204131,147211349,Tier 3A,,,TRUE,""
SPINK2,ENSG00000128040,4,57676026,57687908,Tier 3B,,,TRUE,""
SPINK4,ENSG00000122711,9,33218363,33248565,Tier 3A,,,TRUE,""
SPINK5,ENSG00000133710,5,147405246,147516852,Tier 3B,,,TRUE,""
SPINK6,ENSG00000178172,5,147582357,147594700,Tier 3B,,,TRUE,""
SPINK9,ENSG00000204909,5,147700766,147719412,Tier 3B,,,TRUE,""
SPINT1,ENSG00000166145,15,41136216,41150405,Tier 3A,,,TRUE,""
SPINT2,ENSG00000167642,19,38734675,38783254,Tier 3A,,,TRUE,""
SPINT3,ENSG00000101446,20,44141101,44144264,Tier 3A,,,TRUE,""
SPINT4,ENSG00000149651,20,44350990,44354469,Tier 3B,,,TRUE,""
SPN,ENSG00000197471,16,29674300,29682187,Tier 3B,,,TRUE,""
SPOCK1,ENSG00000152377,5,136310987,136934068,Tier 3B,,,TRUE,""
SPOCK2,ENSG00000107742,10,73818793,73848790,Tier 3A,,,TRUE,""
SPOCK3,ENSG00000196104,4,167654535,168155947,Tier 3A,,,TRUE,""
SPON2,ENSG00000159674,4,1160720,1202750,Tier 3B,,,TRUE,""
SPP1,ENSG00000118785,4,88896819,88904562,Tier 1,,,TRUE,""
SPP2,ENSG00000072080,2,234959323,234985778,Tier 3B,,,TRUE,""
SQLE,ENSG00000104549,8,126010739,126034525,Tier 1,,,TRUE,""
SRC,ENSG00000197122,20,35973088,36034453,Tier 1,,,TRUE,""
SRD5A1,ENSG00000145545,5,6633456,6669675,Tier 1,,,TRUE,""
SRD5A2,ENSG00000049319,2,31747550,31806136,Tier 1,,,TRUE,""
SRD5A3,ENSG00000128039,4,56212276,56239263,Tier 1,,,TRUE,""
SREBF2,ENSG00000198911,22,42229109,42303312,Tier 2,,,TRUE,""
SRGN,ENSG00000122862,10,70847862,70864567,Tier 3B,,,TRUE,""
SRM,ENSG00000116649,1,11114641,11120081,Tier 2,,,TRUE,""
SRMS,ENSG00000125508,20,62172163,62178857,Tier 1,,,TRUE,""
SRPK1,ENSG00000096063,6,35800743,35889119,Tier 1,,,TRUE,""
SRPK2,ENSG00000135250,7,104751151,105039755,Tier 1,,,TRUE,""
SRPK3,ENSG00000184343,X,153041867,153051187,Tier 1,,,TRUE,""
SRPX2,ENSG00000102359,X,99899215,99926296,Tier 3B,,,TRUE,""
SSR1,ENSG00000124783,6,7268539,7347679,Tier 3A,,,TRUE,""
SSR2,ENSG00000163479,1,155978839,155990750,Tier 3A,,,TRUE,""
SST,ENSG00000157005,3,187386694,187388187,Tier 1,,,TRUE,""
SSTR1,ENSG00000139874,14,38677204,38682272,Tier 1,,,TRUE,""
SSTR2,ENSG00000180616,17,71161151,71167185,Tier 1,,,TRUE,""
SSTR3,ENSG00000183473,22,37600278,37608362,Tier 1,,,TRUE,""
SSTR4,ENSG00000132671,20,23016057,23017314,Tier 1,,,TRUE,""
SSTR5,ENSG00000162009,16,1122756,1131454,Tier 1,,,TRUE,""
ST14,ENSG00000149418,11,130029457,130080271,Tier 2,,,TRUE,""
ST3GAL1,ENSG00000008513,8,134467091,134584183,Tier 3B,,,TRUE,""
ST3GAL2,ENSG00000157350,16,70413338,70473140,Tier 3A,,,TRUE,""
ST3GAL3,ENSG00000126091,1,44171495,44396831,Tier 3A,,,TRUE,""
ST3GAL4,ENSG00000110080,11,126225535,126310239,Tier 3A,,,TRUE,""
ST6GAL1,ENSG00000073849,3,186648274,186796341,Tier 3A,,,TRUE,""
STAT1,ENSG00000115415,2,191829084,191885686,Tier 2,,,TRUE,""
STAT3,ENSG00000168610,17,40465342,40540586,Tier 1,,,TRUE,""
STAT5A,ENSG00000126561,17,40439565,40463961,Tier 2,,,TRUE,""
STAT5B,ENSG00000173757,17,40351186,40428725,Tier 2,,,TRUE,""
STAT6,ENSG00000166888,12,57489191,57525922,Tier 2,,,TRUE,""
STATH,ENSG00000126549,4,70861647,70868287,Tier 3B,,,TRUE,""
STC1,ENSG00000159167,8,23699428,23712320,Tier 3A,,,TRUE,""
STEAP1,ENSG00000164647,7,89783689,89794143,Tier 1,,,TRUE,""
STIM2,ENSG00000109689,4,26859300,27027003,Tier 3A,,,TRUE,""
STK10,ENSG00000072786,5,171469077,171615390,Tier 1,,,TRUE,""
STK11,ENSG00000118046,19,1189406,1228428,Tier 1,,,TRUE,""
STK16,ENSG00000115661,2,220110177,220115059,Tier 1,,,TRUE,""
STK17A,ENSG00000164543,7,43622357,43666385,Tier 1,,,TRUE,""
STK17B,ENSG00000081320,2,196998290,197041227,Tier 1,,,TRUE,""
STK24,ENSG00000102572,13,99102455,99230194,Tier 1,,,TRUE,""
STK25,ENSG00000115694,2,242432089,242449145,Tier 1,,,TRUE,""
STK3,ENSG00000104375,8,99413631,99955055,Tier 1,,,TRUE,""
STK32A,ENSG00000169302,5,146614526,146767415,Tier 2,,,TRUE,""
STK32B,ENSG00000152953,4,5053169,5502725,Tier 2,,,TRUE,""
STK32C,ENSG00000165752,10,134020996,134145351,Tier 2,,,TRUE,""
STK33,ENSG00000130413,11,8413418,8615836,Tier 1,,,TRUE,""
STK35,ENSG00000125834,20,2082257,2157684,Tier 1,,,TRUE,""
STK36,ENSG00000163482,2,219536749,219567439,Tier 2,,,TRUE,""
STK38,ENSG00000112079,6,36461669,36515247,Tier 2,,,TRUE,""
STK38L,ENSG00000211455,12,27396901,27478892,Tier 2,,,TRUE,""
STK39,ENSG00000198648,2,168810530,169104651,Tier 2,,,TRUE,""
STK4,ENSG00000101109,20,43595115,43708600,Tier 1,,,TRUE,""
STK40,ENSG00000196182,1,36805225,36851497,Tier 3B,,,TRUE,""
STS,ENSG00000101846,X,7137497,7272851,Tier 1,,,TRUE,""
STX1A,ENSG00000106089,7,73113536,73134002,Tier 3B,,,TRUE,""
STYK1,ENSG00000060140,12,10771538,10826917,Tier 3B,,,TRUE,""
SUCNR1,ENSG00000198829,3,151591431,151602405,Tier 2,,,TRUE,""
SULF1,ENSG00000137573,8,70378859,70573150,Tier 1,,,TRUE,""
SULT1A1,ENSG00000196502,16,28616903,28634946,Tier 1,,,TRUE,""
SULT1A2,ENSG00000197165,16,28603264,28608430,Tier 1,,,TRUE,""
SULT1A3,ENSG00000261052,16,30205754,30215631,Tier 1,,,TRUE,""
SULT1B1,ENSG00000173597,4,70586880,70653679,Tier 1,,,TRUE,""
SULT1C2,ENSG00000198203,2,108905095,108926371,Tier 1,,,TRUE,""
SULT1E1,ENSG00000109193,4,70676498,70725870,Tier 1,,,TRUE,""
SULT2A1,ENSG00000105398,19,48373723,48389654,Tier 1,,,TRUE,""
SULT2B1,ENSG00000088002,19,49055332,49102682,Tier 1,,,TRUE,""
SULT4A1,ENSG00000130540,22,44220389,44258398,Tier 1,,,TRUE,""
SUMF1,ENSG00000144455,3,3742498,4508965,Tier 3A,,,TRUE,""
SUV39H1,ENSG00000101945,X,48553945,48567403,Tier 2,,,TRUE,""
SV2A,ENSG00000159164,1,149874870,149889434,Tier 1,,,TRUE,""
SV2B,ENSG00000185518,15,91643180,91844539,Tier 2,,,TRUE,""
SV2C,ENSG00000122012,5,75378997,75649764,Tier 2,,,TRUE,""
SVOP,ENSG00000166111,12,109304658,109459045,Tier 3B,,,TRUE,""
SVOPL,ENSG00000157703,7,138279030,138386097,Tier 3B,,,TRUE,""
SYCN,ENSG00000179751,19,39693471,39694906,Tier 3A,,,TRUE,""
SYK,ENSG00000165025,9,93564069,93660831,Tier 1,,,TRUE,""
SYT15,ENSG00000204176,10,46955444,46971400,Tier 3B,,,TRUE,""
TAAR1,ENSG00000146399,6,132966123,132967142,Tier 1,,,TRUE,""
TAAR2,ENSG00000146378,6,132938161,132945414,Tier 3B,,,TRUE,""
TAAR5,ENSG00000135569,6,132909731,132910877,Tier 3B,,,TRUE,""
TAAR6,ENSG00000146383,6,132891461,132892498,Tier 3B,,,TRUE,""
TAAR8,ENSG00000146385,6,132873832,132874860,Tier 3B,,,TRUE,""
TAAR9,ENSG00000237110,6,132859429,132860470,Tier 3B,,,TRUE,""
TAB1,ENSG00000100324,22,39795746,39833065,Tier 2,,,TRUE,""
TAC1,ENSG00000006128,7,97361220,97369784,Tier 3B,,,TRUE,""
TAC3,ENSG00000166863,12,57403784,57422667,Tier 3B,,,TRUE,""
TAC4,ENSG00000176358,17,47915671,47925379,Tier 3B,,,TRUE,""
TACR1,ENSG00000115353,2,75273590,75426826,Tier 1,,,TRUE,""
TACR2,ENSG00000075073,10,71163659,71176623,Tier 1,,,TRUE,""
TACR3,ENSG00000169836,4,104507188,104640973,Tier 1,,,TRUE,""
TAF1A,ENSG00000143498,1,222731244,222763275,Tier 1,,,TRUE,""
TAOK1,ENSG00000160551,17,27717482,27878922,Tier 1,,,TRUE,""
TAOK2,ENSG00000149930,16,29984962,30003582,Tier 2,,,TRUE,""
TAOK3,ENSG00000135090,12,118587606,118810750,Tier 1,,,TRUE,""
TAPBPL,ENSG00000139192,12,6560856,6575683,Tier 3A,,,TRUE,""
TARS,ENSG00000113407,5,33440802,33469644,Tier 2,,,TRUE,""
TAS1R1,ENSG00000173662,1,6615241,6639817,Tier 3B,,,TRUE,""
TAS1R2,ENSG00000179002,1,19166093,19186176,Tier 3A,,,TRUE,""
TAS1R3,ENSG00000169962,1,1266694,1270686,Tier 3B,,,TRUE,""
TAS2R16,ENSG00000128519,7,122634759,122635754,Tier 3B,,,TRUE,""
TBK1,ENSG00000183735,12,64845660,64895888,Tier 1,,,TRUE,""
TBXA2R,ENSG00000006638,19,3594504,3606838,Tier 1,,,TRUE,""
TBXAS1,ENSG00000059377,7,139476850,139720125,Tier 1,,,TRUE,""
TCN1,ENSG00000134827,11,59620273,59634048,Tier 3A,,,TRUE,""
TCN2,ENSG00000185339,22,31002825,31023265,Tier 3A,,,TRUE,""
TDGF1,ENSG00000241186,3,46616045,46668033,Tier 1,,,TRUE,""
TDO2,ENSG00000151790,4,156775890,156841558,Tier 2,,,TRUE,""
TDP1,ENSG00000042088,14,90421283,90511106,Tier 1,,,TRUE,""
TEC,ENSG00000135605,4,48137800,48271881,Tier 1,,,TRUE,""
TECTA,ENSG00000109927,11,120971882,121062202,Tier 3B,,,TRUE,""
TECTB,ENSG00000119913,10,114043493,114064793,Tier 3B,,,TRUE,""
TEK,ENSG00000120156,9,27109139,27230173,Tier 1,,,TRUE,""
TENM1,ENSG00000009694,X,123509753,124097666,Tier 3A,,,TRUE,""
TERT,ENSG00000164362,5,1253262,1295184,Tier 2,,,TRUE,""
TESK1,ENSG00000107140,9,35605367,35610038,Tier 1,,,TRUE,""
TESK2,ENSG00000070759,1,45809555,45956872,Tier 2,,,TRUE,""
TEX101,ENSG00000131126,19,43905648,43922763,Tier 3B,,,TRUE,""
TEX14,ENSG00000121101,17,56634039,56769416,Tier 3B,,,TRUE,""
TF,ENSG00000091513,3,133464800,133497850,Tier 3A,,,TRUE,""
TFF1,ENSG00000160182,21,43782391,43786703,Tier 3A,,,TRUE,""
TFF2,ENSG00000160181,21,43766466,43771237,Tier 3A,,,TRUE,""
TFF3,ENSG00000160180,21,43731777,43735761,Tier 3A,,,TRUE,""
TFPI,ENSG00000003436,2,188328957,188430487,Tier 3A,,,TRUE,""
TFPI2,ENSG00000105825,7,93514709,93520303,Tier 3A,,,TRUE,""
TFRC,ENSG00000072274,3,195754054,195809060,Tier 1,,,TRUE,""
TG,ENSG00000042832,8,133879203,134147147,Tier 3A,,,TRUE,""
TGFA,ENSG00000163235,2,70674412,70781325,Tier 1,,,TRUE,""
TGFB1,ENSG00000105329,19,41807492,41859816,Tier 1,,,TRUE,""
TGFB2,ENSG00000092969,1,218519577,218617961,Tier 1,,,TRUE,""
TGFB3,ENSG00000119699,14,76424442,76449334,Tier 1,,,TRUE,""
TGFBI,ENSG00000120708,5,135364584,135399507,Tier 3B,,,TRUE,""
TGFBR1,ENSG00000106799,9,101866320,101916474,Tier 1,,,TRUE,""
TGFBR2,ENSG00000163513,3,30647994,30735634,Tier 1,,,TRUE,""
TGFBR3,ENSG00000069702,1,92145902,92371892,Tier 3A,,,TRUE,""
TGM1,ENSG00000092295,14,24718320,24733638,Tier 2,,,TRUE,""
TGM2,ENSG00000198959,20,36756863,36794980,Tier 2,,,TRUE,""
TGM3,ENSG00000125780,20,2276647,2321724,Tier 2,,,TRUE,""
TGM6,ENSG00000166948,20,2361554,2413399,Tier 2,,,TRUE,""
TH,ENSG00000180176,11,2185159,2193107,Tier 1,,,TRUE,""
THBD,ENSG00000178726,20,23026270,23030378,Tier 3B,,,TRUE,""
THBS1,ENSG00000137801,15,39873280,39891667,Tier 3A,,,TRUE,""
THBS2,ENSG00000186340,6,169615875,169654139,Tier 3B,,,TRUE,""
THBS3,ENSG00000169231,1,155165379,155178842,Tier 3A,,,TRUE,""
THBS4,ENSG00000113296,5,79287134,79379110,Tier 3B,,,TRUE,""
THNSL2,ENSG00000144115,2,88469835,88486146,Tier 3B,,,TRUE,""
THPO,ENSG00000090534,3,184089723,184095932,Tier 1,,,TRUE,""
THRA,ENSG00000126351,17,38214543,38250120,Tier 1,,,TRUE,""
THRB,ENSG00000151090,3,24158651,24536773,Tier 1,,,TRUE,""
THSD1,ENSG00000136114,13,52951305,52980629,Tier 3B,,,TRUE,""
THSD4,ENSG00000187720,15,71389291,72075722,Tier 3A,,,TRUE,""
THY1,ENSG00000154096,11,119288090,119295695,Tier 3B,,,TRUE,""
TIE1,ENSG00000066056,1,43766664,43788779,Tier 1,,,TRUE,""
TIMP1,ENSG00000102265,X,47441712,47446188,Tier 3B,,,TRUE,""
TIMP2,ENSG00000035862,17,76849059,76921469,Tier 3A,,,TRUE,""
TIMP3,ENSG00000100234,22,33197687,33259030,Tier 3B,,,TRUE,""
TIMP4,ENSG00000157150,3,12194551,12200851,Tier 3B,,,TRUE,""
TINAG,ENSG00000137251,6,54172657,54254950,Tier 3A,,,TRUE,""
TINAGL1,ENSG00000142910,1,32042116,32053288,Tier 3B,,,TRUE,""
TK1,ENSG00000167900,17,76170160,76183314,Tier 1,,,TRUE,""
TK2,ENSG00000166548,16,66541906,66586447,Tier 2,,,TRUE,""
TKT,ENSG00000163931,3,53258723,53290068,Tier 2,,,TRUE,""
TLK1,ENSG00000198586,2,171847333,172087824,Tier 2,,,TRUE,""
TLK2,ENSG00000146872,17,60536019,60692842,Tier 1,,,TRUE,""
TLL1,ENSG00000038295,4,166794410,167025047,Tier 3B,,,TRUE,""
TLL2,ENSG00000095587,10,98124363,98273675,Tier 3A,,,TRUE,""
TLN1,ENSG00000137076,9,35696945,35732392,Tier 3B,,,TRUE,""
TLR1,ENSG00000174125,4,38792298,38858438,Tier 3B,,,TRUE,""
TLR10,ENSG00000174123,4,38773860,38784611,Tier 3B,,,TRUE,""
TLR2,ENSG00000137462,4,154622652,154626851,Tier 3B,,,TRUE,""
TLR3,ENSG00000164342,4,186990306,187009223,Tier 3B,,,TRUE,""
TLR4,ENSG00000136869,9,120466610,120479149,Tier 2,,,TRUE,""
TLR5,ENSG00000187554,1,223282748,223316624,Tier 3B,,,TRUE,""
TLR6,ENSG00000174130,4,38825336,38858438,Tier 3B,,,TRUE,""
TLR7,ENSG00000196664,X,12885202,12908499,Tier 1,,,TRUE,""
TLR8,ENSG00000101916,X,12924739,12941288,Tier 2,,,TRUE,""
TLR9,ENSG00000239732,3,52255096,52273183,Tier 1,,,TRUE,""
TM2D1,ENSG00000162604,1,62146718,62191095,Tier 3B,,,TRUE,""
TM4SF1,ENSG00000169908,3,149086809,149095652,Tier 3B,,,TRUE,""
TMED1,ENSG00000099203,19,10943114,10946994,Tier 3B,,,TRUE,""
TMED10,ENSG00000170348,14,75598173,75643334,Tier 3A,,,TRUE,""
TMED9,ENSG00000184840,5,177019159,177023125,Tier 3A,,,TRUE,""
TMEFF2,ENSG00000144339,2,192813769,193060435,Tier 3A,,,TRUE,""
TMEM123,ENSG00000152558,11,102267063,102341115,Tier 3B,,,TRUE,""
TMEM25,ENSG00000149582,11,118401756,118417995,Tier 3B,,,TRUE,""
TMEM256-PLSCR3,ENSG00000187838,17,7293046,7307416,Tier 3B,,,TRUE,""
TMEM66,ENSG00000133872,8,29920528,29940723,Tier 3B,,,TRUE,""
TMEM9B,ENSG00000175348,11,8968841,8986558,Tier 3B,,,TRUE,""
TMIGD2,ENSG00000167664,19,4292229,4302428,Tier 3B,,,TRUE,""
TMPRSS11D,ENSG00000153802,4,68686594,68749750,Tier 2,,,TRUE,""
TMPRSS11E,ENSG00000087128,4,69313167,69363322,Tier 3B,,,TRUE,""
TMPRSS2,ENSG00000184012,21,42836478,42903043,Tier 3B,,,TRUE,""
TMSB4X,ENSG00000205542,X,12993227,12995346,Tier 3A,,,TRUE,""
TNC,ENSG00000041982,9,117782806,117880536,Tier 1,,,TRUE,""
TNF,ENSG00000232810,6,31543344,31546113,Tier 1,,,TRUE,""
TNFAIP2,ENSG00000185215,14,103589779,103603776,Tier 3A,,,TRUE,""
TNFAIP6,ENSG00000123610,2,152214106,152236560,Tier 3A,,,TRUE,""
TNFRSF10A,ENSG00000104689,8,23047965,23082639,Tier 1,,,TRUE,""
TNFRSF10B,ENSG00000120889,8,22877646,22926692,Tier 1,,,TRUE,""
TNFRSF10C,ENSG00000173535,8,22941868,22974950,Tier 3B,,,TRUE,""
TNFRSF10D,ENSG00000173530,8,22993101,23021543,Tier 3B,,,TRUE,""
TNFRSF11A,ENSG00000141655,18,59992520,60058516,Tier 3A,,,TRUE,""
TNFRSF11B,ENSG00000164761,8,119935796,119964439,Tier 3A,,,TRUE,""
TNFRSF12A,ENSG00000006327,16,3068446,3072384,Tier 1,,,TRUE,""
TNFRSF13B,ENSG00000240505,17,16832849,16875432,Tier 3A,,,TRUE,""
TNFRSF13C,ENSG00000159958,22,42321045,42322822,Tier 1,,,TRUE,""
TNFRSF14,ENSG00000157873,1,2487078,2496821,Tier 3A,,,TRUE,""
TNFRSF17,ENSG00000048462,16,12058964,12061925,Tier 3A,,,TRUE,""
TNFRSF18,ENSG00000186891,1,1138888,1142071,Tier 1,,,TRUE,""
TNFRSF19,ENSG00000127863,13,24144509,24250232,Tier 3A,,,TRUE,""
TNFRSF1A,ENSG00000067182,12,6437923,6451280,Tier 1,,,TRUE,""
TNFRSF1B,ENSG00000028137,1,12227060,12269285,Tier 3B,,,TRUE,""
TNFRSF21,ENSG00000146072,6,47199268,47277641,Tier 3A,,,TRUE,""
TNFRSF25,ENSG00000215788,1,6521211,6526255,Tier 3A,,,TRUE,""
TNFRSF4,ENSG00000186827,1,1146706,1149518,Tier 1,,,TRUE,""
TNFRSF6B,ENSG00000243509,20,62328021,62330037,Tier 3A,,,TRUE,""
TNFRSF8,ENSG00000120949,1,12123434,12204264,Tier 1,,,TRUE,""
TNFRSF9,ENSG00000049249,1,7979907,8000926,Tier 1,,,TRUE,""
TNFSF10,ENSG00000121858,3,172223298,172241297,Tier 2,,,TRUE,""
TNFSF11,ENSG00000120659,13,43136872,43182149,Tier 1,,,TRUE,""
TNFSF12,ENSG00000239697,17,7452208,7464925,Tier 1,,,TRUE,""
TNFSF13,ENSG00000161955,17,7461609,7464925,Tier 3A,,,TRUE,""
TNFSF13B,ENSG00000102524,13,108903588,108960832,Tier 1,,,TRUE,""
TNFSF14,ENSG00000125735,19,6663148,6670599,Tier 1,,,TRUE,""
TNFSF15,ENSG00000181634,9,117546915,117568406,Tier 3A,,,TRUE,""
TNFSF4,ENSG00000117586,1,173152873,173176452,Tier 1,,,TRUE,""
TNFSF8,ENSG00000106952,9,117656003,117692697,Tier 3B,,,TRUE,""
TNIK,ENSG00000154310,3,170779128,171178197,Tier 1,,,TRUE,""
TNK1,ENSG00000174292,17,7283853,7293093,Tier 1,,,TRUE,""
TNK2,ENSG00000061938,3,195590235,195638816,Tier 1,,,TRUE,""
TNKS,ENSG00000173273,8,9413424,9639856,Tier 2,,,TRUE,""
TNKS2,ENSG00000107854,10,93558069,93625033,Tier 1,,,TRUE,""
TNN,ENSG00000120332,1,175036994,175117202,Tier 3A,,,TRUE,""
TNNC1,ENSG00000114854,3,52485118,52488086,Tier 2,,,TRUE,""
TNNI3,ENSG00000129991,19,55663137,55669141,Tier 2,,,TRUE,""
TNNI3K,ENSG00000116783,1,74663947,75010112,Tier 1,,,TRUE,""
TNNT2,ENSG00000118194,1,201328136,201346890,Tier 2,,,TRUE,""
TNR,ENSG00000116147,1,175284330,175712906,Tier 3A,,,TRUE,""
TNXB,ENSG00000168477,6,32008931,32083111,Tier 3A,,,TRUE,""
TOP1,ENSG00000198900,20,39657458,39753127,Tier 1,,,TRUE,""
TOP1MT,ENSG00000184428,8,144386554,144442149,Tier 1,,,TRUE,""
TOP2A,ENSG00000131747,17,38544768,38574202,Tier 1,,,TRUE,""
TOP2B,ENSG00000077097,3,25639475,25706398,Tier 1,,,TRUE,""
TOR2A,ENSG00000160404,9,130493803,130497604,Tier 3B,,,TRUE,""
TP53,ENSG00000141510,17,7565097,7590856,Tier 1,,,TRUE,""
TPBG,ENSG00000146242,6,83072923,83080545,Tier 1,,,TRUE,""
TPCN1,ENSG00000186815,12,113658855,113736390,Tier 3B,,,TRUE,""
TPCN2,ENSG00000162341,11,68816365,68858072,Tier 3B,,,TRUE,""
TPH1,ENSG00000129167,11,18039111,18063973,Tier 2,,,TRUE,""
TPH2,ENSG00000139287,12,72332626,72580398,Tier 2,,,TRUE,""
TPMT,ENSG00000137364,6,18128542,18155305,Tier 1,,,TRUE,""
TPO,ENSG00000115705,2,1377995,1547483,Tier 1,,,TRUE,""
TPP1,ENSG00000166340,11,6634000,6640692,Tier 3B,,,TRUE,""
TPSAB1,ENSG00000172236,16,1290697,1292555,Tier 2,,,TRUE,""
TPSD1,ENSG00000095917,16,1306060,1308532,Tier 3B,,,TRUE,""
TPT1,ENSG00000133112,13,45911008,45915505,Tier 3A,,,TRUE,""
TRAC,ENSG00000229164,14,23016447,23021097,Tier 1,,,TRUE,""
TRAP1,ENSG00000126602,16,3701640,3767598,Tier 2,,,TRUE,""
TRAV29DV5,ENSG00000211810,14,22631134,22631766,Tier 1,,,TRUE,""
TRAV8-4,ENSG00000211790,14,22362613,22363210,Tier 3B,,,TRUE,""
TRBV7-1,ENSG00000211707,7,142032006,142032527,Tier 1,,,TRUE,""
TREM1,ENSG00000124731,6,41235664,41254457,Tier 3A,,,TRUE,""
TRGV3,ENSG00000211699,7,38398113,38398763,Tier 1,,,TRUE,""
TRH,ENSG00000170893,3,129693148,129696781,Tier 3B,,,TRUE,""
TRHR,ENSG00000174417,8,110098850,110131813,Tier 1,,,TRUE,""
TRIB3,ENSG00000101255,20,361261,378203,Tier 3B,,,TRUE,""
TRIO,ENSG00000038382,5,14143811,14532235,Tier 3B,,,TRUE,""
TRPA1,ENSG00000104321,8,72932152,72987852,Tier 1,,,TRUE,""
TRPC1,ENSG00000144935,3,142442916,142526730,Tier 3A,,,TRUE,""
TRPC3,ENSG00000138741,4,122800182,122872909,Tier 3B,,,TRUE,""
TRPC4,ENSG00000133107,13,38210773,38444562,Tier 3A,,,TRUE,""
TRPC5,ENSG00000072315,X,111017543,111326004,Tier 3A,,,TRUE,""
TRPC6,ENSG00000137672,11,101322295,101743293,Tier 3B,,,TRUE,""
TRPC7,ENSG00000069018,5,135548999,135732730,Tier 3B,,,TRUE,""
TRPM1,ENSG00000134160,15,31293264,31453476,Tier 3A,,,TRUE,""
TRPM2,ENSG00000142185,21,45770046,45862964,Tier 3B,,,TRUE,""
TRPM3,ENSG00000083067,9,73143979,74061820,Tier 3B,,,TRUE,""
TRPM4,ENSG00000130529,19,49660998,49715093,Tier 3B,,,TRUE,""
TRPM5,ENSG00000070985,11,2425745,2444275,Tier 3B,,,TRUE,""
TRPM6,ENSG00000119121,9,77337411,77503010,Tier 2,,,TRUE,""
TRPM7,ENSG00000092439,15,50844670,50979012,Tier 3A,,,TRUE,""
TRPM8,ENSG00000144481,2,234826043,234928166,Tier 1,,,TRUE,""
TRPV1,ENSG00000196689,17,3468738,3500392,Tier 1,,,TRUE,""
TRPV2,ENSG00000187688,17,16318856,16340317,Tier 2,,,TRUE,""
TRPV3,ENSG00000167723,17,3413796,3461289,Tier 1,,,TRUE,""
TRPV4,ENSG00000111199,12,110220890,110271212,Tier 2,,,TRUE,""
TRPV5,ENSG00000127412,7,142605267,142630905,Tier 3B,,,TRUE,""
TRPV6,ENSG00000165125,7,142568956,142583507,Tier 3B,,,TRUE,""
TSG101,ENSG00000074319,11,18489883,18548779,Tier 1,,,TRUE,""
TSHB,ENSG00000134200,1,115572415,115576941,Tier 3B,,,TRUE,""
TSHR,ENSG00000165409,14,81421333,81612646,Tier 1,,,TRUE,""
TSLP,ENSG00000145777,5,110405760,110413722,Tier 1,,,TRUE,""
TSPAN7,ENSG00000156298,X,38420623,38548169,Tier 3B,,,TRUE,""
TSPEAR,ENSG00000175894,21,45917775,46131495,Tier 3B,,,TRUE,""
TSPO,ENSG00000100300,22,43547520,43559248,Tier 2,,,TRUE,""
TSSK1B,ENSG00000212122,5,112768251,112770728,Tier 1,,,TRUE,""
TSSK2,ENSG00000206203,22,19118321,19120134,Tier 2,,,TRUE,""
TSSK3,ENSG00000162526,1,32817122,32829913,Tier 3B,,,TRUE,""
TSSK4,ENSG00000139908,14,24674903,24677568,Tier 3B,,,TRUE,""
TSSK6,ENSG00000178093,19,19623227,19626838,Tier 3B,,,TRUE,""
TTBK1,ENSG00000146216,6,43211418,43255997,Tier 3B,,,TRUE,""
TTBK2,ENSG00000128881,15,43030932,43213007,Tier 3B,,,TRUE,""
TTK,ENSG00000112742,6,80713604,80752244,Tier 1,,,TRUE,""
TTL,ENSG00000114999,2,113239731,113299316,Tier 2,,,TRUE,""
TTN,ENSG00000155657,2,179390716,179695529,Tier 3A,,,TRUE,""
TTR,ENSG00000118271,18,29171689,29178974,Tier 1,,,TRUE,""
TUB,ENSG00000166402,11,8040791,8127659,Tier 3A,,,TRUE,""
TUBA1A,ENSG00000167552,12,49578579,49583107,Tier 3B,,,TRUE,""
TUBA1B,ENSG00000123416,12,49521565,49525180,Tier 3A,,,TRUE,""
TUBA1C,ENSG00000167553,12,49582519,49667114,Tier 3B,,,TRUE,""
TUBA3C,ENSG00000198033,13,19747910,19755992,Tier 3B,,,TRUE,""
TUBA3D,ENSG00000075886,2,132233666,132240507,Tier 3B,,,TRUE,""
TUBA3E,ENSG00000152086,2,130949318,130956034,Tier 3B,,,TRUE,""
TUBA4A,ENSG00000127824,2,220114433,220142892,Tier 3B,,,TRUE,""
TUBA8,ENSG00000183785,22,18593097,18629321,Tier 3B,,,TRUE,""
TUBAL3,ENSG00000178462,10,5435061,5446793,Tier 3B,,,TRUE,""
TUBB,ENSG00000196230,6,30687978,30693203,Tier 1,,,TRUE,""
TUBB1,ENSG00000101162,20,57594309,57601709,Tier 1,,,TRUE,""
TUBB2A,ENSG00000137267,6,3153903,3157760,Tier 1,,,TRUE,""
TUBB2B,ENSG00000137285,6,3224495,3231964,Tier 1,,,TRUE,""
TUBB3,ENSG00000198211,16,89985573,90002500,Tier 2,,,TRUE,""
TUBB4A,ENSG00000104833,19,6494330,6502859,Tier 1,,,TRUE,""
TUBB4B,ENSG00000188229,9,140135665,140138159,Tier 1,,,TRUE,""
TUBB6,ENSG00000176014,18,12307668,12344319,Tier 1,,,TRUE,""
TUBB8,ENSG00000173876,10,92828,120103,Tier 2,,,TRUE,""
TUBD1,ENSG00000108423,17,57936851,57970304,Tier 3B,,,TRUE,""
TUBE1,ENSG00000074935,6,112391980,112408732,Tier 3B,,,TRUE,""
TUBG1,ENSG00000131462,17,40761694,40767252,Tier 3B,,,TRUE,""
TUBG2,ENSG00000037042,17,40811323,40819024,Tier 3B,,,TRUE,""
TUFT1,ENSG00000143367,1,151512781,151556059,Tier 3B,,,TRUE,""
TULP1,ENSG00000112041,6,35465651,35480715,Tier 3A,,,TRUE,""
TULP2,ENSG00000104804,19,49384222,49401990,Tier 3B,,,TRUE,""
TULP3,ENSG00000078246,12,2986389,3050306,Tier 3B,,,TRUE,""
TWSG1,ENSG00000128791,18,9334765,9402418,Tier 3A,,,TRUE,""
TXK,ENSG00000074966,4,48068410,48136273,Tier 1,,,TRUE,""
TXN,ENSG00000136810,9,113006091,113018920,Tier 2,,,TRUE,""
TXNDC12,ENSG00000117862,1,52485803,52521843,Tier 3B,,,TRUE,""
TXNRD1,ENSG00000198431,12,104609557,104744061,Tier 1,,,TRUE,""
TXNRD2,ENSG00000184470,22,19863040,19929341,Tier 2,,,TRUE,""
TXNRD3,ENSG00000197763,3,126290622,126373998,Tier 2,,,TRUE,""
TYK2,ENSG00000105397,19,10461209,10491352,Tier 1,,,TRUE,""
TYMP,ENSG00000025708,22,50964181,50968485,Tier 2,,,TRUE,""
TYMS,ENSG00000176890,18,657604,673578,Tier 1,,,TRUE,""
TYR,ENSG00000077498,11,88910620,89028927,Tier 1,,,TRUE,""
TYRO3,ENSG00000092445,15,41849873,41871536,Tier 1,,,TRUE,""
TYRP1,ENSG00000107165,9,12685439,12710290,Tier 1,,,TRUE,""
UBA2,ENSG00000126261,19,34919257,34960853,Tier 2,,,TRUE,""
UBA6,ENSG00000033178,4,68478370,68566897,Tier 2,,,TRUE,""
UBE2N,ENSG00000177889,12,93799449,93836038,Tier 2,,,TRUE,""
UCHL1,ENSG00000154277,4,41258430,41270472,Tier 2,,,TRUE,""
UCHL3,ENSG00000118939,13,76123619,76180085,Tier 2,,,TRUE,""
UCMA,ENSG00000165623,10,13263767,13276334,Tier 3B,,,TRUE,""
UCN,ENSG00000163794,2,27530268,27531313,Tier 3B,,,TRUE,""
UCN2,ENSG00000145040,3,48599160,48601206,Tier 3B,,,TRUE,""
UCN3,ENSG00000178473,10,5406972,5416169,Tier 3B,,,TRUE,""
UGCG,ENSG00000148154,9,114659046,114697649,Tier 1,,,TRUE,""
UGGT1,ENSG00000136731,2,128848774,128953251,Tier 3B,,,TRUE,""
UGT1A1,ENSG00000242366,2,234668894,234681945,Tier 1,,,TRUE,""
UGT1A10,ENSG00000242515,2,234545100,234681951,Tier 1,,,TRUE,""
UGT1A3,ENSG00000243135,2,234637754,234681945,Tier 1,,,TRUE,""
UGT1A4,ENSG00000244474,2,234627424,234681945,Tier 1,,,TRUE,""
UGT1A5,ENSG00000240224,2,234621638,234681945,Tier 1,,,TRUE,""
UGT1A6,ENSG00000167165,2,234600253,234681946,Tier 1,,,TRUE,""
UGT1A7,ENSG00000244122,2,234590584,234681945,Tier 1,,,TRUE,""
UGT1A8,ENSG00000241635,2,234526291,234681956,Tier 1,,,TRUE,""
UGT1A9,ENSG00000241119,2,234580499,234681946,Tier 1,,,TRUE,""
UGT2A1,ENSG00000173610,4,70454135,70518965,Tier 1,,,TRUE,""
UGT2A1,ENSG00000270386,4,70454912,70518967,Tier 1,,,TRUE,""
UGT2B10,ENSG00000109181,4,69681711,69696914,Tier 1,,,TRUE,""
UGT2B11,ENSG00000213759,4,70065669,70080449,Tier 1,,,TRUE,""
UGT2B15,ENSG00000196620,4,69512348,69536346,Tier 1,,,TRUE,""
UGT2B17,ENSG00000197888,4,69402902,69434245,Tier 1,,,TRUE,""
UGT2B28,ENSG00000135226,4,70146217,70160768,Tier 1,,,TRUE,""
UGT2B4,ENSG00000156096,4,70345883,70391732,Tier 1,,,TRUE,""
UGT2B7,ENSG00000171234,4,69917081,69978705,Tier 1,,,TRUE,""
UGT8,ENSG00000174607,4,115519611,115599380,Tier 1,,,TRUE,""
UHMK1,ENSG00000152332,1,162467041,162499419,Tier 3B,,,TRUE,""
ULBP1,ENSG00000111981,6,150285143,150294846,Tier 3A,,,TRUE,""
ULBP2,ENSG00000131015,6,150263136,150270371,Tier 3A,,,TRUE,""
ULK1,ENSG00000177169,12,132379196,132407712,Tier 1,,,TRUE,""
ULK2,ENSG00000083290,17,19674142,19771249,Tier 1,,,TRUE,""
ULK3,ENSG00000140474,15,75128457,75135687,Tier 1,,,TRUE,""
ULK4,ENSG00000168038,3,41288090,42003922,Tier 3B,,,TRUE,""
UMOD,ENSG00000169344,16,20344374,20367623,Tier 3A,,,TRUE,""
UMPS,ENSG00000114491,3,124449213,124464040,Tier 2,,,TRUE,""
UPK3A,ENSG00000100373,22,45680863,45691755,Tier 3B,,,TRUE,""
UPP1,ENSG00000183696,7,48128225,48148330,Tier 2,,,TRUE,""
USH2A,ENSG00000042781,1,215796236,216596738,Tier 3A,,,TRUE,""
USP2,ENSG00000036672,11,119225925,119252436,Tier 2,,,TRUE,""
USP47,ENSG00000170242,11,11862970,11980870,Tier 2,,,TRUE,""
USP7,ENSG00000187555,16,8985951,9058371,Tier 2,,,TRUE,""
UTP11L,ENSG00000183520,1,38474930,38490496,Tier 3B,,,TRUE,""
UTS2,ENSG00000049247,1,7903143,7913572,Tier 2,,,TRUE,""
UTS2B,ENSG00000188958,3,190984957,191048325,Tier 3A,,,TRUE,""
UTS2R,ENSG00000181408,17,80332153,80333462,Tier 1,,,TRUE,""
VAMP1,ENSG00000139190,12,6571403,6580153,Tier 2,,,TRUE,""
VAMP2,ENSG00000220205,17,8062467,8066864,Tier 1,,,TRUE,""
VAMP7,ENSG00000124333,X,155110956,155173433,Tier 3B,,,TRUE,""
VAMP8,ENSG00000118640,2,85788685,85809154,Tier 3B,,,TRUE,""
VASH1,ENSG00000071246,14,77228532,77249354,Tier 3B,,,TRUE,""
VASN,ENSG00000168140,16,4421849,4433529,Tier 3B,,,TRUE,""
VCAM1,ENSG00000162692,1,101185298,101204601,Tier 2,,,TRUE,""
VCAN,ENSG00000038427,5,82767284,82878122,Tier 3A,,,TRUE,""
VCL,ENSG00000035403,10,75757872,75879918,Tier 3B,,,TRUE,""
VCP,ENSG00000165280,9,35056061,35073246,Tier 2,,,TRUE,""
VDR,ENSG00000111424,12,48235320,48336831,Tier 1,,,TRUE,""
VEGFA,ENSG00000112715,6,43737921,43754224,Tier 1,,,TRUE,""
VEGFB,ENSG00000173511,11,64002010,64006259,Tier 1,,,TRUE,""
VEGFC,ENSG00000150630,4,177604689,177713881,Tier 3B,,,TRUE,""
VGF,ENSG00000128564,7,100805790,100808874,Tier 3A,,,TRUE,""
VIM,ENSG00000026025,10,17270258,17279592,Tier 1,,,TRUE,""
VIMP,ENSG00000131871,15,101811022,101817705,Tier 3A,,,TRUE,""
VIP,ENSG00000146469,6,153071933,153080900,Tier 3B,,,TRUE,""
VIPR1,ENSG00000114812,3,42530791,42579059,Tier 2,,,TRUE,""
VIPR2,ENSG00000106018,7,158820866,158937649,Tier 2,,,TRUE,""
VIT,ENSG00000205221,2,36923833,37041935,Tier 3B,,,TRUE,""
VKORC1,ENSG00000167397,16,31102163,31107301,Tier 1,,,TRUE,""
VKORC1L1,ENSG00000196715,7,65338254,65424550,Tier 3B,,,TRUE,""
VMO1,ENSG00000182853,17,4688580,4689728,Tier 3A,,,TRUE,""
VN1R1,ENSG00000178201,19,57966542,57967854,Tier 3B,,,TRUE,""
VN1R2,ENSG00000196131,19,53761545,53765090,Tier 3B,,,TRUE,""
VPREB1,ENSG00000169575,22,22599087,22599927,Tier 3B,,,TRUE,""
VRK1,ENSG00000100749,14,97263641,97398059,Tier 3A,,,TRUE,""
VRK2,ENSG00000028116,2,58134786,58387055,Tier 1,,,TRUE,""
VSIG2,ENSG00000019102,11,124617368,124622134,Tier 3A,,,TRUE,""
VSIG4,ENSG00000155659,X,65241580,65259967,Tier 3B,,,TRUE,""
VSTM1,ENSG00000189068,19,54544079,54567207,Tier 3A,,,TRUE,""
VWA1,ENSG00000179403,1,1370241,1378262,Tier 3B,,,TRUE,""
VWA2,ENSG00000165816,10,115999018,116051272,Tier 3B,,,TRUE,""
VWC2,ENSG00000188730,7,49813257,49961546,Tier 3B,,,TRUE,""
VWF,ENSG00000110799,12,6058040,6233936,Tier 1,,,TRUE,""
WDR1,ENSG00000071127,4,10075963,10118573,Tier 3A,,,TRUE,""
WDR5,ENSG00000196363,9,137000487,137025093,Tier 2,,,TRUE,""
WEE1,ENSG00000166483,11,9595228,9615004,Tier 2,,,TRUE,""
WEE2,ENSG00000214102,7,141408153,141431071,Tier 1,,,TRUE,""
WFDC2,ENSG00000101443,20,44098346,44110172,Tier 3A,,,TRUE,""
WFIKKN1,ENSG00000127578,16,679239,684116,Tier 3A,,,TRUE,""
WFIKKN2,ENSG00000173714,17,48912011,48919709,Tier 3B,,,TRUE,""
WIF1,ENSG00000156076,12,65444406,65515346,Tier 3A,,,TRUE,""
WISP1,ENSG00000104415,8,134203282,134242587,Tier 3A,,,TRUE,""
WISP2,ENSG00000064205,20,43343485,43357150,Tier 3A,,,TRUE,""
WISP3,ENSG00000112761,6,112375275,112392171,Tier 3B,,,TRUE,""
WNK1,ENSG00000060237,12,861759,1020618,Tier 3A,,,TRUE,""
WNK2,ENSG00000165238,9,95947198,96082854,Tier 3B,,,TRUE,""
WNK3,ENSG00000196632,X,54219256,54385075,Tier 2,,,TRUE,""
WNK4,ENSG00000126562,17,40932696,40948954,Tier 3B,,,TRUE,""
WNT1,ENSG00000125084,12,49372398,49375459,Tier 3B,,,TRUE,""
WNT10A,ENSG00000135925,2,219745085,219764303,Tier 3A,,,TRUE,""
WNT10B,ENSG00000169884,12,49359123,49365546,Tier 3B,,,TRUE,""
WNT11,ENSG00000085741,11,75897369,75921780,Tier 3A,,,TRUE,""
WNT16,ENSG00000002745,7,120965421,120981158,Tier 3A,,,TRUE,""
WNT2,ENSG00000105989,7,116916685,116963343,Tier 3A,,,TRUE,""
WNT2B,ENSG00000134245,1,113009163,113072787,Tier 3B,,,TRUE,""
WNT3,ENSG00000108379,17,44839872,44910520,Tier 2,,,TRUE,""
WNT3A,ENSG00000154342,1,228194752,228248961,Tier 3B,,,TRUE,""
WNT4,ENSG00000162552,1,22443798,22470462,Tier 3A,,,TRUE,""
WNT5A,ENSG00000114251,3,55499743,55523973,Tier 3A,,,TRUE,""
WNT5B,ENSG00000111186,12,1639057,1756409,Tier 3A,,,TRUE,""
WNT6,ENSG00000115596,2,219724544,219738955,Tier 3A,,,TRUE,""
WNT7A,ENSG00000154764,3,13857755,13921618,Tier 3A,,,TRUE,""
WNT7B,ENSG00000188064,22,46316242,46373009,Tier 3A,,,TRUE,""
WNT8A,ENSG00000061492,5,137419581,137428054,Tier 3A,,,TRUE,""
WNT8B,ENSG00000075290,10,102222798,102243501,Tier 3B,,,TRUE,""
WNT9A,ENSG00000143816,1,228106357,228135599,Tier 3B,,,TRUE,""
WNT9B,ENSG00000158955,17,44910567,44964096,Tier 3A,,,TRUE,""
WT1,ENSG00000184937,11,32409321,32457176,Tier 1,,,TRUE,""
XBP1,ENSG00000100219,22,29190543,29196585,Tier 2,,,TRUE,""
XCL1,ENSG00000143184,1,168545711,168551315,Tier 3B,,,TRUE,""
XCL2,ENSG00000143185,1,168510003,168513235,Tier 3B,,,TRUE,""
XCR1,ENSG00000173578,3,46058516,46069234,Tier 3B,,,TRUE,""
XDH,ENSG00000158125,2,31557187,31637581,Tier 1,,,TRUE,""
XIAP,ENSG00000101966,X,122993574,123047829,Tier 1,,,TRUE,""
XPNPEP2,ENSG00000122121,X,128872950,128903514,Tier 2,,,TRUE,""
XYLT1,ENSG00000103489,16,17195626,17564738,Tier 3B,,,TRUE,""
YARS,ENSG00000134684,1,33240840,33283754,Tier 2,,,TRUE,""
YBX1,ENSG00000065978,1,43148098,43168020,Tier 3B,,,TRUE,""
YES1,ENSG00000176105,18,721588,812547,Tier 1,,,TRUE,""
YWHAG,ENSG00000170027,7,75956116,75988348,Tier 2,,,TRUE,""
ZACN,ENSG00000186919,17,74068042,74079747,Tier 3B,,,TRUE,""
ZAP70,ENSG00000115085,2,98330023,98356325,Tier 1,,,TRUE,""
ZG16,ENSG00000174992,16,29789561,29793096,Tier 3B,,,TRUE,""
ZP1,ENSG00000149506,11,60635035,60643166,Tier 3B,,,TRUE,""
ZP2,ENSG00000103310,16,21208773,21225831,Tier 3B,,,TRUE,""
ZP3,ENSG00000188372,7,76026835,76071388,Tier 3A,,,TRUE,""
ZP4,ENSG00000116996,1,238045705,238054094,Tier 3A,,,TRUE,""
