method,n_iv,beta,se,pvalue,gene_symbol,ensembl_gene_id,outcome,or,or_ci_lower,or_ci_upper,egger_intercept,egger_intercept_p,cochran_q,cochran_q_p,steiger_direction,steiger_p,n_iv_preharm,n_iv_postharm,n_palindromic,n_removed,outcome_scale_original,outcome_scale_used,ukb_rescaled
Inverse variance weighted,2,0.0290922227021364,0.128336234395173,0.820666732107957,A2M,ENSG00000175899,BBJ_Graves,1.02951953517066,0.800557597913344,1.32396529126781,,,0.557472011676124,0.455280604453697,,,2,2,0,0,log_odds,log_odds,FALSE
Inverse variance weighted,3,0.0297953208404435,0.0633906751886133,0.638335818206911,AATK,ENSG00000181409,BBJ_Graves,1.03024364296878,0.909872860899561,1.16653876545807,-0.0374634492502302,0.606967151146856,0.732159794335993,0.69344739451339,,,3,3,0,0,log_odds,log_odds,FALSE
MR Egger,3,0.135384079668824,0.161672292223849,0.556191731275503,AATK,ENSG00000181409,BBJ_Graves,1.14497646209064,0.834023572120028,1.57186336521545,-0.0374634492502302,0.606967151146856,0.732159794335993,0.69344739451339,,,3,3,0,0,log_odds,log_odds,FALSE
Weighted median,3,0.0285860794309215,0.0636926506855985,0.653566675559556,AATK,ENSG00000181409,BBJ_Graves,1.02899858263478,0.908235551644835,1.16581880234351,-0.0374634492502302,0.606967151146856,0.732159794335993,0.69344739451339,,,3,3,0,0,log_odds,log_odds,FALSE
Weighted mode,3,0.0323462084982884,0.200383586309098,0.886594160100237,AATK,ENSG00000181409,BBJ_Graves,1.03287503352617,0.69739339151985,1.52974038448616,-0.0374634492502302,0.606967151146856,0.732159794335993,0.69344739451339,,,3,3,0,0,log_odds,log_odds,FALSE
Inverse variance weighted,4,0.125777921607071,0.0679332994822255,0.0640988869337774,ABAT,ENSG00000183044,BBJ_Graves,1.13403029669062,0.992655756355285,1.29553947134109,0.0110729169300031,0.766533957841049,0.317378322172061,0.956727630424208,,,5,4,0,1,log_odds,log_odds,FALSE
MR Egger,4,0.0849228506675818,0.138172901080603,0.601417084215471,ABAT,ENSG00000183044,BBJ_Graves,1.08863307614346,0.830359918489494,1.42723889735601,0.0110729169300031,0.766533957841049,0.317378322172061,0.956727630424208,,,5,4,0,1,log_odds,log_odds,FALSE
Weighted median,4,0.129743006976281,0.0777340342396615,0.0951048782424682,ABAT,ENSG00000183044,BBJ_Graves,1.13853574997887,0.977638117788798,1.32591357721588,0.0110729169300031,0.766533957841049,0.317378322172061,0.956727630424208,,,5,4,0,1,log_odds,log_odds,FALSE
Weighted mode,4,0.11454002306671,0.161217735742375,0.528664983183631,ABAT,ENSG00000183044,BBJ_Graves,1.1213575203327,0.817547119787212,1.53806754127392,0.0110729169300031,0.766533957841049,0.317378322172061,0.956727630424208,,,5,4,0,1,log_odds,log_odds,FALSE
Inverse variance weighted,3,-0.011724979566429,0.241127291355681,0.961217600991766,ABCA1,ENSG00000165029,BBJ_Graves,0.988343490143241,0.616107097721156,1.58547573647759,-0.252574756785417,0.73908835781301,5.58216528234841,0.0613547527631276,,,3,3,0,0,log_odds,log_odds,FALSE
MR Egger,3,1.80155484961306,4.18553598438674,0.741242213406184,ABCA1,ENSG00000165029,BBJ_Graves,6.05906107290839,0.00165807882731242,22141.4208302392,-0.252574756785417,0.73908835781301,5.58216528234841,0.0613547527631276,,,3,3,0,0,log_odds,log_odds,FALSE
Weighted median,3,-0.00663438359568005,0.171478964209617,0.969138185725958,ABCA1,ENSG00000165029,BBJ_Graves,0.993387575338999,0.709827601339056,1.39022330630185,-0.252574756785417,0.73908835781301,5.58216528234841,0.0613547527631276,,,3,3,0,0,log_odds,log_odds,FALSE
Weighted mode,3,-0.0436113995956615,0.456924139479066,0.93266295112237,ABCA1,ENSG00000165029,BBJ_Graves,0.957325902432154,0.390947220917166,2.3442368545746,-0.252574756785417,0.73908835781301,5.58216528234841,0.0613547527631276,,,3,3,0,0,log_odds,log_odds,FALSE
Wald ratio,1,-0.0137171680235839,0.416740443089392,0.973742071844553,ABCA13,ENSG00000179869,BBJ_Graves,0.986376483624871,0.435818922843685,2.23243763969636,,,,,,,1,1,1,0,log_odds,log_odds,FALSE
Wald ratio,1,0.0863172924694351,0.109429768401577,0.430233764481943,ABCA2,ENSG00000107331,BBJ_Graves,1.0901521705099,0.879708168163134,1.35093863837703,,,,,,,2,1,0,1,log_odds,log_odds,FALSE
Wald ratio,1,-0.0348583260903863,0.206463786901605,0.86592637936559,ABCA3,ENSG00000167972,BBJ_Graves,0.965742227043062,0.644340897866782,1.4474605789914,,,,,,,1,1,0,0,log_odds,log_odds,FALSE
Wald ratio,1,-0.109615012631619,0.515760293686837,0.831692853636346,ABCB1,ENSG00000085563,BBJ_Graves,0.896179086519453,0.326115003530799,2.46274150658325,,,,,,,2,1,0,1,log_odds,log_odds,FALSE
Wald ratio,1,0.216678712449586,0.140924103692208,0.124157193171759,ABCB4,ENSG00000005471,BBJ_Graves,1.24194501655846,0.942204882426204,1.63704036449334,,,,,,,2,1,0,1,log_odds,log_odds,FALSE
Wald ratio,1,0.131467754662677,0.267393160216916,0.622956458228582,ABCB8,ENSG00000197150,BBJ_Graves,1.14050113128575,0.675283389876424,1.92621771831542,,,,,,,1,1,0,0,log_odds,log_odds,FALSE
Inverse variance weighted,3,0.0190996516196193,0.182048730513685,0.916443216898329,ABCC1,ENSG00000103222,BBJ_Graves,1.01928321678001,0.713397963866665,1.45632357902774,0.000325577328411201,0.998129289279818,0.0149734490809027,0.992541231172642,,,4,3,0,1,log_odds,log_odds,FALSE
MR Egger,3,0.016121304743049,1.02977492612747,0.990034421334945,ABCC1,ENSG00000103222,BBJ_Graves,1.01625195411157,0.135032802244877,7.64827521214215,0.000325577328411201,0.998129289279818,0.0149734490809027,0.992541231172642,,,4,3,0,1,log_odds,log_odds,FALSE
Weighted median,3,0.0263212882395595,0.189972352347624,0.889803182099777,ABCC1,ENSG00000103222,BBJ_Graves,1.02667075272824,0.707495137442054,1.48983756739092,0.000325577328411201,0.998129289279818,0.0149734490809027,0.992541231172642,,,4,3,0,1,log_odds,log_odds,FALSE
Weighted mode,3,0.0277942191890993,0.324848766112075,0.939610019951787,ABCC1,ENSG00000103222,BBJ_Graves,1.02818408209615,0.543943791240264,1.94351424485504,0.000325577328411201,0.998129289279818,0.0149734490809027,0.992541231172642,,,4,3,0,1,log_odds,log_odds,FALSE
Wald ratio,1,0.147073556120393,0.491560823531378,0.764789687878428,ABCC10,ENSG00000124574,BBJ_Graves,1.15843917018713,0.442026405383979,3.03597544101037,,,,,,,1,1,0,0,log_odds,log_odds,FALSE
Wald ratio,1,-0.0128567131704435,0.200124617769652,0.948776311919875,ABCC2,ENSG00000023839,BBJ_Graves,0.987225581309953,0.666909473611812,1.46138926939291,,,,,,,1,1,0,0,log_odds,log_odds,FALSE
Inverse variance weighted,2,0.11684302640451,0.0738061444255744,0.113397070626504,ABCC3,ENSG00000108846,BBJ_Graves,1.12394298647072,0.972566313943215,1.29888092845306,,,0.114040168810424,0.735590525870677,,,4,2,0,2,log_odds,log_odds,FALSE
Inverse variance weighted,2,0.0883914565485051,0.0779641824565155,0.256901772495021,ABCC4,ENSG00000125257,BBJ_Graves,1.09241567160754,0.937612675587394,1.27277716123678,,,0.271398471191279,0.602395205144449,,,4,2,2,2,log_odds,log_odds,FALSE
Inverse variance weighted,3,0.0761489898503929,0.0934850531010555,0.415325409041396,ABCC5,ENSG00000114770,BBJ_Graves,1.07912334060577,0.898452253658633,1.2961258425232,-0.022789005054889,0.792241045104046,2.45903664338598,0.292433402588257,,,6,3,0,3,log_odds,log_odds,FALSE
MR Egger,3,0.161498429600474,0.281560954410175,0.668468590054571,ABCC5,ENSG00000114770,BBJ_Graves,1.17527061251251,0.676812473299795,2.04083267836541,-0.022789005054889,0.792241045104046,2.45903664338598,0.292433402588257,,,6,3,0,3,log_odds,log_odds,FALSE
Weighted median,3,0.0558151053919297,0.0834269457397284,0.503476525513767,ABCC5,ENSG00000114770,BBJ_Graves,1.05740215770379,0.897895391268406,1.24524452847136,-0.022789005054889,0.792241045104046,2.45903664338598,0.292433402588257,,,6,3,0,3,log_odds,log_odds,FALSE
Weighted mode,3,0.0553677831467197,0.263393049033064,0.852974591680144,ABCC5,ENSG00000114770,BBJ_Graves,1.05692926397235,0.630726724810142,1.77113070542142,-0.022789005054889,0.792241045104046,2.45903664338598,0.292433402588257,,,6,3,0,3,log_odds,log_odds,FALSE
Wald ratio,1,-0.0231290894628805,0.29365408003814,0.937221098668451,ABCG1,ENSG00000160179,BBJ_Graves,0.977136337626398,0.549530453474894,1.73747499573934,,,,,,,3,1,0,2,log_odds,log_odds,FALSE
Inverse variance weighted,2,0.232222901066239,0.551974336314513,0.673964505586279,ABCG2,ENSG00000118777,BBJ_Graves,1.26140086509216,0.427565922373899,3.72137268007958,,,1.35711903719146,0.244037402250369,,,2,2,0,0,log_odds,log_odds,FALSE
Inverse variance weighted,3,0.272033376258254,0.243397215024668,0.26371566454717,ABHD12,ENSG00000100997,BBJ_Graves,1.31263081128495,0.814626815914787,2.11507847897167,-0.0305621070888015,0.80797450007903,6.7069565334117,0.0349625333454377,,,6,3,0,3,log_odds,log_odds,FALSE
MR Egger,3,0.446751925598406,0.650681031662251,0.616964965128903,ABHD12,ENSG00000100997,BBJ_Graves,1.56322645471394,0.43666765134912,5.59619413338172,-0.0305621070888015,0.80797450007903,6.7069565334117,0.0349625333454377,,,6,3,0,3,log_odds,log_odds,FALSE
Weighted median,3,0.281624444943522,0.134377581756858,0.0361026381696979,ABHD12,ENSG00000100997,BBJ_Graves,1.325280910568,1.01841183025021,1.72461615207714,-0.0305621070888015,0.80797450007903,6.7069565334117,0.0349625333454377,,,6,3,0,3,log_odds,log_odds,FALSE
Weighted mode,3,0.413981771702886,0.767466276635276,0.643620680149179,ABHD12,ENSG00000100997,BBJ_Graves,1.51282955032653,0.336131733959016,6.80879850701698,-0.0305621070888015,0.80797450007903,6.7069565334117,0.0349625333454377,,,6,3,0,3,log_odds,log_odds,FALSE
Wald ratio,1,0.564857101490732,0.307630054568879,0.0663344289348108,ABHD16A,ENSG00000204427,BBJ_Graves,1.75919637821962,0.962618786909519,3.21495065255975,,,,,,,1,1,0,0,log_odds,log_odds,FALSE
Wald ratio,1,-0.0113426252873421,0.174662720035008,0.948221643627541,ABL2,ENSG00000143322,BBJ_Graves,0.98872145976045,0.70209851042831,1.39235464891455,,,,,,,1,1,0,0,log_odds,log_odds,FALSE
Wald ratio,1,-0.394766852265671,0.428198170644419,0.356567388652882,ACACA,ENSG00000132142,BBJ_Graves,0.673837124535009,0.291115475724535,1.55971258234054,,,,,,,2,1,0,1,log_odds,log_odds,FALSE
Inverse variance weighted,3,-0.010418828398972,0.117408710607875,0.929288681824709,ACACB,ENSG00000076555,BBJ_Graves,0.989635259586173,0.786203274375701,1.24570575948553,-0.0860017242455982,0.217895510784183,8.50953337811395,0.0141964025352873,,,4,3,1,1,log_odds,log_odds,FALSE
MR Egger,3,0.208142597005689,0.0964565316828344,0.276263814527356,ACACB,ENSG00000076555,BBJ_Graves,1.23138874937849,1.01927113150382,1.48764956175966,-0.0860017242455982,0.217895510784183,8.50953337811395,0.0141964025352873,,,4,3,1,1,log_odds,log_odds,FALSE
Weighted median,3,-0.0084325049623879,0.0560223639526876,0.880354108876936,ACACB,ENSG00000076555,BBJ_Graves,0.991602948882685,0.888486044509203,1.10668750996083,-0.0860017242455982,0.217895510784183,8.50953337811395,0.0141964025352873,,,4,3,1,1,log_odds,log_odds,FALSE
Weighted mode,3,0.0486067912554246,0.429963354480569,0.920316692020009,ACACB,ENSG00000076555,BBJ_Graves,1.04980747609267,0.451978175988667,2.43838263750082,-0.0860017242455982,0.217895510784183,8.50953337811395,0.0141964025352873,,,4,3,1,1,log_odds,log_odds,FALSE
Wald ratio,1,-0.0949043050848134,0.380101514368595,0.802833688764717,ACE,ENSG00000159640,BBJ_Graves,0.909459960998,0.431752283405756,1.91572216858705,,,,,,,1,1,0,0,log_odds,log_odds,FALSE
Wald ratio,1,0.113637106426713,0.296386602898114,0.701416992982828,ACKR2,ENSG00000144648,BBJ_Graves,1.12034548492876,0.626704190442255,2.00281731755217,,,,,,,1,1,0,0,log_odds,log_odds,FALSE
Inverse variance weighted,2,0.0907200573314901,0.122249162700622,0.45803193509095,ACKR3,ENSG00000144476,BBJ_Graves,1.09496243564336,0.861665356198457,1.39142501998641,,,0.496303784511696,0.481128725088969,,,5,2,0,3,log_odds,log_odds,FALSE
Wald ratio,1,0.019580700647779,0.2027703505777,0.923071140687749,ACLY,ENSG00000131473,BBJ_Graves,1.01977365993501,0.685333850479673,1.51741857894422,,,,,,,1,1,0,0,log_odds,log_odds,FALSE
Wald ratio,1,0.159916355239255,0.268378204958297,0.551267467366077,ACP1,ENSG00000143727,BBJ_Graves,1.17341271706086,0.693430038220092,1.98563276562752,,,,,,,3,1,0,2,log_odds,log_odds,FALSE
Inverse variance weighted,3,-0.00236415645726995,0.0104214618735075,0.820536813642046,ACP2,ENSG00000134575,BBJ_Graves,0.997638635959604,0.97746751371176,1.01822601160414,-0.0187831753377475,0.647895459775328,0.755827641134508,0.685289555986358,,,11,3,0,8,log_odds,log_odds,FALSE
MR Egger,3,0.00301896319104267,0.0135881791563558,0.860819250063667,ACP2,ENSG00000134575,BBJ_Graves,1.00302352484976,0.976662757745588,1.03009578631245,-0.0187831753377475,0.647895459775328,0.755827641134508,0.685289555986358,,,11,3,0,8,log_odds,log_odds,FALSE
Weighted median,3,-0.00238795772754569,0.0108363186852585,0.825586013101999,ACP2,ENSG00000134575,BBJ_Graves,0.997614891175371,0.976649793224176,1.01903003307799,-0.0187831753377475,0.647895459775328,0.755827641134508,0.685289555986358,,,11,3,0,8,log_odds,log_odds,FALSE
Weighted mode,3,-0.00156215818537317,0.0455271917473328,0.975744437196553,ACP2,ENSG00000134575,BBJ_Graves,0.998439061348607,0.913204484111901,1.09162906727967,-0.0187831753377475,0.647895459775328,0.755827641134508,0.685289555986358,,,11,3,0,8,log_odds,log_odds,FALSE
Inverse variance weighted,3,-0.00865905265279212,0.0818584699488953,0.915756287992791,ACP5,ENSG00000102575,BBJ_Graves,0.99137832896934,0.844423060250091,1.16390827941027,-0.0796441764222856,0.455735511900094,3.3596428337286,0.186407262260554,,,4,3,0,1,log_odds,log_odds,FALSE
MR Egger,3,0.198247548318617,0.195343246483783,0.495302475462759,ACP5,ENSG00000102575,BBJ_Graves,1.21926418326488,0.831415827823406,1.78804047125783,-0.0796441764222856,0.455735511900094,3.3596428337286,0.186407262260554,,,4,3,0,1,log_odds,log_odds,FALSE
Weighted median,3,-0.00400990508673531,0.0665192482015912,0.951931136368712,ACP5,ENSG00000102575,BBJ_Graves,0.995998123847327,0.874251111589297,1.13469945826437,-0.0796441764222856,0.455735511900094,3.3596428337286,0.186407262260554,,,4,3,0,1,log_odds,log_odds,FALSE
Weighted mode,3,0.00239522534059145,0.191182942179658,0.991141397843555,ACP5,ENSG00000102575,BBJ_Graves,1.00239809618446,0.689131381837521,1.45807021667623,-0.0796441764222856,0.455735511900094,3.3596428337286,0.186407262260554,,,4,3,0,1,log_odds,log_odds,FALSE
Inverse variance weighted,2,-0.0338529995611049,0.151111701990409,0.822736817840991,ACP6,ENSG00000162836,BBJ_Graves,0.966713601516808,0.718900774636738,1.29995017438926,,,4.12005986565288,0.0423775787197605,,,3,2,1,1,log_odds,log_odds,FALSE
Inverse variance weighted,3,0.0146021826847121,0.0309071813472598,0.636603663334461,ACPP,ENSG00000014257,BBJ_Graves,1.01470931537618,0.955064985897925,1.0780784657739,0.125284030792686,0.298249059686208,4.19944234607038,0.122490577167791,,,11,3,0,8,log_odds,log_odds,FALSE
MR Egger,3,-0.0907553538051473,0.0574259241803328,0.359153295742814,ACPP,ENSG00000014257,BBJ_Graves,0.913241104533157,0.81602509958267,1.02203880179111,0.125284030792686,0.298249059686208,4.19944234607038,0.122490577167791,,,11,3,0,8,log_odds,log_odds,FALSE
Weighted median,3,0.0112517131119505,0.0239396096789133,0.638352135758157,ACPP,ENSG00000014257,BBJ_Graves,1.01131525171837,0.964958752713524,1.05989871119582,0.125284030792686,0.298249059686208,4.19944234607038,0.122490577167791,,,11,3,0,8,log_odds,log_odds,FALSE
Weighted mode,3,-0.00801580684807326,0.0705233821306404,0.919887374589301,ACPP,ENSG00000014257,BBJ_Graves,0.992016234063231,0.863948916951989,1.13906758760331,0.125284030792686,0.298249059686208,4.19944234607038,0.122490577167791,,,11,3,0,8,log_odds,log_odds,FALSE
Wald ratio,1,0.0210031472650992,0.346857162296188,0.951715422303382,ACRBP,ENSG00000111644,BBJ_Graves,1.02122526569911,0.517452838755317,2.01545139033503,,,,,,,1,1,0,0,log_odds,log_odds,FALSE
Inverse variance weighted,2,0.384992112636342,0.282237493798635,0.172545073461756,ACTN1,ENSG00000072110,BBJ_Graves,1.46960273010427,0.845190380014763,2.55532035787273,,,0.958791503893685,0.327491545429361,,,2,2,1,0,log_odds,log_odds,FALSE
Wald ratio,1,-0.260810530936199,0.210159480658826,0.214601151522693,ACTN4,ENSG00000130402,BBJ_Graves,0.770426877846631,0.510317033018831,1.16311534929034,,,,,,,2,1,1,1,log_odds,log_odds,FALSE
Wald ratio,1,0.393454580961021,0.159160426986963,0.0134335891537497,ACVR1B,ENSG00000135503,BBJ_Graves,1.48209196701056,1.08491337388374,2.02467464366662,,,,,,,1,1,0,0,log_odds,log_odds,FALSE
Wald ratio,1,-0.270103714022026,0.182402695110689,0.138657241593654,ACVR1C,ENSG00000123612,BBJ_Graves,0.763300325284705,0.533864618037512,1.09133920266429,,,,,,,1,1,0,0,log_odds,log_odds,FALSE
Wald ratio,1,0.150131134436035,0.117774629887265,0.202403981320644,ACVR2A,ENSG00000121989,BBJ_Graves,1.1619866091965,0.922463804507912,1.46370282861368,,,,,,,1,1,0,0,log_odds,log_odds,FALSE
Wald ratio,1,0.046354570824739,0.0693304573705343,0.503748583180216,ACVR2B,ENSG00000114739,BBJ_Graves,1.04744573882152,0.914357975946399,1.19990485634444,,,,,,,2,1,1,1,log_odds,log_odds,FALSE
Inverse variance weighted,4,0.022863569916953,0.0843315329017618,0.786302344623664,ACVRL1,ENSG00000139567,BBJ_Graves,1.02312694473093,0.867251525114043,1.20701862691656,-0.0629077367498998,0.15748603915926,4.98506911351249,0.172893727675965,,,4,4,0,0,log_odds,log_odds,FALSE
MR Egger,4,0.184605629823585,0.098116864085848,0.200632250465017,ACVRL1,ENSG00000139567,BBJ_Graves,1.20274402021388,0.992326171540455,1.45777993128469,-0.0629077367498998,0.15748603915926,4.98506911351249,0.172893727675965,,,4,4,0,0,log_odds,log_odds,FALSE
Weighted median,4,0.0416663334761123,0.0666619432295051,0.531945273396482,ACVRL1,ENSG00000139567,BBJ_Graves,1.04254655782327,0.914853738375518,1.18806239690197,-0.0629077367498998,0.15748603915926,4.98506911351249,0.172893727675965,,,4,4,0,0,log_odds,log_odds,FALSE
Weighted mode,4,0.0414014962095244,0.527618310540433,0.942396069767158,ACVRL1,ENSG00000139567,BBJ_Graves,1.04227048920085,0.370563524630752,2.93155613127721,-0.0629077367498998,0.15748603915926,4.98506911351249,0.172893727675965,,,4,4,0,0,log_odds,log_odds,FALSE
Inverse variance weighted,3,0.0128226128131362,0.0908611337399327,0.887772625990573,ADA,ENSG00000196839,BBJ_Graves,1.01290517502316,0.847668864593736,1.21035104206691,0.0261745175291159,0.656052280393874,3.43433234564507,0.179574310109864,,,3,3,0,0,log_odds,log_odds,FALSE
MR Egger,3,-0.0711345854630967,0.178146286008233,0.758143992705708,ADA,ENSG00000196839,BBJ_Graves,0.931336539333004,0.656848877462299,1.32052863186413,0.0261745175291159,0.656052280393874,3.43433234564507,0.179574310109864,,,3,3,0,0,log_odds,log_odds,FALSE
Weighted median,3,-0.00763292942347603,0.0736198428008668,0.917423038762736,ADA,ENSG00000196839,BBJ_Graves,0.992396127405739,0.859050283624842,1.14644054307769,0.0261745175291159,0.656052280393874,3.43433234564507,0.179574310109864,,,3,3,0,0,log_odds,log_odds,FALSE
Weighted mode,3,-0.0216963038564136,0.241742869766583,0.936664926045494,ADA,ENSG00000196839,BBJ_Graves,0.978537367954871,0.60925868667404,1.57164009545971,0.0261745175291159,0.656052280393874,3.43433234564507,0.179574310109864,,,3,3,0,0,log_odds,log_odds,FALSE
Inverse variance weighted,2,0.147821240821646,0.0976362612680622,0.130025992073106,ADAM10,ENSG00000137845,BBJ_Graves,1.15930564131525,0.957388674752582,1.40380767542785,,,2.60028751633367,0.106844330258519,,,3,2,0,1,log_odds,log_odds,FALSE
Inverse variance weighted,2,-0.154444559184003,0.336149927529732,0.645910035263286,ADAM12,ENSG00000148848,BBJ_Graves,0.856890997561341,0.443393156022022,1.65600702611026,,,4.2372529163949,0.0395461056650243,,,2,2,0,0,log_odds,log_odds,FALSE
Inverse variance weighted,2,-0.0271611229792608,0.201613322963942,0.892834137676621,ADAM17,ENSG00000151694,BBJ_Graves,0.973204423295055,0.655522116805317,1.44484346941165,,,0.321977823966966,0.570421462562918,,,2,2,0,0,log_odds,log_odds,FALSE
Inverse variance weighted,2,-0.454786746853418,0.202861156314575,0.0249702833371871,ADAM23,ENSG00000114948,BBJ_Graves,0.634583280401126,0.426392662955905,0.94442511504073,,,0.164404862522589,0.685133025042449,,,2,2,0,0,log_odds,log_odds,FALSE
Inverse variance weighted,2,-0.16501693310195,0.268359439949612,0.538614084868418,ADAM28,ENSG00000042980,BBJ_Graves,0.847879346738939,0.50107402445768,1.43471693110519,,,2.86889708724048,0.0903067368576328,,,3,2,0,1,log_odds,log_odds,FALSE
Inverse variance weighted,2,-0.403659203185873,0.188110102288171,0.0318836157721681,ADAM8,ENSG00000151651,BBJ_Graves,0.667871691033751,0.461923953773502,0.965640755454301,,,0.0782667366248142,0.77966016244349,,,2,2,0,0,log_odds,log_odds,FALSE
Wald ratio,1,-0.383839958223231,0.192523518210292,0.0461815438833751,ADAM9,ENSG00000168615,BBJ_Graves,0.681240445386868,0.467112078221811,0.993527177026927,,,,,,,1,1,0,0,log_odds,log_odds,FALSE
Wald ratio,1,-0.293934788794648,0.140824701999371,0.0368665494526978,ADAMDEC1,ENSG00000134028,BBJ_Graves,0.745325093406295,0.565553034348653,0.982241206610947,,,,,,,1,1,0,0,log_odds,log_odds,FALSE
Inverse variance weighted,2,-0.0882039664541364,0.106413739876194,0.40717366572382,ADAMTS1,ENSG00000154734,BBJ_Graves,0.915574111272054,0.743211292913947,1.12791067792436,,,0.470296899774352,0.492850612479025,,,2,2,0,0,log_odds,log_odds,FALSE
Wald ratio,1,-0.125835504538546,0.172159519269958,0.464825646363713,ADAMTS13,ENSG00000160323,BBJ_Graves,0.881759880352817,0.629223875755515,1.23565000718745,,,,,,,1,1,0,0,log_odds,log_odds,FALSE
Inverse variance weighted,4,0.00604403695601408,0.146527167888352,0.967097728905263,ADAMTS17,ENSG00000140470,BBJ_Graves,1.00606233900154,0.754915684517471,1.34076089650226,0.00958693769069577,0.857728972513953,0.313380364162061,0.957492663212805,,,5,4,1,1,log_odds,log_odds,FALSE
MR Egger,4,-0.0633092749089307,0.371322402156157,0.880307272406892,ADAMTS17,ENSG00000140470,BBJ_Graves,0.938653126932615,0.453345304113983,1.9434847669203,0.00958693769069577,0.857728972513953,0.313380364162061,0.957492663212805,,,5,4,1,1,log_odds,log_odds,FALSE
Weighted median,4,-0.00943829075353341,0.160051084001419,0.952975613234894,ADAMTS17,ENSG00000140470,BBJ_Graves,0.99060611011341,0.723873652174864,1.35562395791824,0.00958693769069577,0.857728972513953,0.313380364162061,0.957492663212805,,,5,4,1,1,log_odds,log_odds,FALSE
Weighted mode,4,-0.029023452238028,0.345453114316439,0.938336364197348,ADAMTS17,ENSG00000140470,BBJ_Graves,0.971393682843597,0.493559649895093,1.91183717564637,0.00958693769069577,0.857728972513953,0.313380364162061,0.957492663212805,,,5,4,1,1,log_odds,log_odds,FALSE
Wald ratio,1,0.0978093402054827,0.20389340289197,0.631434886186786,ADAMTS2,ENSG00000087116,BBJ_Graves,1.10275251449625,0.73946987883247,1.64450661620973,,,,,,,1,1,0,0,log_odds,log_odds,FALSE
Inverse variance weighted,3,0.00131456533823584,0.176277068644422,0.994049925642861,ADAMTS5,ENSG00000154736,BBJ_Graves,1.00131542975799,0.708795315192267,1.41455871445687,0.00216557712319633,0.971990214045371,0.00464505016930339,0.997680169889947,,,3,3,1,0,log_odds,log_odds,FALSE
MR Egger,3,-0.0120450972890183,0.350934175042692,0.978157903749968,ADAMTS5,ENSG00000154736,BBJ_Graves,0.988027154511063,0.496646844270139,1.96557708825438,0.00216557712319633,0.971990214045371,0.00464505016930339,0.997680169889947,,,3,3,1,0,log_odds,log_odds,FALSE
Weighted median,3,0.000932861460225409,0.178861320822331,0.995838606253217,ADAMTS5,ENSG00000154736,BBJ_Graves,1.00093329671081,0.704945117053298,1.42119923981064,0.00216557712319633,0.971990214045371,0.00464505016930339,0.997680169889947,,,3,3,1,0,log_odds,log_odds,FALSE
Weighted mode,3,0.000116518142851879,0.4576311633681,0.999819962506486,ADAMTS5,ENSG00000154736,BBJ_Graves,1.00011652493135,0.407856222687078,2.45241584608158,0.00216557712319633,0.971990214045371,0.00464505016930339,0.997680169889947,,,3,3,1,0,log_odds,log_odds,FALSE
Wald ratio,1,0.00483259604300853,0.112744535746705,0.965810552397513,ADAMTS6,ENSG00000049192,BBJ_Graves,1.00484429186808,0.805617113991502,1.25333987245771,,,,,,,1,1,0,0,log_odds,log_odds,FALSE
Wald ratio,1,0.447873024976165,0.447382272039749,0.316779942745806,ADAMTS8,ENSG00000134917,BBJ_Graves,1.56497996966822,0.651162385216527,3.7612158826532,,,,,,,1,1,0,0,log_odds,log_odds,FALSE
Inverse variance weighted,2,-0.0983597500696431,0.238681044867973,0.680268304373736,ADC,ENSG00000142920,BBJ_Graves,0.90632279540992,0.567692943983938,1.44694595588085,,,0.280277976056304,0.596519079265434,,,2,2,0,0,log_odds,log_odds,FALSE
Inverse variance weighted,3,-0.00938328128997072,0.0967001452782389,0.922698741739416,ADCK3,ENSG00000163050,BBJ_Graves,0.990660604322964,0.81961909410108,1.19739576593674,0.0213136348581946,0.747738279565262,1.87834729162999,0.390950765714098,,,5,3,2,2,log_odds,log_odds,FALSE
MR Egger,3,-0.09035007606508,0.228908622177816,0.760676493917882,ADCK3,ENSG00000163050,BBJ_Graves,0.913611295834219,0.583324889760577,1.43091031177921,0.0213136348581946,0.747738279565262,1.87834729162999,0.390950765714098,,,5,3,2,2,log_odds,log_odds,FALSE
Weighted median,3,-0.0226531556569659,0.0991723758140333,0.819318162659027,ADCK3,ENSG00000163050,BBJ_Graves,0.977601500527056,0.804905007000643,1.18735091162377,0.0213136348581946,0.747738279565262,1.87834729162999,0.390950765714098,,,5,3,2,2,log_odds,log_odds,FALSE
Weighted mode,3,-0.0191605040381569,0.224192577484344,0.939677531522214,ADCK3,ENSG00000163050,BBJ_Graves,0.981021891630682,0.632181997282259,1.52235267058537,0.0213136348581946,0.747738279565262,1.87834729162999,0.390950765714098,,,5,3,2,2,log_odds,log_odds,FALSE
Wald ratio,1,-0.270296732493031,1.77268432737402,0.878809330762798,ADH5,ENSG00000197894,BBJ_Graves,0.763153008440894,0.023641349227629,24.6349101603621,,,,,,,3,1,0,2,log_odds,log_odds,FALSE
Inverse variance weighted,2,-0.0573387722881947,0.062969269232443,0.362514911753191,ADHFE1,ENSG00000147576,BBJ_Graves,0.944274121270063,0.834636865798007,1.06831324212815,,,0.623777142114517,0.429647129757306,,,4,2,0,2,log_odds,log_odds,FALSE
Inverse variance weighted,3,0.0238516128724149,0.0150498720799422,0.113003090209827,ADK,ENSG00000156110,BBJ_Graves,1.02413833766877,0.994369773067444,1.05479808728238,0.23900066849156,0.527905307568278,0.898392002873556,0.638141009880572,,,17,3,0,14,log_odds,log_odds,FALSE
MR Egger,3,-0.0641263024175007,0.097221589762364,0.628795450994055,ADK,ENSG00000156110,BBJ_Graves,0.937886534713015,0.775164031596214,1.1347677602954,0.23900066849156,0.527905307568278,0.898392002873556,0.638141009880572,,,17,3,0,14,log_odds,log_odds,FALSE
Weighted median,3,0.0228912587710512,0.0150187734896609,0.12746467398168,ADK,ENSG00000156110,BBJ_Graves,1.02315527433583,0.993475838097204,1.05372136418159,0.23900066849156,0.527905307568278,0.898392002873556,0.638141009880572,,,17,3,0,14,log_odds,log_odds,FALSE
Weighted mode,3,0.0211626659138644,0.0490322450411789,0.708099230998146,ADK,ENSG00000156110,BBJ_Graves,1.02138818316742,0.92779865682273,1.12441833477817,0.23900066849156,0.527905307568278,0.898392002873556,0.638141009880572,,,17,3,0,14,log_odds,log_odds,FALSE
Wald ratio,1,4.33809801420762,3.55562005243168,0.222439122820056,ADM,ENSG00000148926,BBJ_Graves,76.5617813470606,0.0720123758048408,81398.5970817128,,,,,,,2,1,1,1,log_odds,log_odds,FALSE
Wald ratio,1,-0.227206023697515,0.221988364197714,0.306069513852651,ADM2,ENSG00000128165,BBJ_Graves,0.79675661463574,0.515662283287687,1.23107918407063,,,,,,,1,1,0,0,log_odds,log_odds,FALSE
Inverse variance weighted,2,-0.0713958303486521,0.0844172449912976,0.39769258463614,ADORA1,ENSG00000163485,BBJ_Graves,0.931093264203948,0.789106780705108,1.09862782559201,,,0.0298453478762248,0.862841603225931,,,3,2,0,1,log_odds,log_odds,FALSE
Wald ratio,1,0.196258297406131,0.202677228442086,0.332879939459866,ADORA2A,ENSG00000128271,BBJ_Graves,1.21684117166379,0.817921371107207,1.81032369291404,,,,,,,1,1,0,0,log_odds,log_odds,FALSE
Inverse variance weighted,2,-0.0596403454369918,0.0516578739321607,0.248284689503735,ADORA2B,ENSG00000170425,BBJ_Graves,0.942103304412617,0.85138590710023,1.04248687790493,,,0.203959371697553,0.651543758700386,,,3,2,0,1,log_odds,log_odds,FALSE
Wald ratio,1,0.0733471657030425,0.562656719003083,0.896282686356815,ADRA2A,ENSG00000150594,BBJ_Graves,1.07610405849603,0.357199795123281,3.24188300363373,,,,,,,1,1,1,0,log_odds,log_odds,FALSE
Inverse variance weighted,2,0.0227880923242772,0.144748853238198,0.874904445295238,ADRB1,ENSG00000043591,BBJ_Graves,1.02304972448638,0.770342806452721,1.35865582180378,,,0.113658318984493,0.736017022598151,,,3,2,0,1,log_odds,log_odds,FALSE
Inverse variance weighted,2,-0.184705013830636,0.299565564953026,0.537514261234994,ADRB2,ENSG00000169252,BBJ_Graves,0.831349484284751,0.462155658660609,1.49547441877818,,,0.371679654152019,0.542090133294032,,,3,2,0,1,log_odds,log_odds,FALSE
Wald ratio,1,0.145572801959865,0.106449386565361,0.171459027694356,ADRBK2,ENSG00000100077,BBJ_Graves,1.15670194168527,0.938879631733154,1.42505954616207,,,,,,,2,1,0,1,log_odds,log_odds,FALSE
Inverse variance weighted,2,0.0389176898152568,0.145133609342601,0.78858326367611,AEBP1,ENSG00000106624,BBJ_Graves,1.03968490347167,0.782278718439795,1.38178972919366,,,0.913845230238537,0.339096220349671,,,2,2,0,0,log_odds,log_odds,FALSE
Inverse variance weighted,3,0.0136017819766308,0.0416152404905809,0.74378423674348,AGA,ENSG00000038002,BBJ_Graves,1.01369470705065,0.934294024047882,1.09984323205928,-0.073484057819907,0.292779155348716,4.16340949043367,0.124717419447145,,,9,3,0,6,log_odds,log_odds,FALSE
MR Egger,3,0.0895432205223695,0.047400826878217,0.309945201793529,AGA,ENSG00000038002,BBJ_Graves,1.09367460147844,0.996643246378067,1.20015275101287,-0.073484057819907,0.292779155348716,4.16340949043367,0.124717419447145,,,9,3,0,6,log_odds,log_odds,FALSE
Weighted median,3,0.0183693543159338,0.0300787175280585,0.541392008700633,AGA,ENSG00000038002,BBJ_Graves,1.01853910873822,0.960227606959416,1.08039167850451,-0.073484057819907,0.292779155348716,4.16340949043367,0.124717419447145,,,9,3,0,6,log_odds,log_odds,FALSE
Weighted mode,3,0.0299189393870091,0.118288769597344,0.823944117861073,AGA,ENSG00000038002,BBJ_Graves,1.03037100806271,0.817154537989169,1.29922109576566,-0.073484057819907,0.292779155348716,4.16340949043367,0.124717419447145,,,9,3,0,6,log_odds,log_odds,FALSE
Inverse variance weighted,3,-0.967159763762186,1.18322411187447,0.41370355737019,AGER,ENSG00000204305,BBJ_Graves,0.380161253954402,0.0373927283340587,3.86499154908005,0.457790536249283,0.0847215889785741,55.985583778674,6.96441992570119e-13,,,3,3,2,0,log_odds,log_odds,FALSE
MR Egger,3,-4.07464510600664,0.472305964813388,0.0734649096660728,AGER,ENSG00000204305,BBJ_Graves,0.0169982461821009,0.00673548946423653,0.0428981998712189,0.457790536249283,0.0847215889785741,55.985583778674,6.96441992570119e-13,,,3,3,2,0,log_odds,log_odds,FALSE
Weighted median,3,-1.63607774908601,0.406377714815333,5.67330541284279e-05,AGER,ENSG00000204305,BBJ_Graves,0.194742374741326,0.0878101597692261,0.431892990737752,0.457790536249283,0.0847215889785741,55.985583778674,6.96441992570119e-13,,,3,3,2,0,log_odds,log_odds,FALSE
Weighted mode,3,-1.90950513039231,1.68549218944585,0.374788323500196,AGER,ENSG00000204305,BBJ_Graves,0.148153685213417,0.00544493303176354,4.03118170862189,0.457790536249283,0.0847215889785741,55.985583778674,6.96441992570119e-13,,,3,3,2,0,log_odds,log_odds,FALSE
Wald ratio,1,0.297972876178381,0.350791307187122,0.395641723094519,AGGF1,ENSG00000164252,BBJ_Graves,1.34712524819908,0.677342594604776,2.67921499222165,,,,,,,1,1,0,0,log_odds,log_odds,FALSE
Inverse variance weighted,2,-0.0763632125943548,0.0652251764090693,0.241694119446011,AGRP,ENSG00000159723,BBJ_Graves,0.926479636367474,0.815295578605146,1.05282616406696,,,0.307176814037549,0.579417794243454,,,2,2,0,0,log_odds,log_odds,FALSE
Wald ratio,1,0.188947189989725,0.206962712187335,0.361267360145821,AHR,ENSG00000106546,BBJ_Graves,1.20797715751231,0.80517170522085,1.81229519568286,,,,,,,3,1,0,2,log_odds,log_odds,FALSE
Wald ratio,1,-0.454418617144221,0.238579366330847,0.056820988130512,AIMP1,ENSG00000164022,BBJ_Graves,0.634816932364077,0.397709207504192,1.01328440481703,,,,,,,1,1,0,0,log_odds,log_odds,FALSE
Wald ratio,1,-0.186441577039918,0.296922199641805,0.530060343251787,AKR1A1,ENSG00000117448,BBJ_Graves,0.829907046161266,0.4637502674552,1.48516508475039,,,,,,,1,1,0,0,log_odds,log_odds,FALSE
Inverse variance weighted,3,0.108832988719362,0.18717629342459,0.560939608745296,AKR1B1,ENSG00000085662,BBJ_Graves,1.11497612120081,0.772570087328189,1.60913782611921,0.0838484628833726,0.878162170251055,7.63213792067794,0.0220141695974332,,,3,3,0,0,log_odds,log_odds,FALSE
MR Egger,3,-0.216149148104136,1.6973071782964,0.919361618151549,AKR1B1,ENSG00000085662,BBJ_Graves,0.805615136942178,0.0289301429848248,22.4338935763575,0.0838484628833726,0.878162170251055,7.63213792067794,0.0220141695974332,,,3,3,0,0,log_odds,log_odds,FALSE
Weighted median,3,0.0971495860779097,0.0998368057873519,0.330511616364497,AKR1B1,ENSG00000085662,BBJ_Graves,1.10202520892093,0.906168005799824,1.34021456653094,0.0838484628833726,0.878162170251055,7.63213792067794,0.0220141695974332,,,3,3,0,0,log_odds,log_odds,FALSE
Weighted mode,3,0.0928490850282697,0.405334367294093,0.84010842896505,AKR1B1,ENSG00000085662,BBJ_Graves,1.09729612435823,0.495788291579744,2.42857446410253,0.0838484628833726,0.878162170251055,7.63213792067794,0.0220141695974332,,,3,3,0,0,log_odds,log_odds,FALSE
Wald ratio,1,0.0483911372245428,3.79213080587637,0.989818522784785,AKR1C1,ENSG00000187134,BBJ_Graves,1.04958110528856,0.000620996419161409,1773.95627830895,,,,,,,3,1,0,2,log_odds,log_odds,FALSE
Wald ratio,1,-0.0722066979997548,0.311424189647001,0.816647039176391,AKR1C2,ENSG00000151632,BBJ_Graves,0.930338576812992,0.505302454236133,1.71289464408964,,,,,,,5,1,0,4,log_odds,log_odds,FALSE
Inverse variance weighted,2,-0.0232520463869862,0.0880649083836031,0.791754451645642,AKR1C3,ENSG00000196139,BBJ_Graves,0.97701619933396,0.822127927215617,1.16108530334675,,,0.031464265694234,0.859208584655506,,,3,2,0,1,log_odds,log_odds,FALSE
Wald ratio,1,0.160215090729002,0.116239958260856,0.168106551352781,AKT1,ENSG00000142208,BBJ_Graves,1.17376330944816,0.934620020517986,1.47409671990883,,,,,,,2,1,1,1,log_odds,log_odds,FALSE
Wald ratio,1,-0.0178144235200491,0.329636667950862,0.956901221676608,AKT2,ENSG00000105221,BBJ_Graves,0.982343315258617,0.514838359463523,1.87437157953585,,,,,,,1,1,1,0,log_odds,log_odds,FALSE
Inverse variance weighted,2,-0.252752355182993,0.234666588058307,0.281448969267314,AKT3,ENSG00000117020,BBJ_Graves,0.776660193881804,0.490319103709287,1.23022140519771,,,0.320809202210474,0.571121749441949,,,2,2,0,0,log_odds,log_odds,FALSE
Wald ratio,1,1.06385740891463,0.375724393134618,0.0046332628192013,ALB,ENSG00000163631,BBJ_Graves,2.8975264041189,1.38740847204761,6.05132477688814,,,,,,,1,1,0,0,log_odds,log_odds,FALSE
Inverse variance weighted,3,-0.0369323430545019,0.0781814778327967,0.636646663203621,ALCAM,ENSG00000170017,BBJ_Graves,0.963741336938466,0.826820183730565,1.1233365885352,-0.00782560837896928,0.869756068021741,0.224738000671543,0.89371441572875,,,4,3,0,1,log_odds,log_odds,FALSE
MR Egger,3,-0.0103306457684905,0.150164785515061,0.956272389074584,ALCAM,ENSG00000170017,BBJ_Graves,0.989722532074483,0.737378739445226,1.3284227468138,-0.00782560837896928,0.869756068021741,0.224738000671543,0.89371441572875,,,4,3,0,1,log_odds,log_odds,FALSE
Weighted median,3,-0.0324114509741602,0.0778878435302547,0.677315041604389,ALCAM,ENSG00000170017,BBJ_Graves,0.96810817107144,0.831044758726752,1.12777732011839,-0.00782560837896928,0.869756068021741,0.224738000671543,0.89371441572875,,,4,3,0,1,log_odds,log_odds,FALSE
Weighted mode,3,-0.0309176817672202,0.210298306183634,0.896599654115472,ALCAM,ENSG00000170017,BBJ_Graves,0.969555381876739,0.6420414831462,1.4641384757877,-0.00782560837896928,0.869756068021741,0.224738000671543,0.89371441572875,,,4,3,0,1,log_odds,log_odds,FALSE
Wald ratio,1,0.0982538331255722,0.0584310166570803,0.0926589326699369,ALDH16A1,ENSG00000161618,BBJ_Graves,1.10324278913529,0.983860697510346,1.23711075649122,,,,,,,2,1,0,1,log_odds,log_odds,FALSE
Inverse variance weighted,3,0.0366732589603672,0.121394197622152,0.762575381208099,ALDH1A1,ENSG00000165092,BBJ_Graves,1.03735401932758,0.817700318441188,1.31601191432394,0.021565272180204,0.796559382699682,5.59468283327546,0.0609719463412986,,,3,3,1,0,log_odds,log_odds,FALSE
MR Egger,3,-0.0401687338048279,0.283706346113459,0.910458968524065,ALDH1A1,ENSG00000165092,BBJ_Graves,0.960627335171212,0.550882813464119,1.6751382590342,0.021565272180204,0.796559382699682,5.59468283327546,0.0609719463412986,,,3,3,1,0,log_odds,log_odds,FALSE
Weighted median,3,0.027491735413324,0.0755427149221669,0.715915469849585,ALDH1A1,ENSG00000165092,BBJ_Graves,1.02787312012566,0.886413275849604,1.19190808606087,0.021565272180204,0.796559382699682,5.59468283327546,0.0609719463412986,,,3,3,1,0,log_odds,log_odds,FALSE
Weighted mode,3,0.00474427085065532,0.363250254816926,0.990765146083604,ALDH1A1,ENSG00000165092,BBJ_Graves,1.00475554272216,0.493009799137407,2.04769499997208,0.021565272180204,0.796559382699682,5.59468283327546,0.0609719463412986,,,3,3,1,0,log_odds,log_odds,FALSE
Wald ratio,1,0.882368979162341,0.565017959098663,0.118366841331372,ALDH1A2,ENSG00000128918,BBJ_Graves,2.41661784798911,0.798463342230314,7.31410136739248,,,,,,,2,1,1,1,log_odds,log_odds,FALSE
Wald ratio,1,-0.363104158508914,0.494963214678705,0.463193615006699,ALDH1B1,ENSG00000137124,BBJ_Graves,0.695513986026437,0.263623835018397,1.83496194387971,,,,,,,2,1,0,1,log_odds,log_odds,FALSE
Wald ratio,1,-0.061349064062184,0.0967055069676446,0.525825946179854,ALDH2,ENSG00000111275,BBJ_Graves,0.94049488950511,0.778106513222621,1.13677320797874,,,,,,,4,1,1,3,log_odds,log_odds,FALSE
Wald ratio,1,0.0439900642472746,0.153840054138119,0.774918902906188,ALDH3A2,ENSG00000072210,BBJ_Graves,1.04497197225374,0.772953457935874,1.41271950022956,,,,,,,1,1,0,0,log_odds,log_odds,FALSE
Wald ratio,1,-0.00157173918439235,0.152201980605111,0.991760658203957,ALDH3B1,ENSG00000006534,BBJ_Graves,0.998429495350766,0.74090147764437,1.34547100696278,,,,,,,3,1,0,2,log_odds,log_odds,FALSE
Inverse variance weighted,3,0.0425496340473637,0.0597854141581269,0.476646892079562,ALDH5A1,ENSG00000112294,BBJ_Graves,1.04346784662091,0.92808702124171,1.17319294636284,0.0055639088822881,0.927003653927603,0.491511283376538,0.78211331746684,,,5,3,0,2,log_odds,log_odds,FALSE
MR Egger,3,0.0341635017846708,0.0942156109368847,0.778542891519392,ALDH5A1,ENSG00000112294,BBJ_Graves,1.03475377698715,0.860278507998534,1.24461481838043,0.0055639088822881,0.927003653927603,0.491511283376538,0.78211331746684,,,5,3,0,2,log_odds,log_odds,FALSE
Weighted median,3,0.0408739004859712,0.0627751352549245,0.514971552100768,ALDH5A1,ENSG00000112294,BBJ_Graves,1.04172073678422,0.92111962551041,1.17811200998453,0.0055639088822881,0.927003653927603,0.491511283376538,0.78211331746684,,,5,3,0,2,log_odds,log_odds,FALSE
Weighted mode,3,0.0430035264079144,0.138950064845574,0.786217520531709,ALDH5A1,ENSG00000112294,BBJ_Graves,1.04394157620796,0.795059280302574,1.37073302775714,0.0055639088822881,0.927003653927603,0.491511283376538,0.78211331746684,,,5,3,0,2,log_odds,log_odds,FALSE
Wald ratio,1,0.0567848153951397,0.46004293267185,0.90176364817276,ALDH6A1,ENSG00000119711,BBJ_Graves,1.05842802847172,0.429600602791857,2.60770093005969,,,,,,,2,1,1,1,log_odds,log_odds,FALSE
Wald ratio,1,0.176123296228799,0.16793038538742,0.294275912178111,ALDH7A1,ENSG00000164904,BBJ_Graves,1.19258509083045,0.858112337025437,1.65742774868054,,,,,,,3,1,0,2,log_odds,log_odds,FALSE
Wald ratio,1,0.0186178597573337,0.0836200582399687,0.823809279636602,ALDH8A1,ENSG00000118514,BBJ_Graves,1.01879225270155,0.864782322167506,1.20022996256814,,,,,,,2,1,0,1,log_odds,log_odds,FALSE
Inverse variance weighted,3,0.148233236742165,0.0868804560581999,0.0879755562718984,ALDH9A1,ENSG00000143149,BBJ_Graves,1.15978336891426,0.978188920720076,1.37508965223195,0.0460590036747456,0.610026215636088,1.56411470596323,0.457463877813962,,,4,3,0,1,log_odds,log_odds,FALSE
MR Egger,3,-0.0160137310702797,0.250056726819084,0.959286216889382,ALDH9A1,ENSG00000143149,BBJ_Graves,0.984113807026664,0.602827064274473,1.60656354463136,0.0460590036747456,0.610026215636088,1.56411470596323,0.457463877813962,,,4,3,0,1,log_odds,log_odds,FALSE
Weighted median,3,0.136791176280118,0.0911442148477935,0.133401795715187,ALDH9A1,ENSG00000143149,BBJ_Graves,1.14658868860368,0.959012197864353,1.37085390963908,0.0460590036747456,0.610026215636088,1.56411470596323,0.457463877813962,,,4,3,0,1,log_odds,log_odds,FALSE
Weighted mode,3,0.124518466327556,0.30439565373658,0.722136088375763,ALDH9A1,ENSG00000143149,BBJ_Graves,1.13260293528393,0.623693002408365,2.05676415169055,0.0460590036747456,0.610026215636088,1.56411470596323,0.457463877813962,,,4,3,0,1,log_odds,log_odds,FALSE
Inverse variance weighted,2,-0.290473314217829,0.213554353831909,0.173771557784826,ALOX12,ENSG00000108839,BBJ_Graves,0.747909487595502,0.492116477448059,1.13665895630249,,,0.316181964026096,0.573911230050363,,,2,2,1,0,log_odds,log_odds,FALSE
Wald ratio,1,-0.131673587045056,0.67732151025837,0.845860048054616,ALOX15,ENSG00000161905,BBJ_Graves,0.876627090823254,0.23241661878679,3.30645484981524,,,,,,,2,1,0,1,log_odds,log_odds,FALSE
Inverse variance weighted,2,0.0725593799715622,0.166798237339692,0.663553085545135,ALOX5,ENSG00000012779,BBJ_Graves,1.075256652904,0.775408598094665,1.49105500307227,,,3.33484727224606,0.0678267035957238,,,4,2,0,2,log_odds,log_odds,FALSE
Inverse variance weighted,3,-0.0395677608091582,0.0736151757523543,0.590926001187075,ALOX5AP,ENSG00000132965,BBJ_Graves,0.961204819767495,0.832057686953572,1.11039741598567,0.027871169424726,0.734757153386617,1.8268027734278,0.401157409336432,,,3,3,0,0,log_odds,log_odds,FALSE
MR Egger,3,-0.107378035073454,0.178203746577431,0.654762357210651,ALOX5AP,ENSG00000132965,BBJ_Graves,0.898186062967811,0.633397318514616,1.27366848600102,0.027871169424726,0.734757153386617,1.8268027734278,0.401157409336432,,,3,3,0,0,log_odds,log_odds,FALSE
Weighted median,3,-0.0470105149570853,0.0744551044934916,0.527782861682784,ALOX5AP,ENSG00000132965,BBJ_Graves,0.954077365455074,0.824529366919349,1.10397962255083,0.027871169424726,0.734757153386617,1.8268027734278,0.401157409336432,,,3,3,0,0,log_odds,log_odds,FALSE
Weighted mode,3,-0.0487443179097775,0.360024593456128,0.904699397796866,ALOX5AP,ENSG00000132965,BBJ_Graves,0.952424616486296,0.470296223011104,1.92881125917026,0.027871169424726,0.734757153386617,1.8268027734278,0.401157409336432,,,3,3,0,0,log_odds,log_odds,FALSE
Wald ratio,1,-0.241343095220128,0.214493364571369,0.260513850254086,AMD1,ENSG00000123505,BBJ_Graves,0.785572054129675,0.515947589301698,1.19609717154557,,,,,,,1,1,0,0,log_odds,log_odds,FALSE
Wald ratio,1,-0.023595447140382,0.0838406384996141,0.778378998714577,AMH,ENSG00000104899,BBJ_Graves,0.976680748835303,0.828678431314242,1.15111634272011,,,,,,,1,1,0,0,log_odds,log_odds,FALSE
Inverse variance weighted,2,0.119035657779495,0.0864207538256273,0.168389644581825,AMICA1,ENSG00000160593,BBJ_Graves,1.12641008285461,0.950897484604677,1.33431804721203,,,0.676488804879826,0.410798419925527,,,6,2,0,4,log_odds,log_odds,FALSE
Inverse variance weighted,3,-0.474781428205909,0.279526219410594,0.0894092874438121,AMPD3,ENSG00000133805,BBJ_Graves,0.622020997853466,0.359639615046906,1.07582731596506,-0.153979116606233,0.436834662820339,1.76187002699128,0.41439526531693,,,4,3,0,1,log_odds,log_odds,FALSE
MR Egger,3,0.915288323074608,1.17218804926464,0.577954989084341,AMPD3,ENSG00000133805,BBJ_Graves,2.4974952336108,0.251025624985894,24.8479908864252,-0.153979116606233,0.436834662820339,1.76187002699128,0.41439526531693,,,4,3,0,1,log_odds,log_odds,FALSE
Weighted median,3,-0.607751982617802,0.294932868443493,0.0393369067469147,AMPD3,ENSG00000133805,BBJ_Graves,0.54457370523631,0.305495446740782,0.970752669470848,-0.153979116606233,0.436834662820339,1.76187002699128,0.41439526531693,,,4,3,0,1,log_odds,log_odds,FALSE
Weighted mode,3,-0.616960112118456,0.882328432123033,0.556779550530319,AMPD3,ENSG00000133805,BBJ_Graves,0.539582216442283,0.0957203998101004,3.04166059563455,-0.153979116606233,0.436834662820339,1.76187002699128,0.41439526531693,,,4,3,0,1,log_odds,log_odds,FALSE
Inverse variance weighted,2,0.0644597496339844,1.08552009489921,0.952648293319882,AMY2B,ENSG00000240038,BBJ_Graves,1.06658264703873,0.127051897232441,8.95380996068802,,,0.995707776788793,0.318351333953801,,,4,2,1,2,log_odds,log_odds,FALSE
Wald ratio,1,0.0835382431853892,0.091437848100339,0.360923472564368,ANG,ENSG00000214274,BBJ_Graves,1.08712678968926,0.908754826423263,1.30050990926966,,,,,,,6,1,1,5,log_odds,log_odds,FALSE
Inverse variance weighted,2,0.00479339202045811,0.0651203785178859,0.94132216849301,ANGPT1,ENSG00000154188,BBJ_Graves,1.00480489870199,0.884402900946642,1.14159834095391,,,0.114712307390694,0.734841727297942,,,6,2,0,4,log_odds,log_odds,FALSE
Inverse variance weighted,2,0.19841545658744,0.326563370387448,0.543461835261553,ANGPT2,ENSG00000091879,BBJ_Graves,1.21946892499157,0.642975441323563,2.31284799301026,,,0.486514428233132,0.485486271816599,,,2,2,1,0,log_odds,log_odds,FALSE
Wald ratio,1,0.00254281724972446,0.15502831168885,0.986913463527211,ANGPTL6,ENSG00000130812,BBJ_Graves,1.00254605295153,0.73984640609352,1.35852330971739,,,,,,,2,1,0,1,log_odds,log_odds,FALSE
Wald ratio,1,-0.125692228246388,0.162883340924185,0.440309755809057,ANKK1,ENSG00000170209,BBJ_Graves,0.881886224689906,0.640860434627994,1.2135611301223,,,,,,,4,1,0,3,log_odds,log_odds,FALSE
Inverse variance weighted,3,5.08583981207482e-05,0.0409525603433583,0.999009118846862,ANPEP,ENSG00000166825,BBJ_Graves,1.00005085969143,0.922916827237512,1.08363147409836,-0.0749172358674909,0.609498520969931,1.75049417988024,0.41675902999141,,,6,3,0,3,log_odds,log_odds,FALSE
MR Egger,3,0.139050150555992,0.202354998663663,0.616719205700568,ANPEP,ENSG00000166825,BBJ_Graves,1.14918173066122,0.772930884189644,1.7085856925876,-0.0749172358674909,0.609498520969931,1.75049417988024,0.41675902999141,,,6,3,0,3,log_odds,log_odds,FALSE
Weighted median,3,0.00544828195105626,0.0431685494779904,0.899566074980711,ANPEP,ENSG00000166825,BBJ_Graves,1.00546315083018,0.923890172786317,1.09423844679337,-0.0749172358674909,0.609498520969931,1.75049417988024,0.41675902999141,,,6,3,0,3,log_odds,log_odds,FALSE
Weighted mode,3,0.00923094004652575,0.104002746573348,0.937362778030865,ANPEP,ENSG00000166825,BBJ_Graves,1.00927367657181,0.823151968689768,1.23747909616516,-0.0749172358674909,0.609498520969931,1.75049417988024,0.41675902999141,,,6,3,0,3,log_odds,log_odds,FALSE
Inverse variance weighted,2,0.124988254035403,0.184585886522892,0.498324807287003,ANTXR2,ENSG00000163297,BBJ_Graves,1.13313514322338,0.789149036123109,1.62706306924712,,,1.98444431290982,0.158922989555349,,,2,2,0,0,log_odds,log_odds,FALSE
Inverse variance weighted,3,0.0175404050718847,0.0657184112306424,0.789544269006634,ANXA1,ENSG00000135046,BBJ_Graves,1.01769514136539,0.89469922294302,1.15759953088131,-0.00091036040801268,0.982597181992418,1.24245850175054,0.537283575189975,,,4,3,1,1,log_odds,log_odds,FALSE
MR Egger,3,0.0205002224397088,0.13068873376357,0.900945118594056,ANXA1,ENSG00000135046,BBJ_Graves,1.02071179529,0.790057385933671,1.31870492902602,-0.00091036040801268,0.982597181992418,1.24245850175054,0.537283575189975,,,4,3,1,1,log_odds,log_odds,FALSE
Weighted median,3,0.0204766649866972,0.0660944464743826,0.756706084939051,ANXA1,ENSG00000135046,BBJ_Graves,1.02068775020307,0.896669038309441,1.16185954784253,-0.00091036040801268,0.982597181992418,1.24245850175054,0.537283575189975,,,4,3,1,1,log_odds,log_odds,FALSE
Weighted mode,3,0.0147893924968353,0.196246568634105,0.94678702811899,ANXA1,ENSG00000135046,BBJ_Graves,1.0148992966991,0.690835266712421,1.4909785763284,-0.00091036040801268,0.982597181992418,1.24245850175054,0.537283575189975,,,4,3,1,1,log_odds,log_odds,FALSE
Wald ratio,1,-0.211959862971262,0.228635263456798,0.353892531596629,ANXA2,ENSG00000182718,BBJ_Graves,0.808997167657436,0.516807414669178,1.2663835670715,,,,,,,3,1,0,2,log_odds,log_odds,FALSE
Inverse variance weighted,4,-0.0278234768648174,0.0558670271942003,0.618462628466033,AOAH,ENSG00000136250,BBJ_Graves,0.972560030995275,0.871688755839146,1.08510406673649,-0.0213150755146973,0.701179183716545,6.30598361256728,0.0976362221807008,,,6,4,0,2,log_odds,log_odds,FALSE
MR Egger,4,-0.0113282453663255,0.0751742929285543,0.894043731328996,AOAH,ENSG00000136250,BBJ_Graves,0.988735677599175,0.853278014098536,1.14569721005914,-0.0213150755146973,0.701179183716545,6.30598361256728,0.0976362221807008,,,6,4,0,2,log_odds,log_odds,FALSE
Weighted median,4,-0.0212850183318357,0.041461001361507,0.607689421906976,AOAH,ENSG00000136250,BBJ_Graves,0.978939908983544,0.902534302668557,1.06181376438236,-0.0213150755146973,0.701179183716545,6.30598361256728,0.0976362221807008,,,6,4,0,2,log_odds,log_odds,FALSE
Weighted mode,4,-0.0222738971617207,0.229556324804254,0.928821402975469,AOAH,ENSG00000136250,BBJ_Graves,0.977972334517621,0.623626096971607,1.53365917771301,-0.0213150755146973,0.701179183716545,6.30598361256728,0.0976362221807008,,,6,4,0,2,log_odds,log_odds,FALSE
Inverse variance weighted,3,0.115245774920179,0.0797510431300561,0.148438453386507,AOC1,ENSG00000002726,BBJ_Graves,1.12214919981284,0.959765524548725,1.3120067291776,-0.0269994964247265,0.837130712564801,0.437992104816443,0.803324889346096,,,4,3,0,1,log_odds,log_odds,FALSE
MR Egger,3,0.193731545629815,0.310478285004414,0.644852820155119,AOC1,ENSG00000002726,BBJ_Graves,1.21377039724793,0.660468469830628,2.23059637898111,-0.0269994964247265,0.837130712564801,0.437992104816443,0.803324889346096,,,4,3,0,1,log_odds,log_odds,FALSE
Weighted median,3,0.111773904624726,0.079470570338353,0.159581128387741,AOC1,ENSG00000002726,BBJ_Graves,1.11825999864661,0.956965045534607,1.30674096238753,-0.0269994964247265,0.837130712564801,0.437992104816443,0.803324889346096,,,4,3,0,1,log_odds,log_odds,FALSE
Weighted mode,3,0.111142928437123,0.321213727649695,0.762344296255546,AOC1,ENSG00000002726,BBJ_Graves,1.11755462577606,0.59545111885866,2.09744897950209,-0.0269994964247265,0.837130712564801,0.437992104816443,0.803324889346096,,,4,3,0,1,log_odds,log_odds,FALSE
Wald ratio,1,-0.0109273165252204,0.167027651448256,0.947837848388967,APAF1,ENSG00000120868,BBJ_Graves,0.989132169725807,0.712980282403125,1.37224334716356,,,,,,,3,1,1,2,log_odds,log_odds,FALSE
Inverse variance weighted,2,0.205884134635094,0.164889701873566,0.211805081073986,APEX1,ENSG00000100823,BBJ_Graves,1.22861084230451,0.889318641292405,1.69734955699852,,,0.369546868180055,0.543251367440294,,,2,2,0,0,log_odds,log_odds,FALSE
Wald ratio,1,-0.0681415096236097,0.106749271791559,0.523257381605076,APOA1BP,ENSG00000163382,BBJ_Graves,0.934128276083074,0.757774006437634,1.15152489893404,,,,,,,2,1,0,1,log_odds,log_odds,FALSE
Wald ratio,1,0.0140037225885343,0.196811780882515,0.943276092489941,APOA2,ENSG00000158874,BBJ_Graves,1.01410223401681,0.689528417505923,1.49145896663361,,,,,,,1,1,0,0,log_odds,log_odds,FALSE
Inverse variance weighted,4,0.0339680642342251,0.0461298761967079,0.461513373817481,APOBEC3A,ENSG00000128383,BBJ_Graves,1.03455156700402,0.945117053415206,1.13244908757378,-0.0405433252181159,0.485729401971983,7.83395258292593,0.0495709969665286,,,4,4,1,0,log_odds,log_odds,FALSE
MR Egger,4,0.0770713406478232,0.0702227874008995,0.386901281206903,APOBEC3A,ENSG00000128383,BBJ_Graves,1.0801191300425,0.941232283215741,1.23949991504527,-0.0405433252181159,0.485729401971983,7.83395258292593,0.0495709969665286,,,4,4,1,0,log_odds,log_odds,FALSE
Weighted median,4,0.0204299542970889,0.0306916058802576,0.505633030432812,APOBEC3A,ENSG00000128383,BBJ_Graves,1.02064007428788,0.961053122457273,1.08392151994561,-0.0405433252181159,0.485729401971983,7.83395258292593,0.0495709969665286,,,4,4,1,0,log_odds,log_odds,FALSE
Weighted mode,4,0.0573424562921674,0.145686659845823,0.720181457626997,APOBEC3A,ENSG00000128383,BBJ_Graves,1.05901841582372,0.795962347011732,1.40901138007883,-0.0405433252181159,0.485729401971983,7.83395258292593,0.0495709969665286,,,4,4,1,0,log_odds,log_odds,FALSE
Inverse variance weighted,2,-0.0369185797877173,0.210786192457291,0.860964089068112,APOBEC3G,ENSG00000239713,BBJ_Graves,0.963754601258877,0.637590203033822,1.4567710216187,,,4.14344508120826,0.0417960251154137,,,5,2,0,3,log_odds,log_odds,FALSE
Wald ratio,1,0.354071554398561,0.198502103884483,0.074469681037129,APOD,ENSG00000189058,BBJ_Graves,1.42485713762784,0.965612591490444,2.10251800829907,,,,,,,1,1,0,0,log_odds,log_odds,FALSE
Wald ratio,1,-0.126478508504666,0.269587593386338,0.638958474026273,APOL1,ENSG00000100342,BBJ_Graves,0.881193087497141,0.519509494936821,1.49468155061762,,,,,,,1,1,1,0,log_odds,log_odds,FALSE
Inverse variance weighted,2,0.0708292246529444,0.13403653929118,0.597199386586249,APP,ENSG00000142192,BBJ_Graves,1.07339790031611,0.825403936594466,1.39590205633961,,,0.81165825198702,0.36763044174616,,,2,2,1,0,log_odds,log_odds,FALSE
Wald ratio,1,-0.436461914909812,0.259802411097866,0.0929619108351233,AQP1,ENSG00000240583,BBJ_Graves,0.646319112539181,0.388417440290805,1.07546250992408,,,,,,,1,1,0,0,log_odds,log_odds,FALSE
Inverse variance weighted,2,-0.258612838487158,0.11435839410025,0.0237330023706317,ARNT,ENSG00000143437,BBJ_Graves,0.772121901066251,0.617080810173966,0.96611694980126,,,0.0299361507543495,0.862635183730073,,,2,2,1,0,log_odds,log_odds,FALSE
Inverse variance weighted,2,-0.0234431664688667,0.0537628296871695,0.662802010507265,ARSA,ENSG00000100299,BBJ_Graves,0.976829489760488,0.879133678499547,1.08538197933026,,,0.393560009066315,0.530434020695902,,,3,2,1,1,log_odds,log_odds,FALSE
Inverse variance weighted,2,0.0801135507307239,0.155172237493851,0.605653336529238,ARSG,ENSG00000141337,BBJ_Graves,1.08341008269717,0.799295923255034,1.46851419247808,,,0.421904916315935,0.515988055326714,,,3,2,0,1,log_odds,log_odds,FALSE
Inverse variance weighted,2,-0.0968031186453565,0.179912452648655,0.590537835259601,ASGR1,ENSG00000141505,BBJ_Graves,0.907734704579794,0.637990729800149,1.29152706365605,,,0.544622275913448,0.46052339317515,,,2,2,0,0,log_odds,log_odds,FALSE
Inverse variance weighted,2,-0.00191273979475839,0.065532336153394,0.97671487123497,ASIC1,ENSG00000110881,BBJ_Graves,0.998089088326244,0.87778278043002,1.13488422243586,,,2.50707979012042,0.113335773109555,,,5,2,0,3,log_odds,log_odds,FALSE
Wald ratio,1,0.0906321588891805,0.143665738482743,0.528135749743348,ASIC3,ENSG00000213199,BBJ_Graves,1.09486619438067,0.826171674617186,1.45094781197025,,,,,,,1,1,0,0,log_odds,log_odds,FALSE
Inverse variance weighted,2,-0.0284340275549601,0.084240731416399,0.735715132993843,ATG4B,ENSG00000168397,BBJ_Graves,0.971966415031904,0.824032044286912,1.14645870691533,,,0.443491362592433,0.50544211924824,,,2,2,1,0,log_odds,log_odds,FALSE
Inverse variance weighted,2,0.00159539502787338,0.205815171707563,0.993815187176081,ATG4C,ENSG00000125703,BBJ_Graves,1.00159666834758,0.669112988477416,1.4992922022449,,,2.51507484457377,0.112762279483913,,,2,2,0,0,log_odds,log_odds,FALSE
Wald ratio,1,-0.0277511235681565,0.14600458381518,0.849254104586039,ATIC,ENSG00000138363,BBJ_Graves,0.972630401465455,0.730577393229613,1.29487978497787,,,,,,,2,1,0,1,log_odds,log_odds,FALSE
Inverse variance weighted,2,-0.0841178139459636,0.100939491602608,0.404647987069572,ATP1A4,ENSG00000132681,BBJ_Graves,0.919322940651462,0.754304446336645,1.12044238014588,,,0.306527830772935,0.579818704157627,,,3,2,0,1,log_odds,log_odds,FALSE
Inverse variance weighted,4,-0.0509662945074894,0.0356805176383475,0.15317479914787,ATP1B1,ENSG00000143153,BBJ_Graves,0.950310700682832,0.886122470762104,1.01914854619994,6.46290879860887e-05,0.998327746509431,0.519150627063289,0.914664402984019,,,5,4,0,1,log_odds,log_odds,FALSE
MR Egger,4,-0.0510300663275966,0.0447241131605345,0.372080198011523,ATP1B1,ENSG00000143153,BBJ_Graves,0.950250099572125,0.870498425834184,1.03730831089272,6.46290879860887e-05,0.998327746509431,0.519150627063289,0.914664402984019,,,5,4,0,1,log_odds,log_odds,FALSE
Weighted median,4,-0.0530177102022554,0.0384714304763008,0.168170555059479,ATP1B1,ENSG00000143153,BBJ_Graves,0.948363216629192,0.879482410939922,1.02263874691259,6.46290879860887e-05,0.998327746509431,0.519150627063289,0.914664402984019,,,5,4,0,1,log_odds,log_odds,FALSE
Weighted mode,4,-0.0528556284242294,0.125637522619101,0.702293521218568,ATP1B1,ENSG00000143153,BBJ_Graves,0.94851694148322,0.741481421688111,1.21336066146121,6.46290879860887e-05,0.998327746509431,0.519150627063289,0.914664402984019,,,5,4,0,1,log_odds,log_odds,FALSE
Wald ratio,1,-0.124173081172,0.0919769092948852,0.177001148954761,ATP1B2,ENSG00000129244,BBJ_Graves,0.883226957695552,0.737530509072449,1.05770520568866,,,,,,,1,1,0,0,log_odds,log_odds,FALSE
Inverse variance weighted,2,-0.310291434052598,0.399376223321057,0.437194065290653,ATP1B3,ENSG00000069849,BBJ_Graves,0.733233235949666,0.335186283431509,1.60397666872629,,,1.51425726804965,0.218490612579122,,,2,2,0,0,log_odds,log_odds,FALSE
Wald ratio,1,0.38460535036003,0.423489455212038,0.363782259670392,ATP2A1,ENSG00000196296,BBJ_Graves,1.46903445310823,0.640546230261689,3.3690967528407,,,,,,,1,1,0,0,log_odds,log_odds,FALSE
Wald ratio,1,-0.113024732140933,0.463965360345803,0.807536003369467,ATP2A3,ENSG00000074370,BBJ_Graves,0.893128570861173,0.359731687318954,2.21742668830079,,,,,,,2,1,1,1,log_odds,log_odds,FALSE
Wald ratio,1,-4.04417089237148,1.99436389803705,0.0425806756366247,ATP2B2,ENSG00000157087,BBJ_Graves,0.017524228105417,0.000351562120526221,0.873525766174748,,,,,,,1,1,0,0,log_odds,log_odds,FALSE
Wald ratio,1,0.588294461395345,0.416880263406036,0.158190576149769,ATP2B4,ENSG00000058668,BBJ_Graves,1.80091426579865,0.795494889982003,4.07707482926816,,,,,,,1,1,0,0,log_odds,log_odds,FALSE
Wald ratio,1,0.676337080876589,0.490382945967056,0.167832518671837,ATP2C1,ENSG00000017260,BBJ_Graves,1.96666080332036,0.75215452315748,5.14223420352532,,,,,,,1,1,0,0,log_odds,log_odds,FALSE
Wald ratio,1,0.0119823683995006,0.142281488201354,0.932884749806373,ATP2C2,ENSG00000064270,BBJ_Graves,1.01205444456912,0.765757799045798,1.33756939863807,,,,,,,1,1,1,0,log_odds,log_odds,FALSE
Wald ratio,1,0.0435354174584824,0.220557046807263,0.843523553716067,ATP7B,ENSG00000123191,BBJ_Graves,1.0444969870856,0.677899390067521,1.60934494412547,,,,,,,3,1,0,2,log_odds,log_odds,FALSE
Wald ratio,1,0.573746184855974,0.449803644920347,0.202115310436438,ATR,ENSG00000175054,BBJ_Graves,1.77490373003403,0.735011628219307,4.2860318530209,,,,,,,1,1,0,0,log_odds,log_odds,FALSE
Wald ratio,1,-0.0289791414988154,0.134192792992882,0.829025514757323,ATRAID,ENSG00000138085,BBJ_Graves,0.971436726969402,0.746770764509586,1.26369343760365,,,,,,,3,1,0,2,log_odds,log_odds,FALSE
Inverse variance weighted,2,-0.10841117796956,0.43626928424066,0.803750654095461,ATRN,ENSG00000088812,BBJ_Graves,0.897258587607262,0.381555494422608,2.10997609732566,,,0.00562877532086881,0.940194689871243,,,2,2,0,0,log_odds,log_odds,FALSE
Wald ratio,1,-0.0902078312577448,0.118018582340203,0.444657041517823,AURKB,ENSG00000178999,BBJ_Graves,0.913741261540229,0.725043045602945,1.1515496881248,,,,,,,1,1,0,0,log_odds,log_odds,FALSE
Inverse variance weighted,2,0.323911126304595,0.344521694743573,0.34712714521833,AURKC,ENSG00000105146,BBJ_Graves,1.38252443160413,0.703736420666321,2.71603649868311,,,1.63718316337411,0.200712387832305,,,2,2,1,0,log_odds,log_odds,FALSE
Inverse variance weighted,3,0.138001896302957,0.0888854995459288,0.120523379248449,AXIN2,ENSG00000168646,BBJ_Graves,1.14797772718567,0.964434188458739,1.3664518303944,-0.0371792853022468,0.458113320817216,1.40679857978524,0.494900132203485,,,4,3,0,1,log_odds,log_odds,FALSE
MR Egger,3,0.28850596068739,0.159051336388041,0.320751595398954,AXIN2,ENSG00000168646,BBJ_Graves,1.334432303633,0.977033187598801,1.82256815385731,-0.0371792853022468,0.458113320817216,1.40679857978524,0.494900132203485,,,4,3,0,1,log_odds,log_odds,FALSE
Weighted median,3,0.140749723554971,0.0911924397488332,0.122724947207575,AXIN2,ENSG00000168646,BBJ_Graves,1.15113650957576,0.962725014973029,1.37642134884735,-0.0371792853022468,0.458113320817216,1.40679857978524,0.494900132203485,,,4,3,0,1,log_odds,log_odds,FALSE
Weighted mode,3,0.172446456887157,0.304245208317273,0.627978251030458,AXIN2,ENSG00000168646,BBJ_Graves,1.18820819854609,0.654506245411141,2.15710504367343,-0.0371792853022468,0.458113320817216,1.40679857978524,0.494900132203485,,,4,3,0,1,log_odds,log_odds,FALSE
Wald ratio,1,-0.0719191845415202,0.228124082043599,0.75256163565847,AXL,ENSG00000167601,BBJ_Graves,0.930606100130975,0.595090142240838,1.45528828681302,,,,,,,1,1,0,0,log_odds,log_odds,FALSE
Inverse variance weighted,3,-0.0764433619059205,0.115642655078315,0.508592533295297,AZIN1,ENSG00000155096,BBJ_Graves,0.926405382638172,0.738523049794927,1.16208550730988,0.027376960660275,0.706289992611397,0.677433000302621,0.712684466390287,,,3,3,1,0,log_odds,log_odds,FALSE
MR Egger,3,-0.19502127407656,0.265074765273262,0.59619192726075,AZIN1,ENSG00000155096,BBJ_Graves,0.822817153194707,0.489403579465806,1.38337375531751,0.027376960660275,0.706289992611397,0.677433000302621,0.712684466390287,,,3,3,1,0,log_odds,log_odds,FALSE
Weighted median,3,-0.0870523580375525,0.116150672374823,0.453569234651727,AZIN1,ENSG00000155096,BBJ_Graves,0.916629101475807,0.730002240335109,1.15096757687572,0.027376960660275,0.706289992611397,0.677433000302621,0.712684466390287,,,3,3,1,0,log_odds,log_odds,FALSE
Weighted mode,3,-0.0903902759045823,0.298238199945577,0.790447742120014,AZIN1,ENSG00000155096,BBJ_Graves,0.91357456954496,0.509188423215498,1.63911521956585,0.027376960660275,0.706289992611397,0.677433000302621,0.712684466390287,,,3,3,1,0,log_odds,log_odds,FALSE
Wald ratio,1,0.208329823563838,0.209325562330973,0.319618039611802,B2M,ENSG00000166710,BBJ_Graves,1.23161931963955,0.817137190324789,1.85634207629989,,,,,,,1,1,1,0,log_odds,log_odds,FALSE
Inverse variance weighted,2,0.0465419807633825,0.0953979872925041,0.625640702245339,B4GALT1,ENSG00000086062,BBJ_Graves,1.04764205895876,0.868977475279075,1.26304065976724,,,0.905542354656961,0.341299936280776,,,2,2,0,0,log_odds,log_odds,FALSE
Inverse variance weighted,2,0.124729191832617,0.135410582547352,0.356988565788666,BACE1,ENSG00000186318,BBJ_Graves,1.13284162875802,0.868771138806357,1.47717862452284,,,0.142879750201911,0.705434770003507,,,2,2,0,0,log_odds,log_odds,FALSE
Inverse variance weighted,2,-0.251674091240791,0.157875227297643,0.110906275253376,BACE2,ENSG00000182240,BBJ_Graves,0.777498090219732,0.570575637873551,1.05946212941762,,,0.0136563229054236,0.906970781638064,,,3,2,1,1,log_odds,log_odds,FALSE
Inverse variance weighted,2,0.00968549634520941,0.016939207792935,0.567471183885488,BAD,ENSG00000002330,BBJ_Graves,1.00973255256318,0.976758980396053,1.04381925139029,,,0.836580474727471,0.360376591660207,,,2,2,0,0,log_odds,log_odds,FALSE
Inverse variance weighted,2,0.01764260853,0.120903183419337,0.883981826565919,BAMBI,ENSG00000095739,BBJ_Graves,1.01779915864351,0.803058568188753,1.28996211281561,,,2.36941761570582,0.123733204110879,,,3,2,0,1,log_odds,log_odds,FALSE
Wald ratio,1,-0.397569484505986,0.361257551200407,0.271107640346075,BCAM,ENSG00000187244,BBJ_Graves,0.671951250824718,0.331000866806157,1.36410060747462,,,,,,,1,1,0,0,log_odds,log_odds,FALSE
Inverse variance weighted,4,0.0795858500728257,0.0830655318048589,0.338007697726936,BCAT1,ENSG00000060982,BBJ_Graves,1.08283851730474,0.920146306972721,1.27429653922795,-0.0132296072900957,0.796888930916517,2.07260259854341,0.55747529816477,,,5,4,0,1,log_odds,log_odds,FALSE
MR Egger,4,0.126209497290432,0.179329411927165,0.554469059988802,BCAT1,ENSG00000060982,BBJ_Graves,1.13451982221692,0.798295738880417,1.61235387377651,-0.0132296072900957,0.796888930916517,2.07260259854341,0.55747529816477,,,5,4,0,1,log_odds,log_odds,FALSE
Weighted median,4,0.0969953448033161,0.0845075514550223,0.251062975432505,BCAT1,ENSG00000060982,BBJ_Graves,1.10185524425619,0.933663246037217,1.30034569149837,-0.0132296072900957,0.796888930916517,2.07260259854341,0.55747529816477,,,5,4,0,1,log_odds,log_odds,FALSE
Weighted mode,4,0.0982385756860802,0.289717431119728,0.756894386187843,BCAT1,ENSG00000060982,BBJ_Graves,1.1032259566036,0.625247573982075,1.9466009337268,-0.0132296072900957,0.796888930916517,2.07260259854341,0.55747529816477,,,5,4,0,1,log_odds,log_odds,FALSE
Wald ratio,1,-0.141819273225601,0.420688463370696,0.736032213719159,BCL2,ENSG00000171791,BBJ_Graves,0.867778073047047,0.380462119400175,1.97927400827306,,,,,,,2,1,0,1,log_odds,log_odds,FALSE
Wald ratio,1,0.25333755584566,0.225749172960497,0.261773959317481,BCL2A1,ENSG00000140379,BBJ_Graves,1.28831808274476,0.827678220134026,2.00532458382,,,,,,,2,1,0,1,log_odds,log_odds,FALSE
Inverse variance weighted,2,-0.00883567865440483,0.109319322865369,0.935581530584823,BCR,ENSG00000186716,BBJ_Graves,0.991203241241986,0.80003360058055,1.22805325268298,,,0.0757983005758662,0.783074309149051,,,2,2,0,0,log_odds,log_odds,FALSE
Inverse variance weighted,2,-0.181879611392054,0.174825119674479,0.298176530344871,BICD1,ENSG00000151746,BBJ_Graves,0.833701702561798,0.591829409084797,1.17442377513696,,,0.0414067855601195,0.838754739018939,,,2,2,0,0,log_odds,log_odds,FALSE
Wald ratio,1,0.146212409878298,0.162050206020492,0.366915520928102,BIRC5,ENSG00000089685,BBJ_Graves,1.15744201405928,0.842479462487762,1.59015391538884,,,,,,,1,1,0,0,log_odds,log_odds,FALSE
Wald ratio,1,-0.0709588332178242,0.203017521877403,0.726698407845097,BLK,ENSG00000136573,BBJ_Graves,0.931500238205697,0.625706932719501,1.38673977928618,,,,,,,3,1,0,2,log_odds,log_odds,FALSE
Wald ratio,1,-0.0183821784244235,0.0792648040094418,0.816609115529661,BLM,ENSG00000197299,BBJ_Graves,0.981785743320678,0.840514399443721,1.14680158534545,,,,,,,4,1,0,3,log_odds,log_odds,FALSE
Inverse variance weighted,2,-0.117531539967568,0.149985229274251,0.433262668303597,BMP1,ENSG00000168487,BBJ_Graves,0.889112468725784,0.662653805152879,1.19296226158587,,,0.714061317481383,0.398098840982569,,,3,2,0,1,log_odds,log_odds,FALSE
Inverse variance weighted,3,-0.00708913116659406,0.212763695652699,0.973419986509621,BMP2,ENSG00000125845,BBJ_Graves,0.992935937450537,0.654354533244381,1.50670886467683,0.0350561522884216,0.725938316611045,5.7468471479639,0.0565051455111895,,,3,3,0,0,log_odds,log_odds,FALSE
MR Egger,3,-0.153640611536318,0.420254477701814,0.776867999761641,BMP2,ENSG00000125845,BBJ_Graves,0.857580170055335,0.376310985693548,1.95435099168498,0.0350561522884216,0.725938316611045,5.7468471479639,0.0565051455111895,,,3,3,0,0,log_odds,log_odds,FALSE
Weighted median,3,0.0458286069311434,0.136566572871142,0.737189836817622,BMP2,ENSG00000125845,BBJ_Graves,1.04689496503865,0.801042018372053,1.36820421736509,0.0350561522884216,0.725938316611045,5.7468471479639,0.0565051455111895,,,3,3,0,0,log_odds,log_odds,FALSE
Weighted mode,3,0.151843483229628,0.46311747411489,0.774149446333834,BMP2,ENSG00000125845,BBJ_Graves,1.16397804009047,0.469603401997916,2.88508318306194,0.0350561522884216,0.725938316611045,5.7468471479639,0.0565051455111895,,,3,3,0,0,log_odds,log_odds,FALSE
Inverse variance weighted,2,-0.0797118831932138,0.231511876902991,0.730613070902363,BMP2K,ENSG00000138756,BBJ_Graves,0.92338235003887,0.586563022204059,1.45361185769853,,,5.1736174616856,0.0229324136096681,,,2,2,0,0,log_odds,log_odds,FALSE
Inverse variance weighted,2,0.349184130748365,0.226871091005101,0.123772531830468,BMP6,ENSG00000153162,BBJ_Graves,1.41791024718188,0.908933624682856,2.21189910293491,,,1.2508483452989,0.263390509775588,,,2,2,0,0,log_odds,log_odds,FALSE
Wald ratio,1,0.258115964579448,0.170496753350761,0.13004982096349,BMP8A,ENSG00000183682,BBJ_Graves,1.29448892478433,0.926762756767493,1.80812356145393,,,,,,,3,1,0,2,log_odds,log_odds,FALSE
Wald ratio,1,-0.288292035782755,0.197415375061352,0.144198787052033,BMPR1A,ENSG00000107779,BBJ_Graves,0.749542666994131,0.509041277261658,1.1036712242019,,,,,,,1,1,1,0,log_odds,log_odds,FALSE
Inverse variance weighted,2,-0.0556663771576728,0.222916219753774,0.802804796704788,BMPR2,ENSG00000204217,BBJ_Graves,0.945854641971535,0.611046530604248,1.46411272944208,,,1.63705363257627,0.20073020125276,,,2,2,0,0,log_odds,log_odds,FALSE
Wald ratio,1,-0.584767699183897,0.509589455345729,0.251163848128979,BOLA1,ENSG00000178096,BBJ_Graves,0.557235292991431,0.20524250830403,1.51289893268737,,,,,,,1,1,0,0,log_odds,log_odds,FALSE
Wald ratio,1,0.446997557451704,1.37151950086694,0.744489339853141,BOLA3,ENSG00000163170,BBJ_Graves,1.56361048008764,0.106332886799974,22.9926771200995,,,,,,,1,1,0,0,log_odds,log_odds,FALSE
Inverse variance weighted,2,-0.195406264110188,0.163276015050897,0.23139041778812,BPHL,ENSG00000137274,BBJ_Graves,0.822500437761284,0.597245364860042,1.13271196382752,,,1.40893329857047,0.235233552462403,,,2,2,0,0,log_odds,log_odds,FALSE
Inverse variance weighted,5,-0.0303764241934608,0.113101187756997,0.788254897156679,BPI,ENSG00000101425,BBJ_Graves,0.970080303116343,0.777202183376787,1.21082494957181,-0.0688001139370979,0.309694607022179,12.2726184022832,0.0154350639624916,,,6,5,0,1,log_odds,log_odds,FALSE
MR Egger,5,0.170880880072721,0.196531414201542,0.448560393482692,BPI,ENSG00000101425,BBJ_Graves,1.18634942274753,0.807089516557008,1.74382757300252,-0.0688001139370979,0.309694607022179,12.2726184022832,0.0154350639624916,,,6,5,0,1,log_odds,log_odds,FALSE
Weighted median,5,-0.0323994396786674,0.0706039077162207,0.646313033418963,BPI,ENSG00000101425,BBJ_Graves,0.968119799374587,0.843004402307398,1.11180433147883,-0.0688001139370979,0.309694607022179,12.2726184022832,0.0154350639624916,,,6,5,0,1,log_odds,log_odds,FALSE
Weighted mode,5,-0.0591066614524891,0.482553826729507,0.908420621330986,BPI,ENSG00000101425,BBJ_Graves,0.942606224046069,0.366076788902522,2.42710415012676,-0.0688001139370979,0.309694607022179,12.2726184022832,0.0154350639624916,,,6,5,0,1,log_odds,log_odds,FALSE
Wald ratio,1,-0.00786370413508387,0.414623155792303,0.984868302937491,BPNT1,ENSG00000162813,BBJ_Graves,0.992167133899608,0.440200449181092,2.2362440188824,,,,,,,1,1,1,0,log_odds,log_odds,FALSE
Wald ratio,1,-0.311802824516794,0.515843518404276,0.545542943138268,BRAF,ENSG00000157764,BBJ_Graves,0.732125871269826,0.266373419861309,2.01224390805089,,,,,,,1,1,0,0,log_odds,log_odds,FALSE
Wald ratio,1,0.0848168294057875,0.110528187617717,0.442857182180157,BRCA1,ENSG00000012048,BBJ_Graves,1.08851766400927,0.876500136993377,1.35182033048463,,,,,,,1,1,0,0,log_odds,log_odds,FALSE
Wald ratio,1,1.64799429115631,0.675005057682999,0.0146282222193778,BRD2,ENSG00000204256,BBJ_Graves,5.19654660818896,1.384009024958,19.5115032952185,,,,,,,2,1,0,1,log_odds,log_odds,FALSE
Wald ratio,1,0.106504939461459,0.0822466574774596,0.195339028922052,BRD3,ENSG00000169925,BBJ_Graves,1.11238342100715,0.94677054754378,1.30696595763542,,,,,,,2,1,0,1,log_odds,log_odds,FALSE
Inverse variance weighted,2,0.425344771511638,0.457156591651458,0.352156910278038,BRPF3,ENSG00000096070,BBJ_Graves,1.53011786978422,0.624576069538998,3.7485597185321,,,0.130319536048992,0.718100962834769,,,2,2,0,0,log_odds,log_odds,FALSE
Wald ratio,1,0.0171820666494824,0.233841108757282,0.941426125673989,BRSK1,ENSG00000160469,BBJ_Graves,1.01733052742544,0.643298452254479,1.60883552323907,,,,,,,1,1,0,0,log_odds,log_odds,FALSE
Wald ratio,1,0.0977917012748414,0.0839285133522227,0.243946737016457,BSG,ENSG00000172270,BBJ_Graves,1.10273306329268,0.935468145244809,1.2999055233042,,,,,,,2,1,0,1,log_odds,log_odds,FALSE
Inverse variance weighted,3,-0.0155894336322832,0.0272743324229041,0.567607275936498,BST1,ENSG00000109743,BBJ_Graves,0.984531452590388,0.933282697925649,1.0385943972755,-0.0340179128803364,0.560504116690894,0.763086810388317,0.682806748055406,,,5,3,0,2,log_odds,log_odds,FALSE
MR Egger,3,0.0265111508599284,0.0578112039921458,0.726274266873836,BST1,ENSG00000109743,BBJ_Graves,1.0268656976334,0.916861541400875,1.15006804556883,-0.0340179128803364,0.560504116690894,0.763086810388317,0.682806748055406,,,5,3,0,2,log_odds,log_odds,FALSE
Weighted median,3,-0.0147867154782916,0.028169779844204,0.599642886255414,BST1,ENSG00000109743,BBJ_Graves,0.985322071140036,0.932394301046522,1.04125430924019,-0.0340179128803364,0.560504116690894,0.763086810388317,0.682806748055406,,,5,3,0,2,log_odds,log_odds,FALSE
Weighted mode,3,-0.0131550602438137,0.0924568231513483,0.899895891008189,BST1,ENSG00000109743,BBJ_Graves,0.9869310893796,0.823352850193712,1.18300795941235,-0.0340179128803364,0.560504116690894,0.763086810388317,0.682806748055406,,,5,3,0,2,log_odds,log_odds,FALSE
Wald ratio,1,0.0869626684801845,0.317953973989841,0.784463437453182,BTD,ENSG00000169814,BBJ_Graves,1.09085595564741,0.584951044106628,2.03430137950915,,,,,,,1,1,0,0,log_odds,log_odds,FALSE
Inverse variance weighted,4,-0.0372234382912141,0.0949541855908672,0.695047339006612,BTN3A1,ENSG00000026950,BBJ_Graves,0.963460837253902,0.799847941864796,1.16054156838588,-0.0665592410944611,0.536687652175899,1.18607639211751,0.756345668523076,,,5,4,2,1,log_odds,log_odds,FALSE
MR Egger,4,0.142076027260631,0.260431627496499,0.640094491747795,BTN3A1,ENSG00000026950,BBJ_Graves,1.15266427911337,0.691861171554202,1.92037795293426,-0.0665592410944611,0.536687652175899,1.18607639211751,0.756345668523076,,,5,4,2,1,log_odds,log_odds,FALSE
Weighted median,4,-0.0303863607714684,0.0983382424413134,0.757322734653023,BTN3A1,ENSG00000026950,BBJ_Graves,0.970070663885627,0.800011388367272,1.17627962128395,-0.0665592410944611,0.536687652175899,1.18607639211751,0.756345668523076,,,5,4,2,1,log_odds,log_odds,FALSE
Weighted mode,4,-0.0339718817006021,0.375131021734922,0.933549867870235,BTN3A1,ENSG00000026950,BBJ_Graves,0.966598683366572,0.463370335324752,2.01634188349839,-0.0665592410944611,0.536687652175899,1.18607639211751,0.756345668523076,,,5,4,2,1,log_odds,log_odds,FALSE
Inverse variance weighted,5,-0.0888478855058391,0.0883250150644731,0.314454128972985,BTN3A2,ENSG00000186470,BBJ_Graves,0.914984745430872,0.769538022450682,1.08792166201879,-0.159748209792526,0.0822431690816479,19.104114094333,0.000749775877961765,,,16,5,0,11,log_odds,log_odds,FALSE
MR Egger,5,0.0797040270025929,0.0867898108941515,0.426156970088777,BTN3A2,ENSG00000186470,BBJ_Graves,1.08296649139779,0.913562029499612,1.2837841149471,-0.159748209792526,0.0822431690816479,19.104114094333,0.000749775877961765,,,16,5,0,11,log_odds,log_odds,FALSE
Weighted median,5,-0.047535453740879,0.0463718673510555,0.305319540897284,BTN3A2,ENSG00000186470,BBJ_Graves,0.953576664673334,0.870729151000354,1.04430689424472,-0.159748209792526,0.0822431690816479,19.104114094333,0.000749775877961765,,,16,5,0,11,log_odds,log_odds,FALSE
Weighted mode,5,-0.0578522197825881,0.533004968218634,0.918794376118567,BTN3A2,ENSG00000186470,BBJ_Graves,0.943789410535881,0.332026014073868,2.68273693530983,-0.159748209792526,0.0822431690816479,19.104114094333,0.000749775877961765,,,16,5,0,11,log_odds,log_odds,FALSE
Inverse variance weighted,6,-0.0865800653117797,0.0568789717107938,0.127963843406429,BTN3A3,ENSG00000111801,BBJ_Graves,0.917062120980597,0.820318294623604,1.02521538194308,0.0781940650625936,0.212298115516779,5.99187488938954,0.30701033014624,,,7,6,0,1,log_odds,log_odds,FALSE
MR Egger,6,-0.109674059260192,0.0542427274935653,0.113250710664127,BTN3A3,ENSG00000111801,BBJ_Graves,0.896126171728032,0.805743516267844,0.996647319454187,0.0781940650625936,0.212298115516779,5.99187488938954,0.30701033014624,,,7,6,0,1,log_odds,log_odds,FALSE
Weighted median,6,-0.0860151292904796,0.0560155342385648,0.124646700972043,BTN3A3,ENSG00000111801,BBJ_Graves,0.9175803487755,0.822172068794945,1.0240602039583,0.0781940650625936,0.212298115516779,5.99187488938954,0.30701033014624,,,7,6,0,1,log_odds,log_odds,FALSE
Weighted mode,6,-0.080463302625633,0.624408963844916,0.902489009283469,BTN3A3,ENSG00000111801,BBJ_Graves,0.922688763217441,0.271361100263081,3.13734928455978,0.0781940650625936,0.212298115516779,5.99187488938954,0.30701033014624,,,7,6,0,1,log_odds,log_odds,FALSE
Wald ratio,1,0.172827948436527,0.0723356101208097,0.0168827512588429,BTNL8,ENSG00000113303,BBJ_Graves,1.18866157640714,1.0315372368634,1.36971918485751,,,,,,,4,1,0,3,log_odds,log_odds,FALSE
Inverse variance weighted,2,0.255401533994774,0.241969044044218,0.291190649210531,C10orf54,ENSG00000107738,BBJ_Graves,1.29097988912682,0.803435964785086,2.07437698482381,,,0.0335736486394674,0.854616666116555,,,2,2,0,0,log_odds,log_odds,FALSE
Wald ratio,1,-0.273716269341166,0.466909220484167,0.557720853254299,C11orf83,ENSG00000204922,BBJ_Graves,0.760547835388963,0.304568779195765,1.89918681567503,,,,,,,1,1,0,0,log_odds,log_odds,FALSE
Inverse variance weighted,2,0.0896757432870257,0.0901263185845794,0.319735960556584,C12orf39,ENSG00000134548,BBJ_Graves,1.0938195478644,0.916702908579729,1.30515698389565,,,1.1101537171341,0.292048536286959,,,3,2,0,1,log_odds,log_odds,FALSE
Wald ratio,1,0.157728570647687,0.577795611809597,0.784866029180825,C19orf10,ENSG00000074842,BBJ_Graves,1.17084834896427,0.377286350858251,3.63354214419332,,,,,,,1,1,0,0,log_odds,log_odds,FALSE
Inverse variance weighted,2,-0.353106651881466,0.288141395114548,0.22040077893488,C1QA,ENSG00000173372,BBJ_Graves,0.702502266193326,0.39937127286792,1.23571590530993,,,0.42682591199718,0.513550549116006,,,2,2,0,0,log_odds,log_odds,FALSE
Inverse variance weighted,2,-0.0219311785021499,0.0629054078438279,0.727361538265815,C1QB,ENSG00000173369,BBJ_Graves,0.978307561326164,0.864827012260542,1.10667875884942,,,0.142804706111783,0.705508523134621,,,3,2,2,1,log_odds,log_odds,FALSE
Inverse variance weighted,2,-0.267428427049588,0.322320731822771,0.406710323655336,C1QC,ENSG00000159189,BBJ_Graves,0.765345106669928,0.406904379306087,1.4395350900438,,,0.801927591756243,0.370517675471162,,,3,2,2,1,log_odds,log_odds,FALSE
Wald ratio,1,0.157522998179258,0.122093237905321,0.196986051867052,C1QTNF6,ENSG00000133466,BBJ_Graves,1.17060767951737,0.921474892929196,1.48709677264136,,,,,,,3,1,0,2,log_odds,log_odds,FALSE
Wald ratio,1,0.063088471474861,0.236863101723758,0.789969719850083,C1R,ENSG00000159403,BBJ_Graves,1.06512106789475,0.669540777773445,1.69441940944355,,,,,,,1,1,0,0,log_odds,log_odds,FALSE
Inverse variance weighted,2,0.0683261648774182,0.0607356830946173,0.260599350645662,C1RL,ENSG00000139178,BBJ_Graves,1.07071448098922,0.950548802836706,1.20607116265755,,,0.391020805017648,0.531763310857894,,,6,2,1,4,log_odds,log_odds,FALSE
Wald ratio,1,-3.05844359860209,1.7655046573201,0.0832141264399823,C1S,ENSG00000182326,BBJ_Graves,0.0469607281138798,0.00147539028092981,1.49472991213954,,,,,,,1,1,0,0,log_odds,log_odds,FALSE
Wald ratio,1,-0.289398150360296,0.791771953263018,0.714733021112744,C2,ENSG00000166278,BBJ_Graves,0.748714045283441,0.158615669030624,3.53415728112249,,,,,,,2,1,0,1,log_odds,log_odds,FALSE
Inverse variance weighted,2,-0.00820953171878404,0.206768285631698,0.968329098364602,C2orf40,ENSG00000119147,BBJ_Graves,0.991824074460192,0.661347822147064,1.48743968262448,,,0.113353895852799,0.736357611637361,,,3,2,1,1,log_odds,log_odds,FALSE
Wald ratio,1,0.458391359770715,0.300293686517065,0.126891152244969,C3,ENSG00000125730,BBJ_Graves,1.58152782833014,0.877933642867568,2.84899695108272,,,,,,,1,1,0,0,log_odds,log_odds,FALSE
Inverse variance weighted,2,-0.0769795119784387,0.0407843053746688,0.0590959544605203,C3AR1,ENSG00000171860,BBJ_Graves,0.925908823452106,0.854775215454134,1.00296210494473,,,0.280386581505221,0.596447949439026,,,6,2,0,4,log_odds,log_odds,FALSE
Wald ratio,1,-0.802623347217135,0.126500654244592,2.22691760891928e-10,C4A,ENSG00000244731,BBJ_Graves,0.448151763008373,0.349740219692778,0.574254807936978,,,,,,,5,1,0,4,log_odds,log_odds,FALSE
Wald ratio,1,0.362542575872205,0.0938918625760718,0.000112795509711049,C4B,ENSG00000224389,BBJ_Graves,1.43697840029247,1.19544024718367,1.7273192263451,,,,,,,3,1,0,2,log_odds,log_odds,FALSE
Inverse variance weighted,2,-0.000997266095985191,0.0154210733464829,0.948437509218772,C4BPA,ENSG00000123838,BBJ_Graves,0.999003231008586,0.969259821049051,1.02965936882169,,,1.16234169827744,0.280980421731507,,,4,2,0,2,log_odds,log_odds,FALSE
Wald ratio,1,0.142472851983818,0.202687256619308,0.482105835362739,C4BPB,ENSG00000123843,BBJ_Graves,1.15312177556381,0.775076014672689,1.71556054387898,,,,,,,2,1,0,1,log_odds,log_odds,FALSE
Inverse variance weighted,4,-0.00846805023908118,0.119787272917969,0.943642566789575,C5,ENSG00000106804,BBJ_Graves,0.991567702707919,0.784074603872521,1.25397060968106,-0.0401548436688923,0.515454198168899,9.67845251835183,0.0215067802689632,,,4,4,0,0,log_odds,log_odds,FALSE
MR Egger,4,0.139344880814491,0.228199318239896,0.603594177882614,C5,ENSG00000106804,BBJ_Graves,1.14952047920703,0.734969863290547,1.79789321728146,-0.0401548436688923,0.515454198168899,9.67845251835183,0.0215067802689632,,,4,4,0,0,log_odds,log_odds,FALSE
Weighted median,4,0.0095140380324874,0.0716906650767406,0.894423066359302,C5,ENSG00000106804,BBJ_Graves,1.0095594403646,0.877218067804715,1.16186647429632,-0.0401548436688923,0.515454198168899,9.67845251835183,0.0215067802689632,,,4,4,0,0,log_odds,log_odds,FALSE
Weighted mode,4,0.00645440497187222,0.503550821918083,0.990577925420843,C5,ENSG00000106804,BBJ_Graves,1.00647527953043,0.375121537324899,2.70043809142444,-0.0401548436688923,0.515454198168899,9.67845251835183,0.0215067802689632,,,4,4,0,0,log_odds,log_odds,FALSE
Wald ratio,1,0.0850596428061968,0.372752169817952,0.819495771555386,C5AR1,ENSG00000197405,BBJ_Graves,1.08878200277588,0.524382127208539,2.26065342058696,,,,,,,1,1,0,0,log_odds,log_odds,FALSE
Inverse variance weighted,3,-0.0323642779622321,0.0408219736514564,0.427885545590785,C6orf120,ENSG00000185127,BBJ_Graves,0.96815384072692,0.893708744249975,1.04880014360933,0.0183753279576293,0.856039685750401,0.238035173927426,0.887792187055673,,,3,3,0,0,log_odds,log_odds,FALSE
MR Egger,3,-0.0600829964487235,0.127208806575451,0.719086616865761,C6orf120,ENSG00000185127,BBJ_Graves,0.941686373715968,0.733878160998106,1.20833848664509,0.0183753279576293,0.856039685750401,0.238035173927426,0.887792187055673,,,3,3,0,0,log_odds,log_odds,FALSE
Weighted median,3,-0.0332437641013482,0.0419468556533767,0.428056950390056,C6orf120,ENSG00000185127,BBJ_Graves,0.967302737165222,0.890956565102188,1.05019102162406,0.0183753279576293,0.856039685750401,0.238035173927426,0.887792187055673,,,3,3,0,0,log_odds,log_odds,FALSE
Weighted mode,3,-0.0360323003276403,0.123887334963483,0.798555911539689,C6orf120,ENSG00000185127,BBJ_Graves,0.964609135788793,0.756652275244701,1.22972046115409,0.0183753279576293,0.856039685750401,0.238035173927426,0.887792187055673,,,3,3,0,0,log_odds,log_odds,FALSE
Wald ratio,1,0.00368347703198588,0.126755002214195,0.976816884497955,CA11,ENSG00000063180,BBJ_Graves,1.00369026937076,0.782895285202839,1.28675466038672,,,,,,,1,1,0,0,log_odds,log_odds,FALSE
Wald ratio,1,-0.270678808091099,0.136645419989768,0.0476042165020662,CA13,ENSG00000185015,BBJ_Graves,0.762861481994894,0.583620794658519,0.997150283262189,,,,,,,1,1,0,0,log_odds,log_odds,FALSE
Inverse variance weighted,3,-0.127839532159372,0.0747817265488647,0.0873579494404264,CA2,ENSG00000104267,BBJ_Graves,0.879994578645151,0.760019098664995,1.01890920873581,-0.0599539499219954,0.407242195559402,2.09331167524058,0.351109956700795,,,3,3,1,0,log_odds,log_odds,FALSE
MR Egger,3,0.0652261200799662,0.161181733480444,0.755200904924483,CA2,ENSG00000104267,BBJ_Graves,1.06740035775226,0.778263535534095,1.46395593742902,-0.0599539499219954,0.407242195559402,2.09331167524058,0.351109956700795,,,3,3,1,0,log_odds,log_odds,FALSE
Weighted median,3,-0.13657170628736,0.0767111127732498,0.0750206677391044,CA2,ENSG00000104267,BBJ_Graves,0.872343765484139,0.750567653558681,1.01387748535522,-0.0599539499219954,0.407242195559402,2.09331167524058,0.351109956700795,,,3,3,1,0,log_odds,log_odds,FALSE
Weighted mode,3,-0.136103799900255,0.20644941500864,0.577486402089341,CA2,ENSG00000104267,BBJ_Graves,0.872752036212552,0.582314468484125,1.30804944396452,-0.0599539499219954,0.407242195559402,2.09331167524058,0.351109956700795,,,3,3,1,0,log_odds,log_odds,FALSE
Wald ratio,1,-0.190819553301434,0.130088477002332,0.142418389797569,CA4,ENSG00000167434,BBJ_Graves,0.826281674499969,0.640316324164436,1.06625644208805,,,,,,,1,1,0,0,log_odds,log_odds,FALSE
Wald ratio,1,-0.0161776965231594,0.0977084594426268,0.868494496913133,CA6,ENSG00000131686,BBJ_Graves,0.983952459588674,0.812461884688918,1.19164044612542,,,,,,,2,1,1,1,log_odds,log_odds,FALSE
Wald ratio,1,0.110153134746154,0.149014643209114,0.459779406621035,CA8,ENSG00000178538,BBJ_Graves,1.116449024507,0.833671727729738,1.49514297158306,,,,,,,2,1,0,1,log_odds,log_odds,FALSE
Wald ratio,1,0.304470490505381,0.372328252309255,0.413501392235152,CACNA1A,ENSG00000141837,BBJ_Graves,1.3559068473384,0.65357833444432,2.81295031026733,,,,,,,1,1,0,0,log_odds,log_odds,FALSE
Wald ratio,1,0.651603144667348,0.450378157945265,0.147955418973911,CACNA1C,ENSG00000151067,BBJ_Graves,1.91861418093466,0.793629901908323,4.63828336915259,,,,,,,1,1,0,0,log_odds,log_odds,FALSE
Wald ratio,1,0.19633079593104,0.512217785533993,0.701500641114394,CACNA1D,ENSG00000157388,BBJ_Graves,1.21692939405175,0.445919844611583,3.32103889970875,,,,,,,1,1,0,0,log_odds,log_odds,FALSE
Inverse variance weighted,2,-0.00382356571910043,0.183464912101621,0.983372606846294,CACNA1E,ENSG00000198216,BBJ_Graves,0.996183734800667,0.695297968641525,1.42727589931023,,,0.647971540357756,0.420838841668813,,,2,2,0,0,log_odds,log_odds,FALSE
Wald ratio,1,-0.508314625780934,0.434766958676818,0.242336868186328,CACNA1I,ENSG00000100346,BBJ_Graves,0.601508491908505,0.256543287920555,1.41033690170092,,,,,,,1,1,0,0,log_odds,log_odds,FALSE
Inverse variance weighted,2,-0.141078740901656,0.146203780760604,0.334571902520281,CACNA2D3,ENSG00000157445,BBJ_Graves,0.868420928758489,0.652047314659399,1.15659537667093,,,0.949830309778965,0.329762494256219,,,2,2,0,0,log_odds,log_odds,FALSE
Wald ratio,1,-0.177947213355358,0.38291541850455,0.642134303188531,CACNA2D4,ENSG00000151062,BBJ_Graves,0.836986604037124,0.395161224674494,1.77281203618766,,,,,,,1,1,0,0,log_odds,log_odds,FALSE
Wald ratio,1,-0.0861276646541215,0.217246223140872,0.69177173028106,CACNB2,ENSG00000165995,BBJ_Graves,0.917477094347277,0.599337582986397,1.40449096226797,,,,,,,1,1,0,0,log_odds,log_odds,FALSE
Wald ratio,1,1.26242887420541,0.746773928148332,0.0909304060352443,CACNB3,ENSG00000167535,BBJ_Graves,3.53399470009212,0.817709594006818,15.2732933939076,,,,,,,3,1,0,2,log_odds,log_odds,FALSE
Inverse variance weighted,2,0.235430039797767,0.229346031688444,0.304642943807459,CACNB4,ENSG00000182389,BBJ_Graves,1.26545284682322,0.807277194314763,1.98366920162074,,,0.179269122623443,0.672002098758731,,,2,2,1,0,log_odds,log_odds,FALSE
Wald ratio,1,0.459488495505112,0.324543205616944,0.156833866567885,CACNG6,ENSG00000130433,BBJ_Graves,1.58326393122166,0.838101396588525,2.99095632832856,,,,,,,2,1,0,1,log_odds,log_odds,FALSE
Inverse variance weighted,2,0.100500334668259,0.233363394146783,0.666715434923965,CAD,ENSG00000084774,BBJ_Graves,1.10572401175475,0.699848134731505,1.74698699545733,,,0.0340073271666669,0.853691231949868,,,2,2,0,0,log_odds,log_odds,FALSE
Inverse variance weighted,2,0.214397088306824,0.165661515255938,0.195600609130899,CALCRL,ENSG00000064989,BBJ_Graves,1.23911459503163,0.895565889630326,1.7144522780498,,,0.837560305589405,0.360095458096449,,,2,2,0,0,log_odds,log_odds,FALSE
Wald ratio,1,-0.162049217546316,0.122464053252979,0.185755893427901,CALM1,ENSG00000198668,BBJ_Graves,0.850399348940883,0.668928057555868,1.08110138976893,,,,,,,1,1,0,0,log_odds,log_odds,FALSE
Inverse variance weighted,3,0.0623971424404725,0.125942212887581,0.62028770209431,CALM2,ENSG00000143933,BBJ_Graves,1.0643849732465,0.831561853868656,1.3623945903751,-0.0191063182074864,0.671036256533539,1.07693104269245,0.583643153555566,,,3,3,1,0,log_odds,log_odds,FALSE
MR Egger,3,0.182060547665922,0.245374732313131,0.593619055486741,CALM2,ENSG00000143933,BBJ_Graves,1.19968682991826,0.741652905452719,1.940595768314,-0.0191063182074864,0.671036256533539,1.07693104269245,0.583643153555566,,,3,3,1,0,log_odds,log_odds,FALSE
Weighted median,3,0.0756011132904205,0.128451023779015,0.556156584494375,CALM2,ENSG00000143933,BBJ_Graves,1.0785322761521,0.838481389197972,1.38730791844348,-0.0191063182074864,0.671036256533539,1.07693104269245,0.583643153555566,,,3,3,1,0,log_odds,log_odds,FALSE
Weighted mode,3,0.0976963645109248,0.339983028169632,0.800877212238961,CALM2,ENSG00000143933,BBJ_Graves,1.10262793730223,0.566277878013674,2.14698192411114,-0.0191063182074864,0.671036256533539,1.07693104269245,0.583643153555566,,,3,3,1,0,log_odds,log_odds,FALSE
Inverse variance weighted,2,-0.219652701462643,0.177942761961239,0.217053562310844,CALM3,ENSG00000160014,BBJ_Graves,0.802797559971229,0.566419383500256,1.13782109346805,,,0.755670091621806,0.384686962432911,,,2,2,0,0,log_odds,log_odds,FALSE
Inverse variance weighted,2,0.0744882939666198,0.136175479805975,0.584377185739804,CALU,ENSG00000128595,BBJ_Graves,1.07733273215552,0.824963903900027,1.4069049691589,,,0.0427106199310703,0.836271119635034,,,2,2,0,0,log_odds,log_odds,FALSE
Wald ratio,1,0.0914612667240666,0.175300330541717,0.601851083175082,CAMK1,ENSG00000134072,BBJ_Graves,1.09577433294096,0.777145738055441,1.5450401770672,,,,,,,2,1,1,1,log_odds,log_odds,FALSE
Inverse variance weighted,3,-0.102215688652133,0.120274787771433,0.395407746111117,CAMK1D,ENSG00000183049,BBJ_Graves,0.902834799445718,0.713227901150133,1.14284743176166,0.00615337462071949,0.940331237933597,0.00911443159743055,0.995453152552951,,,4,3,1,1,log_odds,log_odds,FALSE
MR Egger,3,-0.134854761175455,0.367455048980831,0.776078153735339,CAMK1D,ENSG00000183049,BBJ_Graves,0.8738428183757,0.425254843849739,1.79563215391992,0.00615337462071949,0.940331237933597,0.00911443159743055,0.995453152552951,,,4,3,1,1,log_odds,log_odds,FALSE
Weighted median,3,-0.103781616918238,0.120895383654042,0.390648709120587,CAMK1D,ENSG00000183049,BBJ_Graves,0.901422131270827,0.711246247925344,1.14244800744472,0.00615337462071949,0.940331237933597,0.00911443159743055,0.995453152552951,,,4,3,1,1,log_odds,log_odds,FALSE
Weighted mode,3,-0.10453820432072,0.28127929815227,0.745832130871808,CAMK1D,ENSG00000183049,BBJ_Graves,0.90074038457499,0.519002993142395,1.56325349010406,0.00615337462071949,0.940331237933597,0.00911443159743055,0.995453152552951,,,4,3,1,1,log_odds,log_odds,FALSE
Inverse variance weighted,2,-0.0123607853994712,0.128435751294089,0.923329167032667,CAMK2D,ENSG00000145349,BBJ_Graves,0.987715295313289,0.767900694726934,1.27045269172824,,,0.185038358743738,0.667078636990609,,,4,2,0,2,log_odds,log_odds,FALSE
Inverse variance weighted,2,-0.070678529983699,0.0799075390675577,0.376424257813447,CAMKK2,ENSG00000110931,BBJ_Graves,0.931761377332416,0.79668388773376,1.08974121060489,,,0.867047931323114,0.351773864502462,,,5,2,0,3,log_odds,log_odds,FALSE
Inverse variance weighted,4,-0.0727329855935845,0.103583874073393,0.48257618175533,CAPN1,ENSG00000014216,BBJ_Graves,0.929849079981308,0.758997057217791,1.13916029491796,0.0211082202514545,0.774672851315786,6.09821330998013,0.106928485754757,,,5,4,1,1,log_odds,log_odds,FALSE
MR Egger,4,-0.141533184607549,0.243977837104384,0.620490374070728,CAPN1,ENSG00000014216,BBJ_Graves,0.868026369992513,0.538089839236834,1.40026762086981,0.0211082202514545,0.774672851315786,6.09821330998013,0.106928485754757,,,5,4,1,1,log_odds,log_odds,FALSE
Weighted median,4,-0.0704287951802939,0.0740179521979754,0.34134572637377,CAPN1,ENSG00000014216,BBJ_Graves,0.931994099635024,0.806135060634395,1.07750306886657,0.0211082202514545,0.774672851315786,6.09821330998013,0.106928485754757,,,5,4,1,1,log_odds,log_odds,FALSE
Weighted mode,4,-0.074652518274323,0.495070472208432,0.889708549363886,CAPN1,ENSG00000014216,BBJ_Graves,0.928065916252177,0.351695109891458,2.44901427595855,0.0211082202514545,0.774672851315786,6.09821330998013,0.106928485754757,,,5,4,1,1,log_odds,log_odds,FALSE
Inverse variance weighted,2,-0.0106443935893284,0.0659092193534421,0.871698958181682,CAPN2,ENSG00000162909,BBJ_Graves,0.989412057494719,0.869509113856111,1.12584929118745,,,2.90672984637535,0.088210568915036,,,3,2,0,1,log_odds,log_odds,FALSE
Wald ratio,1,0.0833984300243891,0.194826758064007,0.668604119680258,CAPNS1,ENSG00000126247,BBJ_Graves,1.08697480568132,0.741958464027602,1.59242637623174,,,,,,,3,1,0,2,log_odds,log_odds,FALSE
Wald ratio,1,-0.477059671342019,0.384743414322579,0.214996700835908,CAPZA1,ENSG00000116489,BBJ_Graves,0.620605495825729,0.291954659803933,1.3192157361275,,,,,,,1,1,0,0,log_odds,log_odds,FALSE
Wald ratio,1,-0.00484287265225949,0.0915412351857948,0.957808613650156,CAPZA2,ENSG00000198898,BBJ_Graves,0.995168835148083,0.831716456587438,1.1907435552177,,,,,,,4,1,1,3,log_odds,log_odds,FALSE
Inverse variance weighted,2,0.0212346590050919,0.290957927331285,0.941820529970087,CARM1,ENSG00000142453,BBJ_Graves,1.02146171870706,0.577502285762207,1.80671846416485,,,0.906193559859379,0.341126400607977,,,2,2,0,0,log_odds,log_odds,FALSE
Wald ratio,1,0.00217514082756884,0.170271390436733,0.989807658950736,CASP1,ENSG00000137752,BBJ_Graves,1.0021775081625,0.717805394890371,1.39920898479759,,,,,,,3,1,1,2,log_odds,log_odds,FALSE
Inverse variance weighted,2,-0.0172589600986901,0.186486719513527,0.926262710954621,CASP3,ENSG00000164305,BBJ_Graves,0.982889122611436,0.681967735884349,1.41659344938821,,,1.10409161529412,0.293369916088157,,,4,2,0,2,log_odds,log_odds,FALSE
Wald ratio,1,0.149752362798485,0.35263074628583,0.671075883848446,CASP6,ENSG00000138794,BBJ_Graves,1.16154656496912,0.581930706158897,2.31847264341325,,,,,,,1,1,0,0,log_odds,log_odds,FALSE
Inverse variance weighted,3,0.0264698828653498,0.0703689922164912,0.706799189250385,CASP7,ENSG00000165806,BBJ_Graves,1.02682332181975,0.894533127664526,1.17867757115459,0.0959848860126052,0.500557195368994,1.03645835232176,0.595574271833698,,,4,3,1,1,log_odds,log_odds,FALSE
MR Egger,3,-0.298465692292642,0.333024343793845,0.534804661589909,CASP7,ENSG00000165806,BBJ_Graves,0.741955736213733,0.386279759639215,1.42512855194543,0.0959848860126052,0.500557195368994,1.03645835232176,0.595574271833698,,,4,3,1,1,log_odds,log_odds,FALSE
Weighted median,3,0.0117002025028505,0.0802963623011331,0.884148168176552,CASP7,ENSG00000165806,BBJ_Graves,1.01176891760419,0.864433700796754,1.1842161425294,0.0959848860126052,0.500557195368994,1.03645835232176,0.595574271833698,,,4,3,1,1,log_odds,log_odds,FALSE
Weighted mode,3,-0.0178335661390469,0.139839470327592,0.910187916617628,CASP7,ENSG00000165806,BBJ_Graves,0.982324510814792,0.746829080460399,1.29207802667867,0.0959848860126052,0.500557195368994,1.03645835232176,0.595574271833698,,,4,3,1,1,log_odds,log_odds,FALSE
Inverse variance weighted,2,0.099358594914966,0.137013663485669,0.468345969450362,CASP8,ENSG00000064012,BBJ_Graves,1.10446228311429,0.844349993994178,1.44470532776535,,,0.533485483976892,0.465145164533636,,,3,2,0,1,log_odds,log_odds,FALSE
Inverse variance weighted,2,-0.0330803272611466,0.0834230781824033,0.691709005513674,CASP9,ENSG00000132906,BBJ_Graves,0.967460842987909,0.821527751565293,1.13931693838889,,,0.0260870436811942,0.871687923832486,,,3,2,0,1,log_odds,log_odds,FALSE
Inverse variance weighted,2,-0.101815804454063,0.16521426351125,0.537719489562361,CAT,ENSG00000121691,BBJ_Graves,0.903195901010077,0.653354275935503,1.24857656197835,,,0.0209202533862581,0.884996413686723,,,3,2,0,1,log_odds,log_odds,FALSE
Inverse variance weighted,2,0.241267684778752,0.254749513151475,0.343598983525106,CATSPER1,ENSG00000175294,BBJ_Graves,1.27286171541543,0.772563277457813,2.09714465318833,,,0.256306465495735,0.612669094125864,,,2,2,1,0,log_odds,log_odds,FALSE
Wald ratio,1,-0.0544091428361182,0.0631137848319604,0.388643398586613,CATSPER2,ENSG00000166762,BBJ_Graves,0.947044550730955,0.836848556364473,1.07175112420051,,,,,,,2,1,0,1,log_odds,log_odds,FALSE
Inverse variance weighted,4,-0.0532305903408216,0.0867267758806364,0.539365060051828,CBLN3,ENSG00000139899,BBJ_Graves,0.94816135042364,0.799942786243854,1.12384280713187,0.0211531607883693,0.625280941823002,0.403518198703462,0.939514762220917,,,5,4,0,1,log_odds,log_odds,FALSE
MR Egger,4,-0.123178663817448,0.149992154486159,0.497828912355232,CBLN3,ENSG00000139899,BBJ_Graves,0.884105690751581,0.658913319437073,1.1862605434765,0.0211531607883693,0.625280941823002,0.403518198703462,0.939514762220917,,,5,4,0,1,log_odds,log_odds,FALSE
Weighted median,4,-0.0652222401053537,0.0944455355921143,0.489829239171598,CBLN3,ENSG00000139899,BBJ_Graves,0.936859232545097,0.778539547124588,1.12737397200522,0.0211531607883693,0.625280941823002,0.403518198703462,0.939514762220917,,,5,4,0,1,log_odds,log_odds,FALSE
Weighted mode,4,-0.0871779221370246,0.183286531494576,0.666821157161636,CBLN3,ENSG00000139899,BBJ_Graves,0.916514012993772,0.639915256018772,1.31267058897765,0.0211531607883693,0.625280941823002,0.403518198703462,0.939514762220917,,,5,4,0,1,log_odds,log_odds,FALSE
Wald ratio,1,-0.049102703018204,0.155765711412946,0.752583725466134,CBR1,ENSG00000159228,BBJ_Graves,0.952083342844196,0.701591819768158,1.29200863832894,,,,,,,4,1,0,3,log_odds,log_odds,FALSE
Inverse variance weighted,4,0.0806637429708328,0.0557443647748723,0.1478886480377,CBR3,ENSG00000159231,BBJ_Graves,1.08400633052795,0.971809761801814,1.20915612377261,0.0203925384629948,0.535840154233348,2.12337275423922,0.547198787271064,,,4,4,0,0,log_odds,log_odds,FALSE
MR Egger,4,0.0244810245859082,0.0940996146591422,0.819074532763152,CBR3,ENSG00000159231,BBJ_Graves,1.02478314523817,0.852182800877421,1.2323418093899,0.0203925384629948,0.535840154233348,2.12337275423922,0.547198787271064,,,4,4,0,0,log_odds,log_odds,FALSE
Weighted median,4,0.0811346011379865,0.0566641660543403,0.15218667861672,CBR3,ENSG00000159231,BBJ_Graves,1.08451686394691,0.970516219174765,1.21190847195252,0.0203925384629948,0.535840154233348,2.12337275423922,0.547198787271064,,,4,4,0,0,log_odds,log_odds,FALSE
Weighted mode,4,0.0772156149593156,0.239006855832255,0.767851977661674,CBR3,ENSG00000159231,BBJ_Graves,1.08027497472824,0.676219316764988,1.72576262181767,0.0203925384629948,0.535840154233348,2.12337275423922,0.547198787271064,,,4,4,0,0,log_odds,log_odds,FALSE
Inverse variance weighted,2,-0.0094152897109191,0.0174695304368325,0.589917947390784,CCDC3,ENSG00000151468,BBJ_Graves,0.990628895348804,0.957283618499684,1.0251356957701,,,0.0741390232387357,0.785403027271635,,,4,2,0,2,log_odds,log_odds,FALSE
Inverse variance weighted,2,0.00226820630367353,0.104795269380499,0.982731801659749,CCL23,ENSG00000167236,BBJ_Graves,1.00227078062959,0.816171706369193,1.23080316294308,,,1.81944953765148,0.177378813761474,,,4,2,0,2,log_odds,log_odds,FALSE
Wald ratio,1,0.0102269361776818,0.566845385024519,0.985605471913102,CCL25,ENSG00000131142,BBJ_Graves,1.01027941001913,0.332608213243634,3.06866891937201,,,,,,,1,1,0,0,log_odds,log_odds,FALSE
Wald ratio,1,0.141781922759438,0.278232717681583,0.610345500522661,CCL28,ENSG00000151882,BBJ_Graves,1.1523253252069,0.667941820768447,1.98797801518931,,,,,,,1,1,0,0,log_odds,log_odds,FALSE
Wald ratio,1,-0.654193031951073,0.589787785969923,0.267343605658015,CCL3,ENSG00000006075,BBJ_Graves,0.519861404909997,0.163625157456405,1.65167682351658,,,,,,,2,1,0,1,log_odds,log_odds,FALSE
Wald ratio,1,0.376056939937227,0.198782163437729,0.0585170679668124,CCL3L1,ENSG00000205021,BBJ_Graves,1.45653006614052,0.986535369735696,2.15043464091882,,,,,,,3,1,0,2,log_odds,log_odds,FALSE
Wald ratio,1,0.624555071276971,0.251134251271261,0.012884819995424,CCL3L3,ENSG00000256515,BBJ_Graves,1.86741490603711,1.14148716024916,3.05499575705118,,,,,,,2,1,0,1,log_odds,log_odds,FALSE
Wald ratio,1,0.0132496433740379,0.0843414903473848,0.875169819715039,CCL4,ENSG00000129277,BBJ_Graves,1.01333780885555,0.858937019819912,1.19549337281035,,,,,,,1,1,1,0,log_odds,log_odds,FALSE
Wald ratio,1,-0.000565225186369739,0.0893970991835726,0.994955301134143,CCL4L2,ENSG00000197262,BBJ_Graves,0.999434934523294,0.838799530580978,1.19083303212358,,,,,,,2,1,0,1,log_odds,log_odds,FALSE
Inverse variance weighted,2,-0.060083049264839,0.155717100613446,0.699609636644745,CCL5,ENSG00000161570,BBJ_Graves,0.941686323979753,0.693996357903205,1.27777779043357,,,0.291049766030774,0.589548599622024,,,2,2,0,0,log_odds,log_odds,FALSE
Wald ratio,1,0.35481032548031,0.80613336263022,0.659836802202748,CCL8,ENSG00000108700,BBJ_Graves,1.42591016980371,0.293695704816533,6.92287894921633,,,,,,,1,1,0,0,log_odds,log_odds,FALSE
Wald ratio,1,-0.0607453818734029,0.220371455905296,0.782816937053455,CCNA1,ENSG00000133101,BBJ_Graves,0.941062820926338,0.610990764415447,1.44944782230402,,,,,,,1,1,0,0,log_odds,log_odds,FALSE
Wald ratio,1,-0.136567233323062,0.217048152145908,0.52921651236117,CCNB1,ENSG00000134057,BBJ_Graves,0.872347667455384,0.570078270149346,1.33488766852223,,,,,,,1,1,0,0,log_odds,log_odds,FALSE
Inverse variance weighted,2,0.127136969258246,0.215939950058255,0.556021771847721,CCND2,ENSG00000118971,BBJ_Graves,1.13557254565924,0.743709086892198,1.73391051579543,,,0.337257187664538,0.561416719990057,,,2,2,0,0,log_odds,log_odds,FALSE
Wald ratio,1,0.0117528192238359,0.290136972117031,0.967688264507923,CCND3,ENSG00000112576,BBJ_Graves,1.0118221549676,0.572973594557719,1.78679101970405,,,,,,,1,1,0,0,log_odds,log_odds,FALSE
Wald ratio,1,-0.127713342159311,0.284678319384787,0.653703384537146,CCNE1,ENSG00000105173,BBJ_Graves,0.880105632167858,0.50374612998962,1.53765136377235,,,,,,,2,1,0,1,log_odds,log_odds,FALSE
Wald ratio,1,0.0771185402652742,0.462969217319633,0.867705412842386,CCNE2,ENSG00000175305,BBJ_Graves,1.08017011245541,0.435918000450918,2.67657557300917,,,,,,,1,1,0,0,log_odds,log_odds,FALSE
Wald ratio,1,1.45363249791782,0.545474194029203,0.00770119253083828,CCNH,ENSG00000134480,BBJ_Graves,4.27862842984107,1.46888421861295,12.4629708786245,,,,,,,1,1,0,0,log_odds,log_odds,FALSE
Wald ratio,1,1.35525515144198,0.94799311740261,0.15283058604494,CCNT1,ENSG00000129315,BBJ_Graves,3.87775024398516,0.604827879170512,24.8615308132774,,,,,,,2,1,0,1,log_odds,log_odds,FALSE
Inverse variance weighted,4,-0.013122013794192,0.0325572299893262,0.686915458557781,CCR1,ENSG00000163823,BBJ_Graves,0.98696370448703,0.925950793447683,1.05199688889278,0.172489098243618,0.19010016002508,5.75096416959582,0.124375372516401,,,6,4,1,2,log_odds,log_odds,FALSE
MR Egger,4,-0.152615040381979,0.075207823955621,0.179581322340643,CCR1,ENSG00000163823,BBJ_Graves,0.858460130694274,0.740801644811305,0.994805831160572,0.172489098243618,0.19010016002508,5.75096416959582,0.124375372516401,,,6,4,1,2,log_odds,log_odds,FALSE
Weighted median,4,-0.0164972704370963,0.0243270484198219,0.497679651924727,CCR1,ENSG00000163823,BBJ_Graves,0.983638064288979,0.937837781897185,1.03167505105296,0.172489098243618,0.19010016002508,5.75096416959582,0.124375372516401,,,6,4,1,2,log_odds,log_odds,FALSE
Weighted mode,4,-0.0180795491767145,0.283130735810402,0.953101727278533,CCR1,ENSG00000163823,BBJ_Graves,0.982082905364286,0.563822501107688,1.71062139434649,0.172489098243618,0.19010016002508,5.75096416959582,0.124375372516401,,,6,4,1,2,log_odds,log_odds,FALSE
Inverse variance weighted,4,-0.0347713089098947,0.155806428093647,0.82340325786375,CCR2,ENSG00000121807,BBJ_Graves,0.965826266865143,0.711662207387324,1.3107628423761,-0.0573058350568303,0.295288828351523,5.47369353078273,0.140220529280972,,,4,4,1,0,log_odds,log_odds,FALSE
MR Egger,4,0.279567271875704,0.261547676433267,0.39703077873077,CCR2,ENSG00000121807,BBJ_Graves,1.32255738071811,0.792101155340795,2.20825081935321,-0.0573058350568303,0.295288828351523,5.47369353078273,0.140220529280972,,,4,4,1,0,log_odds,log_odds,FALSE
Weighted median,4,0.00625456008797662,0.119980207258074,0.958425162816153,CCR2,ENSG00000121807,BBJ_Graves,1.006274160692,0.795402783961105,1.27305021668859,-0.0573058350568303,0.295288828351523,5.47369353078273,0.140220529280972,,,4,4,1,0,log_odds,log_odds,FALSE
Weighted mode,4,0.0532630347372105,0.551168338997371,0.929108942921739,CCR2,ENSG00000121807,BBJ_Graves,1.05470703322372,0.358069953906076,3.10667486561404,-0.0573058350568303,0.295288828351523,5.47369353078273,0.140220529280972,,,4,4,1,0,log_odds,log_odds,FALSE
Inverse variance weighted,2,0.0446725094052345,0.208264134686115,0.830157719145152,CCR3,ENSG00000183625,BBJ_Graves,1.0456853517099,0.695221211189396,1.57282004228547,,,4.01008080342773,0.0452289830926283,,,4,2,0,2,log_odds,log_odds,FALSE
Inverse variance weighted,2,-0.124743484669315,0.120279737906114,0.299683953356063,CCR4,ENSG00000183813,BBJ_Graves,0.882723305606072,0.697333313459427,1.11740027218052,,,0.214706983062642,0.643102870168266,,,2,2,0,0,log_odds,log_odds,FALSE
Inverse variance weighted,2,0.0444884189615103,0.229201559261129,0.846096227762079,CCR5,ENSG00000160791,BBJ_Graves,1.04549286874719,0.66714581938661,1.63840543826867,,,3.3422058905947,0.067524027901441,,,2,2,0,0,log_odds,log_odds,FALSE
Inverse variance weighted,2,0.487478528523042,0.125372361334875,0.000100971440642069,CCR6,ENSG00000112486,BBJ_Graves,1.6282055657919,1.27347412894386,2.08174889793351,,,0.382909356768156,0.536050296008526,,,2,2,0,0,log_odds,log_odds,FALSE
Wald ratio,1,0.561852527981832,0.336473648595976,0.0949537468868925,CCR7,ENSG00000126353,BBJ_Graves,1.7539186759772,0.906979144319636,3.39173258967186,,,,,,,1,1,0,0,log_odds,log_odds,FALSE
Wald ratio,1,-0.399987003141089,0.322951048887258,0.215516805152314,CCR8,ENSG00000179934,BBJ_Graves,0.670328758147318,0.355947845965176,1.26237775868796,,,,,,,2,1,0,1,log_odds,log_odds,FALSE
Wald ratio,1,0.806219366542836,0.226171826415506,0.000364366821051636,CCR9,ENSG00000173585,BBJ_Graves,2.23942551519462,1.43752457151117,3.4886545506716,,,,,,,1,1,0,0,log_odds,log_odds,FALSE
Inverse variance weighted,2,-0.122070148709615,0.204081597116034,0.549743965025959,CCRL2,ENSG00000121797,BBJ_Graves,0.885086278664545,0.593291116384183,1.32039347808636,,,1.2958668696929,0.254969569793339,,,2,2,0,0,log_odds,log_odds,FALSE
Wald ratio,1,0.0428611389319106,0.278669675327566,0.877762502351055,CD101,ENSG00000134256,BBJ_Graves,1.04379294258386,0.60451341050803,1.80228211326571,,,,,,,7,1,0,6,log_odds,log_odds,FALSE
Wald ratio,1,0.221572597178098,0.44042202918073,0.614899913994361,CD109,ENSG00000156535,BBJ_Graves,1.24803784895804,0.526420697904766,2.95884732236269,,,,,,,2,1,0,1,log_odds,log_odds,FALSE
Inverse variance weighted,2,-0.0379954183295869,0.0906079120027849,0.674968501836714,CD14,ENSG00000170458,BBJ_Graves,0.962717351734702,0.806068199045235,1.14980928465963,,,0.843520400943784,0.358391871570249,,,3,2,0,1,log_odds,log_odds,FALSE
Inverse variance weighted,4,0.0182582547280697,0.0617355138515521,0.767421300451817,CD151,ENSG00000177697,BBJ_Graves,1.01842595574876,0.902358531898418,1.14942275235177,0.040929955993297,0.344814742935508,2.5445852891101,0.467287380620225,,,6,4,0,2,log_odds,log_odds,FALSE
MR Egger,4,-0.0923199761084942,0.109269534466979,0.487132140517147,CD151,ENSG00000177697,BBJ_Graves,0.911813344376632,0.73602715639085,1.12958274401196,0.040929955993297,0.344814742935508,2.5445852891101,0.467287380620225,,,6,4,0,2,log_odds,log_odds,FALSE
Weighted median,4,0.00848868723101202,0.0650626301243717,0.896195002663436,CD151,ENSG00000177697,BBJ_Graves,1.00852481829922,0.887777555607226,1.1456950028769,0.040929955993297,0.344814742935508,2.5445852891101,0.467287380620225,,,6,4,0,2,log_odds,log_odds,FALSE
Weighted mode,4,-0.00992068714225425,0.237037367141221,0.969245729208958,CD151,ENSG00000177697,BBJ_Graves,0.990128360544844,0.622187411639784,1.57565735341942,0.040929955993297,0.344814742935508,2.5445852891101,0.467287380620225,,,6,4,0,2,log_odds,log_odds,FALSE
Wald ratio,1,-0.164909514676483,0.14061490548045,0.240886420003335,CD160,ENSG00000117281,BBJ_Graves,0.847970429495247,0.64370500189376,1.11705493538643,,,,,,,1,1,0,0,log_odds,log_odds,FALSE
Inverse variance weighted,2,0.141944549674485,0.222144475825448,0.52283983033038,CD163,ENSG00000177575,BBJ_Graves,1.15251273955857,0.745680076272511,1.78130763729748,,,0.0360064491155631,0.849502174901233,,,2,2,0,0,log_odds,log_odds,FALSE
Inverse variance weighted,2,-0.171306082571608,0.216667281443686,0.429153388991697,CD163L1,ENSG00000177675,BBJ_Graves,0.842563639953496,0.551025630707132,1.28834930320873,,,1.73969585840359,0.187177368104013,,,2,2,0,0,log_odds,log_odds,FALSE
Inverse variance weighted,2,-0.112356788479223,0.127965678106348,0.379931322454102,CD164,ENSG00000135535,BBJ_Graves,0.89372532970763,0.69546852937248,1.14849907828571,,,0.249784990005396,0.617226513285953,,,2,2,0,0,log_odds,log_odds,FALSE
Wald ratio,1,0.260640384888687,0.210345939951805,0.215307180737741,CD180,ENSG00000134061,BBJ_Graves,1.29776088708258,0.859299585169682,1.95994895041035,,,,,,,1,1,1,0,log_odds,log_odds,FALSE
Inverse variance weighted,3,-0.000809303001395237,0.143202479597583,0.995490811790927,CD1B,ENSG00000158485,BBJ_Graves,0.999191024395952,0.754661357842694,1.32295458467285,-0.0450622266532977,0.579423493924235,0.692442505906636,0.707355965195326,,,3,3,1,0,log_odds,log_odds,FALSE
MR Egger,3,0.307079284720679,0.421272450895449,0.599005191830563,CD1B,ENSG00000158485,BBJ_Graves,1.35944874731351,0.595344696675918,3.10425356418066,-0.0450622266532977,0.579423493924235,0.692442505906636,0.707355965195326,,,3,3,1,0,log_odds,log_odds,FALSE
Weighted median,3,0.0221118049424294,0.148501925693526,0.88163324151911,CD1B,ENSG00000158485,BBJ_Graves,1.02235808276735,0.764179958775782,1.36776166058341,-0.0450622266532977,0.579423493924235,0.692442505906636,0.707355965195326,,,3,3,1,0,log_odds,log_odds,FALSE
Weighted mode,3,0.0312801028539607,0.313738594459303,0.929675177538817,CD1B,ENSG00000158485,BBJ_Graves,1.0317744663877,0.557859833674949,1.90829037193224,-0.0450622266532977,0.579423493924235,0.692442505906636,0.707355965195326,,,3,3,1,0,log_odds,log_odds,FALSE
Inverse variance weighted,2,0.0959222143550637,0.186472035187566,0.606968612712136,CD1C,ENSG00000158481,BBJ_Graves,1.10067344407031,0.763713183466124,1.58630498557491,,,3.31285131872155e-06,0.998547751975918,,,2,2,0,0,log_odds,log_odds,FALSE
Inverse variance weighted,3,0.0355388892717421,0.126950655755744,0.779521587798579,CD1E,ENSG00000158488,BBJ_Graves,1.03617794355015,0.807926333515175,1.32891414249174,0.000619901513814937,0.988318340002507,1.0455869081191,0.592862099610093,,,3,3,1,0,log_odds,log_odds,FALSE
MR Egger,3,0.0322948671173693,0.219302133331177,0.906919115689164,CD1E,ENSG00000158488,BBJ_Graves,1.03282200565691,0.671972868041893,1.5874469730862,0.000619901513814937,0.988318340002507,1.0455869081191,0.592862099610093,,,3,3,1,0,log_odds,log_odds,FALSE
Weighted median,3,0.0456536043461786,0.130388759007733,0.726237752282957,CD1E,ENSG00000158488,BBJ_Graves,1.0467117717437,0.810658528631738,1.35150065583847,0.000619901513814937,0.988318340002507,1.0455869081191,0.592862099610093,,,3,3,1,0,log_odds,log_odds,FALSE
Weighted mode,3,0.0471316889469191,0.383759321903377,0.913481791351791,CD1E,ENSG00000158488,BBJ_Graves,1.04826004425193,0.494090499114946,2.22398350574115,0.000619901513814937,0.988318340002507,1.0455869081191,0.592862099610093,,,3,3,1,0,log_odds,log_odds,FALSE
Wald ratio,1,0.38441754401975,0.25921000117408,0.138065071038066,CD2,ENSG00000116824,BBJ_Graves,1.46875858502955,0.883703165575248,2.44114977193019,,,,,,,1,1,0,0,log_odds,log_odds,FALSE
Wald ratio,1,0.564744336654947,0.252916873389895,0.0255539096508668,CD200,ENSG00000091972,BBJ_Graves,1.75899801391339,1.07146542205206,2.88770309267236,,,,,,,1,1,0,0,log_odds,log_odds,FALSE
Inverse variance weighted,3,0.193652664487513,0.138454698029278,0.161911461731611,CD200R1,ENSG00000163606,BBJ_Graves,1.21367465742858,0.925224800295237,1.59205219489831,-0.00781558441846488,0.88116031233379,0.696923981507218,0.705772740404105,,,4,3,0,1,log_odds,log_odds,FALSE
MR Egger,3,0.228373229402876,0.230138305837131,0.502450706079912,CD200R1,ENSG00000163606,BBJ_Graves,1.25655422090566,0.800356640492704,1.97278117053397,-0.00781558441846488,0.88116031233379,0.696923981507218,0.705772740404105,,,4,3,0,1,log_odds,log_odds,FALSE
Weighted median,3,0.197588758393532,0.1451998264112,0.173575084948977,CD200R1,ENSG00000163606,BBJ_Graves,1.21846120882971,0.916674436015368,1.61960196454945,-0.00781558441846488,0.88116031233379,0.696923981507218,0.705772740404105,,,4,3,0,1,log_odds,log_odds,FALSE
Weighted mode,3,0.190374019665028,0.350641941717182,0.641595085673743,CD200R1,ENSG00000163606,BBJ_Graves,1.20970196537864,0.608423443622448,2.40519799225395,-0.00781558441846488,0.88116031233379,0.696923981507218,0.705772740404105,,,4,3,0,1,log_odds,log_odds,FALSE
Wald ratio,1,-0.195483693714137,0.265547994733748,0.461638185530069,CD207,ENSG00000116031,BBJ_Graves,0.822436754343662,0.488723805798828,1.3840173260841,,,,,,,1,1,0,0,log_odds,log_odds,FALSE
Wald ratio,1,0.115034991196156,0.255602318501003,0.65267109412746,CD209,ENSG00000090659,BBJ_Graves,1.12191269395226,0.679807538108995,1.85153594553025,,,,,,,2,1,0,1,log_odds,log_odds,FALSE
Wald ratio,1,-0.13574604533323,0.163987628002998,0.407793836857377,CD22,ENSG00000012124,BBJ_Graves,0.873064323097086,0.633077902164982,1.2040245120834,,,,,,,1,1,0,0,log_odds,log_odds,FALSE
Wald ratio,1,-0.154495612756808,0.0913946344622099,0.0909470148549598,CD226,ENSG00000150637,BBJ_Graves,0.85684725133112,0.716319418482163,1.02494389118948,,,,,,,2,1,0,1,log_odds,log_odds,FALSE
Inverse variance weighted,2,0.0415846664932053,0.0250837603215352,0.0973513325330245,CD244,ENSG00000122223,BBJ_Graves,1.04246141966789,0.992449148266424,1.09499394844989,,,0.408644800001003,0.522658153957809,,,6,2,0,4,log_odds,log_odds,FALSE
Inverse variance weighted,2,0.196105128375401,0.16292237898956,0.228716324963299,CD247,ENSG00000198821,BBJ_Graves,1.21665480355425,0.884066728518282,1.67436332944299,,,1.15108354465233,0.28332244063071,,,2,2,0,0,log_odds,log_odds,FALSE
Wald ratio,1,0.463772770106,0.287218894463957,0.106375359817905,CD27,ENSG00000139193,BBJ_Graves,1.59006161985343,0.905583073126615,2.79189842429556,,,,,,,2,1,0,1,log_odds,log_odds,FALSE
Wald ratio,1,-0.0403731602083342,0.131897853277132,0.759532968145069,CD274,ENSG00000120217,BBJ_Graves,0.960430977650988,0.741638795667335,1.24376943091498,,,,,,,1,1,0,0,log_odds,log_odds,FALSE
Inverse variance weighted,2,-0.0296546879238795,0.0866625181513171,0.732211029030772,CD300A,ENSG00000167851,BBJ_Graves,0.970780697975291,0.819129388983454,1.15050830337187,,,0.0941413873904521,0.758976817940581,,,4,2,0,2,log_odds,log_odds,FALSE
Inverse variance weighted,6,0.00887133521260743,0.0354494913248447,0.802391839053929,CD300C,ENSG00000167850,BBJ_Graves,1.00891080212858,0.941190545076855,1.08150364660604,-0.00388706781263915,0.914720652370426,2.26589935285375,0.811262084808519,,,8,6,2,2,log_odds,log_odds,FALSE
MR Egger,6,0.0146409601589061,0.0617859764342475,0.824326947618494,CD300C,ENSG00000167850,BBJ_Graves,1.01474866400339,0.899011409154005,1.14538574328624,-0.00388706781263915,0.914720652370426,2.26589935285375,0.811262084808519,,,8,6,2,2,log_odds,log_odds,FALSE
Weighted median,6,0.0091658880778353,0.0443966157459755,0.836435780149797,CD300C,ENSG00000167850,BBJ_Graves,1.00920802346766,0.925101813586863,1.10096080201433,-0.00388706781263915,0.914720652370426,2.26589935285375,0.811262084808519,,,8,6,2,2,log_odds,log_odds,FALSE
Weighted mode,6,0.00541840749802991,0.0924589814637671,0.955538076115326,CD300C,ENSG00000167850,BBJ_Graves,1.00543311361719,0.838784720376701,1.2051909404167,-0.00388706781263915,0.914720652370426,2.26589935285375,0.811262084808519,,,8,6,2,2,log_odds,log_odds,FALSE
Inverse variance weighted,2,-0.119941579946145,0.109460193907993,0.273185905643806,CD300E,ENSG00000186407,BBJ_Graves,0.886972252170352,0.715707610960149,1.09921951935754,,,0.148516083211042,0.699957494720682,,,4,2,0,2,log_odds,log_odds,FALSE
Inverse variance weighted,2,0.0632785746203909,0.148342670063937,0.669692346962611,CD300LB,ENSG00000178789,BBJ_Graves,1.06532357000766,0.796543881132157,1.42479822605727,,,0.0125203120583967,0.910907295224023,,,6,2,0,4,log_odds,log_odds,FALSE
Inverse variance weighted,2,0.0557372795320171,0.0513894746025595,0.278096653085671,CD300LD,ENSG00000204345,BBJ_Graves,1.05731986767378,0.956010779191869,1.16936474662211,,,0.438257137210961,0.507964862715574,,,3,2,0,1,log_odds,log_odds,FALSE
Inverse variance weighted,3,-0.0831216332956382,0.130246500749623,0.523351910011864,CD300LF,ENSG00000186074,BBJ_Graves,0.920239208684808,0.712906662861303,1.18786966838266,-0.0297487550003087,0.780434821565974,6.07024901513831,0.0480686775887971,,,3,3,0,0,log_odds,log_odds,FALSE
MR Egger,3,0.0136537038434485,0.320337530844204,0.972881854344936,CD300LF,ENSG00000186074,BBJ_Graves,1.01374734133864,0.541069330088741,1.89935672735806,-0.0297487550003087,0.780434821565974,6.07024901513831,0.0480686775887971,,,3,3,0,0,log_odds,log_odds,FALSE
Weighted median,3,-0.0697247132512045,0.0761932006633911,0.360136962589567,CD300LF,ENSG00000186074,BBJ_Graves,0.932650530902174,0.803270799973988,1.08286895629752,-0.0297487550003087,0.780434821565974,6.07024901513831,0.0480686775887971,,,3,3,0,0,log_odds,log_odds,FALSE
Weighted mode,3,-0.0135495355217397,0.365019059984098,0.973761179074298,CD300LF,ENSG00000186074,BBJ_Graves,0.986541846242269,0.482397462813544,2.0175579048667,-0.0297487550003087,0.780434821565974,6.07024901513831,0.0480686775887971,,,3,3,0,0,log_odds,log_odds,FALSE
Inverse variance weighted,2,-0.0466674854254438,0.0730142965195793,0.522721811500358,CD302,ENSG00000241399,BBJ_Graves,0.954404698306103,0.827144801647651,1.10124409454584,,,2.05002019000944,0.152204171353138,,,4,2,0,2,log_odds,log_odds,FALSE
Inverse variance weighted,4,-0.105504902167994,0.0839207674066142,0.208682459708795,CD320,ENSG00000167775,BBJ_Graves,0.899870061521757,0.76338742872702,1.06075381536409,-0.0164043134301833,0.642537920469802,0.358044417756791,0.948766407247095,,,5,4,0,1,log_odds,log_odds,FALSE
MR Egger,4,-0.0571318595079269,0.122592630629949,0.687022498495881,CD320,ENSG00000167775,BBJ_Graves,0.94446952386878,0.742736889907346,1.20099417928225,-0.0164043134301833,0.642537920469802,0.358044417756791,0.948766407247095,,,5,4,0,1,log_odds,log_odds,FALSE
Weighted median,4,-0.101791976905345,0.0893251009709292,0.254466555562677,CD320,ENSG00000167775,BBJ_Graves,0.903217422210808,0.758153676222784,1.07603740161172,-0.0164043134301833,0.642537920469802,0.358044417756791,0.948766407247095,,,5,4,0,1,log_odds,log_odds,FALSE
Weighted mode,4,-0.0881145310617282,0.243680182816827,0.741619318204694,CD320,ENSG00000167775,BBJ_Graves,0.91565599966378,0.567946707559092,1.47624046158071,-0.0164043134301833,0.642537920469802,0.358044417756791,0.948766407247095,,,5,4,0,1,log_odds,log_odds,FALSE
Wald ratio,1,0.295689640276708,0.29227663867252,0.311692373235002,CD33,ENSG00000105383,BBJ_Graves,1.34405295219131,0.757923689779749,2.38345675515056,,,,,,,3,1,0,2,log_odds,log_odds,FALSE
Wald ratio,1,0.235712921538364,0.239725286168046,0.325478184658096,CD34,ENSG00000174059,BBJ_Graves,1.26581087096403,0.791244197130463,2.02500968330834,,,,,,,1,1,0,0,log_odds,log_odds,FALSE
Wald ratio,1,0.150416236994382,0.190550322295684,0.42989109591336,CD36,ENSG00000135218,BBJ_Graves,1.16231794178118,0.80006492792187,1.68859170129549,,,,,,,6,1,1,5,log_odds,log_odds,FALSE
Inverse variance weighted,2,0.0266228926110394,0.0772450575432787,0.730353778506417,CD37,ENSG00000104894,BBJ_Graves,1.02698044781568,0.882693350453662,1.19485304795107,,,0.48975499805433,0.484036614550925,,,3,2,0,1,log_odds,log_odds,FALSE
Wald ratio,1,-0.196299695040456,0.283224353792434,0.488253676241519,CD38,ENSG00000004468,BBJ_Graves,0.821765918599957,0.471696537837675,1.43163913830723,,,,,,,1,1,0,0,log_odds,log_odds,FALSE
Wald ratio,1,0.0385532830802937,0.219104468310289,0.860326583557957,CD3D,ENSG00000167286,BBJ_Graves,1.03930610431328,0.676453564308926,1.59679427451364,,,,,,,1,1,1,0,log_odds,log_odds,FALSE
Wald ratio,1,0.403233173251988,0.206090608729061,0.0503966342234424,CD3E,ENSG00000198851,BBJ_Graves,1.49665583108757,0.99929582818845,2.24155711806496,,,,,,,1,1,0,0,log_odds,log_odds,FALSE
Inverse variance weighted,2,0.187905090759352,0.105615327661145,0.0752158241278062,CD4,ENSG00000010610,BBJ_Graves,1.20671898113234,0.981080315756635,1.48425228397538,,,0.918516043020013,0.337864912804233,,,3,2,1,1,log_odds,log_odds,FALSE
Inverse variance weighted,2,0.373886384863171,0.377823080122909,0.32237916327011,CD40,ENSG00000101017,BBJ_Graves,1.45337201601568,0.69305435246819,3.04779879011645,,,7.9478375485564,0.00481448697624431,,,3,2,2,1,log_odds,log_odds,FALSE
Inverse variance weighted,2,-0.149391482167588,0.252874817096082,0.554672878316842,CD44,ENSG00000026508,BBJ_Graves,0.86123189196702,0.524648836171407,1.41374633965407,,,0.0504874531243709,0.822217229587999,,,3,2,0,1,log_odds,log_odds,FALSE
Wald ratio,1,-2.68805768373392,3.4782656719862,0.43963156878457,CD46,ENSG00000117335,BBJ_Graves,0.068012913750961,7.44443716444102e-05,62.1370875288057,,,,,,,1,1,0,0,log_odds,log_odds,FALSE
Inverse variance weighted,3,-0.0508289928540826,0.0621419430472491,0.413385825164229,CD47,ENSG00000196776,BBJ_Graves,0.950441188871203,0.841451248373087,1.0735481767357,-0.0302201554558531,0.528233765694302,1.15563716732923,0.561121071137385,,,5,3,1,2,log_odds,log_odds,FALSE
MR Egger,3,0.0361122476182602,0.113532860841211,0.803947820889251,CD47,ENSG00000196776,BBJ_Graves,1.03677221517158,0.829931460235709,1.29516312810518,-0.0302201554558531,0.528233765694302,1.15563716732923,0.561121071137385,,,5,3,1,2,log_odds,log_odds,FALSE
Weighted median,3,-0.046223012465559,0.0632577538241481,0.464956893668827,CD47,ENSG00000196776,BBJ_Graves,0.954828999675545,0.843489175463668,1.08086558208674,-0.0302201554558531,0.528233765694302,1.15563716732923,0.561121071137385,,,5,3,1,2,log_odds,log_odds,FALSE
Weighted mode,3,-0.0394498808570969,0.167559619387142,0.835780441460117,CD47,ENSG00000196776,BBJ_Graves,0.961318133224132,0.69220942293082,1.33504763537131,-0.0302201554558531,0.528233765694302,1.15563716732923,0.561121071137385,,,5,3,1,2,log_odds,log_odds,FALSE
Inverse variance weighted,4,0.121363072307548,0.172097714986967,0.480686635674915,CD48,ENSG00000117091,BBJ_Graves,1.12903475921615,0.805776839350756,1.58197583408498,0.0231096231264531,0.727877098967522,10.5375072316245,0.0145086106576709,,,4,4,1,0,log_odds,log_odds,FALSE
MR Egger,4,0.00975783394133932,0.344980098622665,0.980003336617049,CD48,ENSG00000117091,BBJ_Graves,1.00980559683066,0.513552426021702,1.98559541679087,0.0231096231264531,0.727877098967522,10.5375072316245,0.0145086106576709,,,4,4,1,0,log_odds,log_odds,FALSE
Weighted median,4,0.0780773664429556,0.100039377976489,0.435116437048368,CD48,ENSG00000117091,BBJ_Graves,1.08120630452023,0.888696217564651,1.31541808081259,0.0231096231264531,0.727877098967522,10.5375072316245,0.0145086106576709,,,4,4,1,0,log_odds,log_odds,FALSE
Weighted mode,4,0.157683084402787,0.422131408394655,0.733581605324825,CD48,ENSG00000117091,BBJ_Graves,1.17079509268075,0.511864940897221,2.67797428486233,0.0231096231264531,0.727877098967522,10.5375072316245,0.0145086106576709,,,4,4,1,0,log_odds,log_odds,FALSE
Wald ratio,1,-0.0745448071012409,0.152443909985974,0.624842927003935,CD5,ENSG00000110448,BBJ_Graves,0.928165884704477,0.688434657662033,1.25137789032139,,,,,,,2,1,0,1,log_odds,log_odds,FALSE
Inverse variance weighted,2,0.179497028383196,0.811366358664449,0.824914839790553,CD52,ENSG00000169442,BBJ_Graves,1.19661534817992,0.243952673248306,5.86953310424402,,,1.23278176768736,0.26686673182888,,,4,2,0,2,log_odds,log_odds,FALSE
Wald ratio,1,0.0348515361995795,0.319879802692455,0.913240582050411,CD53,ENSG00000143119,BBJ_Graves,1.03546596817461,0.553157295777769,1.93830901161706,,,,,,,2,1,0,1,log_odds,log_odds,FALSE
Inverse variance weighted,4,0.021248594307035,0.0494332639820843,0.667309088557389,CD55,ENSG00000196352,BBJ_Graves,1.02147595318372,0.927149361296686,1.12539917136252,-0.0188688080484816,0.516675755363395,0.710473487026438,0.870737758063146,,,5,4,1,1,log_odds,log_odds,FALSE
MR Egger,4,0.0614321726484272,0.0713611765195222,0.480036738391117,CD55,ENSG00000196352,BBJ_Graves,1.06335836930077,0.924561476509737,1.22299171043828,-0.0188688080484816,0.516675755363395,0.710473487026438,0.870737758063146,,,5,4,1,1,log_odds,log_odds,FALSE
Weighted median,4,0.0271483511279333,0.0494493432886895,0.582996267218468,CD55,ENSG00000196352,BBJ_Graves,1.02752022524158,0.932606092593132,1.13209405521342,-0.0188688080484816,0.516675755363395,0.710473487026438,0.870737758063146,,,5,4,1,1,log_odds,log_odds,FALSE
Weighted mode,4,0.0261431902481614,0.295657182653463,0.935111735151745,CD55,ENSG00000196352,BBJ_Graves,1.02648792101082,0.575023201966594,1.83240858521449,-0.0188688080484816,0.516675755363395,0.710473487026438,0.870737758063146,,,5,4,1,1,log_odds,log_odds,FALSE
Wald ratio,1,0.401248872059604,0.274343587441066,0.143582910084472,CD58,ENSG00000116815,BBJ_Graves,1.49368895969407,0.872437239476481,2.55732631226375,,,,,,,1,1,0,0,log_odds,log_odds,FALSE
Inverse variance weighted,3,-0.0637267524802376,0.0759323894848337,0.4013253802148,CD59,ENSG00000085063,BBJ_Graves,0.938261342091266,0.808516464538016,1.08882673968294,0.0603132614877061,0.49925964569213,3.57418306936562,0.167446474387265,,,3,3,0,0,log_odds,log_odds,FALSE
MR Egger,3,-0.217629786829668,0.171255756916554,0.424440834849836,CD59,ENSG00000085063,BBJ_Graves,0.804423194608293,0.575054149033745,1.12527955343183,0.0603132614877061,0.49925964569213,3.57418306936562,0.167446474387265,,,3,3,0,0,log_odds,log_odds,FALSE
Weighted median,3,-0.0748830980166014,0.057010883831555,0.189018643180888,CD59,ENSG00000085063,BBJ_Graves,0.927851947721742,0.82975530880362,1.0375459219807,0.0603132614877061,0.49925964569213,3.57418306936562,0.167446474387265,,,3,3,0,0,log_odds,log_odds,FALSE
Weighted mode,3,-0.0842817577622359,0.250292212462158,0.768369105724394,CD59,ENSG00000085063,BBJ_Graves,0.919172235694095,0.562786751592838,1.50123931752063,0.0603132614877061,0.49925964569213,3.57418306936562,0.167446474387265,,,3,3,0,0,log_odds,log_odds,FALSE
Inverse variance weighted,3,-0.129693020568874,0.162412374191623,0.424556321511199,CD6,ENSG00000013725,BBJ_Graves,0.878365029534917,0.638891092128177,1.20760037918182,-0.114645730561306,0.308439593468708,3.76401109323145,0.152284385856918,,,3,3,0,0,log_odds,log_odds,FALSE
MR Egger,3,0.431892048186571,0.318411084236487,0.404437572972917,CD6,ENSG00000013725,BBJ_Graves,1.54016884216705,0.825147041079801,2.87478466780661,-0.114645730561306,0.308439593468708,3.76401109323145,0.152284385856918,,,3,3,0,0,log_odds,log_odds,FALSE
Weighted median,3,-0.0620872093062238,0.120863931717582,0.607465179397924,CD6,ENSG00000013725,BBJ_Graves,0.939800923830619,0.741573858510346,1.19101525262377,-0.114645730561306,0.308439593468708,3.76401109323145,0.152284385856918,,,3,3,0,0,log_odds,log_odds,FALSE
Weighted mode,3,-0.0418741246231218,0.575794488672535,0.948644167419577,CD6,ENSG00000013725,BBJ_Graves,0.958990486264269,0.310233101910922,2.96442496651903,-0.114645730561306,0.308439593468708,3.76401109323145,0.152284385856918,,,3,3,0,0,log_odds,log_odds,FALSE
Inverse variance weighted,2,0.132744377293553,0.193034174160332,0.491658766709078,CD63,ENSG00000135404,BBJ_Graves,1.1419580506107,0.782233019392652,1.66710961698742,,,0.375971657518513,0.539767061261953,,,2,2,0,0,log_odds,log_odds,FALSE
Inverse variance weighted,2,0.0564094521995668,0.147709367176942,0.702539332395836,CD68,ENSG00000129226,BBJ_Graves,1.05803080810028,0.792073643346389,1.41328928224392,,,0.002115162153173,0.96331750930667,,,3,2,1,1,log_odds,log_odds,FALSE
Inverse variance weighted,2,0.573971753522804,0.244346041708557,0.0188233064895375,CD69,ENSG00000110848,BBJ_Graves,1.7753041378602,1.09971770139674,2.86592166144146,,,1.58660711975631,0.20781155227671,,,2,2,0,0,log_odds,log_odds,FALSE
Wald ratio,1,0.0831399744344622,0.316981621873562,0.793100631819913,CD70,ENSG00000125726,BBJ_Graves,1.08669390726813,0.583830834867709,2.02268119045349,,,,,,,1,1,0,0,log_odds,log_odds,FALSE
Wald ratio,1,0.226220106522564,0.182508287465663,0.21515819013336,CD72,ENSG00000137101,BBJ_Graves,1.25385161582679,0.87678266222147,1.79308275842061,,,,,,,1,1,0,0,log_odds,log_odds,FALSE
Wald ratio,1,-0.371850099106705,0.259349662377228,0.15163534008651,CD79B,ENSG00000007312,BBJ_Graves,0.689457585086351,0.414710149642841,1.14622649588511,,,,,,,1,1,0,0,log_odds,log_odds,FALSE
Inverse variance weighted,2,0.157162445978286,0.162205295367676,0.332589747262939,CD81,ENSG00000110651,BBJ_Graves,1.17018569042117,0.851496462822733,1.60815060291277,,,0.124112551649208,0.724616202469469,,,2,2,0,0,log_odds,log_odds,FALSE
Wald ratio,1,-0.204661941167949,0.222985533052553,0.358709918009639,CD82,ENSG00000085117,BBJ_Graves,0.814922761687465,0.526389636875778,1.26161128752055,,,,,,,3,1,1,2,log_odds,log_odds,FALSE
Wald ratio,1,-0.038314696308016,0.154041799473266,0.803570246329776,CD83,ENSG00000112149,BBJ_Graves,0.962410026348566,0.711601921261993,1.30161686069315,,,,,,,2,1,0,1,log_odds,log_odds,FALSE
Inverse variance weighted,3,0.159294504355701,0.0754024864725617,0.0346359146129075,CD84,ENSG00000066294,BBJ_Graves,1.17268325615745,1.01157207522389,1.35945431171344,-0.0622317352529104,0.377884292559963,2.58906173869579,0.274026388360073,,,3,3,0,0,log_odds,log_odds,FALSE
MR Egger,3,0.301438693067368,0.116580835468598,0.234932028665993,CD84,ENSG00000066294,BBJ_Graves,1.35180223774893,1.07566626990408,1.69882550109708,-0.0622317352529104,0.377884292559963,2.58906173869579,0.274026388360073,,,3,3,0,0,log_odds,log_odds,FALSE
Weighted median,3,0.162158781349317,0.0666450774445131,0.0149672852948562,CD84,ENSG00000066294,BBJ_Graves,1.17604696082012,1.03203690755861,1.34015212433253,-0.0622317352529104,0.377884292559963,2.58906173869579,0.274026388360073,,,3,3,0,0,log_odds,log_odds,FALSE
Weighted mode,3,0.18425189327422,0.353884869106175,0.654511494974217,CD84,ENSG00000066294,BBJ_Graves,1.20231864093493,0.600878546731715,2.40576090160372,-0.0622317352529104,0.377884292559963,2.58906173869579,0.274026388360073,,,3,3,0,0,log_odds,log_odds,FALSE
Inverse variance weighted,3,0.0819573604617931,0.146804658743537,0.576656661929114,CD86,ENSG00000114013,BBJ_Graves,1.08540952748181,0.814012325928824,1.44729238713186,0.012641027015861,0.873928714071036,0.688183592585943,0.70886385398876,,,3,3,0,0,log_odds,log_odds,FALSE
MR Egger,3,0.0322959708323191,0.287752694562705,0.928846645070828,CD86,ENSG00000114013,BBJ_Graves,1.03282314559862,0.587605596430019,1.81537353722477,0.012641027015861,0.873928714071036,0.688183592585943,0.70886385398876,,,3,3,0,0,log_odds,log_odds,FALSE
Weighted median,3,0.0899585025323236,0.14914572750937,0.546403300453676,CD86,ENSG00000114013,BBJ_Graves,1.09412887918533,0.816795008342691,1.46562845272078,0.012641027015861,0.873928714071036,0.688183592585943,0.70886385398876,,,3,3,0,0,log_odds,log_odds,FALSE
Weighted mode,3,0.0881080800229421,0.468975160136046,0.868310225802206,CD86,ENSG00000114013,BBJ_Graves,1.09210615050762,0.435577198713867,2.73819623134146,0.012641027015861,0.873928714071036,0.688183592585943,0.70886385398876,,,3,3,0,0,log_odds,log_odds,FALSE
Inverse variance weighted,2,-0.475840928214764,0.277380262230842,0.0862568391368514,CD8A,ENSG00000153563,BBJ_Graves,0.621362315599276,0.360773030705218,1.07017735359039,,,0.417612767140795,0.518130636932477,,,2,2,0,0,log_odds,log_odds,FALSE
Wald ratio,1,0.33607641849145,0.916216721143223,0.713761592202576,CD8B,ENSG00000172116,BBJ_Graves,1.39944596427426,0.232304015167486,8.43054307740445,,,,,,,1,1,0,0,log_odds,log_odds,FALSE
Inverse variance weighted,2,0.10625181482472,0.0889085861374328,0.232060425473589,CD9,ENSG00000010278,BBJ_Graves,1.11210188499115,0.934252052186918,1.32380828033056,,,0.561858104760516,0.453512551281308,,,5,2,0,3,log_odds,log_odds,FALSE
Inverse variance weighted,4,-0.0712553729759607,0.103124980655424,0.489589847690561,CD93,ENSG00000125810,BBJ_Graves,0.93122405230243,0.760803372398303,1.13981912679084,-0.00554739661237314,0.863648835595087,2.18238364333994,0.535426574255948,,,4,4,0,0,log_odds,log_odds,FALSE
MR Egger,4,-0.0477285800608162,0.161239118607469,0.795128238037445,CD93,ENSG00000125810,BBJ_Graves,0.953392521703307,0.695059898296701,1.30773952384142,-0.00554739661237314,0.863648835595087,2.18238364333994,0.535426574255948,,,4,4,0,0,log_odds,log_odds,FALSE
Weighted median,4,-0.040198894290461,0.110027328460836,0.714847379350565,CD93,ENSG00000125810,BBJ_Graves,0.960598362621186,0.77425619561597,1.1917879630739,-0.00554739661237314,0.863648835595087,2.18238364333994,0.535426574255948,,,4,4,0,0,log_odds,log_odds,FALSE
Weighted mode,4,-0.017203356588136,0.33664694281497,0.962456383583806,CD93,ENSG00000125810,BBJ_Graves,0.982943776216591,0.508123188118191,1.90146501831795,-0.00554739661237314,0.863648835595087,2.18238364333994,0.535426574255948,,,4,4,0,0,log_odds,log_odds,FALSE
Inverse variance weighted,3,-0.00634167499458296,0.0172324990613308,0.712868243457104,CD96,ENSG00000153283,BBJ_Graves,0.993678390986568,0.960676674882638,1.02781380096928,-0.00830303717585333,0.866446335762466,1.45527220346238,0.48304952143653,,,6,3,0,3,log_odds,log_odds,FALSE
MR Egger,3,-0.00254732639159411,0.0270368438539213,0.940196226094336,CD96,ENSG00000153283,BBJ_Graves,0.997455915291153,0.945974618767886,1.051738897863,-0.00830303717585333,0.866446335762466,1.45527220346238,0.48304952143653,,,6,3,0,3,log_odds,log_odds,FALSE
Weighted median,3,-0.00532816782550954,0.0166745811393322,0.74931832976698,CD96,ENSG00000153283,BBJ_Graves,0.994686001683668,0.96270297988806,1.02773156686446,-0.00830303717585333,0.866446335762466,1.45527220346238,0.48304952143653,,,6,3,0,3,log_odds,log_odds,FALSE
Weighted mode,3,-0.00547068929798761,0.0808627122065439,0.952216014794633,CD96,ENSG00000153283,BBJ_Graves,0.99454424767179,0.848774609766624,1.16534854977461,-0.00830303717585333,0.866446335762466,1.45527220346238,0.48304952143653,,,6,3,0,3,log_odds,log_odds,FALSE
Wald ratio,1,-0.312673661460386,0.369568122444667,0.39752401952453,CD97,ENSG00000123146,BBJ_Graves,0.731488586539582,0.354507001996469,1.50935115307823,,,,,,,1,1,0,0,log_odds,log_odds,FALSE
Inverse variance weighted,3,0.0678238876741697,0.0578669301687387,0.241170376669728,CDA,ENSG00000158825,BBJ_Graves,1.07017682055282,0.955428550233683,1.19870651444153,0.0605174344293133,0.313390838016162,3.55571311379435,0.16900000121036,,,7,3,0,4,log_odds,log_odds,FALSE
MR Egger,3,-0.0552440208563159,0.0789927609200058,0.611475234213067,CDA,ENSG00000158825,BBJ_Graves,0.946254214014685,0.810527643017133,1.10470882178367,0.0605174344293133,0.313390838016162,3.55571311379435,0.16900000121036,,,7,3,0,4,log_odds,log_odds,FALSE
Weighted median,3,0.0594356345524285,0.0418144574357827,0.155196582310278,CDA,ENSG00000158825,BBJ_Graves,1.06123745175762,0.977730995975519,1.15187606166595,0.0605174344293133,0.313390838016162,3.55571311379435,0.16900000121036,,,7,3,0,4,log_odds,log_odds,FALSE
Weighted mode,3,0.0592830526880411,0.102415786037397,0.62119622801804,CDA,ENSG00000158825,BBJ_Graves,1.0610755385215,0.86809694050771,1.29695342295552,0.0605174344293133,0.313390838016162,3.55571311379435,0.16900000121036,,,7,3,0,4,log_odds,log_odds,FALSE
Wald ratio,1,-0.781060057360478,0.479331191818796,0.103211680639219,CDC25A,ENSG00000164045,BBJ_Graves,0.457920332108237,0.178967832977694,1.17166882489019,,,,,,,1,1,0,0,log_odds,log_odds,FALSE
Inverse variance weighted,3,0.0189421148745055,0.0742254957787668,0.798571041384613,CDC25B,ENSG00000101224,BBJ_Graves,1.01912265486722,0.881139029415852,1.1787140859623,-0.0186708417975057,0.700824649797923,1.94878422085212,0.377421714568277,,,3,3,0,0,log_odds,log_odds,FALSE
MR Egger,3,0.0823183917160609,0.155259869635971,0.689639750303325,CDC25B,ENSG00000101224,BBJ_Graves,1.0858014649915,0.800922610432596,1.47200841382278,-0.0186708417975057,0.700824649797923,1.94878422085212,0.377421714568277,,,3,3,0,0,log_odds,log_odds,FALSE
Weighted median,3,0.0253837653513898,0.0753784331856028,0.736304588021034,CDC25B,ENSG00000101224,BBJ_Graves,1.02570867645368,0.88483157422813,1.18901531047885,-0.0186708417975057,0.700824649797923,1.94878422085212,0.377421714568277,,,3,3,0,0,log_odds,log_odds,FALSE
Weighted mode,3,0.044135452113565,0.307565407356098,0.89904896659583,CDC25B,ENSG00000101224,BBJ_Graves,1.04512390954377,0.571956267294323,1.90973339879146,-0.0186708417975057,0.700824649797923,1.94878422085212,0.377421714568277,,,3,3,0,0,log_odds,log_odds,FALSE
Inverse variance weighted,2,-0.122411372798982,0.0764506219439831,0.109336576596431,CDC42,ENSG00000070831,BBJ_Graves,0.884784317426251,0.761660323923623,1.02781156346794,,,0.13782754324223,0.710450351475088,,,4,2,1,2,log_odds,log_odds,FALSE
Wald ratio,1,0.0134117708148464,0.116166029385266,0.908085701887351,CDC42BPB,ENSG00000198752,BBJ_Graves,1.01350211203985,0.80712748696196,1.27264471561435,,,,,,,4,1,0,3,log_odds,log_odds,FALSE
Wald ratio,1,-0.0897373566813585,0.196064766163544,0.647173436820705,CDC42BPG,ENSG00000171219,BBJ_Graves,0.914171254715676,0.622492126844942,1.34252153064837,,,,,,,1,1,0,0,log_odds,log_odds,FALSE
Inverse variance weighted,3,0.0228014067208411,0.095112671129286,0.810539200821363,CDC7,ENSG00000097046,BBJ_Graves,1.02306334586679,0.849065090212523,1.23271893017551,-0.0446603834445387,0.639770135491539,0.963917037994469,0.617572678767363,,,5,3,1,2,log_odds,log_odds,FALSE
MR Egger,3,0.185297549897973,0.272956009246021,0.620324247599248,CDC7,ENSG00000097046,BBJ_Graves,1.20357651092112,0.704902186587739,2.05503181179414,-0.0446603834445387,0.639770135491539,0.963917037994469,0.617572678767363,,,5,3,1,2,log_odds,log_odds,FALSE
Weighted median,3,0.0331360885204201,0.0971085299330083,0.732932418245292,CDC7,ENSG00000097046,BBJ_Graves,1.03369120317613,0.854536014753674,1.25040663597042,-0.0446603834445387,0.639770135491539,0.963917037994469,0.617572678767363,,,5,3,1,2,log_odds,log_odds,FALSE
Weighted mode,3,0.041862813160198,0.258073330625048,0.886045359340909,CDC7,ENSG00000097046,BBJ_Graves,1.04275141716628,0.628788130255845,1.72924784308488,-0.0446603834445387,0.639770135491539,0.963917037994469,0.617572678767363,,,5,3,1,2,log_odds,log_odds,FALSE
Inverse variance weighted,2,0.000628135932026102,0.212113605511239,0.997637213188029,CDCP1,ENSG00000163814,BBJ_Graves,1.00062833325071,0.660264655688919,1.51644806772125,,,0.065969185956354,0.797298682636746,,,2,2,0,0,log_odds,log_odds,FALSE
Inverse variance weighted,3,-0.0246015318546056,0.208086488825316,0.905887452326507,CDH1,ENSG00000039068,BBJ_Graves,0.975698619398773,0.648916616856426,1.46704179114479,0.0936538174575926,0.378720706928957,8.45157655825527,0.0146138104062886,,,4,3,0,1,log_odds,log_odds,FALSE
MR Egger,3,-0.354351281257922,0.277462923957719,0.422905916537932,CDH1,ENSG00000039068,BBJ_Graves,0.701628455134054,0.407310855550171,1.20861617692181,0.0936538174575926,0.378720706928957,8.45157655825527,0.0146138104062886,,,4,3,0,1,log_odds,log_odds,FALSE
Weighted median,3,-0.0742957886951901,0.102429279678992,0.468245059094648,CDH1,ENSG00000039068,BBJ_Graves,0.928397043873886,0.759528694513022,1.13481041243135,0.0936538174575926,0.378720706928957,8.45157655825527,0.0146138104062886,,,4,3,0,1,log_odds,log_odds,FALSE
Weighted mode,3,-0.0737688488370353,0.305486611701414,0.831684090088857,CDH1,ENSG00000039068,BBJ_Graves,0.928886382195106,0.510419364524679,1.69043333971275,0.0936538174575926,0.378720706928957,8.45157655825527,0.0146138104062886,,,4,3,0,1,log_odds,log_odds,FALSE
Inverse variance weighted,2,-0.205043003739826,0.199548665732237,0.304169166519075,CDH13,ENSG00000140945,BBJ_Graves,0.814612284283431,0.550924012011275,1.20450944093518,,,0.160915592729463,0.688314948195684,,,2,2,0,0,log_odds,log_odds,FALSE
Inverse variance weighted,2,-0.0576887368160418,0.16310502791027,0.723570668549996,CDH2,ENSG00000170558,BBJ_Graves,0.943943716641377,0.685659183668644,1.29952279705385,,,0.236293379094416,0.626896143616064,,,5,2,0,3,log_odds,log_odds,FALSE
Wald ratio,1,-0.121592072289369,0.127475846670861,0.340162610242486,CDK11A,ENSG00000008128,BBJ_Graves,0.885509518706739,0.689737125329764,1.13684921243778,,,,,,,2,1,1,1,log_odds,log_odds,FALSE
Wald ratio,1,-0.262918915193231,0.385613523303979,0.495352935683513,CDK12,ENSG00000167258,BBJ_Graves,0.768804233126569,0.361056284207895,1.63702994443105,,,,,,,3,1,0,2,log_odds,log_odds,FALSE
Wald ratio,1,-0.132317059033092,1.12504819824862,0.906376582176763,CDK13,ENSG00000065883,BBJ_Graves,0.876063187293876,0.0965773026486998,7.94686419150925,,,,,,,2,1,0,1,log_odds,log_odds,FALSE
Wald ratio,1,0.330157087401628,0.396882939621222,0.405479373572046,CDK14,ENSG00000058091,BBJ_Graves,1.39118664919581,0.639074991272818,3.0284400412008,,,,,,,1,1,0,0,log_odds,log_odds,FALSE
Wald ratio,1,0.485009630914449,0.397162369417677,0.222015121795797,CDK17,ENSG00000059758,BBJ_Graves,1.62419065121012,0.745702454317642,3.53759767881178,,,,,,,1,1,0,0,log_odds,log_odds,FALSE
Wald ratio,1,0.118471321055894,0.420268547107597,0.778024536311212,CDK18,ENSG00000117266,BBJ_Graves,1.12577458761254,0.493982577183742,2.56561360795277,,,,,,,1,1,0,0,log_odds,log_odds,FALSE
Wald ratio,1,0.215863483205901,0.189030356231945,0.253474214429149,CDK19,ENSG00000155111,BBJ_Graves,1.24093295924733,0.856726956492526,1.79743919305492,,,,,,,2,1,1,1,log_odds,log_odds,FALSE
Wald ratio,1,0.255139037878257,0.453590368070031,0.573783729065738,CDK3,ENSG00000250506,BBJ_Graves,1.29064105639251,0.530519754802722,3.13985355185386,,,,,,,1,1,0,0,log_odds,log_odds,FALSE
Inverse variance weighted,2,0.115266576072201,0.504438857648855,0.819254016365193,CDK5R1,ENSG00000176749,BBJ_Graves,1.12217254205171,0.417515510317774,3.01610642722317,,,2.81582625740581,0.0933388242801601,,,5,2,0,3,log_odds,log_odds,FALSE
Wald ratio,1,-0.547068955079943,0.481686446739835,0.256066793843264,CDK6,ENSG00000105810,BBJ_Graves,0.578643356909364,0.225108135346416,1.48741019057385,,,,,,,1,1,0,0,log_odds,log_odds,FALSE
Wald ratio,1,0.0980162153822721,0.174450684359595,0.574213932304986,CDK7,ENSG00000134058,BBJ_Graves,1.10298067021671,0.783560403301885,1.55261337064143,,,,,,,1,1,0,0,log_odds,log_odds,FALSE
Wald ratio,1,0.0240705156672619,0.236126184051444,0.918804930322904,CDK9,ENSG00000136807,BBJ_Graves,1.02436254895254,0.644850478671151,1.62722780924174,,,,,,,2,1,0,1,log_odds,log_odds,FALSE
Wald ratio,1,-0.0322701441337245,0.0658334609525588,0.624007625648665,CDKL1,ENSG00000100490,BBJ_Graves,0.968244981044159,0.85103354947093,1.10159974762455,,,,,,,2,1,0,1,log_odds,log_odds,FALSE
Wald ratio,1,0.380857196279617,0.722004559791745,0.597846617409968,CDKL3,ENSG00000006837,BBJ_Graves,1.46353859173029,0.355485171987119,6.02541365512008,,,,,,,1,1,1,0,log_odds,log_odds,FALSE
Inverse variance weighted,2,0.0557282550532794,0.162586677559591,0.731778810019648,CDKN1A,ENSG00000124762,BBJ_Graves,1.05731032595617,0.768786767806991,1.45411598142153,,,1.01870690910655,0.312825930408025,,,2,2,0,0,log_odds,log_odds,FALSE
Inverse variance weighted,3,-0.134569654975162,0.178229549097188,0.450227620578037,CECR1,ENSG00000093072,BBJ_Graves,0.874091991900072,0.616375100612254,1.23956468965879,0.049497145247436,0.564065383905672,4.33294420545485,0.11458113518111,,,3,3,0,0,log_odds,log_odds,FALSE
MR Egger,3,-0.340415454791783,0.318846509412449,0.479179261450806,CECR1,ENSG00000093072,BBJ_Graves,0.711474675789598,0.380848122004015,1.32912881813968,0.049497145247436,0.564065383905672,4.33294420545485,0.11458113518111,,,3,3,0,0,log_odds,log_odds,FALSE
Weighted median,3,-0.16861620222052,0.121685953034302,0.165848627478789,CECR1,ENSG00000093072,BBJ_Graves,0.844833086234254,0.665563871751539,1.07238835202663,0.049497145247436,0.564065383905672,4.33294420545485,0.11458113518111,,,3,3,0,0,log_odds,log_odds,FALSE
Weighted mode,3,-0.17497740445419,0.477711465490579,0.749272184504673,CECR1,ENSG00000093072,BBJ_Graves,0.839475988973073,0.329133486383581,2.14113715321273,0.049497145247436,0.564065383905672,4.33294420545485,0.11458113518111,,,3,3,0,0,log_odds,log_odds,FALSE
Wald ratio,1,0.0920868468890931,0.228165830213563,0.686509729347249,CEL,ENSG00000170835,BBJ_Graves,1.09646004208965,0.701090583196332,1.714792143432,,,,,,,1,1,0,0,log_odds,log_odds,FALSE
Inverse variance weighted,2,0.117888670465709,0.125798659182917,0.348695890396598,CELA1,ENSG00000139610,BBJ_Graves,1.12511884543749,0.87925818242231,1.43972776331876,,,1.26128971951508,0.261407105412996,,,2,2,1,0,log_odds,log_odds,FALSE
Wald ratio,1,-0.0299365299197722,0.130573251446736,0.818659065686977,CELSR2,ENSG00000143126,BBJ_Graves,0.970507129759117,0.75136772286876,1.25355942269801,,,,,,,1,1,0,0,log_odds,log_odds,FALSE
Wald ratio,1,-0.446450135983856,0.232396658171205,0.0547229439479439,CELSR3,ENSG00000008300,BBJ_Graves,0.639895667157619,0.405778600941068,1.00908836468328,,,,,,,1,1,0,0,log_odds,log_odds,FALSE
Wald ratio,1,1.36032452493213,0.890593109953213,0.12665247754747,CES2,ENSG00000172831,BBJ_Graves,3.89745791885081,0.680288728240063,22.3290164876178,,,,,,,1,1,1,0,log_odds,log_odds,FALSE
Wald ratio,1,0.557597389707281,0.304908182306172,0.0674387635818452,CES4A,ENSG00000172824,BBJ_Graves,1.74647136539362,0.960767679811507,3.17471361103474,,,,,,,1,1,0,0,log_odds,log_odds,FALSE
Inverse variance weighted,2,-0.332313610995434,0.179399299461851,0.0639729256058411,CETP,ENSG00000087237,BBJ_Graves,0.717262346220329,0.50462674694835,1.01949664066885,,,0.245589696905735,0.620197771935408,,,3,2,0,1,log_odds,log_odds,FALSE
Wald ratio,1,0.0440504352913162,0.23308226351315,0.850099920313348,CFD,ENSG00000197766,BBJ_Graves,1.04503506020703,0.661800716266638,1.65019204455182,,,,,,,6,1,0,5,log_odds,log_odds,FALSE
Wald ratio,1,-0.355543428133155,0.541678199952798,0.511583584776718,CFH,ENSG00000000971,BBJ_Graves,0.700792509347775,0.242383838457306,2.02616702616687,,,,,,,1,1,1,0,log_odds,log_odds,FALSE
Wald ratio,1,0.878547244139519,0.487613995344267,0.0715883862756904,CGREF1,ENSG00000138028,BBJ_Graves,2.40739980060956,0.925726738465776,6.26056649241878,,,,,,,1,1,0,0,log_odds,log_odds,FALSE
Wald ratio,1,-0.529229276687958,0.913440772621447,0.562332824262055,CHEK1,ENSG00000149554,BBJ_Graves,0.589058796114912,0.0983155386049269,3.52935324572347,,,,,,,1,1,1,0,log_odds,log_odds,FALSE
Wald ratio,1,0.244264999875424,2.31735168162176,0.916052892227995,CHEK2,ENSG00000183765,BBJ_Graves,1.27668260639759,0.01359920020938,119.853995263185,,,,,,,1,1,0,0,log_odds,log_odds,FALSE
Wald ratio,1,-0.156951277540168,0.333832640851935,0.63824815025552,CHGB,ENSG00000089199,BBJ_Graves,0.854745703116357,0.444296452469851,1.64437553560132,,,,,,,2,1,0,1,log_odds,log_odds,FALSE
Inverse variance weighted,3,-0.0341516307954505,0.069248579903771,0.621889324411356,CHI3L1,ENSG00000133048,BBJ_Graves,0.966424953742494,0.843767034968556,1.10691358219628,-0.0501293726521961,0.600470318203913,1.37314252729508,0.503298792862712,,,3,3,0,0,log_odds,log_odds,FALSE
MR Egger,3,0.104628149803374,0.203458299759008,0.697617436423756,CHI3L1,ENSG00000133048,BBJ_Graves,1.11029766917774,0.745164620629539,1.65434707989765,-0.0501293726521961,0.600470318203913,1.37314252729508,0.503298792862712,,,3,3,0,0,log_odds,log_odds,FALSE
Weighted median,3,-0.0305210283854321,0.0726356929947838,0.674344280576781,CHI3L1,ENSG00000133048,BBJ_Graves,0.969940035579845,0.841232679991621,1.11833942617398,-0.0501293726521961,0.600470318203913,1.37314252729508,0.503298792862712,,,3,3,0,0,log_odds,log_odds,FALSE
Weighted mode,3,-0.0248805477714237,0.22193639193678,0.920976521077049,CHI3L1,ENSG00000133048,BBJ_Graves,0.975426421929422,0.631362007841874,1.50699074822432,-0.0501293726521961,0.600470318203913,1.37314252729508,0.503298792862712,,,3,3,0,0,log_odds,log_odds,FALSE
Inverse variance weighted,3,-0.00317074890081495,0.0606942338727582,0.958336382920323,CHI3L2,ENSG00000064886,BBJ_Graves,0.996834272614757,0.885032025793716,1.12276001104959,-0.0475747469326456,0.314719592815695,3.62250326958072,0.163449429727468,,,5,3,0,2,log_odds,log_odds,FALSE
MR Egger,3,0.0806828797937423,0.0638485038373109,0.426181965961227,CHI3L2,ENSG00000064886,BBJ_Graves,1.08402707516362,0.956513680318984,1.22853935481185,-0.0475747469326456,0.314719592815695,3.62250326958072,0.163449429727468,,,5,3,0,2,log_odds,log_odds,FALSE
Weighted median,3,0.003050260250854,0.0457270884057818,0.946815947559425,CHI3L2,ENSG00000064886,BBJ_Graves,1.00305491702824,0.91706691932564,1.097105506013,-0.0475747469326456,0.314719592815695,3.62250326958072,0.163449429727468,,,5,3,0,2,log_odds,log_odds,FALSE
Weighted mode,3,0.00942662560793384,0.246486248073574,0.972967275122042,CHI3L2,ENSG00000064886,BBJ_Graves,1.00947119618307,0.622702488617714,1.63646703610473,-0.0475747469326456,0.314719592815695,3.62250326958072,0.163449429727468,,,5,3,0,2,log_odds,log_odds,FALSE
Wald ratio,1,-0.230168800459039,0.494552177276631,0.641638928801233,CHID1,ENSG00000177830,BBJ_Graves,0.794399496185432,0.301347538321637,2.0941619867029,,,,,,,1,1,0,0,log_odds,log_odds,FALSE
Inverse variance weighted,2,-0.0205398021376529,0.157062682138115,0.895953653410824,CHIT1,ENSG00000133063,BBJ_Graves,0.979669702750143,0.720087418954015,1.33282807229249,,,0.783926649807193,0.375942914566613,,,2,2,0,0,log_odds,log_odds,FALSE
Wald ratio,1,0.0285119525300208,0.273627902262389,0.917010851154016,CHL1,ENSG00000134121,BBJ_Graves,1.02892230898581,0.601818884107425,1.75913575643087,,,,,,,1,1,0,0,log_odds,log_odds,FALSE
Wald ratio,1,0.0703292486418023,0.191340136395648,0.713200300322074,CHRFAM7A,ENSG00000166664,BBJ_Graves,1.07286136125504,0.737346447892413,1.56104569807594,,,,,,,3,1,0,2,log_odds,log_odds,FALSE
Wald ratio,1,-0.277374836036123,0.334787050072472,0.407381028625786,CHRNA10,ENSG00000129749,BBJ_Graves,0.7577704042151,0.393152597301547,1.46054226640119,,,,,,,1,1,0,0,log_odds,log_odds,FALSE
Inverse variance weighted,2,0.468267131105722,0.274607351462744,0.0881525979741455,CHRNA2,ENSG00000120903,BBJ_Graves,1.59722401392088,0.93242806012309,2.73600147802152,,,0.0313347028639901,0.859495736201828,,,2,2,0,0,log_odds,log_odds,FALSE
Wald ratio,1,-0.124897270508461,0.101163287201282,0.216975448103963,CHRNB1,ENSG00000170175,BBJ_Graves,0.882587565699491,0.723845495465868,1.07614237569581,,,,,,,2,1,0,1,log_odds,log_odds,FALSE
Wald ratio,1,0.0524785337846012,0.208968494463022,0.801712582036675,CHRNB2,ENSG00000160716,BBJ_Graves,1.05387993902195,0.699702723144894,1.58733543422684,,,,,,,1,1,0,0,log_odds,log_odds,FALSE
Wald ratio,1,0.278401344492395,0.133526932596118,0.0370708708873045,CHRNE,ENSG00000108556,BBJ_Graves,1.3210162734361,1.01682858845673,1.71620272531043,,,,,,,1,1,0,0,log_odds,log_odds,FALSE
Wald ratio,1,-0.597314255128915,0.258479970651569,0.0208398986225716,CHST10,ENSG00000115526,BBJ_Graves,0.550287585255106,0.331563810525866,0.913297582162611,,,,,,,1,1,0,0,log_odds,log_odds,FALSE
Inverse variance weighted,2,0.244568649358683,0.35079869832405,0.485692271223644,CHST11,ENSG00000171310,BBJ_Graves,1.27707032927425,0.642109262247372,2.53992384443186,,,2.74815873317051,0.0973664955532974,,,3,2,0,1,log_odds,log_odds,FALSE
Inverse variance weighted,2,0.0328282613381465,0.0388016994767371,0.397523651537861,CHST12,ENSG00000136213,BBJ_Graves,1.03337305389572,0.957697732952774,1.11502808430521,,,0.11737080501055,0.731903745015905,,,4,2,0,2,log_odds,log_odds,FALSE
Wald ratio,1,0.284033058581624,0.279876268253812,0.310176266048283,CHST13,ENSG00000180767,BBJ_Graves,1.32847684758718,0.767570899033894,2.29926738597894,,,,,,,7,1,1,6,log_odds,log_odds,FALSE
Inverse variance weighted,3,0.118837636811387,0.202561232621145,0.557421916029861,CHST2,ENSG00000175040,BBJ_Graves,1.12618705212263,0.757158718975755,1.67507451817282,0.0316012203057822,0.783663072761592,0.419276644788619,0.810877469162415,,,3,3,0,0,log_odds,log_odds,FALSE
MR Egger,3,-0.213906886444402,0.962741225874508,0.860813463756456,CHST2,ENSG00000175040,BBJ_Graves,0.807423563601436,0.122348752028414,5.32847945116299,0.0316012203057822,0.783663072761592,0.419276644788619,0.810877469162415,,,3,3,0,0,log_odds,log_odds,FALSE
Weighted median,3,0.104589703874488,0.217631825644602,0.630814375837722,CHST2,ENSG00000175040,BBJ_Graves,1.11025498357305,0.72472089229913,1.70088394255925,0.0316012203057822,0.783663072761592,0.419276644788619,0.810877469162415,,,3,3,0,0,log_odds,log_odds,FALSE
Weighted mode,3,0.0991054381266134,0.409543698442166,0.831338652099652,CHST2,ENSG00000175040,BBJ_Graves,1.10418271637844,0.494800706398643,2.46406170278705,0.0316012203057822,0.783663072761592,0.419276644788619,0.810877469162415,,,3,3,0,0,log_odds,log_odds,FALSE
Wald ratio,1,-0.583444802828049,0.395361834730327,0.140018099103586,CHST8,ENSG00000124302,BBJ_Graves,0.557972945341104,0.257083588753762,1.21102171181695,,,,,,,1,1,0,0,log_odds,log_odds,FALSE
Inverse variance weighted,2,0.0817162911335478,0.0498188979931219,0.100949677313579,CHSY1,ENSG00000131873,BBJ_Graves,1.08514790007259,0.984197442675057,1.19645298186446,,,0.0115053834981885,0.914580217320717,,,4,2,1,2,log_odds,log_odds,FALSE
Wald ratio,1,-0.156522110899379,0.643466758895647,0.807813153746975,CHUK,ENSG00000213341,BBJ_Graves,0.855112610184998,0.242266490488808,3.01823654861249,,,,,,,2,1,0,1,log_odds,log_odds,FALSE
Wald ratio,1,-0.193941834298008,0.287906878525769,0.500548510851039,CILP,ENSG00000138615,BBJ_Graves,0.823705814302127,0.468490565018082,1.44824958959194,,,,,,,1,1,0,0,log_odds,log_odds,FALSE
Inverse variance weighted,6,-0.0198976376507439,0.0617765986603516,0.747384354522877,CISD1,ENSG00000122873,BBJ_Graves,0.980299013881153,0.868506880523913,1.10648076390214,-0.0402260847302032,0.34159901652426,4.64172766340559,0.461147517978013,,,6,6,0,0,log_odds,log_odds,FALSE
MR Egger,6,0.124187890850569,0.147215821598212,0.446399374510566,CISD1,ENSG00000122873,BBJ_Graves,1.13222858640705,0.848440670564136,1.51093837949203,-0.0402260847302032,0.34159901652426,4.64172766340559,0.461147517978013,,,6,6,0,0,log_odds,log_odds,FALSE
Weighted median,6,-0.00166097635554709,0.0681328799002754,0.980550710119179,CISD1,ENSG00000122873,BBJ_Graves,0.998340402302268,0.873539944712573,1.14097078777205,-0.0402260847302032,0.34159901652426,4.64172766340559,0.461147517978013,,,6,6,0,0,log_odds,log_odds,FALSE
Weighted mode,6,-0.000259251037905139,0.369011863951073,0.999466611086357,CISD1,ENSG00000122873,BBJ_Graves,0.999740782564741,0.485040685282774,2.06061401166888,-0.0402260847302032,0.34159901652426,4.64172766340559,0.461147517978013,,,6,6,0,0,log_odds,log_odds,FALSE
Wald ratio,1,-0.0754243389532052,0.139192422026901,0.587907365745628,CKLF,ENSG00000217555,BBJ_Graves,0.9273498921433,0.705928383718858,1.21822247453459,,,,,,,2,1,0,1,log_odds,log_odds,FALSE
Inverse variance weighted,2,0.220990649152626,0.56566619738113,0.696038777380622,CLCF1,ENSG00000175505,BBJ_Graves,1.24731176708757,0.411595133808678,3.77989562198832,,,4.18799522688512e-05,0.994836548297097,,,2,2,0,0,log_odds,log_odds,FALSE
Inverse variance weighted,2,0.182080774250822,0.0920518826573039,0.047926071405623,CLCN1,ENSG00000188037,BBJ_Graves,1.19971109573119,1.00166046128421,1.43692076192688,,,0.29765473651576,0.585356439531719,,,3,2,0,1,log_odds,log_odds,FALSE
Wald ratio,1,-0.52000237992739,0.63159656420805,0.41032937662669,CLCN2,ENSG00000114859,BBJ_Graves,0.594519133056142,0.172401081809494,2.05017854795365,,,,,,,1,1,0,0,log_odds,log_odds,FALSE
Wald ratio,1,-0.62079483042002,0.927964022922307,0.503504483838922,CLCN3,ENSG00000109572,BBJ_Graves,0.537517032871033,0.0871953464973105,3.31353188252301,,,,,,,1,1,0,0,log_odds,log_odds,FALSE
Inverse variance weighted,3,0.0995107882871447,0.123222053439926,0.419336505435518,CLEC10A,ENSG00000132514,BBJ_Graves,1.10463038774548,0.867617407331696,1.4063898248462,0.0354282357274356,0.612124173862253,4.19917529933887,0.122506933613888,,,3,3,0,0,log_odds,log_odds,FALSE
MR Egger,3,-0.0517101739762443,0.259577833692109,0.874818512830558,CLEC10A,ENSG00000132514,BBJ_Graves,0.949604046928852,0.570933391775212,1.57942740595332,0.0354282357274356,0.612124173862253,4.19917529933887,0.122506933613888,,,3,3,0,0,log_odds,log_odds,FALSE
Weighted median,3,0.0453750890204858,0.0890836048532113,0.610504124806832,CLEC10A,ENSG00000132514,BBJ_Graves,1.04642028706705,0.878772899965771,1.24605050659634,0.0354282357274356,0.612124173862253,4.19917529933887,0.122506933613888,,,3,3,0,0,log_odds,log_odds,FALSE
Weighted mode,3,0.021556618981813,0.34215882983832,0.955495147133938,CLEC10A,ENSG00000132514,BBJ_Graves,1.02179064144538,0.522529055800735,1.99808240968613,0.0354282357274356,0.612124173862253,4.19917529933887,0.122506933613888,,,3,3,0,0,log_odds,log_odds,FALSE
Wald ratio,1,-0.165610588551308,0.0966491479894317,0.0866162696089175,CLEC3B,ENSG00000163815,BBJ_Graves,0.847376147922488,0.701143350464379,1.02410774571617,,,,,,,1,1,1,0,log_odds,log_odds,FALSE
Inverse variance weighted,4,-0.0886864129985172,0.0576438046960531,0.123920392320113,CLEC4C,ENSG00000198178,BBJ_Graves,0.915132502240888,0.817366027640429,1.02459298323821,-0.0504875984233278,0.348592075966833,1.91617603877102,0.589985615394789,,,4,4,2,0,log_odds,log_odds,FALSE
MR Egger,4,0.0807598676727365,0.150992760095193,0.646251752137619,CLEC4C,ENSG00000198178,BBJ_Graves,1.08411053532158,0.806391484099047,1.45747527841065,-0.0504875984233278,0.348592075966833,1.91617603877102,0.589985615394789,,,4,4,2,0,log_odds,log_odds,FALSE
Weighted median,4,-0.0640227184361069,0.067139923357923,0.34030058017444,CLEC4C,ENSG00000198178,BBJ_Graves,0.937983689766143,0.822327151797343,1.06990678873283,-0.0504875984233278,0.348592075966833,1.91617603877102,0.589985615394789,,,4,4,2,0,log_odds,log_odds,FALSE
Weighted mode,4,-0.0638749470481547,0.173381047319444,0.737030734031221,CLEC4C,ENSG00000198178,BBJ_Graves,0.938122307159446,0.66784324257078,1.31778448457819,-0.0504875984233278,0.348592075966833,1.91617603877102,0.589985615394789,,,4,4,2,0,log_odds,log_odds,FALSE
Inverse variance weighted,3,0.0507709190086366,0.0606546218217461,0.402564761910469,CLK4,ENSG00000113240,BBJ_Graves,1.05208185372142,0.93415571170417,1.18489478045436,-0.0182549754474724,0.710814557282752,2.10617078545159,0.348859717655978,,,3,3,0,0,log_odds,log_odds,FALSE
MR Egger,3,0.103949247925283,0.133420919177428,0.578639709260278,CLK4,ENSG00000113240,BBJ_Graves,1.1095441418194,0.854229185875075,1.44116850957817,-0.0182549754474724,0.710814557282752,2.10617078545159,0.348859717655978,,,3,3,0,0,log_odds,log_odds,FALSE
Weighted median,3,0.0538683906133025,0.0600797266621835,0.369924333473816,CLK4,ENSG00000113240,BBJ_Graves,1.05534569961456,0.938110180509365,1.18723212777652,-0.0182549754474724,0.710814557282752,2.10617078545159,0.348859717655978,,,3,3,0,0,log_odds,log_odds,FALSE
Weighted mode,3,0.0890026970594535,0.192497775478705,0.689250234247622,CLK4,ENSG00000113240,BBJ_Graves,1.09308360443382,0.749541987087245,1.59408250220273,-0.0182549754474724,0.710814557282752,2.10617078545159,0.348859717655978,,,3,3,0,0,log_odds,log_odds,FALSE
Inverse variance weighted,2,-0.000991993139594838,0.0346494705185958,0.977160173356909,CLSTN1,ENSG00000171603,BBJ_Graves,0.999008498722945,0.933415391995936,1.0692109741051,,,0.163120561621141,0.686299591955155,,,3,2,0,1,log_odds,log_odds,FALSE
Wald ratio,1,-0.454907195153117,0.407891015924472,0.264736226596439,CLU,ENSG00000120885,BBJ_Graves,0.634506850527001,0.28525447956548,1.4113676461066,,,,,,,1,1,1,0,log_odds,log_odds,FALSE
Inverse variance weighted,3,0.144913149027836,0.0850700286032438,0.0884825492261006,CMKLR1,ENSG00000174600,BBJ_Graves,1.15593917146741,0.978412315760553,1.36567717577645,0.00476770579944251,0.924448495001572,0.024268854826547,0.98793889786463,,,3,3,0,0,log_odds,log_odds,FALSE
MR Egger,3,0.129700197137399,0.153346789884836,0.553061903451935,CMKLR1,ENSG00000174600,BBJ_Graves,1.13848701049012,0.84293998891841,1.53765711687003,0.00476770579944251,0.924448495001572,0.024268854826547,0.98793889786463,,,3,3,0,0,log_odds,log_odds,FALSE
Weighted median,3,0.141313888204868,0.0875926508349256,0.106677698922129,CMKLR1,ENSG00000174600,BBJ_Graves,1.151786123329,0.970088759112198,1.36751535509732,0.00476770579944251,0.924448495001572,0.024268854826547,0.98793889786463,,,3,3,0,0,log_odds,log_odds,FALSE
Weighted mode,3,0.141121211835136,0.19274449582638,0.540241479148754,CMKLR1,ENSG00000174600,BBJ_Graves,1.15156422273823,0.78926116919734,1.6801791483538,0.00476770579944251,0.924448495001572,0.024268854826547,0.98793889786463,,,3,3,0,0,log_odds,log_odds,FALSE
Wald ratio,1,7.51959130699729,3.01697547061578,0.0126873385878392,CNDP1,ENSG00000150656,BBJ_Graves,1843.8135863352,4.9844316485671,682053.397628908,,,,,,,1,1,0,0,log_odds,log_odds,FALSE
Inverse variance weighted,2,0.030874539439247,0.26924830433688,0.908707175255773,CNGA1,ENSG00000198515,BBJ_Graves,1.03135610125443,0.608442943321964,1.74822539938946,,,6.8396272018568,0.00891574434467107,,,2,2,1,0,log_odds,log_odds,FALSE
Wald ratio,1,0.061332910732304,0.131271092600741,0.640340137977298,CNP,ENSG00000173786,BBJ_Graves,1.06325282354993,0.822046405808049,1.37523448651981,,,,,,,1,1,0,0,log_odds,log_odds,FALSE
Inverse variance weighted,3,0.252482604226492,0.0990860558431237,0.010830695219631,CNR1,ENSG00000118432,BBJ_Graves,1.28721710382284,1.06000532826239,1.56313164490425,0.0452030979585118,0.442935645763792,1.65218972676798,0.437755447584086,,,3,3,0,0,log_odds,log_odds,FALSE
MR Egger,3,0.0767713896528843,0.177053736080962,0.739535585396455,CNR1,ENSG00000118432,BBJ_Graves,1.07979519581942,0.763185671651522,1.52775098933865,0.0452030979585118,0.442935645763792,1.65218972676798,0.437755447584086,,,3,3,0,0,log_odds,log_odds,FALSE
Weighted median,3,0.237343164837911,0.0993183916702544,0.0168612137439816,CNR1,ENSG00000118432,BBJ_Graves,1.26787613363783,1.04360296683773,1.54034622488609,0.0452030979585118,0.442935645763792,1.65218972676798,0.437755447584086,,,3,3,0,0,log_odds,log_odds,FALSE
Weighted mode,3,0.213546370824145,0.35687902827459,0.610331980204921,CNR1,ENSG00000118432,BBJ_Graves,1.23806090684163,0.615120851120087,2.49185961792452,0.0452030979585118,0.442935645763792,1.65218972676798,0.437755447584086,,,3,3,0,0,log_odds,log_odds,FALSE
Wald ratio,1,0.821601075863012,0.29065076438751,0.00470209883454279,CNR2,ENSG00000188822,BBJ_Graves,2.2741379917225,1.28650028936454,4.01997857921211,,,,,,,1,1,0,0,log_odds,log_odds,FALSE
Inverse variance weighted,3,0.00142697356965421,0.0731575903264727,0.984437869233218,COCH,ENSG00000100473,BBJ_Graves,1.00142799218089,0.867654310474556,1.15582670588583,0.0306314327580504,0.43835847619008,2.16666677531657,0.338465406719626,,,3,3,1,0,log_odds,log_odds,FALSE
MR Egger,3,-0.0979591857431971,0.107841183744728,0.530545362785452,COCH,ENSG00000100473,BBJ_Graves,0.906685908710269,0.733940067298763,1.12009055464078,0.0306314327580504,0.43835847619008,2.16666677531657,0.338465406719626,,,3,3,1,0,log_odds,log_odds,FALSE
Weighted median,3,-0.0121121112534553,0.0718625928907647,0.866154210864889,COCH,ENSG00000100473,BBJ_Graves,0.98796094511297,0.858161650563884,1.13739273763533,0.0306314327580504,0.43835847619008,2.16666677531657,0.338465406719626,,,3,3,1,0,log_odds,log_odds,FALSE
Weighted mode,3,-0.0218652092301417,0.322047104966481,0.9520466083794,COCH,ENSG00000100473,BBJ_Graves,0.978372101692602,0.520441632301425,1.83923020365905,0.0306314327580504,0.43835847619008,2.16666677531657,0.338465406719626,,,3,3,1,0,log_odds,log_odds,FALSE
Wald ratio,1,-0.0446817532320826,0.198594400345804,0.821987057219312,COL10A1,ENSG00000123500,BBJ_Graves,0.956301773359159,0.647959698711851,1.41137339798746,,,,,,,1,1,0,0,log_odds,log_odds,FALSE
Inverse variance weighted,3,-0.030758148137243,0.970390356588308,0.974713946208232,COL11A2,ENSG00000204248,BBJ_Graves,0.969710070904997,0.144753461806938,6.49613218141015,0.907774145585276,0.275824134062526,109.741601098606,1.47881587422504e-24,,,5,3,1,2,log_odds,log_odds,FALSE
MR Egger,3,-2.86264705777967,1.43107230443241,0.295122538188602,COL11A2,ENSG00000204248,BBJ_Graves,0.057117367009822,0.00345632713823093,0.943890286902793,0.907774145585276,0.275824134062526,109.741601098606,1.47881587422504e-24,,,5,3,1,2,log_odds,log_odds,FALSE
Weighted median,3,-0.42928155160773,0.305081820653834,0.159396842335719,COL11A2,ENSG00000204248,BBJ_Graves,0.65097661986281,0.357992973421162,1.18373988058549,0.907774145585276,0.275824134062526,109.741601098606,1.47881587422504e-24,,,5,3,1,2,log_odds,log_odds,FALSE
Weighted mode,3,-0.920739013622741,0.465559299770497,0.186571483066941,COL11A2,ENSG00000204248,BBJ_Graves,0.398224638881249,0.159895429798606,0.991791092539929,0.907774145585276,0.275824134062526,109.741601098606,1.47881587422504e-24,,,5,3,1,2,log_odds,log_odds,FALSE
Wald ratio,1,-0.079815148253888,0.338212850880507,0.813439747164117,COL13A1,ENSG00000197467,BBJ_Graves,0.923287001827622,0.475821575703739,1.79155156317377,,,,,,,1,1,0,0,log_odds,log_odds,FALSE
Wald ratio,1,-0.0204528113791306,0.189531598674368,0.914065173712582,COL15A1,ENSG00000204291,BBJ_Graves,0.979754928667566,0.675748208619322,1.42052869397861,,,,,,,1,1,0,0,log_odds,log_odds,FALSE
Wald ratio,1,-0.151714180889606,0.199644787851077,0.447302065453244,COL17A1,ENSG00000065618,BBJ_Graves,0.859233831097184,0.580992189700004,1.27072754090405,,,,,,,1,1,0,0,log_odds,log_odds,FALSE
Inverse variance weighted,2,-0.004826027974286,0.00945864384083437,0.609894474882086,COL18A1,ENSG00000182871,BBJ_Graves,0.995185598587828,0.976905877459276,1.01380736720759,,,2.07912222778588,0.149326025287467,,,8,2,0,6,log_odds,log_odds,FALSE
Wald ratio,1,-0.326421588137779,0.273012903268244,0.231842164997123,COL19A1,ENSG00000082293,BBJ_Graves,0.721500947063479,0.422516458234032,1.2320552406154,,,,,,,1,1,0,0,log_odds,log_odds,FALSE
Inverse variance weighted,4,-0.0457888532092473,0.172025538374453,0.790104634895947,COL23A1,ENSG00000050767,BBJ_Graves,0.955243637526866,0.681840916628756,1.33827463970219,0.079480912138031,0.200791423616283,3.84713074936919,0.278451424143743,,,4,4,0,0,log_odds,log_odds,FALSE
MR Egger,4,-0.692529634631478,0.375983349751313,0.206825955948943,COL23A1,ENSG00000050767,BBJ_Graves,0.500308868324606,0.239438902240426,1.04539805930494,0.079480912138031,0.200791423616283,3.84713074936919,0.278451424143743,,,4,4,0,0,log_odds,log_odds,FALSE
Weighted median,4,-0.0492171018953762,0.19054984420722,0.796183173667692,COL23A1,ENSG00000050767,BBJ_Graves,0.95197443180857,0.655278595889318,1.38300766193548,0.079480912138031,0.200791423616283,3.84713074936919,0.278451424143743,,,4,4,0,0,log_odds,log_odds,FALSE
Weighted mode,4,-0.128514956240092,0.415064905048288,0.777105827946219,COL23A1,ENSG00000050767,BBJ_Graves,0.879400409796393,0.389830920853814,1.98379615207606,0.079480912138031,0.200791423616283,3.84713074936919,0.278451424143743,,,4,4,0,0,log_odds,log_odds,FALSE
Wald ratio,1,-0.18015082195583,0.245772324588197,0.463559153948695,COL26A1,ENSG00000160963,BBJ_Graves,0.835144243823918,0.515888522685156,1.35197019767366,,,,,,,4,1,0,3,log_odds,log_odds,FALSE
Inverse variance weighted,2,-0.687373583300603,0.911562359845648,0.450812621386075,COL27A1,ENSG00000196739,BBJ_Graves,0.502895148297471,0.0842441786231492,3.00202974632174,,,0.0101657551461336,0.91968908746554,,,2,2,1,0,log_odds,log_odds,FALSE
Inverse variance weighted,2,-0.102009871828132,0.130484264728073,0.434344402290802,COL4A1,ENSG00000187498,BBJ_Graves,0.903020637160346,0.699241550457337,1.16618680712572,,,1.14194852355775,0.285240970911204,,,2,2,0,0,log_odds,log_odds,FALSE
Wald ratio,1,0.121059856663552,0.329181130450933,0.713051734879836,COL4A2,ENSG00000134871,BBJ_Graves,1.12869247011087,0.592067186978377,2.1516927809943,,,,,,,1,1,0,0,log_odds,log_odds,FALSE
Wald ratio,1,-0.576352218243616,0.663253438860075,0.384859517516587,COL5A1,ENSG00000130635,BBJ_Graves,0.561944483237066,0.153151299834591,2.0618930598802,,,,,,,1,1,0,0,log_odds,log_odds,FALSE
Wald ratio,1,-0.0429637729761563,0.0694373895426884,0.536086870903549,COL5A2,ENSG00000204262,BBJ_Graves,0.957946092974387,0.836054851272482,1.09760826774488,,,,,,,2,1,0,1,log_odds,log_odds,FALSE
Wald ratio,1,0.241645709261591,0.220776893033268,0.273725026407531,COL5A3,ENSG00000080573,BBJ_Graves,1.27334297926615,0.826068977495774,1.96279292288844,,,,,,,3,1,1,2,log_odds,log_odds,FALSE
Inverse variance weighted,3,0.0121840059997349,0.0912017283572309,0.893723609007658,COL6A1,ENSG00000142156,BBJ_Graves,1.01225853337392,0.846562385817592,1.21038609269029,-0.0465478005648113,0.352842422664117,2.80852033846967,0.245548653717386,,,4,3,0,1,log_odds,log_odds,FALSE
MR Egger,3,0.158067628824081,0.118644845584975,0.409908074911945,COL6A1,ENSG00000142156,BBJ_Graves,1.17124540197854,0.928229502055174,1.47788428251694,-0.0465478005648113,0.352842422664117,2.80852033846967,0.245548653717386,,,4,3,0,1,log_odds,log_odds,FALSE
Weighted median,3,0.0239659652203203,0.0776376857713117,0.757557469015294,COL6A1,ENSG00000142156,BBJ_Graves,1.02425545698857,0.8796739963046,1.19260003771624,-0.0465478005648113,0.352842422664117,2.80852033846967,0.245548653717386,,,4,3,0,1,log_odds,log_odds,FALSE
Weighted mode,3,0.0307364039851969,0.33374552712828,0.935016413242952,COL6A1,ENSG00000142156,BBJ_Graves,1.0312136442505,0.536115943294818,1.98352911042533,-0.0465478005648113,0.352842422664117,2.80852033846967,0.245548653717386,,,4,3,0,1,log_odds,log_odds,FALSE
Inverse variance weighted,3,0.0747015916525746,0.0632751898992428,0.237768557602534,COL6A2,ENSG00000142173,BBJ_Graves,1.07756254924314,0.95187859312813,1.219841538526,0.019045306573085,0.723297760368303,0.887733197403041,0.641550998855371,,,5,3,0,2,log_odds,log_odds,FALSE
MR Egger,3,0.00996457858114987,0.153128227515015,0.958631296359291,COL6A2,ENSG00000142173,BBJ_Graves,1.01001439030778,0.748138807014893,1.36355587902083,0.019045306573085,0.723297760368303,0.887733197403041,0.641550998855371,,,5,3,0,2,log_odds,log_odds,FALSE
Weighted median,3,0.0588073721695328,0.0663187177513273,0.375219608888406,COL6A2,ENSG00000142173,BBJ_Graves,1.06057092558595,0.931296744955224,1.20778977730918,0.019045306573085,0.723297760368303,0.887733197403041,0.641550998855371,,,5,3,0,2,log_odds,log_odds,FALSE
Weighted mode,3,0.0570265045434525,0.148252253984643,0.737540603362103,COL6A2,ENSG00000142173,BBJ_Graves,1.05868386995628,0.791719660956398,1.41566717586837,0.019045306573085,0.723297760368303,0.887733197403041,0.641550998855371,,,5,3,0,2,log_odds,log_odds,FALSE
Inverse variance weighted,3,-0.0110562426478236,0.0181087543590712,0.541499628869221,COL6A3,ENSG00000163359,BBJ_Graves,0.989004652970719,0.954517405107994,1.02473794439303,0.0297790387218695,0.584574441790116,0.588093819409807,0.745241531562989,,,3,3,1,0,log_odds,log_odds,FALSE
MR Egger,3,-0.0220539498730395,0.0231303539894491,0.515163021179134,COL6A3,ENSG00000163359,BBJ_Graves,0.978187460538329,0.934831066374125,1.0235546746063,0.0297790387218695,0.584574441790116,0.588093819409807,0.745241531562989,,,3,3,1,0,log_odds,log_odds,FALSE
Weighted median,3,-0.0136891250272553,0.0189341884541216,0.469689398741316,COL6A3,ENSG00000163359,BBJ_Graves,0.986404144964831,0.950468617532917,1.02369833075536,0.0297790387218695,0.584574441790116,0.588093819409807,0.745241531562989,,,3,3,1,0,log_odds,log_odds,FALSE
Weighted mode,3,-0.013698127302097,0.0381467010458868,0.753894186574877,COL6A3,ENSG00000163359,BBJ_Graves,0.986395265123583,0.915334541546941,1.06297268910432,0.0297790387218695,0.584574441790116,0.588093819409807,0.745241531562989,,,3,3,1,0,log_odds,log_odds,FALSE
Wald ratio,1,0.0493978770428129,0.433178839938735,0.909209448122109,COL9A2,ENSG00000049089,BBJ_Graves,1.05063829244667,0.449494055776397,2.45574064299612,,,,,,,2,1,0,1,log_odds,log_odds,FALSE
Inverse variance weighted,2,0.00158802988309527,0.0566212222091536,0.977625025000475,COL9A3,ENSG00000092758,BBJ_Graves,1.00158929147027,0.89638115016879,1.11914569890166,,,2.18644108447448,0.139230693625752,,,2,2,0,0,log_odds,log_odds,FALSE
Inverse variance weighted,3,0.0187050923012653,0.033640723213821,0.578193578028858,COLQ,ENSG00000206561,BBJ_Graves,1.01888112841786,0.953867290979868,1.08832618925389,-0.00259122310608445,0.956713805459513,0.0371373564436408,0.981602657551722,,,4,3,0,1,log_odds,log_odds,FALSE
MR Egger,3,0.0208731720829017,0.0463174996497539,0.730456614173284,COLQ,ENSG00000206561,BBJ_Graves,1.02109254038482,0.932478552964425,1.11812756734717,-0.00259122310608445,0.956713805459513,0.0371373564436408,0.981602657551722,,,4,3,0,1,log_odds,log_odds,FALSE
Weighted median,3,0.0189944479536759,0.0356492153772404,0.594161430604285,COLQ,ENSG00000206561,BBJ_Graves,1.01917599008939,0.950394598120466,1.09293518800391,-0.00259122310608445,0.956713805459513,0.0371373564436408,0.981602657551722,,,4,3,0,1,log_odds,log_odds,FALSE
Weighted mode,3,0.0189090544779017,0.088253958676002,0.850206571857558,COLQ,ENSG00000206561,BBJ_Graves,1.019088962825,0.85721312456594,1.21153337996035,-0.00259122310608445,0.956713805459513,0.0371373564436408,0.981602657551722,,,4,3,0,1,log_odds,log_odds,FALSE
Inverse variance weighted,3,0.0450412957045355,0.109248037921247,0.680130753780011,COMT,ENSG00000093010,BBJ_Graves,1.04607105725808,0.844437242565541,1.29585077691325,0.117946097478737,0.747148145465659,2.23823635056081,0.326567643108745,,,3,3,0,0,log_odds,log_odds,FALSE
MR Egger,3,-0.3964578488496,1.06211167987917,0.772563815040499,COMT,ENSG00000093010,BBJ_Graves,0.67269863112482,0.0838943725204071,5.39396665976769,0.117946097478737,0.747148145465659,2.23823635056081,0.326567643108745,,,3,3,0,0,log_odds,log_odds,FALSE
Weighted median,3,0.0404444915707424,0.103960343218894,0.697248267130666,COMT,ENSG00000093010,BBJ_Graves,1.04127350864142,0.849321247253032,1.27660826019037,0.117946097478737,0.747148145465659,2.23823635056081,0.326567643108745,,,3,3,0,0,log_odds,log_odds,FALSE
Weighted mode,3,0.0460004148301815,0.479206934675085,0.9322786683337,COMT,ENSG00000093010,BBJ_Graves,1.0470748453151,0.40932526210054,2.67847072537228,0.117946097478737,0.747148145465659,2.23823635056081,0.326567643108745,,,3,3,0,0,log_odds,log_odds,FALSE
Wald ratio,1,0.414469718304568,0.682840019491663,0.543864687218831,COPA,ENSG00000122218,BBJ_Graves,1.51356791049006,0.396969145722192,5.77094679612316,,,,,,,2,1,1,1,log_odds,log_odds,FALSE
Wald ratio,1,0.0654410811423125,0.0679130748536534,0.335246195083596,CORIN,ENSG00000145244,BBJ_Graves,1.06762983193023,0.934570189674713,1.21963387086432,,,,,,,2,1,0,1,log_odds,log_odds,FALSE
Wald ratio,1,0.00203815786524051,0.241236131598113,0.993258906385981,CPA3,ENSG00000163751,BBJ_Graves,1.00204023632082,0.62451204631491,1.60779066013335,,,,,,,1,1,0,0,log_odds,log_odds,FALSE
Wald ratio,1,-0.0898772082341132,0.142069964690416,0.526977652494266,CPA5,ENSG00000158525,BBJ_Graves,0.914043415385693,0.691885818582421,1.20753358830467,,,,,,,6,1,1,5,log_odds,log_odds,FALSE
Inverse variance weighted,2,-0.0619485212043999,0.224277581575755,0.782384001863425,CPAMD8,ENSG00000160111,BBJ_Graves,0.939931272075503,0.605601814238618,1.45883115845054,,,2.84109370338463,0.0918816546029951,,,2,2,1,0,log_odds,log_odds,FALSE
Wald ratio,1,-0.13587515928588,0.211148340579769,0.519896021743244,CPM,ENSG00000135678,BBJ_Graves,0.872951605588272,0.577107970061684,1.32045396222425,,,,,,,2,1,0,1,log_odds,log_odds,FALSE
Inverse variance weighted,4,-0.0452974651682,0.0366965038680933,0.21706098561701,CPQ,ENSG00000104324,BBJ_Graves,0.955713148173144,0.889387182198202,1.0269853668607,-0.0106429640379688,0.833250750313316,2.34431194989386,0.504085103722386,,,5,4,1,1,log_odds,log_odds,FALSE
MR Egger,4,-0.0263432079835094,0.0884041207562295,0.793819228022597,CPQ,ENSG00000104324,BBJ_Graves,0.974000747405121,0.819045791949595,1.15827157073547,-0.0106429640379688,0.833250750313316,2.34431194989386,0.504085103722386,,,5,4,1,1,log_odds,log_odds,FALSE
Weighted median,4,-0.0434100776311559,0.0370747359565832,0.241646898253036,CPQ,ENSG00000104324,BBJ_Graves,0.957518652565271,0.890407051029605,1.02968857776928,-0.0106429640379688,0.833250750313316,2.34431194989386,0.504085103722386,,,5,4,1,1,log_odds,log_odds,FALSE
Weighted mode,4,-0.0471884538184457,0.119588878137256,0.719525112026379,CPQ,ENSG00000104324,BBJ_Graves,0.953907613118231,0.754588542606155,1.20587536516553,-0.0106429640379688,0.833250750313316,2.34431194989386,0.504085103722386,,,5,4,1,1,log_odds,log_odds,FALSE
Inverse variance weighted,2,-0.0592967943337105,0.075177293223355,0.430252661449483,CPT1A,ENSG00000110090,BBJ_Graves,0.942427020645603,0.813308901420329,1.0920434876489,,,0.0803256095387286,0.776856638952801,,,2,2,0,0,log_odds,log_odds,FALSE
Inverse variance weighted,2,0.00527316071443398,0.0264514745163216,0.841987216993224,CPT1B,ENSG00000205560,BBJ_Graves,1.00528708829643,0.954496092741991,1.05878079290229,,,0.11940253877241,0.729683389847912,,,4,2,1,2,log_odds,log_odds,FALSE
Inverse variance weighted,2,0.0998382570800663,0.221471015301912,0.652136554338932,CPT2,ENSG00000157184,BBJ_Graves,1.10499217895962,0.71587841856645,1.70560766171299,,,0.553016176674241,0.457087898245808,,,2,2,0,0,log_odds,log_odds,FALSE
Inverse variance weighted,2,-0.0518877750234829,0.21200734460715,0.806653745603331,CPXM1,ENSG00000088882,BBJ_Graves,0.949435411231037,0.626615496016217,1.43856576454043,,,0.960551505003239,0.327047965612637,,,2,2,1,0,log_odds,log_odds,FALSE
Inverse variance weighted,2,-0.761930392517125,1.30654781407406,0.559783550802711,CR1,ENSG00000203710,BBJ_Graves,0.466764518037938,0.0360530394008378,6.04301659221901,,,3.48911287458786,0.0617736798895239,,,3,2,0,1,log_odds,log_odds,FALSE
Wald ratio,1,-0.021208774286461,0.0659588019085372,0.74779682656368,CR1L,ENSG00000197721,BBJ_Graves,0.97901455016782,0.86028803101123,1.11412626340234,,,,,,,1,1,0,0,log_odds,log_odds,FALSE
Wald ratio,1,0.0861874923408644,0.325936325690073,0.791448243333954,CR2,ENSG00000117322,BBJ_Graves,1.0900106778011,0.575424237424682,2.06477795067838,,,,,,,1,1,0,0,log_odds,log_odds,FALSE
Wald ratio,1,0.0330502512008591,0.263129494561778,0.900044992860298,CRB2,ENSG00000148204,BBJ_Graves,1.03360247770203,0.617125076685738,1.73114676792789,,,,,,,1,1,0,0,log_odds,log_odds,FALSE
Inverse variance weighted,2,0.132577236342846,0.139273347213492,0.34113700332147,CREG1,ENSG00000143162,BBJ_Graves,1.1417671986065,0.869011844134592,1.50013183895318,,,0.396913323818167,0.528687665804046,,,3,2,0,1,log_odds,log_odds,FALSE
Inverse variance weighted,3,0.02551463373383,0.0843551467170092,0.762296216593925,CRELD2,ENSG00000184164,BBJ_Graves,1.02584291807282,0.869513469838628,1.21027876975323,0.0223342114813543,0.6910847670155,0.313490101494212,0.854921992758793,,,5,3,0,2,log_odds,log_odds,FALSE
MR Egger,3,-0.037355152296418,0.146054338660454,0.840594010460458,CRELD2,ENSG00000184164,BBJ_Graves,0.963333944325142,0.723523931489303,1.28262832492467,0.0223342114813543,0.6910847670155,0.313490101494212,0.854921992758793,,,5,3,0,2,log_odds,log_odds,FALSE
Weighted median,3,0.0210850336340573,0.0871101574634621,0.808741242401739,CRELD2,ENSG00000184164,BBJ_Graves,1.02130889355195,0.861008523563417,1.2114535774064,0.0223342114813543,0.6910847670155,0.313490101494212,0.854921992758793,,,5,3,0,2,log_odds,log_odds,FALSE
Weighted mode,3,0.0178326936264742,0.269907916414556,0.953332675777519,CRELD2,ENSG00000184164,BBJ_Graves,1.01799264548368,0.599783319866617,1.72780567903975,0.0223342114813543,0.6910847670155,0.313490101494212,0.854921992758793,,,5,3,0,2,log_odds,log_odds,FALSE
Wald ratio,1,0.202150509024656,0.239014577729903,0.397683049460312,CRHR2,ENSG00000106113,BBJ_Graves,1.22403222214398,0.766195390087007,1.95544752713349,,,,,,,1,1,0,0,log_odds,log_odds,FALSE
Inverse variance weighted,2,-0.188664761549514,0.207820271596627,0.363969865229846,CRIM1,ENSG00000150938,BBJ_Graves,0.828064059081088,0.55101541496425,1.2444118028646,,,0.0496644470833962,0.823648192661758,,,3,2,0,1,log_odds,log_odds,FALSE
Wald ratio,1,0.16783975877722,0.321482443313715,0.60161418754434,CRISP2,ENSG00000124490,BBJ_Graves,1.18274707062532,0.629854883287653,2.22097291009475,,,,,,,2,1,0,1,log_odds,log_odds,FALSE
Inverse variance weighted,2,-0.0231048816015493,0.161837202367761,0.886474835972357,CRISP3,ENSG00000096006,BBJ_Graves,0.977159992293674,0.711552697925287,1.34191276812449,,,0.0140524609765245,0.905637365612831,,,2,2,0,0,log_odds,log_odds,FALSE
Inverse variance weighted,3,-0.000473669927474122,0.0839340336218955,0.995497274470114,CRISPLD2,ENSG00000103196,BBJ_Graves,0.999526442236416,0.847906951829844,1.17825795221251,0.0310499603513386,0.547051093351312,0.879275175731621,0.644269869996806,,,4,3,0,1,log_odds,log_odds,FALSE
MR Egger,3,-0.106485470040567,0.148880934394549,0.604735186359561,CRISPLD2,ENSG00000103196,BBJ_Graves,0.898988110327109,0.671465862858618,1.20360492947305,0.0310499603513386,0.547051093351312,0.879275175731621,0.644269869996806,,,4,3,0,1,log_odds,log_odds,FALSE
Weighted median,3,-0.00884159337481202,0.0867059516438784,0.918778771131354,CRISPLD2,ENSG00000103196,BBJ_Graves,0.991197378569286,0.836285465230504,1.17480487719804,0.0310499603513386,0.547051093351312,0.879275175731621,0.644269869996806,,,4,3,0,1,log_odds,log_odds,FALSE
Weighted mode,3,-0.0161650002867764,0.259208493614779,0.955945564242259,CRISPLD2,ENSG00000103196,BBJ_Graves,0.983964952160994,0.592020718187751,1.63539382548119,0.0310499603513386,0.547051093351312,0.879275175731621,0.644269869996806,,,4,3,0,1,log_odds,log_odds,FALSE
Inverse variance weighted,2,0.0730705117531388,0.0992772854061517,0.461715803832347,CRTAM,ENSG00000109943,BBJ_Graves,1.07580639123505,0.885579569394776,1.30689486458358,,,0.0675587081562954,0.794925035806157,,,2,2,0,0,log_odds,log_odds,FALSE
Wald ratio,1,-0.577684563751808,0.232678243517722,0.0130368374112244,CRTAP,ENSG00000170275,BBJ_Graves,0.561196277573881,0.35567641039586,0.885471323814414,,,,,,,1,1,0,0,log_odds,log_odds,FALSE
Wald ratio,1,-0.111920303875513,0.0761533253646826,0.141650987242978,CRY2,ENSG00000121671,BBJ_Graves,0.894115512202124,0.77014164878619,1.03804611842569,,,,,,,2,1,0,1,log_odds,log_odds,FALSE
Wald ratio,1,0.201662635364972,0.168645359348229,0.231782682891122,CSF1,ENSG00000184371,BBJ_Graves,1.22343519471301,0.879077454158618,1.70268691180923,,,,,,,1,1,1,0,log_odds,log_odds,FALSE
Inverse variance weighted,3,-0.0367403028589203,0.0982155036503157,0.708345955002069,CSF1R,ENSG00000182578,BBJ_Graves,0.963926431785558,0.795135538632441,1.16854815405798,0.0979652362585705,0.504504229217088,0.986775121356992,0.610554596252726,,,3,3,0,0,log_odds,log_odds,FALSE
MR Egger,3,-0.453418300931727,0.433878805177963,0.485983027471204,CSF1R,ENSG00000182578,BBJ_Graves,0.635452267748652,0.271492501416801,1.48733236638084,0.0979652362585705,0.504504229217088,0.986775121356992,0.610554596252726,,,3,3,0,0,log_odds,log_odds,FALSE
Weighted median,3,-0.0455593493990946,0.10125239328301,0.652740546931204,CSF1R,ENSG00000182578,BBJ_Graves,0.955462894740523,0.783476633990525,1.16520302408531,0.0979652362585705,0.504504229217088,0.986775121356992,0.610554596252726,,,3,3,0,0,log_odds,log_odds,FALSE
Weighted mode,3,-0.0817973639025099,0.242511555443955,0.76800512928952,CSF1R,ENSG00000182578,BBJ_Graves,0.921458660566416,0.572856509944398,1.48219676025898,0.0979652362585705,0.504504229217088,0.986775121356992,0.610554596252726,,,3,3,0,0,log_odds,log_odds,FALSE
Inverse variance weighted,2,-0.268548340544787,0.219039568349853,0.220188659560418,CSF2RB,ENSG00000100368,BBJ_Graves,0.76448846612767,0.497646200844703,1.17441389856932,,,1.26119711413352,0.261424614814728,,,2,2,0,0,log_odds,log_odds,FALSE
Wald ratio,1,-0.240445857942627,0.640140009982549,0.70720352317394,CSNK1A1,ENSG00000113712,BBJ_Graves,0.78627721496179,0.224221634289092,2.7572355394171,,,,,,,1,1,0,0,log_odds,log_odds,FALSE
Wald ratio,1,0.637372202804885,0.407463412070806,0.117760274706646,CSNK1A1L,ENSG00000180138,BBJ_Graves,1.89150385433984,0.851074096012751,4.20384881615392,,,,,,,1,1,0,0,log_odds,log_odds,FALSE
Wald ratio,1,-0.00883705570364084,0.139281165528752,0.949410084111816,CSNK1E,ENSG00000213923,BBJ_Graves,0.99120187630726,0.754403325042599,1.30232877690399,,,,,,,6,1,0,5,log_odds,log_odds,FALSE
Wald ratio,1,-0.0565903598073407,0.171531743111434,0.741466546863988,CSNK1G1,ENSG00000169118,BBJ_Graves,0.944981092327752,0.675168779065103,1.32261634800925,,,,,,,2,1,0,1,log_odds,log_odds,FALSE
Wald ratio,1,-0.288131629755813,0.153732611168684,0.0608975139624195,CSNK1G2,ENSG00000133275,BBJ_Graves,0.749662907798784,0.554633608754526,1.01327158408473,,,,,,,1,1,0,0,log_odds,log_odds,FALSE
Wald ratio,1,0.501939023064369,0.889499112036006,0.572554055585728,CSNK1G3,ENSG00000151292,BBJ_Graves,1.65192128071472,0.288956466684407,9.44378905580461,,,,,,,1,1,0,0,log_odds,log_odds,FALSE
Wald ratio,1,-0.923514818152701,1.41093381093116,0.512762960502877,CSNK2A1,ENSG00000101266,BBJ_Graves,0.397120777884657,0.02499835921725,6.30861053148207,,,,,,,1,1,0,0,log_odds,log_odds,FALSE
Wald ratio,1,-0.0172753760115366,0.250933618151825,0.945113470642634,CSNK2A2,ENSG00000070770,BBJ_Graves,0.982872987721696,0.601033102103119,1.60729801172786,,,,,,,1,1,0,0,log_odds,log_odds,FALSE
Inverse variance weighted,2,0.0993464707453323,0.0788995934336302,0.207975939238481,CST3,ENSG00000101439,BBJ_Graves,1.10444889250739,0.946204336823498,1.28915849218766,,,0.0178291026111025,0.893777670051601,,,8,2,0,6,log_odds,log_odds,FALSE
Inverse variance weighted,3,-0.0100425657035703,0.0270077613840356,0.710011987912376,CST7,ENSG00000077984,BBJ_Graves,0.990007692478318,0.938964339107554,1.0438258305931,0.00974141612620866,0.874274883946612,0.638125683803876,0.726829872499571,,,4,3,1,1,log_odds,log_odds,FALSE
MR Egger,3,-0.0168061513327744,0.0432662246005324,0.764133853738224,CST7,ENSG00000077984,BBJ_Graves,0.983334284201007,0.903383652412866,1.07036065120558,0.00974141612620866,0.874274883946612,0.638125683803876,0.726829872499571,,,4,3,1,1,log_odds,log_odds,FALSE
Weighted median,3,-0.00972106010927332,0.0279126922416965,0.727639929585332,CST7,ENSG00000077984,BBJ_Graves,0.990326036661822,0.937601803246926,1.04601511589886,0.00974141612620866,0.874274883946612,0.638125683803876,0.726829872499571,,,4,3,1,1,log_odds,log_odds,FALSE
Weighted mode,3,-0.0110557174427037,0.102087610874945,0.923646447385647,CST7,ENSG00000077984,BBJ_Graves,0.989005172401163,0.809654686838618,1.2080844425856,0.00974141612620866,0.874274883946612,0.638125683803876,0.726829872499571,,,4,3,1,1,log_odds,log_odds,FALSE
Inverse variance weighted,4,0.0153318180748689,0.0101682793185926,0.131603543845321,CTBS,ENSG00000117151,BBJ_Graves,1.01544995336839,0.995412545272592,1.03589070952837,-0.00592954815094889,0.884437743104535,3.044048890806,0.384883439894692,,,6,4,0,2,log_odds,log_odds,FALSE
MR Egger,4,0.0166764763841866,0.0148260393173113,0.377521401755626,CTBS,ENSG00000117151,BBJ_Graves,1.01681630501806,0.987693787772047,1.04679751047417,-0.00592954815094889,0.884437743104535,3.044048890806,0.384883439894692,,,6,4,0,2,log_odds,log_odds,FALSE
Weighted median,4,0.015248551331712,0.0107466793247476,0.155925783649578,CTBS,ENSG00000117151,BBJ_Graves,1.01536540367807,0.994201933896627,1.03697937796763,-0.00592954815094889,0.884437743104535,3.044048890806,0.384883439894692,,,6,4,0,2,log_odds,log_odds,FALSE
Weighted mode,4,0.0125939614710348,0.237690414219825,0.961074931307746,CTBS,ENSG00000117151,BBJ_Graves,1.01267359937152,0.635540633868018,1.61359913782798,-0.00592954815094889,0.884437743104535,3.044048890806,0.384883439894692,,,6,4,0,2,log_odds,log_odds,FALSE
Wald ratio,1,0.0201968283073127,0.412103957811768,0.960912074403465,CTDSP1,ENSG00000144579,BBJ_Graves,1.02040216429293,0.454968574702752,2.28855493497319,,,,,,,1,1,0,0,log_odds,log_odds,FALSE
Inverse variance weighted,2,0.188867502062697,0.139996312567929,0.177308342627619,CTGF,ENSG00000118523,BBJ_Graves,1.20788090015206,0.918029943620669,1.58924692935179,,,0.294401795271639,0.587413466488899,,,2,2,0,0,log_odds,log_odds,FALSE
Wald ratio,1,-1.73966280194206,0.222577324374689,5.45314198265834e-15,CTLA4,ENSG00000163599,BBJ_Graves,0.175579595734893,0.113504322655383,0.271603703869744,,,,,,,2,1,0,1,log_odds,log_odds,FALSE
Inverse variance weighted,2,0.0193144550121061,0.074872773979875,0.796434951266205,CTNNB1,ENSG00000168036,BBJ_Graves,1.01950218578968,0.880349596202242,1.18064995010364,,,0.0745883357279718,0.784769696230631,,,3,2,1,1,log_odds,log_odds,FALSE
Wald ratio,1,-0.0203262834638955,0.0936894296935604,0.828244302439188,CTRC,ENSG00000162438,BBJ_Graves,0.979878902859065,0.81549697552634,1.17739573914247,,,,,,,1,1,0,0,log_odds,log_odds,FALSE
Inverse variance weighted,2,-0.180196589030011,0.179698662137365,0.315971412673087,CTSA,ENSG00000064601,BBJ_Graves,0.835106022590003,0.587190507908031,1.18769302223687,,,0.159477373963166,0.689638142198141,,,2,2,1,0,log_odds,log_odds,FALSE
Inverse variance weighted,4,-0.0114571215225886,0.0184479389610967,0.534565690339682,CTSB,ENSG00000164733,BBJ_Graves,0.98860826135612,0.953500736155037,1.02500843194174,-0.0513945516211987,0.143980038631176,5.72431976507821,0.12582071802889,,,6,4,0,2,log_odds,log_odds,FALSE
MR Egger,4,0.00891942758515707,0.0159394904626047,0.63207228729374,CTSB,ENSG00000164733,BBJ_Graves,1.00895932420951,0.977925318102374,1.04097818009733,-0.0513945516211987,0.143980038631176,5.72431976507821,0.12582071802889,,,6,4,0,2,log_odds,log_odds,FALSE
Weighted median,4,-0.00734422309554191,0.014633643113362,0.615757208570907,CTSB,ENSG00000164733,BBJ_Graves,0.992682679810295,0.96461505535269,1.02156699434372,-0.0513945516211987,0.143980038631176,5.72431976507821,0.12582071802889,,,6,4,0,2,log_odds,log_odds,FALSE
Weighted mode,4,-0.00600933666670339,0.108496726451812,0.959312266778046,CTSB,ENSG00000164733,BBJ_Graves,0.994008683282834,0.803592547069748,1.22954507983498,-0.0513945516211987,0.143980038631176,5.72431976507821,0.12582071802889,,,6,4,0,2,log_odds,log_odds,FALSE
Inverse variance weighted,3,0.0224137380647734,0.0931323833404422,0.809814492799317,CTSC,ENSG00000109861,BBJ_Graves,1.02266681314105,0.852036652865896,1.22746762968738,-0.430626361110829,0.533667568015182,3.64017406578129,0.16201164997805,,,12,3,0,9,log_odds,log_odds,FALSE
MR Egger,3,0.859005601010665,0.935251690038371,0.527036580683993,CTSC,ENSG00000109861,BBJ_Graves,2.36081193709448,0.377536618833728,14.7626289061576,-0.430626361110829,0.533667568015182,3.64017406578129,0.16201164997805,,,12,3,0,9,log_odds,log_odds,FALSE
Weighted median,3,0.0274477888223809,0.0676570532000631,0.684970402645216,CTSC,ENSG00000109861,BBJ_Graves,1.02782794959866,0.900180450275025,1.17357613537754,-0.430626361110829,0.533667568015182,3.64017406578129,0.16201164997805,,,12,3,0,9,log_odds,log_odds,FALSE
Weighted mode,3,0.0178336129613088,0.245465455336235,0.948694771882883,CTSC,ENSG00000109861,BBJ_Graves,1.01799358136021,0.62921725812323,1.64698427818333,-0.430626361110829,0.533667568015182,3.64017406578129,0.16201164997805,,,12,3,0,9,log_odds,log_odds,FALSE
Inverse variance weighted,2,-0.196524015927198,0.247949218400536,0.428012165261834,CTSD,ENSG00000117984,BBJ_Graves,0.821581600014429,0.505349765754773,1.33570127310561,,,0.0454918689578474,0.831102153625329,,,3,2,1,1,log_odds,log_odds,FALSE
Inverse variance weighted,2,-0.000240355655522559,0.176807646483185,0.998915340985585,CTSF,ENSG00000174080,BBJ_Graves,0.999759673227584,0.70695847933762,1.41383042063322,,,3.70935261562942,0.0541083735548343,,,5,2,0,3,log_odds,log_odds,FALSE
Wald ratio,1,-0.0678764999905902,0.663359733867405,0.918500847833115,CTSG,ENSG00000100448,BBJ_Graves,0.934375861879573,0.254600003688677,3.42913683666228,,,,,,,4,1,1,3,log_odds,log_odds,FALSE
Inverse variance weighted,5,0.0205991038454331,0.0121857083172786,0.0909454540068201,CTSH,ENSG00000103811,BBJ_Graves,1.02081272969735,0.996720504873789,1.04548729961575,-0.0238691459010455,0.35647368562124,2.01048012660112,0.73383117958303,,,6,5,2,1,log_odds,log_odds,FALSE
MR Egger,5,0.0324613976180487,0.0163562593817515,0.14141724936058,CTSH,ENSG00000103811,BBJ_Graves,1.03299401634474,1.00040321049732,1.06664655471623,-0.0238691459010455,0.35647368562124,2.01048012660112,0.73383117958303,,,6,5,2,1,log_odds,log_odds,FALSE
Weighted median,5,0.0217010603536272,0.0125009795790259,0.0825728900581246,CTSH,ENSG00000103811,BBJ_Graves,1.02193824094681,0.997203059126571,1.04728696803658,-0.0238691459010455,0.35647368562124,2.01048012660112,0.73383117958303,,,6,5,2,1,log_odds,log_odds,FALSE
Weighted mode,5,0.0204193826976952,0.174540294379105,0.912507160146552,CTSH,ENSG00000103811,BBJ_Graves,1.02062928454692,0.724930424974148,1.43694360256973,-0.0238691459010455,0.35647368562124,2.01048012660112,0.73383117958303,,,6,5,2,1,log_odds,log_odds,FALSE
Inverse variance weighted,3,-0.00245605752296024,0.136839176950889,0.985679940420977,CTSK,ENSG00000143387,BBJ_Graves,0.997546956118587,0.762875185966653,1.30440725818149,-0.373395011285541,0.209314384675407,8.64670636381285,0.0132553613008958,,,5,3,0,2,log_odds,log_odds,FALSE
MR Egger,3,1.0530937534571,0.366089858736264,0.212990274065672,CTSK,ENSG00000143387,BBJ_Graves,2.86650567593589,1.39872013657272,5.87455243927955,-0.373395011285541,0.209314384675407,8.64670636381285,0.0132553613008958,,,5,3,0,2,log_odds,log_odds,FALSE
Weighted median,3,-0.000301027955950828,0.0691836341773929,0.996528300321347,CTSK,ENSG00000143387,BBJ_Graves,0.999699017348418,0.872929091009564,1.14487893184035,-0.373395011285541,0.209314384675407,8.64670636381285,0.0132553613008958,,,5,3,0,2,log_odds,log_odds,FALSE
Weighted mode,3,0.0167824453346608,0.481320846013875,0.975352458036354,CTSK,ENSG00000143387,BBJ_Graves,1.01692406168406,0.395894937270106,2.61214390454921,-0.373395011285541,0.209314384675407,8.64670636381285,0.0132553613008958,,,5,3,0,2,log_odds,log_odds,FALSE
Inverse variance weighted,4,-0.0297930677419387,0.0405371553583222,0.462365657594709,CTSL,ENSG00000135047,BBJ_Graves,0.970646370813228,0.896509945550671,1.05091346933601,-0.0110581195709747,0.725610427737052,0.322900076675257,0.955665599473309,,,4,4,0,0,log_odds,log_odds,FALSE
MR Egger,4,-0.00496266185239466,0.0736851488045351,0.952430586909659,CTSL,ENSG00000135047,BBJ_Graves,0.9950496318091,0.861236997931764,1.149653082881,-0.0110581195709747,0.725610427737052,0.322900076675257,0.955665599473309,,,4,4,0,0,log_odds,log_odds,FALSE
Weighted median,4,-0.0270585676071213,0.0434627253950494,0.533567453316442,CTSL,ENSG00000135047,BBJ_Graves,0.973304235754918,0.893824788189728,1.05985104447269,-0.0110581195709747,0.725610427737052,0.322900076675257,0.955665599473309,,,4,4,0,0,log_odds,log_odds,FALSE
Weighted mode,4,-0.0276296148197566,0.125294737022924,0.839623382501572,CTSL,ENSG00000135047,BBJ_Graves,0.972748591748624,0.760935029914472,1.24352248950254,-0.0110581195709747,0.725610427737052,0.322900076675257,0.955665599473309,,,4,4,0,0,log_odds,log_odds,FALSE
Inverse variance weighted,2,-0.00401757555831219,0.0285056954807793,0.887917817735935,CTSS,ENSG00000163131,BBJ_Graves,0.995990484101328,0.941869321359251,1.05322152651581,,,6.84219642860101,0.00890293076663462,,,6,2,1,4,log_odds,log_odds,FALSE
Inverse variance weighted,6,-0.0234899848221413,0.00979148285657196,0.0164389176538324,CTSW,ENSG00000172543,BBJ_Graves,0.976783757282915,0.958216733491758,0.995710547670096,0.04167086149566,0.56626925360444,5.85378912590943,0.320706888755547,,,15,6,2,9,log_odds,log_odds,FALSE
MR Egger,6,-0.0422549246853652,0.0318220854390067,0.254933728996089,CTSW,ENSG00000172543,BBJ_Graves,0.95862537214956,0.90066111586095,1.02032006039301,0.04167086149566,0.56626925360444,5.85378912590943,0.320706888755547,,,15,6,2,9,log_odds,log_odds,FALSE
Weighted median,6,-0.0224768371198598,0.0105507296636483,0.033142023334838,CTSW,ENSG00000172543,BBJ_Graves,0.977773884990343,0.957761711573426,0.998204207389444,0.04167086149566,0.56626925360444,5.85378912590943,0.320706888755547,,,15,6,2,9,log_odds,log_odds,FALSE
Weighted mode,6,-0.0221024986666166,0.0408453248125857,0.611648559158933,CTSW,ENSG00000172543,BBJ_Graves,0.978139971869996,0.902885678647329,1.05966660807292,0.04167086149566,0.56626925360444,5.85378912590943,0.320706888755547,,,15,6,2,9,log_odds,log_odds,FALSE
Wald ratio,1,-0.127866525245787,0.43181604584569,0.767143467244533,CTSZ,ENSG00000101160,BBJ_Graves,0.879970825196036,0.377484422855515,2.0513393568364,,,,,,,2,1,0,1,log_odds,log_odds,FALSE
Inverse variance weighted,2,0.0275017559622038,0.227532009594021,0.903794136865882,CX3CR1,ENSG00000168329,BBJ_Graves,1.0278834200301,0.658058804675597,1.60554697796898,,,0.144072850693529,0.704265156005017,,,3,2,0,1,log_odds,log_odds,FALSE
Inverse variance weighted,2,0.0086014481016074,0.0767204938236401,0.910732948218319,CXCL1,ENSG00000163739,BBJ_Graves,1.00863854684769,0.867820207674349,1.17230701611961,,,0.348943612935089,0.554711735134858,,,3,2,0,1,log_odds,log_odds,FALSE
Wald ratio,1,0.0880626737054957,0.278212870515943,0.75160038411996,CXCL10,ENSG00000169245,BBJ_Graves,1.09205656311487,0.633031843443212,1.8839297728776,,,,,,,1,1,0,0,log_odds,log_odds,FALSE
Inverse variance weighted,2,0.0584359237401981,0.170089279642578,0.731176986086121,CXCL16,ENSG00000161921,BBJ_Graves,1.06017705133795,0.759618409649222,1.47965789915843,,,3.0447168145797,0.0810002417429851,,,3,2,1,1,log_odds,log_odds,FALSE
Inverse variance weighted,2,-0.0920042476311381,0.197494958418252,0.641318446171079,CXCL6,ENSG00000124875,BBJ_Graves,0.912101275267084,0.619344036834634,1.3432416990655,,,0.0512556015016075,0.820892661202487,,,2,2,0,0,log_odds,log_odds,FALSE
Inverse variance weighted,2,-0.189642175369532,0.105870744981814,0.0732513625833606,CXCR1,ENSG00000163464,BBJ_Graves,0.827255093237482,0.672233965885409,1.01802500917368,,,0.0218702576325212,0.882432767416084,,,2,2,0,0,log_odds,log_odds,FALSE
Wald ratio,1,-0.276620291732314,0.112280260261657,0.0137526820958489,CXCR2,ENSG00000180871,BBJ_Graves,0.758342391324866,0.608541844764371,0.945018304703417,,,,,,,1,1,0,0,log_odds,log_odds,FALSE
Wald ratio,1,-0.877292262567174,0.620040807358533,0.157099461829923,CXCR5,ENSG00000160683,BBJ_Graves,0.415907556832782,0.12336939103594,1.40212328502312,,,,,,,1,1,0,0,log_odds,log_odds,FALSE
Inverse variance weighted,3,-0.0983031111199188,0.191630962510633,0.607964361974012,CXCR6,ENSG00000172215,BBJ_Graves,0.906374130034919,0.622569632388289,1.31955370268396,0.100183941784532,0.322908758381967,3.47086803947406,0.176323655729926,,,5,3,0,2,log_odds,log_odds,FALSE
MR Egger,3,-0.642044532253118,0.335359129661094,0.306437959778854,CXCR6,ENSG00000172215,BBJ_Graves,0.526215458995309,0.272709425422554,1.0153763803968,0.100183941784532,0.322908758381967,3.47086803947406,0.176323655729926,,,5,3,0,2,log_odds,log_odds,FALSE
Weighted median,3,-0.118058495549415,0.183853134860186,0.520785663809695,CXCR6,ENSG00000172215,BBJ_Graves,0.888644069371165,0.619767643412793,1.27416829584725,0.100183941784532,0.322908758381967,3.47086803947406,0.176323655729926,,,5,3,0,2,log_odds,log_odds,FALSE
Weighted mode,3,-0.175861973256631,0.278902390785622,0.592777357852858,CXCR6,ENSG00000172215,BBJ_Graves,0.838733743035028,0.485531719748513,1.44887401397775,0.100183941784532,0.322908758381967,3.47086803947406,0.176323655729926,,,5,3,0,2,log_odds,log_odds,FALSE
Wald ratio,1,-0.240220548101661,0.200193106001316,0.230161028483417,CYB5D2,ENSG00000167740,BBJ_Graves,0.786454390915041,0.531209373083147,1.16434411802583,,,,,,,2,1,0,1,log_odds,log_odds,FALSE
Wald ratio,1,0.0571885619412948,0.0649587223589631,0.378651803736557,CYB5R3,ENSG00000100243,BBJ_Graves,1.05885545141203,0.932272118864056,1.2026261906782,,,,,,,4,1,0,3,log_odds,log_odds,FALSE
Wald ratio,1,-0.13679549282916,0.472273903739852,0.77208181361063,CYP11A1,ENSG00000140459,BBJ_Graves,0.87214856853164,0.345607222387275,2.20088897546082,,,,,,,1,1,0,0,log_odds,log_odds,FALSE
Inverse variance weighted,3,-0.157041036293011,0.107703399626124,0.144816284135471,CYP1B1,ENSG00000138061,BBJ_Graves,0.854668985651131,0.692020499976186,1.05554542829161,-0.524341557223614,0.305376947241928,3.88681982354372,0.143214766497604,,,7,3,1,4,log_odds,log_odds,FALSE
MR Egger,3,1.00706401013407,0.610488050812696,0.34693874301431,CYP1B1,ENSG00000138061,BBJ_Graves,2.7375517802788,0.827378864747345,9.0577485950117,-0.524341557223614,0.305376947241928,3.88681982354372,0.143214766497604,,,7,3,1,4,log_odds,log_odds,FALSE
Weighted median,3,-0.104362147131545,0.0889608549831746,0.240745934278779,CYP1B1,ENSG00000138061,BBJ_Graves,0.900898980355829,0.75674766027015,1.07250939172568,-0.524341557223614,0.305376947241928,3.88681982354372,0.143214766497604,,,7,3,1,4,log_odds,log_odds,FALSE
Weighted mode,3,-0.0861100344971989,0.117386499649775,0.539552230242696,CYP1B1,ENSG00000138061,BBJ_Graves,0.91749326975501,0.728922710533075,1.15484658096346,-0.524341557223614,0.305376947241928,3.88681982354372,0.143214766497604,,,7,3,1,4,log_odds,log_odds,FALSE
Inverse variance weighted,2,-0.084453062978488,0.185331973979753,0.648616267750724,CYP24A1,ENSG00000019186,BBJ_Graves,0.919014790181491,0.639093999101003,1.32153984509382,,,1.18299713185017,0.276746682675617,,,2,2,0,0,log_odds,log_odds,FALSE
Inverse variance weighted,3,0.116656534811731,0.129060658607227,0.366054159126032,CYP26B1,ENSG00000003137,BBJ_Graves,1.12373340009664,0.872578763123987,1.44717796015547,-0.0235643721596314,0.88177541430876,1.03734896391831,0.595309118198754,,,7,3,0,4,log_odds,log_odds,FALSE
MR Egger,3,0.154688895678932,0.240147717473667,0.635697453166587,CYP26B1,ENSG00000003137,BBJ_Graves,1.16729475416845,0.729058990445149,1.86895307645437,-0.0235643721596314,0.88177541430876,1.03734896391831,0.595309118198754,,,7,3,0,4,log_odds,log_odds,FALSE
Weighted median,3,0.138928009369658,0.135409532371048,0.304899140851713,CYP26B1,ENSG00000003137,BBJ_Graves,1.14904137681299,0.881196466374247,1.4982993418718,-0.0235643721596314,0.88177541430876,1.03734896391831,0.595309118198754,,,7,3,0,4,log_odds,log_odds,FALSE
Weighted mode,3,0.140254720982598,0.262970452082831,0.64712672764491,CYP26B1,ENSG00000003137,BBJ_Graves,1.15056683504918,0.687174260177589,1.92644590845554,-0.0235643721596314,0.88177541430876,1.03734896391831,0.595309118198754,,,7,3,0,4,log_odds,log_odds,FALSE
Inverse variance weighted,3,0.00166667519170841,0.0237977530465753,0.944165816861659,CYP27A1,ENSG00000135929,BBJ_Graves,1.00166806486674,0.956019545764313,1.04949623322999,0.0450975672716294,0.462834863804693,1.83546297798828,0.399424112108915,,,10,3,0,7,log_odds,log_odds,FALSE
MR Egger,3,-0.0296342541771439,0.0366282852060023,0.566947525624985,CYP27A1,ENSG00000135929,BBJ_Graves,0.97080053486488,0.903548316649116,1.0430584188227,0.0450975672716294,0.462834863804693,1.83546297798828,0.399424112108915,,,10,3,0,7,log_odds,log_odds,FALSE
Weighted median,3,-0.00231579003938706,0.0244232301019104,0.924458471971527,CYP27A1,ENSG00000135929,BBJ_Graves,0.997686889333679,0.951053158008762,1.04660724878129,0.0450975672716294,0.462834863804693,1.83546297798828,0.399424112108915,,,10,3,0,7,log_odds,log_odds,FALSE
Weighted mode,3,-0.00509617769252108,0.0684003557661722,0.947389873614278,CYP27A1,ENSG00000135929,BBJ_Graves,0.994916785790263,0.870088041789684,1.13765430979972,0.0450975672716294,0.462834863804693,1.83546297798828,0.399424112108915,,,10,3,0,7,log_odds,log_odds,FALSE
Wald ratio,1,0.011363344740054,0.344714568758576,0.973702894046544,CYP2C8,ENSG00000138115,BBJ_Graves,1.01142815278799,0.514645373823098,1.9877511006322,,,,,,,1,1,0,0,log_odds,log_odds,FALSE
Inverse variance weighted,2,0.0305763175092588,0.0911992021119189,0.737421744368049,CYP2D6,ENSG00000100197,BBJ_Graves,1.03104857410536,0.862280962690286,1.23284777023023,,,0.357038763229261,0.550155447827398,,,2,2,0,0,log_odds,log_odds,FALSE
Wald ratio,1,0.044316863954906,0.193376261094663,0.818733468051758,CYP2E1,ENSG00000130649,BBJ_Graves,1.04531352459532,0.715552285065791,1.52704475620734,,,,,,,2,1,0,1,log_odds,log_odds,FALSE
Wald ratio,1,-0.0124413595715846,0.167652628154276,0.940843962713602,CYP2J2,ENSG00000134716,BBJ_Graves,0.987635714177221,0.711030103257384,1.37184670444995,,,,,,,1,1,0,0,log_odds,log_odds,FALSE
Inverse variance weighted,2,-0.208466097589489,0.502600681301214,0.678306768154517,CYP2R1,ENSG00000186104,BBJ_Graves,0.811828557181012,0.303139121210163,2.17413576849977,,,1.47132594514103,0.225136605914761,,,2,2,0,0,log_odds,log_odds,FALSE
Inverse variance weighted,2,-0.0165461426924455,0.0695044517842029,0.811835530233878,CYP2S1,ENSG00000167600,BBJ_Graves,0.983589992853019,0.858322935857822,1.12713902148463,,,0.198193065646686,0.656183321555454,,,7,2,0,5,log_odds,log_odds,FALSE
Wald ratio,1,0.0493501779192255,0.2853942291213,0.862714840049725,CYP46A1,ENSG00000036530,BBJ_Graves,1.05058817911611,0.600482061113249,1.83808242339872,,,,,,,1,1,1,0,log_odds,log_odds,FALSE
Wald ratio,1,-0.113749121944922,0.426814930403963,0.789848849742038,CYP4B1,ENSG00000142973,BBJ_Graves,0.892481831904624,0.386622549748712,2.06021045797132,,,,,,,1,1,0,0,log_odds,log_odds,FALSE
Inverse variance weighted,2,0.321229359523543,0.207170838764308,0.121008849910429,CYP4F12,ENSG00000186204,BBJ_Graves,1.37882179053845,0.918672593061588,2.06945275653413,,,0.790287354039963,0.374013250097541,,,4,2,0,2,log_odds,log_odds,FALSE
Wald ratio,1,-0.819083858594852,0.620475332528111,0.186804660726837,CYP4F2,ENSG00000186115,BBJ_Graves,0.44083533706775,0.130652322542,1.48742701719034,,,,,,,1,1,0,0,log_odds,log_odds,FALSE
Wald ratio,1,0.196794509413535,0.464613626802883,0.671882396553959,CYP4F22,ENSG00000171954,BBJ_Graves,1.21749383147752,0.489755888317951,3.02659195130188,,,,,,,5,1,0,4,log_odds,log_odds,FALSE
Inverse variance weighted,3,0.112528519263796,0.148240896957027,0.447797361747961,CYP4F3,ENSG00000186529,BBJ_Graves,1.11910417248478,0.836922639431498,1.49642761453266,-0.074706389465996,0.349213590296046,2.75920647190845,0.25167839018888,,,3,3,0,0,log_odds,log_odds,FALSE
MR Egger,3,0.480849870875992,0.258051882122203,0.313562028861276,CYP4F3,ENSG00000186529,BBJ_Graves,1.61744844055564,0.975376412794341,2.68218446082876,-0.074706389465996,0.349213590296046,2.75920647190845,0.25167839018888,,,3,3,0,0,log_odds,log_odds,FALSE
Weighted median,3,0.138814943354969,0.152889247079184,0.363907571428305,CYP4F3,ENSG00000186529,BBJ_Graves,1.14891146662815,0.851421493581509,1.55034559040443,-0.074706389465996,0.349213590296046,2.75920647190845,0.25167839018888,,,3,3,0,0,log_odds,log_odds,FALSE
Weighted mode,3,0.156134013769031,0.296208782431298,0.650748953211571,CYP4F3,ENSG00000186529,BBJ_Graves,1.16898285239103,0.65413913873333,2.08903706913242,-0.074706389465996,0.349213590296046,2.75920647190845,0.25167839018888,,,3,3,0,0,log_odds,log_odds,FALSE
Inverse variance weighted,3,-0.0181960882428878,0.199353601989737,0.927273730537854,CYP4V2,ENSG00000145476,BBJ_Graves,0.981968461008339,0.664361301886823,1.45141213926297,0.0817546380325316,0.664805243170924,12.9477215864005,0.00154325602407271,,,4,3,0,1,log_odds,log_odds,FALSE
MR Egger,3,-0.308346595634463,0.555509551648331,0.67740740411254,CYP4V2,ENSG00000145476,BBJ_Graves,0.734660643705197,0.247301925878401,2.18245878794619,0.0817546380325316,0.664805243170924,12.9477215864005,0.00154325602407271,,,4,3,0,1,log_odds,log_odds,FALSE
Weighted median,3,-0.0122512251580153,0.0825029317848696,0.88195258785591,CYP4V2,ENSG00000145476,BBJ_Graves,0.987823515567744,0.84033305518806,1.16120065952926,0.0817546380325316,0.664805243170924,12.9477215864005,0.00154325602407271,,,4,3,0,1,log_odds,log_odds,FALSE
Weighted mode,3,-0.19033609997113,0.459973113238887,0.719174914725131,CYP4V2,ENSG00000145476,BBJ_Graves,0.826681239705057,0.335583858857022,2.03645632542612,0.0817546380325316,0.664805243170924,12.9477215864005,0.00154325602407271,,,4,3,0,1,log_odds,log_odds,FALSE
Wald ratio,1,-0.00881725956223768,0.0728496480984884,0.903664374090388,CYP51A1,ENSG00000001630,BBJ_Graves,0.991221498473984,0.859329736442939,1.14335628964034,,,,,,,1,1,1,0,log_odds,log_odds,FALSE
Wald ratio,1,-0.113104421169595,0.393999428018165,0.774060655274542,CYSLTR2,ENSG00000152207,BBJ_Graves,0.893057401148651,0.412572512785621,1.93311841441265,,,,,,,1,1,0,0,log_odds,log_odds,FALSE
Wald ratio,1,0.436528344557437,0.575929996291128,0.448478625040075,CYTL1,ENSG00000170891,BBJ_Graves,1.54732610014453,0.500426548033199,4.78435460628207,,,,,,,3,1,0,2,log_odds,log_odds,FALSE
Wald ratio,1,-0.363949670010895,0.485257261499202,0.453246359475666,DAGLA,ENSG00000134780,BBJ_Graves,0.694926169489303,0.268459852178801,1.79886257524808,,,,,,,1,1,0,0,log_odds,log_odds,FALSE
Inverse variance weighted,3,0.0409323935853667,0.0284324993294261,0.149970966632715,DAGLB,ENSG00000164535,BBJ_Graves,1.04178167204095,0.985313607632229,1.10148590640954,0.0023231508750698,0.952348849056644,0.376742950380888,0.828306954591281,,,8,3,0,5,log_odds,log_odds,FALSE
MR Egger,3,0.0384248783464929,0.0438918676943084,0.542218504045327,DAGLB,ENSG00000164535,BBJ_Graves,1.03917266105717,0.953512082454124,1.13252872130291,0.0023231508750698,0.952348849056644,0.376742950380888,0.828306954591281,,,8,3,0,5,log_odds,log_odds,FALSE
Weighted median,3,0.041470831789451,0.0290622804406714,0.153590233482664,DAGLB,ENSG00000164535,BBJ_Graves,1.04234275813503,0.984628134149449,1.10344036266552,0.0023231508750698,0.952348849056644,0.376742950380888,0.828306954591281,,,8,3,0,5,log_odds,log_odds,FALSE
Weighted mode,3,0.0394678789377417,0.0710419728288845,0.634362854915067,DAGLB,ENSG00000164535,BBJ_Graves,1.04025708418574,0.905041583420501,1.1956741226285,0.0023231508750698,0.952348849056644,0.376742950380888,0.828306954591281,,,8,3,0,5,log_odds,log_odds,FALSE
Inverse variance weighted,3,0.0339082372802906,0.0476336181371755,0.476554465819287,DAPK1,ENSG00000196730,BBJ_Graves,1.03448967478651,0.942279203198153,1.13572376808029,0.0170362576297281,0.798092612438555,0.142214054965911,0.931362205440512,,,6,3,1,3,log_odds,log_odds,FALSE
MR Egger,3,-0.012787241212104,0.150024964577265,0.94586912478151,DAPK1,ENSG00000196730,BBJ_Graves,0.987294168186815,0.73577113110599,1.32480024470446,0.0170362576297281,0.798092612438555,0.142214054965911,0.931362205440512,,,6,3,1,3,log_odds,log_odds,FALSE
Weighted median,3,0.037404036173119,0.0501926532381154,0.456145151165609,DAPK1,ENSG00000196730,BBJ_Graves,1.03811237106579,0.940848111544613,1.14543174582197,0.0170362576297281,0.798092612438555,0.142214054965911,0.931362205440512,,,6,3,1,3,log_odds,log_odds,FALSE
Weighted mode,3,0.0205509601527203,0.0920203336723052,0.844014418192286,DAPK1,ENSG00000196730,BBJ_Graves,1.02076358518598,0.852306654451032,1.22251573585666,0.0170362576297281,0.798092612438555,0.142214054965911,0.931362205440512,,,6,3,1,3,log_odds,log_odds,FALSE
Wald ratio,1,0.264411810136845,0.17715997949256,0.135567317675814,DAPK2,ENSG00000035664,BBJ_Graves,1.30266453631915,0.920515214739258,1.84346208189971,,,,,,,2,1,0,1,log_odds,log_odds,FALSE
Inverse variance weighted,2,-0.153193620910405,0.336981515898953,0.649393140459511,DAPK3,ENSG00000167657,BBJ_Graves,0.85796358603761,0.443225152968205,1.66078461485538,,,2.03753177062694,0.153458474415437,,,2,2,0,0,log_odds,log_odds,FALSE
Wald ratio,1,-0.00470948884999782,0.165873001202399,0.977349396039643,DARC,ENSG00000213088,BBJ_Graves,0.995301583404244,0.719052740623347,1.37768092096864,,,,,,,1,1,0,0,log_odds,log_odds,FALSE
Inverse variance weighted,2,0.0219308168994146,0.173725133929328,0.899543060988282,DBH,ENSG00000123454,BBJ_Graves,1.0221730649222,0.727187848965335,1.43681962802194,,,0.499240314947149,0.479834111505075,,,2,2,1,0,log_odds,log_odds,FALSE
Wald ratio,1,0.12286302816668,0.0895255402144884,0.169945286583703,DCLK2,ENSG00000170390,BBJ_Graves,1.13072953224302,0.948752769992172,1.34761058468062,,,,,,,3,1,0,2,log_odds,log_odds,FALSE
Inverse variance weighted,2,0.155067024516661,0.126502870383824,0.220274524454654,DCPS,ENSG00000110063,BBJ_Graves,1.16773622543838,0.911304124593615,1.4963258207672,,,0.719686994180243,0.3962465999221,,,3,2,0,1,log_odds,log_odds,FALSE
Wald ratio,1,0.0667118807805047,0.209729752158381,0.750420488357815,DCT,ENSG00000080166,BBJ_Graves,1.0689874379743,0.708674869742299,1.61249423584387,,,,,,,1,1,0,0,log_odds,log_odds,FALSE
Inverse variance weighted,2,-0.0407841521472905,0.085755315317323,0.634368314645728,DDO,ENSG00000203797,BBJ_Graves,0.960036329365436,0.811505130204184,1.13575345293203,,,0.958789923022377,0.327491944220882,,,2,2,0,0,log_odds,log_odds,FALSE
Wald ratio,1,-0.0519074837104509,0.10122430404942,0.608093575481002,DDOST,ENSG00000244038,BBJ_Graves,0.949416699290115,0.778561634775029,1.15776584489859,,,,,,,1,1,0,0,log_odds,log_odds,FALSE
Inverse variance weighted,2,0.589950910752543,0.339110545188793,0.081911556370206,DDR1,ENSG00000204580,BBJ_Graves,1.80389986113767,0.928016507762021,3.50646209608912,,,6.2399545835009,0.0124899678768191,,,4,2,0,2,log_odds,log_odds,FALSE
Wald ratio,1,0.134030083747184,0.185658481436304,0.470345277550299,DEAF1,ENSG00000177030,BBJ_Graves,1.14342721770257,0.794644415991292,1.64529665831991,,,,,,,1,1,0,0,log_odds,log_odds,FALSE
Inverse variance weighted,3,-0.133694893885289,0.0547627912073926,0.014632648017474,DEFA3,ENSG00000239839,BBJ_Graves,0.874856948091732,0.785818079270451,0.973984564385372,0.0296784679759283,0.566335715637172,1.10476779175587,0.575576060195028,,,4,3,0,1,log_odds,log_odds,FALSE
MR Egger,3,-0.218700658327619,0.118300357694286,0.315666708194949,DEFA3,ENSG00000239839,BBJ_Graves,0.803562221814787,0.637265215364965,1.01325512323486,0.0296784679759283,0.566335715637172,1.10476779175587,0.575576060195028,,,4,3,0,1,log_odds,log_odds,FALSE
Weighted median,3,-0.15059493916412,0.057297069625935,0.00858081717895825,DEFA3,ENSG00000239839,BBJ_Graves,0.860196059835725,0.768820931399329,0.96243121270144,0.0296784679759283,0.566335715637172,1.10476779175587,0.575576060195028,,,4,3,0,1,log_odds,log_odds,FALSE
Weighted mode,3,-0.151358006223633,0.146695215848184,0.410608506681083,DEFA3,ENSG00000239839,BBJ_Graves,0.85953992292781,0.64475774022805,1.14587050765056,0.0296784679759283,0.566335715637172,1.10476779175587,0.575576060195028,,,4,3,0,1,log_odds,log_odds,FALSE
Wald ratio,1,-0.251955308426278,0.138019083085981,0.0679240029629969,DEFA4,ENSG00000164821,BBJ_Graves,0.777279475135679,0.593052286349775,1.01873544099427,,,,,,,1,1,1,0,log_odds,log_odds,FALSE
Inverse variance weighted,2,-0.00125958735810524,0.299250261767096,0.996641599133471,DERL1,ENSG00000136986,BBJ_Graves,0.998741205589087,0.555553646936893,1.79547736072166,,,0.0791219824335613,0.778490817491518,,,2,2,0,0,log_odds,log_odds,FALSE
Wald ratio,1,0.0777192759179204,0.0839664163780683,0.354654135359427,DGAT1,ENSG00000185000,BBJ_Graves,1.08081920409961,0.916810114962198,1.27416804514496,,,,,,,4,1,0,3,log_odds,log_odds,FALSE
Inverse variance weighted,2,0.0575731250876565,0.273756981264167,0.83342774261176,DGCR6,ENSG00000183628,BBJ_Graves,1.05926272650244,0.619408333000914,1.81146662706543,,,5.28785509833618,0.0214746537246177,,,2,2,0,0,log_odds,log_odds,FALSE
Wald ratio,1,-0.7948890109116,0.544013579706862,0.143972481174904,DHCR7,ENSG00000172893,BBJ_Graves,0.451631358293717,0.155492834760199,1.31177030831544,,,,,,,1,1,1,0,log_odds,log_odds,FALSE
Inverse variance weighted,3,0.0500531371898206,0.0914052276590789,0.583969335506447,DHFR,ENSG00000228716,BBJ_Graves,1.05132695945202,0.878885097840325,1.25760281791856,-0.0113160233204961,0.874905037548682,0.173968203767456,0.916691669188048,,,4,3,1,1,log_odds,log_odds,FALSE
MR Egger,3,0.0897792291873225,0.219498285426308,0.752827196832961,DHFR,ENSG00000228716,BBJ_Graves,1.09393274862232,0.711459055209811,1.6820207006227,-0.0113160233204961,0.874905037548682,0.173968203767456,0.916691669188048,,,4,3,1,1,log_odds,log_odds,FALSE
Weighted median,3,0.0600533430008947,0.0985668243400992,0.542348622279078,DHFR,ENSG00000228716,BBJ_Graves,1.06189318960395,0.875344607770881,1.28819796925328,-0.0113160233204961,0.874905037548682,0.173968203767456,0.916691669188048,,,4,3,1,1,log_odds,log_odds,FALSE
Weighted mode,3,0.0622267754711978,0.160750875527069,0.735990120669236,DHFR,ENSG00000228716,BBJ_Graves,1.06420365265042,0.776588289832188,1.45833954637563,-0.0113160233204961,0.874905037548682,0.173968203767456,0.916691669188048,,,4,3,1,1,log_odds,log_odds,FALSE
Wald ratio,1,0.396288566361934,0.274282630088914,0.148508926341958,DHFRL1,ENSG00000178700,BBJ_Graves,1.48629815132519,0.86822412544643,2.54436859088291,,,,,,,1,1,0,0,log_odds,log_odds,FALSE
Inverse variance weighted,2,0.131669431946181,0.274120415247382,0.630989718172891,DHODH,ENSG00000102967,BBJ_Graves,1.14073116765151,0.666572357450952,1.95217755777898,,,0.0930886134480862,0.760286741823862,,,2,2,0,0,log_odds,log_odds,FALSE
Wald ratio,1,-0.0230797789528245,0.108945086001999,0.832225760260471,DHRS1,ENSG00000157379,BBJ_Graves,0.977184521905586,0.78929735959941,1.2097970153308,,,,,,,8,1,1,7,log_odds,log_odds,FALSE
Inverse variance weighted,3,0.0811048630087449,0.154096031476218,0.598661202077458,DHRS12,ENSG00000102796,BBJ_Graves,1.08448461292379,0.801778127265776,1.46687323546629,0.0443257466294163,0.784939551598006,3.97793376509116,0.136836720850298,,,3,3,1,0,log_odds,log_odds,FALSE
MR Egger,3,-0.14529886621625,0.676509184352684,0.865314581497202,DHRS12,ENSG00000102796,BBJ_Graves,0.864763805799514,0.229636680838473,3.25651998230577,0.0443257466294163,0.784939551598006,3.97793376509116,0.136836720850298,,,3,3,1,0,log_odds,log_odds,FALSE
Weighted median,3,0.0238681576514926,0.124418024958899,0.847868773008328,DHRS12,ENSG00000102796,BBJ_Graves,1.02415528195148,0.802525883217189,1.30699091890255,0.0443257466294163,0.784939551598006,3.97793376509116,0.136836720850298,,,3,3,1,0,log_odds,log_odds,FALSE
Weighted mode,3,-0.0011759636165648,0.179707862744979,0.99537291839404,DHRS12,ENSG00000102796,BBJ_Graves,0.99882472755769,0.702293848736052,1.42056040812006,0.0443257466294163,0.784939551598006,3.97793376509116,0.136836720850298,,,3,3,1,0,log_odds,log_odds,FALSE
Wald ratio,1,0.0363455038702905,0.173355593652935,0.833934082090591,DHRS13,ENSG00000167536,BBJ_Graves,1.03701407697949,0.738280489371707,1.45662551203109,,,,,,,1,1,0,0,log_odds,log_odds,FALSE
Inverse variance weighted,3,-0.159797863916439,0.19841526637799,0.42060573065802,DHRS3,ENSG00000162496,BBJ_Graves,0.852316055384387,0.577705078107929,1.25746282280435,0.0913934833119181,0.438084219496376,1.72416543759419,0.422281671836664,,,3,3,0,0,log_odds,log_odds,FALSE
MR Egger,3,-0.879126222692993,0.623837748148953,0.392888174382181,DHRS3,ENSG00000162496,BBJ_Graves,0.415145497963907,0.122230312191467,1.4100085436232,0.0913934833119181,0.438084219496376,1.72416543759419,0.422281671836664,,,3,3,0,0,log_odds,log_odds,FALSE
Weighted median,3,-0.251770530879231,0.245076409022818,0.304272430840689,DHRS3,ENSG00000162496,BBJ_Graves,0.777423112200508,0.480888284521618,1.25681309950139,0.0913934833119181,0.438084219496376,1.72416543759419,0.422281671836664,,,3,3,0,0,log_odds,log_odds,FALSE
Weighted mode,3,-0.313749165468804,0.32203514752565,0.432681362875258,DHRS3,ENSG00000162496,BBJ_Graves,0.730702290540689,0.388703648551571,1.37360644643028,0.0913934833119181,0.438084219496376,1.72416543759419,0.422281671836664,,,3,3,0,0,log_odds,log_odds,FALSE
Inverse variance weighted,2,-0.118994951876863,0.313179162963388,0.703976536682735,DHRS4,ENSG00000157326,BBJ_Graves,0.887812282536362,0.480548984323924,1.64022955980512,,,0.300469620003081,0.583588160919136,,,2,2,0,0,log_odds,log_odds,FALSE
Wald ratio,1,0.0250036288655785,0.20848682568926,0.904539344672892,DHRS4L2,ENSG00000187630,BBJ_Graves,1.02531884126193,0.681383118026642,1.54285995416399,,,,,,,2,1,0,1,log_odds,log_odds,FALSE
Wald ratio,1,0.0216315833755885,0.229483032040148,0.924900848815186,DHRS7B,ENSG00000109016,BBJ_Graves,1.02186724223251,0.651710287961234,1.60226511693488,,,,,,,1,1,0,0,log_odds,log_odds,FALSE
Inverse variance weighted,2,0.122455358516215,0.171590617265934,0.475444660528706,DHRS9,ENSG00000073737,BBJ_Graves,1.13026866207761,0.807459603852917,1.58213146809932,,,3.00663896893235,0.0829240710098923,,,4,2,0,2,log_odds,log_odds,FALSE
Wald ratio,1,0.705065818037185,0.339431898792254,0.0377836806791316,DKK2,ENSG00000155011,BBJ_Graves,2.02397989492248,1.04058108885927,3.93673751993815,,,,,,,1,1,0,0,log_odds,log_odds,FALSE
Inverse variance weighted,3,-0.0330172602866218,0.117222940958919,0.778202614405118,DKK3,ENSG00000050165,BBJ_Graves,0.967521859740298,0.768915479941191,1.21742710804434,0.0335380624116236,0.682158864588998,3.08263361011477,0.21409898909265,,,6,3,0,3,log_odds,log_odds,FALSE
MR Egger,3,-0.172210674819825,0.29381841143621,0.662498832396373,DKK3,ENSG00000050165,BBJ_Graves,0.841801808041735,0.473267381683297,1.4973148614255,0.0335380624116236,0.682158864588998,3.08263361011477,0.21409898909265,,,6,3,0,3,log_odds,log_odds,FALSE
Weighted median,3,-0.063892439131763,0.0957351859280363,0.504524830111128,DKK3,ENSG00000050165,BBJ_Graves,0.938105897589134,0.777607482324965,1.13173123342419,0.0335380624116236,0.682158864588998,3.08263361011477,0.21409898909265,,,6,3,0,3,log_odds,log_odds,FALSE
Weighted mode,3,-0.122584396285468,0.325528080256287,0.742689974591271,DKK3,ENSG00000050165,BBJ_Graves,0.884631242202048,0.467376828419944,1.67439288191837,0.0335380624116236,0.682158864588998,3.08263361011477,0.21409898909265,,,6,3,0,3,log_odds,log_odds,FALSE
Wald ratio,1,-0.217931741915697,0.209044894568664,0.297174518285733,DLD,ENSG00000091140,BBJ_Graves,0.804180331602066,0.5338396664123,1.21142366598914,,,,,,,1,1,0,0,log_odds,log_odds,FALSE
Wald ratio,1,-0.265359452798667,0.230737339174434,0.250123321289908,DLK1,ENSG00000185559,BBJ_Graves,0.766930225207971,0.487919601571218,1.20548952828184,,,,,,,1,1,0,0,log_odds,log_odds,FALSE
Wald ratio,1,-0.205438689535324,0.203252951225362,0.312134288002828,DMKN,ENSG00000161249,BBJ_Graves,0.814290017536094,0.546722196002673,1.21280649936461,,,,,,,1,1,0,0,log_odds,log_odds,FALSE
Wald ratio,1,0.0470769545990836,0.106389758301364,0.658130921859135,DMPK,ENSG00000104936,BBJ_Graves,1.04820266999223,0.850911652691578,1.29123726758633,,,,,,,1,1,0,0,log_odds,log_odds,FALSE
Wald ratio,1,0.857145968627423,0.5023445270218,0.0879539043060907,DNAJB11,ENSG00000090520,BBJ_Graves,2.35642577435468,0.880338044025282,6.30751160617069,,,,,,,1,1,0,0,log_odds,log_odds,FALSE
Inverse variance weighted,2,-0.0255588836069784,0.074304430876596,0.730864915270909,DNASE1L3,ENSG00000163687,BBJ_Graves,0.974764979597862,0.842656760553299,1.12758457527419,,,0.662122948706414,0.415811461571219,,,2,2,0,0,log_odds,log_odds,FALSE
Wald ratio,1,0.301504305933192,0.315070955737854,0.338597050641666,DNMT3A,ENSG00000119772,BBJ_Graves,1.35189093627763,0.729034103170149,2.50689109829346,,,,,,,1,1,1,0,log_odds,log_odds,FALSE
Wald ratio,1,-9.48550561042048,10.7336833359353,0.376850652345481,DNMT3B,ENSG00000088305,BBJ_Graves,7.59446623078008e-05,5.54372331238123e-14,104038.232214163,,,,,,,1,1,0,0,log_odds,log_odds,FALSE
Inverse variance weighted,2,-0.00514354390469428,0.141207123448234,0.970943059984067,DNPEP,ENSG00000123992,BBJ_Graves,0.994869661466752,0.754341944967595,1.31209148571141,,,9.34263861645548,0.00223882943427465,,,2,2,0,0,log_odds,log_odds,FALSE
Wald ratio,1,-0.442967727373273,0.175617914053312,0.0116577653130528,DOT1L,ENSG00000104885,BBJ_Graves,0.642127929908397,0.455126972319763,0.905963178290277,,,,,,,1,1,0,0,log_odds,log_odds,FALSE
Wald ratio,1,-0.388591176816894,0.143659442275075,0.00683152890159669,DPEP2,ENSG00000167261,BBJ_Graves,0.678011400140289,0.511624826300031,0.898508897710555,,,,,,,5,1,0,4,log_odds,log_odds,FALSE
Inverse variance weighted,3,0.0120604368312175,0.10221052435689,0.906070797828074,DPEP3,ENSG00000141096,BBJ_Graves,1.01213345715657,0.828389196535273,1.23663386652109,0.0309240784367516,0.765404759611299,9.3216889172928,0.00945847174005091,,,4,3,0,1,log_odds,log_odds,FALSE
MR Egger,3,-0.0286599320601023,0.17118290157579,0.894394743519871,DPEP3,ENSG00000141096,BBJ_Graves,0.97174686823914,0.694767223907254,1.35914870972473,0.0309240784367516,0.765404759611299,9.3216889172928,0.00945847174005091,,,4,3,0,1,log_odds,log_odds,FALSE
Weighted median,3,-0.0693667117304158,0.0584561292149055,0.235367419547374,DPEP3,ENSG00000141096,BBJ_Graves,0.932984480984353,0.83198511828995,1.04624472556285,0.0309240784367516,0.765404759611299,9.3216889172928,0.00945847174005091,,,4,3,0,1,log_odds,log_odds,FALSE
Weighted mode,3,-0.0713465708780606,0.243837596992021,0.797392523967931,DPEP3,ENSG00000141096,BBJ_Graves,0.931139130494879,0.577372141567186,1.50166594111273,0.0309240784367516,0.765404759611299,9.3216889172928,0.00945847174005091,,,4,3,0,1,log_odds,log_odds,FALSE
Inverse variance weighted,2,0.00103898177974214,0.197726539890705,0.995807423188662,DPP4,ENSG00000197635,BBJ_Graves,1.00103952170829,0.679427303494244,1.47488939415348,,,2.94068397338341,0.0863741513313751,,,2,2,0,0,log_odds,log_odds,FALSE
Wald ratio,1,0.391833120724129,0.509654692983198,0.44199970864022,DPP7,ENSG00000176978,BBJ_Graves,1.47969076107469,0.544934280666527,4.01788770882936,,,,,,,1,1,0,0,log_odds,log_odds,FALSE
Wald ratio,1,0.0328086567793047,0.158027905223335,0.835531107087551,DPP8,ENSG00000074603,BBJ_Graves,1.03335279527146,0.758110566821266,1.40852541334792,,,,,,,1,1,0,0,log_odds,log_odds,FALSE
Wald ratio,1,0.0678885772433079,0.0968790519420435,0.483455299381234,DPP9,ENSG00000142002,BBJ_Graves,1.0702460520695,0.885153356714463,1.29404312064293,,,,,,,1,1,0,0,log_odds,log_odds,FALSE
Inverse variance weighted,2,0.0392263851374831,0.279638946752626,0.888442626039452,DPYD,ENSG00000188641,BBJ_Graves,1.0400058988803,0.601176956809738,1.79915789761072,,,8.20596443877885,0.00417529098939997,,,4,2,0,2,log_odds,log_odds,FALSE
Inverse variance weighted,2,-0.0899022850506901,0.156631051539384,0.565984817177059,DRAXIN,ENSG00000162490,BBJ_Graves,0.914020494374016,0.672401836582282,1.24246160358827,,,1.16472196242864,0.280488395239362,,,2,2,0,0,log_odds,log_odds,FALSE
Wald ratio,1,-0.31622500088321,0.368396423998093,0.390681351319807,DRD4,ENSG00000069696,BBJ_Graves,0.728895429600502,0.354062441877225,1.50055042403151,,,,,,,1,1,0,0,log_odds,log_odds,FALSE
Inverse variance weighted,2,0.326390514026237,0.386998884739053,0.399011049574155,DST,ENSG00000151914,BBJ_Graves,1.385956498659,0.649126737551141,2.95916853374691,,,0.00279799273481865,0.957814726896648,,,2,2,0,0,log_odds,log_odds,FALSE
Inverse variance weighted,2,0.0677356665225723,0.0552276282660548,0.220017518205363,DSTYK,ENSG00000133059,BBJ_Graves,1.07008241248575,0.960299095838906,1.19241637784841,,,0.0858090728928755,0.76957423796211,,,6,2,0,4,log_odds,log_odds,FALSE
Inverse variance weighted,2,-0.0617100999389145,0.0696119600430256,0.375355138422928,DUSP3,ENSG00000108861,BBJ_Graves,0.94015539839604,0.820247182870716,1.07759245211883,,,0.00479838100470201,0.944774428510696,,,4,2,0,2,log_odds,log_odds,FALSE
Inverse variance weighted,2,-0.0359265099747694,0.0623446952771591,0.564442101679834,DUT,ENSG00000128951,BBJ_Graves,0.9647111875276,0.853745522416679,1.09009962676758,,,0.498270725503171,0.480260937414348,,,4,2,1,2,log_odds,log_odds,FALSE
Wald ratio,1,-0.0338324771970918,0.354835502705308,0.92403926462671,DYRK1B,ENSG00000105204,BBJ_Graves,0.96673344096881,0.482241591898332,1.93797789653205,,,,,,,1,1,0,0,log_odds,log_odds,FALSE
Wald ratio,1,-0.16288792519268,0.78751302149879,0.836136073786372,DYRK2,ENSG00000127334,BBJ_Graves,0.849686411519289,0.181515641971353,3.97743682075877,,,,,,,1,1,0,0,log_odds,log_odds,FALSE
Inverse variance weighted,2,-0.0227281571331877,0.126043483463565,0.856901378986166,DYRK4,ENSG00000010219,BBJ_Graves,0.977528181720904,0.763552507396315,1.25146775998026,,,0.726409235592688,0.394049576881325,,,3,2,1,1,log_odds,log_odds,FALSE
Inverse variance weighted,3,-0.0427440568190363,0.0292089887900561,0.143361491924886,EBPL,ENSG00000123179,BBJ_Graves,0.958156592332871,0.904843141288675,1.01461127740156,-0.0365345857153683,0.599569546799861,0.534477381360629,0.76549033424875,,,5,3,1,2,log_odds,log_odds,FALSE
MR Egger,3,-0.0126862399729625,0.0505951405897833,0.843598258831197,EBPL,ENSG00000123179,BBJ_Graves,0.987393891157186,0.89417594603353,1.09032981777165,-0.0365345857153683,0.599569546799861,0.534477381360629,0.76549033424875,,,5,3,1,2,log_odds,log_odds,FALSE
Weighted median,3,-0.0428242537769953,0.0304590221817005,0.159735155168919,EBPL,ENSG00000123179,BBJ_Graves,0.958079754170052,0.90255654476987,1.017018624118,-0.0365345857153683,0.599569546799861,0.534477381360629,0.76549033424875,,,5,3,1,2,log_odds,log_odds,FALSE
Weighted mode,3,-0.0408816102019837,0.0788949690374008,0.655960334063996,EBPL,ENSG00000123179,BBJ_Graves,0.959942770651441,0.822410390897158,1.12047480567545,-0.0365345857153683,0.599569546799861,0.534477381360629,0.76549033424875,,,5,3,1,2,log_odds,log_odds,FALSE
Wald ratio,1,-0.196275690562745,0.477082254909974,0.680773028838969,ECE1,ENSG00000117298,BBJ_Graves,0.821785644898392,0.322595226556904,2.09343347503607,,,,,,,3,1,0,2,log_odds,log_odds,FALSE
Wald ratio,1,-0.093313048923738,0.354783804617764,0.792539915915133,EDAR,ENSG00000135960,BBJ_Graves,0.910908296795209,0.454440036948645,1.82588209159951,,,,,,,2,1,0,1,log_odds,log_odds,FALSE
Wald ratio,1,-0.0520584245634567,0.108581761994881,0.631625743890686,EDEM2,ENSG00000088298,BBJ_Graves,0.94927340433847,0.767299034526273,1.17440522617195,,,,,,,3,1,0,2,log_odds,log_odds,FALSE
Inverse variance weighted,2,-0.570778249480875,0.216701316317089,0.00844004189426338,EDN1,ENSG00000078401,BBJ_Graves,0.565085490037562,0.369533888077993,0.864119966674332,,,0.931921921793447,0.334364012390954,,,2,2,0,0,log_odds,log_odds,FALSE
Wald ratio,1,-0.167003869648543,0.201510430282247,0.407239986700244,EDN3,ENSG00000124205,BBJ_Graves,0.846196336848431,0.570088131749159,1.2560307794844,,,,,,,1,1,0,0,log_odds,log_odds,FALSE
Wald ratio,1,-0.457213582348035,0.588284968826951,0.437042281743905,EEF2,ENSG00000167658,BBJ_Graves,0.633045118359998,0.199837224512659,2.00536272887456,,,,,,,2,1,0,1,log_odds,log_odds,FALSE
Inverse variance weighted,3,0.112281379413901,0.065596402240057,0.0869519188761755,EFEMP2,ENSG00000172638,BBJ_Graves,1.11882763142115,0.983844356256757,1.27233058854359,-0.0223077593127786,0.685772062697632,1.2670961708507,0.530705468213934,,,3,3,0,0,log_odds,log_odds,FALSE
MR Egger,3,0.171928328904167,0.128818930575775,0.409363707772548,EFEMP2,ENSG00000172638,BBJ_Graves,1.18759271409243,0.922602521316154,1.52869347522856,-0.0223077593127786,0.685772062697632,1.2670961708507,0.530705468213934,,,3,3,0,0,log_odds,log_odds,FALSE
Weighted median,3,0.119856488607765,0.0665566859298818,0.071731545796565,EFEMP2,ENSG00000172638,BBJ_Graves,1.1273350545466,0.989461309450845,1.28442043470597,-0.0223077593127786,0.685772062697632,1.2670961708507,0.530705468213934,,,3,3,0,0,log_odds,log_odds,FALSE
Weighted mode,3,0.121526472055313,0.290873168139001,0.716676926736392,EFEMP2,ENSG00000172638,BBJ_Graves,1.12921925828417,0.638531074005045,1.99698367893333,-0.0223077593127786,0.685772062697632,1.2670961708507,0.530705468213934,,,3,3,0,0,log_odds,log_odds,FALSE
Inverse variance weighted,2,-0.338007416671712,0.302190649662363,0.263343371695256,EFNA5,ENSG00000184349,BBJ_Graves,0.713189998382581,0.394434932073399,1.28954089111533,,,1.40779788205941,0.235422301562235,,,2,2,0,0,log_odds,log_odds,FALSE
Wald ratio,1,0.138319321470242,0.288656906689332,0.63180884391897,EFTUD1,ENSG00000140598,BBJ_Graves,1.14834218204828,0.652171173387988,2.0219994702018,,,,,,,2,1,0,1,log_odds,log_odds,FALSE
Wald ratio,1,0.00580376244774979,0.196570859322857,0.97644584876058,EFTUD2,ENSG00000108883,BBJ_Graves,1.00582063690635,0.684220447358143,1.47858070821018,,,,,,,3,1,1,2,log_odds,log_odds,FALSE
Wald ratio,1,-0.167580700368008,0.187878668876311,0.372413109202206,EGF,ENSG00000138798,BBJ_Graves,0.845708365558583,0.585187546181508,1.22221097192306,,,,,,,1,1,0,0,log_odds,log_odds,FALSE
Wald ratio,1,-0.15773321285036,0.253945527322664,0.534514020738558,EGFL8,ENSG00000241404,BBJ_Graves,0.854077608507279,0.519199827204805,1.4049476196489,,,,,,,1,1,0,0,log_odds,log_odds,FALSE
Wald ratio,1,0.160955316396868,0.38761481395027,0.677962176218378,EGLN1,ENSG00000135766,BBJ_Graves,1.17463248082961,0.549487244161,2.51099817089774,,,,,,,1,1,0,0,log_odds,log_odds,FALSE
Inverse variance weighted,2,-0.021625244840575,0.0521773424182906,0.678539732270949,EGLN2,ENSG00000269858,BBJ_Graves,0.978606904327763,0.883474512489916,1.08398313664866,,,0.00333751585979011,0.953930849206705,,,4,2,0,2,log_odds,log_odds,FALSE
Wald ratio,1,-0.0786445368549682,0.148293672374795,0.59588336707963,EGLN3,ENSG00000129521,BBJ_Graves,0.924368444967775,0.691217920824533,1.23616155818542,,,,,,,2,1,1,1,log_odds,log_odds,FALSE
Wald ratio,1,-0.263128958173408,0.13768844371289,0.0559986617170368,EHMT1,ENSG00000181090,BBJ_Graves,0.768642768152156,0.586842793869745,1.00676315906802,,,,,,,1,1,0,0,log_odds,log_odds,FALSE
Wald ratio,1,0.385069570930096,0.348461227143144,0.269134825823512,EHMT2,ENSG00000204371,BBJ_Graves,1.469716567433,0.742364858020899,2.90971045470237,,,,,,,1,1,0,0,log_odds,log_odds,FALSE
Inverse variance weighted,2,0.121067440619827,0.143302832368498,0.398202220944429,EIF2AK1,ENSG00000086232,BBJ_Graves,1.12870103009767,0.852309026442987,1.4947231295441,,,0.618255296576596,0.43169636843805,,,3,2,0,1,log_odds,log_odds,FALSE
Inverse variance weighted,2,0.113888479289475,0.424832003965446,0.788638617776735,EIF2AK2,ENSG00000055332,BBJ_Graves,1.12062714477993,0.487345360311736,2.57682805642045,,,6.12289490530839,0.013344209410158,,,2,2,0,0,log_odds,log_odds,FALSE
Wald ratio,1,-0.0757267610069359,0.313428560062797,0.809084136562294,EIF2AK3,ENSG00000172071,BBJ_Graves,0.927069483487409,0.50155262658542,1.71359450964262,,,,,,,1,1,1,0,log_odds,log_odds,FALSE
Inverse variance weighted,3,0.0434009677980409,0.130052743693492,0.738592213000314,EIF2AK4,ENSG00000128829,BBJ_Graves,1.04435656426047,0.809367330603633,1.34757185282051,-0.0330876302783168,0.488023010060792,1.18751692983801,0.552247775410545,,,3,3,0,0,log_odds,log_odds,FALSE
MR Egger,3,0.259930922010622,0.245762833902993,0.482168405281059,EIF2AK4,ENSG00000128829,BBJ_Graves,1.29684050043727,0.801104216458208,2.09934643835711,-0.0330876302783168,0.488023010060792,1.18751692983801,0.552247775410545,,,3,3,0,0,log_odds,log_odds,FALSE
Weighted median,3,0.0583056201725852,0.130757271716682,0.655664218918317,EIF2AK4,ENSG00000128829,BBJ_Graves,1.06003891548586,0.820387382666458,1.36969744548263,-0.0330876302783168,0.488023010060792,1.18751692983801,0.552247775410545,,,3,3,0,0,log_odds,log_odds,FALSE
Weighted mode,3,0.0743500653517424,0.416925671905774,0.874892860032357,EIF2AK4,ENSG00000128829,BBJ_Graves,1.07718382423609,0.475768326824495,2.43884455054093,-0.0330876302783168,0.488023010060792,1.18751692983801,0.552247775410545,,,3,3,0,0,log_odds,log_odds,FALSE
Wald ratio,1,0.0894044495651996,0.515867177069168,0.862408511711415,EIF4A1,ENSG00000161960,BBJ_Graves,1.09352284173733,0.397844036936891,3.00568085576452,,,,,,,1,1,0,0,log_odds,log_odds,FALSE
Wald ratio,1,-0.042426599103537,0.183285228523268,0.816943046872601,EIF4E,ENSG00000151247,BBJ_Graves,0.958460814822097,0.669204458800984,1.37274508779481,,,,,,,2,1,0,1,log_odds,log_odds,FALSE
Wald ratio,1,0.0217519266316322,0.176981644607908,0.902182336954811,EIF4H,ENSG00000106682,BBJ_Graves,1.02199022446357,0.722431916394456,1.44576117859225,,,,,,,1,1,0,0,log_odds,log_odds,FALSE
Wald ratio,1,-1.03138608055883,1.04622797312819,0.324224442542625,ELOVL6,ENSG00000170522,BBJ_Graves,0.356512462947674,0.0458677552910193,2.7710345847664,,,,,,,2,1,0,1,log_odds,log_odds,FALSE
Wald ratio,1,-0.39403426382819,0.256955924934625,0.125160033842804,EMC10,ENSG00000161671,BBJ_Graves,0.674330950684766,0.407518936802464,1.11583092216359,,,,,,,1,1,0,0,log_odds,log_odds,FALSE
Wald ratio,1,0.263803741321057,0.243656968430775,0.278948270679172,EMID1,ENSG00000186998,BBJ_Graves,1.30187266741697,0.807539008910962,2.09881185114893,,,,,,,1,1,0,0,log_odds,log_odds,FALSE
Wald ratio,1,0.0535794685775529,0.143989803301719,0.709813935292772,EMILIN2,ENSG00000132205,BBJ_Graves,1.05504083103036,0.795614468999493,1.39905846174592,,,,,,,2,1,0,1,log_odds,log_odds,FALSE
Inverse variance weighted,3,0.0649378333376785,0.0968419449607543,0.502504170050746,EMR2,ENSG00000127507,BBJ_Graves,1.06709268473156,0.88260953509818,1.29013652416631,0.00527112790221741,0.934521723585499,0.341177562838688,0.843168228633446,,,5,3,0,2,log_odds,log_odds,FALSE
MR Egger,3,0.0456154647086242,0.210766587187847,0.864311379047658,EMR2,ENSG00000127507,BBJ_Graves,1.04667185129739,0.692472296912341,1.58204446471449,0.00527112790221741,0.934521723585499,0.341177562838688,0.843168228633446,,,5,3,0,2,log_odds,log_odds,FALSE
Weighted median,3,0.0762053452086855,0.0965586129780067,0.429987327935803,EMR2,ENSG00000127507,BBJ_Graves,1.07918415670192,0.893106417896898,1.3040309875042,0.00527112790221741,0.934521723585499,0.341177562838688,0.843168228633446,,,5,3,0,2,log_odds,log_odds,FALSE
Weighted mode,3,0.0769461513877876,0.212929642576743,0.752428247017541,EMR2,ENSG00000127507,BBJ_Graves,1.07998391919151,0.711488554468762,1.63933103123933,0.00527112790221741,0.934521723585499,0.341177562838688,0.843168228633446,,,5,3,0,2,log_odds,log_odds,FALSE
Wald ratio,1,-0.131031692098553,0.27451884041858,0.633138526870235,ENC1,ENSG00000171617,BBJ_Graves,0.877189973959414,0.512175151679576,1.50234201696748,,,,,,,5,1,0,4,log_odds,log_odds,FALSE
Wald ratio,1,-0.980895625225379,1.06337929459757,0.356303021934826,ENDOU,ENSG00000111405,BBJ_Graves,0.37497511124585,0.0466482883986837,3.01417991700217,,,,,,,1,1,0,0,log_odds,log_odds,FALSE
Inverse variance weighted,2,0.0360935095902344,0.219467534886108,0.869369468021908,ENG,ENSG00000106991,BBJ_Graves,1.03675278828677,0.674311668495008,1.59400525638144,,,3.06428470825573,0.0800303773003058,,,2,2,0,0,log_odds,log_odds,FALSE
Inverse variance weighted,3,-0.0310693756916761,0.0963999492574569,0.747228010166633,ENGASE,ENSG00000167280,BBJ_Graves,0.969408317370563,0.802508143604013,1.1710192516762,-0.0787140480588036,0.513922668554775,5.96759924809596,0.0506002063796423,,,3,3,0,0,log_odds,log_odds,FALSE
MR Egger,3,0.153854045383163,0.216848398266063,0.607158671245582,ENGASE,ENSG00000167280,BBJ_Graves,1.16632064447214,0.762487766000862,1.78403366765675,-0.0787140480588036,0.513922668554775,5.96759924809596,0.0506002063796423,,,3,3,0,0,log_odds,log_odds,FALSE
Weighted median,3,-0.0450026805820248,0.0666420147504133,0.499491588995496,ENGASE,ENSG00000167280,BBJ_Graves,0.955994919206869,0.838935855047734,1.08938756169546,-0.0787140480588036,0.513922668554775,5.96759924809596,0.0506002063796423,,,3,3,0,0,log_odds,log_odds,FALSE
Weighted mode,3,-0.120587456371279,0.183476661166657,0.578552798894916,ENGASE,ENSG00000167280,BBJ_Graves,0.88639956266616,0.618658588198644,1.27001257184921,-0.0787140480588036,0.513922668554775,5.96759924809596,0.0506002063796423,,,3,3,0,0,log_odds,log_odds,FALSE
Wald ratio,1,-0.745105551872549,0.689392869649868,0.27977980355282,ENHO,ENSG00000168913,BBJ_Graves,0.474684193490052,0.122908441802246,1.83327589419642,,,,,,,1,1,0,0,log_odds,log_odds,FALSE
Wald ratio,1,0.403852358440508,0.532955099193529,0.448594332668061,ENPP1,ENSG00000197594,BBJ_Graves,1.49758282517138,0.526902563789981,4.2564877690408,,,,,,,2,1,0,1,log_odds,log_odds,FALSE
Wald ratio,1,-0.0484568093852902,0.166834939402264,0.771473825275055,ENPP2,ENSG00000136960,BBJ_Graves,0.952698486050498,0.686977807610795,1.32119901875655,,,,,,,3,1,0,2,log_odds,log_odds,FALSE
Wald ratio,1,0.112764394383636,0.0930504540963326,0.225564860700455,ENPP3,ENSG00000154269,BBJ_Graves,1.11936817244987,0.932753331076042,1.34331882154556,,,,,,,1,1,0,0,log_odds,log_odds,FALSE
Wald ratio,1,-0.33031655870169,0.305263592757772,0.279221449863342,ENPP5,ENSG00000112796,BBJ_Graves,0.718696187885918,0.395093354891846,1.30734724866012,,,,,,,1,1,0,0,log_odds,log_odds,FALSE
Inverse variance weighted,3,0.0210549341714856,0.1077901772596,0.845132587691397,ENTPD1,ENSG00000138185,BBJ_Graves,1.02127815316577,0.826782338018585,1.26152799615107,-0.00525944275669987,0.981308582682105,0.213340272269863,0.898822113031402,,,11,3,0,8,log_odds,log_odds,FALSE
MR Egger,3,0.0371414162082808,0.558244933011504,0.957706443505732,ENTPD1,ENSG00000138185,BBJ_Graves,1.03783977782719,0.347490256751945,3.09968807329548,-0.00525944275669987,0.981308582682105,0.213340272269863,0.898822113031402,,,11,3,0,8,log_odds,log_odds,FALSE
Weighted median,3,0.0255811150599753,0.112767381678098,0.82054152372442,ENTPD1,ENSG00000138185,BBJ_Graves,1.02591111973747,0.822470261662988,1.27967377625656,-0.00525944275669987,0.981308582682105,0.213340272269863,0.898822113031402,,,11,3,0,8,log_odds,log_odds,FALSE
Weighted mode,3,0.0283134058567859,0.246615226515388,0.919084666514791,ENTPD1,ENSG00000138185,BBJ_Graves,1.02871804016347,0.634414699566028,1.66808998417229,-0.00525944275669987,0.981308582682105,0.213340272269863,0.898822113031402,,,11,3,0,8,log_odds,log_odds,FALSE
Wald ratio,1,-0.374227432488086,0.378527724364878,0.322839588765451,EP300,ENSG00000100393,BBJ_Graves,0.687820461319815,0.327541087997049,1.44438974024067,,,,,,,3,1,0,2,log_odds,log_odds,FALSE
Inverse variance weighted,2,-0.247201637682715,0.419987141068648,0.556134096945787,EPAS1,ENSG00000116016,BBJ_Graves,0.780983202010705,0.342879421589223,1.77886079892426,,,1.07836000982521,0.299064722852442,,,3,2,1,1,log_odds,log_odds,FALSE
Inverse variance weighted,3,0.187250445384973,0.0924222061532613,0.0427613966434757,EPDR1,ENSG00000086289,BBJ_Graves,1.20592926665283,1.00612158209134,1.44541715639076,0.0417714926824854,0.686257686796315,1.21058600856799,0.545914447931692,,,8,3,1,5,log_odds,log_odds,FALSE
MR Egger,3,0.0800722178655908,0.219939702548814,0.777724839003451,EPDR1,ENSG00000086289,BBJ_Graves,1.08336530317977,0.703976996256424,1.66721410838017,0.0417714926824854,0.686257686796315,1.21058600856799,0.545914447931692,,,8,3,1,5,log_odds,log_odds,FALSE
Weighted median,3,0.182378776564682,0.0947908293852862,0.0543529691385684,EPDR1,ENSG00000086289,BBJ_Graves,1.20006866568937,0.996594562669232,1.44508595201663,0.0417714926824854,0.686257686796315,1.21058600856799,0.545914447931692,,,8,3,1,5,log_odds,log_odds,FALSE
Weighted mode,3,0.163829928207554,0.279326444064838,0.616908870544373,EPDR1,ENSG00000086289,BBJ_Graves,1.17801395111088,0.68136993156878,2.0366570415234,0.0417714926824854,0.686257686796315,1.21058600856799,0.545914447931692,,,8,3,1,5,log_odds,log_odds,FALSE
Inverse variance weighted,2,0.176449882679013,0.325333445076165,0.587566220496681,EPHA1,ENSG00000146904,BBJ_Graves,1.19297463656856,0.630524245654463,2.25715108230083,,,1.48503723616501,0.222988060020094,,,3,2,1,1,log_odds,log_odds,FALSE
Wald ratio,1,-0.482768281041753,0.735106425782553,0.511352932927245,EPHA10,ENSG00000183317,BBJ_Graves,0.617072794273425,0.146083503998698,2.60658337874896,,,,,,,1,1,0,0,log_odds,log_odds,FALSE
Wald ratio,1,0.0504480288609081,0.342175815898183,0.882790209608623,EPHA4,ENSG00000116106,BBJ_Graves,1.05174220169435,0.537827947421305,2.05672030270745,,,,,,,5,1,1,4,log_odds,log_odds,FALSE
Inverse variance weighted,3,0.00125246577603252,0.11526236385229,0.991330184400257,EPHB1,ENSG00000154928,BBJ_Graves,1.00125325043885,0.798786348677388,1.25503906416814,0.0349663210194777,0.511326964602341,1.03861222339098,0.594933221983501,,,4,3,1,1,log_odds,log_odds,FALSE
MR Egger,3,-0.150493633507556,0.19496460495995,0.581504064576328,EPHB1,ENSG00000154928,BBJ_Graves,0.860283206976516,0.587062342666299,1.26066201562937,0.0349663210194777,0.511326964602341,1.03861222339098,0.594933221983501,,,4,3,1,1,log_odds,log_odds,FALSE
Weighted median,3,-0.019647458485526,0.114961840948643,0.864299114460911,EPHB1,ENSG00000154928,BBJ_Graves,0.980544294950938,0.782725932397091,1.22835730179061,0.0349663210194777,0.511326964602341,1.03861222339098,0.594933221983501,,,4,3,1,1,log_odds,log_odds,FALSE
Weighted mode,3,-0.0226062653937678,0.359314805300749,0.955556385624792,EPHB1,ENSG00000154928,BBJ_Graves,0.97764734159346,0.483422975063692,1.97713880768458,0.0349663210194777,0.511326964602341,1.03861222339098,0.594933221983501,,,4,3,1,1,log_odds,log_odds,FALSE
Wald ratio,1,0.115719191631072,0.0769332640331476,0.132542673152049,EPHB2,ENSG00000133216,BBJ_Graves,1.12268056976593,0.965537820572636,1.30539854045535,,,,,,,1,1,0,0,log_odds,log_odds,FALSE
Inverse variance weighted,2,0.106618052187724,0.114379030930691,0.351260644273719,EPHB3,ENSG00000182580,BBJ_Graves,1.11250925284501,0.889082854244013,1.39208267458735,,,0.111799065852828,0.738105148176344,,,2,2,0,0,log_odds,log_odds,FALSE
Inverse variance weighted,3,-0.0826373973264081,0.23429170807823,0.724304680926102,EPHB4,ENSG00000196411,BBJ_Graves,0.92068492951827,0.581671661956515,1.45728388519197,0.112985576989661,0.435955467294368,3.951392458991,0.138664736148002,,,7,3,1,4,log_odds,log_odds,FALSE
MR Egger,3,-0.74119861084219,0.577191356278953,0.421209492260074,EPHB4,ENSG00000196411,BBJ_Graves,0.476542384199176,0.153739807196665,1.47712325180515,0.112985576989661,0.435955467294368,3.951392458991,0.138664736148002,,,7,3,1,4,log_odds,log_odds,FALSE
Weighted median,3,0.0847071317914508,0.187309357672966,0.651102448394099,EPHB4,ENSG00000196411,BBJ_Graves,1.0883982627675,0.753957552296747,1.57119028092058,0.112985576989661,0.435955467294368,3.951392458991,0.138664736148002,,,7,3,1,4,log_odds,log_odds,FALSE
Weighted mode,3,0.0891096620179338,0.273396166730615,0.775415884946069,EPHB4,ENSG00000196411,BBJ_Graves,1.09320053232967,0.639705845446644,1.86818271615364,0.112985576989661,0.435955467294368,3.951392458991,0.138664736148002,,,7,3,1,4,log_odds,log_odds,FALSE
Inverse variance weighted,2,0.0784828941007328,0.299100609810932,0.7930159229946,EPHB6,ENSG00000106123,BBJ_Graves,1.08164485249614,0.601845626388613,1.9439463138608,,,0.364162627594752,0.546203458329124,,,3,2,1,1,log_odds,log_odds,FALSE
Inverse variance weighted,2,-0.131844387449698,0.280341895525947,0.638141732068732,EPHX1,ENSG00000143819,BBJ_Graves,0.876477375347518,0.505951480475521,1.51835229096289,,,0.505067157519884,0.477282078447535,,,2,2,1,0,log_odds,log_odds,FALSE
Inverse variance weighted,2,-0.0586130711636329,0.304953398356654,0.847582905453269,EPHX2,ENSG00000120915,BBJ_Graves,0.943071600167593,0.518755952946957,1.71445558935804,,,2.15933391239875,0.141706106405495,,,4,2,0,2,log_odds,log_odds,FALSE
Inverse variance weighted,2,0.0837320505119463,0.0958429404490697,0.382315335797645,EPOR,ENSG00000187266,BBJ_Graves,1.08733750324426,0.901117055256696,1.31204135918242,,,0.398858438726123,0.527679396211194,,,2,2,0,0,log_odds,log_odds,FALSE
Wald ratio,1,0.0239766486221126,0.228144192540202,0.916301001648282,ERAP1,ENSG00000164307,BBJ_Graves,1.02426639957961,0.654956820279919,1.60181805093562,,,,,,,2,1,0,1,log_odds,log_odds,FALSE
Wald ratio,1,0.0169291677817151,0.406445265404754,0.966776296509799,ERBB2,ENSG00000141736,BBJ_Graves,1.01707327821729,0.458541924806402,2.25592905970467,,,,,,,1,1,0,0,log_odds,log_odds,FALSE
Wald ratio,1,0.16012571913481,0.280619000015497,0.568259903084454,ERBB2IP,ENSG00000112851,BBJ_Graves,1.17365841303744,0.67713303353213,2.03427392001278,,,,,,,2,1,0,1,log_odds,log_odds,FALSE
Wald ratio,1,-0.517787405236976,0.206194091240111,0.0120333404418274,ERBB3,ENSG00000065361,BBJ_Graves,0.595837437355177,0.397751506559194,0.89257299067238,,,,,,,1,1,0,0,log_odds,log_odds,FALSE
Wald ratio,1,0.206089912210183,0.171798758421564,0.230294451532072,ERCC5,ENSG00000134899,BBJ_Graves,1.22886368887855,0.877537443149977,1.72084505069501,,,,,,,1,1,0,0,log_odds,log_odds,FALSE
Wald ratio,1,-0.00417126624588552,0.188995110646628,0.982391508747635,EREG,ENSG00000124882,BBJ_Graves,0.995837421401467,0.68756309224542,1.44232897467618,,,,,,,1,1,1,0,log_odds,log_odds,FALSE
Wald ratio,1,-0.0893803726279601,0.0716053607151276,0.211944727829494,ERN1,ENSG00000178607,BBJ_Graves,0.914497657532518,0.794750635451847,1.05228725631278,,,,,,,2,1,0,1,log_odds,log_odds,FALSE
Inverse variance weighted,4,0.0324431262387914,0.108583653324304,0.765104382158496,ERO1L,ENSG00000197930,BBJ_Graves,1.03297514229172,0.834952172448253,1.27796259450865,0.0436711467111237,0.668876875653125,10.547504068298,0.0144420881011112,,,6,4,0,2,log_odds,log_odds,FALSE
MR Egger,4,-0.0964734507017027,0.288489488466342,0.76988315406019,ERO1L,ENSG00000197930,BBJ_Graves,0.908034004945393,0.515863621374487,1.59834056904473,0.0436711467111237,0.668876875653125,10.547504068298,0.0144420881011112,,,6,4,0,2,log_odds,log_odds,FALSE
Weighted median,4,0.0207128663377036,0.0680259005340233,0.760758418701334,ERO1L,ENSG00000197930,BBJ_Graves,1.0209288665035,0.893491999345246,1.16654178350105,0.0436711467111237,0.668876875653125,10.547504068298,0.0144420881011112,,,6,4,0,2,log_odds,log_odds,FALSE
Weighted mode,4,0.0235788800078921,0.386341256304423,0.95517272415468,ERO1L,ENSG00000197930,BBJ_Graves,1.02385905957216,0.480153236965845,2.18323504490412,0.0436711467111237,0.668876875653125,10.547504068298,0.0144420881011112,,,6,4,0,2,log_odds,log_odds,FALSE
Wald ratio,1,0.116911309731674,0.165604896873528,0.480209720572346,ERP29,ENSG00000089248,BBJ_Graves,1.1240197356577,0.812471625263689,1.55503321822218,,,,,,,1,1,0,0,log_odds,log_odds,FALSE
Wald ratio,1,-1.07081397927663,0.658836942846856,0.10409661622641,ERP44,ENSG00000023318,BBJ_Graves,0.342729429195244,0.0942189087930333,1.24670793942779,,,,,,,1,1,0,0,log_odds,log_odds,FALSE
Wald ratio,1,-0.761977478095027,0.402692449877316,0.0584634042306093,ESAM,ENSG00000149564,BBJ_Graves,0.466742540678274,0.211981837562628,1.02767577535717,,,,,,,1,1,0,0,log_odds,log_odds,FALSE
Wald ratio,1,0.162863802776834,0.168203215163715,0.332916442982785,ESM1,ENSG00000164283,BBJ_Graves,1.1768763914761,0.846356596818674,1.6364710170866,,,,,,,1,1,0,0,log_odds,log_odds,FALSE
Wald ratio,1,0.768391835766701,0.296167500386121,0.00947423329535263,ESR1,ENSG00000091831,BBJ_Graves,2.15629578623213,1.20671710378141,3.85310815861667,,,,,,,1,1,0,0,log_odds,log_odds,FALSE
Wald ratio,1,0.175540611898209,0.159758562824271,0.271861038710599,ESR2,ENSG00000140009,BBJ_Graves,1.19189039259967,0.871459252039503,1.63014243597358,,,,,,,2,1,0,1,log_odds,log_odds,FALSE
Wald ratio,1,-0.0162947221153522,0.0192986198241037,0.398475808536838,ESRRA,ENSG00000173153,BBJ_Graves,0.983837318706747,0.947318405393699,1.02176402798573,,,,,,,1,1,0,0,log_odds,log_odds,FALSE
Wald ratio,1,0.00133624153348021,0.227965171004844,0.995323143535025,EVI2B,ENSG00000185862,BBJ_Graves,1.00133713470198,0.640519640599107,1.56541032277376,,,,,,,1,1,0,0,log_odds,log_odds,FALSE
Wald ratio,1,0.0933739474762303,0.0652450807162281,0.152394036267039,EXTL2,ENSG00000162694,BBJ_Graves,1.09787220505653,0.966082146377183,1.24764067233378,,,,,,,2,1,0,1,log_odds,log_odds,FALSE
Wald ratio,1,0.276080672375373,0.354299302207251,0.435844195928158,F10,ENSG00000126218,BBJ_Graves,1.31795418223329,0.658134500855228,2.63928304048645,,,,,,,1,1,0,0,log_odds,log_odds,FALSE
Wald ratio,1,-0.256369820170547,0.221488036655114,0.247072899851269,F11R,ENSG00000158769,BBJ_Graves,0.773855728409318,0.501332175819117,1.19452274814291,,,,,,,1,1,0,0,log_odds,log_odds,FALSE
Wald ratio,1,-0.158112844986877,0.272106894994905,0.561194040758166,F12,ENSG00000131187,BBJ_Graves,0.853753434737294,0.5008531377086,1.45530670060372,,,,,,,1,1,0,0,log_odds,log_odds,FALSE
Inverse variance weighted,2,0.0776061663110963,0.235562263974802,0.741815008066559,F13A1,ENSG00000124491,BBJ_Graves,1.08069695997801,0.681066129504461,1.71482014552018,,,0.372437414652536,0.541678656846036,,,3,2,1,1,log_odds,log_odds,FALSE
Inverse variance weighted,2,-0.0705822971073915,0.120663741049235,0.558581104359841,F2R,ENSG00000181104,BBJ_Graves,0.931851047724339,0.735589375576477,1.18047704871272,,,1.9537436519441,0.162184007116192,,,3,2,0,1,log_odds,log_odds,FALSE
Inverse variance weighted,4,0.0480885556768765,0.079362399221966,0.544557077516961,F2RL1,ENSG00000164251,BBJ_Graves,1.04926356945599,0.898110877410358,1.22585536583417,0.0164867890618495,0.940761606003167,4.07862238218768,0.253098530931851,,,6,4,1,2,log_odds,log_odds,FALSE
MR Egger,4,0.00719748413376762,0.496811381991199,0.989756428698727,F2RL1,ENSG00000164251,BBJ_Graves,1.00722344827749,0.380392058754318,2.66698279160244,0.0164867890618495,0.940761606003167,4.07862238218768,0.253098530931851,,,6,4,1,2,log_odds,log_odds,FALSE
Weighted median,4,0.0773966862343589,0.0820733675641476,0.345671550864398,F2RL1,ENSG00000164251,BBJ_Graves,1.08047059920576,0.919921338530898,1.26903971769196,0.0164867890618495,0.940761606003167,4.07862238218768,0.253098530931851,,,6,4,1,2,log_odds,log_odds,FALSE
Weighted mode,4,0.0929888267672024,0.173405081941616,0.628997536343401,F2RL1,ENSG00000164251,BBJ_Graves,1.09744947314113,0.781230425318014,1.54166467032755,0.0164867890618495,0.940761606003167,4.07862238218768,0.253098530931851,,,6,4,1,2,log_odds,log_odds,FALSE
Wald ratio,1,0.131591603213257,0.241580090831635,0.585951528372614,F2RL3,ENSG00000127533,BBJ_Graves,1.14064238944492,0.710415424718523,1.83141443066796,,,,,,,1,1,0,0,log_odds,log_odds,FALSE
Inverse variance weighted,3,0.0424974925450287,0.0727364798349351,0.559040989525717,F5,ENSG00000198734,BBJ_Graves,1.04341344005818,0.904777693560868,1.20329183029401,-0.0188294384007806,0.679375046529229,0.588006795441045,0.745273959206361,,,3,3,0,0,log_odds,log_odds,FALSE
MR Egger,3,0.0983383438194584,0.124739962699477,0.574995951168171,F5,ENSG00000198734,BBJ_Graves,1.10333602888874,0.864026375822658,1.40892735072459,-0.0188294384007806,0.679375046529229,0.588006795441045,0.745273959206361,,,3,3,0,0,log_odds,log_odds,FALSE
Weighted median,3,0.0540718682165921,0.0749408591802606,0.470585212416065,F5,ENSG00000198734,BBJ_Graves,1.05556046067695,0.911364624126528,1.22257091909007,-0.0188294384007806,0.679375046529229,0.588006795441045,0.745273959206361,,,3,3,0,0,log_odds,log_odds,FALSE
Weighted mode,3,0.063384288401195,0.177558566814603,0.755255973838564,F5,ENSG00000198734,BBJ_Graves,1.06543619534295,0.752292173006597,1.50892741819993,-0.0188294384007806,0.679375046529229,0.588006795441045,0.745273959206361,,,3,3,0,0,log_odds,log_odds,FALSE
Wald ratio,1,0.123359899381706,0.626353501362438,0.843867193669091,F7,ENSG00000057593,BBJ_Graves,1.13129149880051,0.331445143300742,3.86133416381677,,,,,,,1,1,0,0,log_odds,log_odds,FALSE
Inverse variance weighted,3,-0.0538372351651252,0.0704562377710914,0.4447939185102,FAM19A1,ENSG00000183662,BBJ_Graves,0.94758632768272,0.82536343597551,1.08790844041929,-0.0280465160767953,0.555847062100635,0.824483570366946,0.662164155213722,,,3,3,0,0,log_odds,log_odds,FALSE
MR Egger,3,0.0252110703174328,0.117708935650404,0.865677275242008,FAM19A1,ENSG00000183662,BBJ_Graves,1.02553155695324,0.814241361886143,1.29165014642672,-0.0280465160767953,0.555847062100635,0.824483570366946,0.662164155213722,,,3,3,0,0,log_odds,log_odds,FALSE
Weighted median,3,-0.0499286200461517,0.0714154535397177,0.484471369086419,FAM19A1,ENSG00000183662,BBJ_Graves,0.951297325636495,0.827039428143728,1.09422425457312,-0.0280465160767953,0.555847062100635,0.824483570366946,0.662164155213722,,,3,3,0,0,log_odds,log_odds,FALSE
Weighted mode,3,-0.0401571476470171,0.250110933561883,0.887193484597304,FAM19A1,ENSG00000183662,BBJ_Graves,0.960638465215592,0.588384532830435,1.56840672954555,-0.0280465160767953,0.555847062100635,0.824483570366946,0.662164155213722,,,3,3,0,0,log_odds,log_odds,FALSE
Wald ratio,1,-0.197831820489706,0.197405769218506,0.316267167679756,FAM20A,ENSG00000108950,BBJ_Graves,0.820507834140455,0.557246756010989,1.20814181262382,,,,,,,1,1,0,0,log_odds,log_odds,FALSE
Inverse variance weighted,2,0.0159420798329015,0.0762247167349547,0.834334417147615,FAM20C,ENSG00000177706,BBJ_Graves,1.01606983276724,0.87506390153306,1.17979715909997,,,2.99836646806465,0.0833485152262817,,,3,2,0,1,log_odds,log_odds,FALSE
Wald ratio,1,0.0113662893142337,0.0879182548499986,0.897134140411517,FAM3B,ENSG00000183844,BBJ_Graves,1.0114311310176,0.851331665458887,1.20163853207566,,,,,,,7,1,0,6,log_odds,log_odds,FALSE
Wald ratio,1,4.73312309491962,5.1443139538397,0.357536773994933,FAM3C,ENSG00000196937,BBJ_Graves,113.649948246196,0.0047494224651776,2719553.97336504,,,,,,,1,1,0,0,log_odds,log_odds,FALSE
Wald ratio,1,0.0294427825780969,0.0998748177448466,0.768149065916485,FARS2,ENSG00000145982,BBJ_Graves,1.02988050667857,0.846782115366085,1.25256998085979,,,,,,,2,1,0,1,log_odds,log_odds,FALSE
Inverse variance weighted,3,-0.0487020679710748,0.0829305002345081,0.557026652529335,FAS,ENSG00000026103,BBJ_Graves,0.952464857218039,0.809575009667658,1.12057473785881,-0.00704106487134828,0.875338952494405,0.0400253866400707,0.980186231410262,,,3,3,0,0,log_odds,log_odds,FALSE
MR Egger,3,-0.020085298111852,0.166404963292841,0.923529086977562,FAS,ENSG00000026103,BBJ_Graves,0.98011506777643,0.707343393319163,1.35807523637808,-0.00704106487134828,0.875338952494405,0.0400253866400707,0.980186231410262,,,3,3,0,0,log_odds,log_odds,FALSE
Weighted median,3,-0.0476936710881332,0.0823029641291014,0.562259195385091,FAS,ENSG00000026103,BBJ_Graves,0.95342580423773,0.811389165795913,1.12032647526749,-0.00704106487134828,0.875338952494405,0.0400253866400707,0.980186231410262,,,3,3,0,0,log_odds,log_odds,FALSE
Weighted mode,3,-0.046268358528308,0.209244022574843,0.84552037414021,FAS,ENSG00000026103,BBJ_Graves,0.954785702921487,0.633568824926885,1.43885826233398,-0.00704106487134828,0.875338952494405,0.0400253866400707,0.980186231410262,,,3,3,0,0,log_odds,log_odds,FALSE
Wald ratio,1,0.068880489073632,0.28956845773497,0.811979674186453,FASLG,ENSG00000117560,BBJ_Graves,1.07130816846573,0.607335642263235,1.88973133133516,,,,,,,1,1,0,0,log_odds,log_odds,FALSE
Wald ratio,1,0.138808395981979,0.11504358257562,0.227596913305877,FASN,ENSG00000169710,BBJ_Graves,1.14890394430087,0.916973206439548,1.43949710194408,,,,,,,1,1,0,0,log_odds,log_odds,FALSE
Wald ratio,1,-0.146813340425461,0.41482926826134,0.723404319766827,FAT4,ENSG00000196159,BBJ_Graves,0.863455134543139,0.382939331318182,1.94692659749132,,,,,,,1,1,0,0,log_odds,log_odds,FALSE
Wald ratio,1,0.342321982028714,0.629831489198538,0.586776227507738,FBLN2,ENSG00000163520,BBJ_Graves,1.40821364401144,0.409774718733115,4.83940462044836,,,,,,,1,1,1,0,log_odds,log_odds,FALSE
Inverse variance weighted,2,-0.00639630027418207,0.0267727978081043,0.811175048254917,FBLN5,ENSG00000140092,BBJ_Graves,0.993624112509131,0.942828401280384,1.0471564874571,,,1.00414086632781,0.316310609661308,,,7,2,0,5,log_odds,log_odds,FALSE
Wald ratio,1,-0.00947148701209864,0.877660074984792,0.991389597423777,FBLN7,ENSG00000144152,BBJ_Graves,0.990573226242656,0.177340221860989,5.53306692780583,,,,,,,2,1,0,1,log_odds,log_odds,FALSE
Wald ratio,1,0.256338671725839,0.131297318419835,0.0508963467952529,FBN1,ENSG00000166147,BBJ_Graves,1.29219028215487,0.998996431534963,1.67143312286902,,,,,,,1,1,0,0,log_odds,log_odds,FALSE
Inverse variance weighted,4,-0.20602760630933,0.272117637758887,0.448973789303044,FBN2,ENSG00000138829,BBJ_Graves,0.813810609665385,0.477410688513989,1.38724943604722,-0.0614218685705163,0.725821187618968,6.60648105915651,0.0855564294820792,,,6,4,2,2,log_odds,log_odds,FALSE
MR Egger,4,0.0907719447465802,0.802860085577297,0.920308257275982,FBN2,ENSG00000138829,BBJ_Graves,1.09501925188777,0.226993516635677,5.28238506445696,-0.0614218685705163,0.725821187618968,6.60648105915651,0.0855564294820792,,,6,4,2,2,log_odds,log_odds,FALSE
Weighted median,4,-0.12968214331898,0.203553763712287,0.524065978713989,FBN2,ENSG00000138829,BBJ_Graves,0.878374583782803,0.589401584594294,1.30902584859302,-0.0614218685705163,0.725821187618968,6.60648105915651,0.0855564294820792,,,6,4,2,2,log_odds,log_odds,FALSE
Weighted mode,4,-0.109896025918766,0.83293108790067,0.90338426185069,FBN2,ENSG00000138829,BBJ_Graves,0.895927283670108,0.175092485129507,4.58435264672148,-0.0614218685705163,0.725821187618968,6.60648105915651,0.0855564294820792,,,6,4,2,2,log_odds,log_odds,FALSE
Inverse variance weighted,3,0.00367246862219565,0.116124234214893,0.974770833496981,FBP1,ENSG00000165140,BBJ_Graves,1.00367922039778,0.799370264684423,1.26020696786363,0.0920626009776488,0.35008995004771,2.84115869355441,0.241574021217281,,,5,3,1,2,log_odds,log_odds,FALSE
MR Egger,3,-0.110852354820174,0.120087367182984,0.525444131484666,FBP1,ENSG00000165140,BBJ_Graves,0.895070892076459,0.707354308891085,1.13260340931337,0.0920626009776488,0.35008995004771,2.84115869355441,0.241574021217281,,,5,3,1,2,log_odds,log_odds,FALSE
Weighted median,3,-0.0154799638532123,0.106455293401612,0.884384947533329,FBP1,ENSG00000165140,BBJ_Graves,0.984639234930338,0.799209360866576,1.21309192614181,0.0920626009776488,0.35008995004771,2.84115869355441,0.241574021217281,,,5,3,1,2,log_odds,log_odds,FALSE
Weighted mode,3,-0.0312301776002506,0.290351955842524,0.924162812076147,FBP1,ENSG00000165140,BBJ_Graves,0.969252447195389,0.548636038403331,1.71233794471156,0.0920626009776488,0.35008995004771,2.84115869355441,0.241574021217281,,,5,3,1,2,log_odds,log_odds,FALSE
Wald ratio,1,-0.0127433164496217,0.0733867673397055,0.862143701428379,FCAR,ENSG00000186431,BBJ_Graves,0.987337535801101,0.855061929559232,1.14007579556758,,,,,,,3,1,0,2,log_odds,log_odds,FALSE
Inverse variance weighted,2,-0.00653676954264048,0.140866891233303,0.962988348433402,FCER1A,ENSG00000179639,BBJ_Graves,0.99348454865937,0.753794212186909,1.30939125356427,,,0.608124109737457,0.435494991453983,,,4,2,1,2,log_odds,log_odds,FALSE
Inverse variance weighted,2,-0.0880436669270019,0.106700124588423,0.409286121454177,FCER2,ENSG00000104921,BBJ_Graves,0.915720889133044,0.742913314153257,1.12872488730445,,,0.225618857829185,0.634791581660815,,,4,2,0,2,log_odds,log_odds,FALSE
Inverse variance weighted,5,-0.0686484303263963,0.0454489060196001,0.130927907876109,FCGBP,ENSG00000090920,BBJ_Graves,0.933654867121408,0.854081816323618,1.02064157582907,0.0524434327590529,0.201176600411639,3.82568931673149,0.430109905469095,,,7,5,1,2,log_odds,log_odds,FALSE
MR Egger,5,-0.15857680267018,0.0714274705507175,0.113031667622812,FCGBP,ENSG00000090920,BBJ_Graves,0.853357421145479,0.741874902568538,0.981592564599241,0.0524434327590529,0.201176600411639,3.82568931673149,0.430109905469095,,,7,5,1,2,log_odds,log_odds,FALSE
Weighted median,5,-0.0663512107216961,0.0530298185053227,0.210859442346791,FCGBP,ENSG00000090920,BBJ_Graves,0.9358021428238,0.843420480258902,1.03830256794902,0.0524434327590529,0.201176600411639,3.82568931673149,0.430109905469095,,,7,5,1,2,log_odds,log_odds,FALSE
Weighted mode,5,-0.0638260000782842,0.127839543267065,0.643802829610423,FCGBP,ENSG00000090920,BBJ_Graves,0.938168226527547,0.730233082371941,1.205313265741,0.0524434327590529,0.201176600411639,3.82568931673149,0.430109905469095,,,7,5,1,2,log_odds,log_odds,FALSE
Wald ratio,1,0.0974457504949571,0.126966546416957,0.442789320042745,FCGR2B,ENSG00000072694,BBJ_Graves,1.10235163791044,0.859496367483019,1.41382695678215,,,,,,,8,1,0,7,log_odds,log_odds,FALSE
Inverse variance weighted,2,0.00230707439200182,0.0418112973299774,0.955996453181395,FCGR2C,ENSG00000244682,BBJ_Graves,1.00230973773591,0.923445894614036,1.08790868660489,,,3.54681736439934,0.0596597782940888,,,8,2,0,6,log_odds,log_odds,FALSE
Inverse variance weighted,4,0.0070405085775775,0.00607235981033153,0.246278777546625,FCGR3B,ENSG00000162747,BBJ_Graves,1.0070653512255,0.995150480424935,1.01912287798512,0.0716661986578673,0.314737595683702,2.44868843139259,0.484635640680141,,,9,4,0,5,log_odds,log_odds,FALSE
MR Egger,4,-0.0137617606251768,0.0167710874177975,0.498135132601579,FCGR3B,ENSG00000162747,BBJ_Graves,0.986332499512006,0.954437524151733,1.01929332719628,0.0716661986578673,0.314737595683702,2.44868843139259,0.484635640680141,,,9,4,0,5,log_odds,log_odds,FALSE
Weighted median,4,0.00485323918626129,0.00666069562259381,0.466222828944244,FCGR3B,ENSG00000162747,BBJ_Graves,1.00486503522684,0.991831818141769,1.01806951597223,0.0716661986578673,0.314737595683702,2.44868843139259,0.484635640680141,,,9,4,0,5,log_odds,log_odds,FALSE
Weighted mode,4,0.00515702208791855,0.0199995322390331,0.813193918794334,FCGR3B,ENSG00000162747,BBJ_Graves,1.00517034241422,0.966530850431212,1.04535454488427,0.0716661986578673,0.314737595683702,2.44868843139259,0.484635640680141,,,9,4,0,5,log_odds,log_odds,FALSE
Inverse variance weighted,2,0.0276863914059419,0.161219551806112,0.863649030181021,FCGRT,ENSG00000104870,BBJ_Graves,1.02807322126295,0.749533751723369,1.41012268740109,,,0.0245059514099306,0.87560442232084,,,2,2,0,0,log_odds,log_odds,FALSE
Inverse variance weighted,3,0.0517453756001967,0.142943002906721,0.717351985753865,FCN1,ENSG00000085265,BBJ_Graves,1.05310756149132,0.795787642032073,1.39363251889441,0.0890408892508428,0.283911858617147,4.50150931189958,0.105319714415121,,,4,3,0,1,log_odds,log_odds,FALSE
MR Egger,3,-0.313224514176142,0.19880786905049,0.360042810926832,FCN1,ENSG00000085265,BBJ_Graves,0.731085755025745,0.495153265277305,1.07943624465898,0.0890408892508428,0.283911858617147,4.50150931189958,0.105319714415121,,,4,3,0,1,log_odds,log_odds,FALSE
Weighted median,3,0.0352226028249893,0.109428866721234,0.747546103093061,FCN1,ENSG00000085265,BBJ_Graves,1.03585026633284,0.83589023200418,1.28364435087269,0.0890408892508428,0.283911858617147,4.50150931189958,0.105319714415121,,,4,3,0,1,log_odds,log_odds,FALSE
Weighted mode,3,-0.0641309779623479,0.307723417208349,0.854210189967456,FCN1,ENSG00000085265,BBJ_Graves,0.937882149592712,0.513108027688551,1.71430357557875,0.0890408892508428,0.283911858617147,4.50150931189958,0.105319714415121,,,4,3,0,1,log_odds,log_odds,FALSE
Wald ratio,1,-0.631904373964572,0.186342638120977,0.00069615621814631,FCRL1,ENSG00000163534,BBJ_Graves,0.531578512193968,0.368934578506017,0.765923638197942,,,,,,,1,1,1,0,log_odds,log_odds,FALSE
Wald ratio,1,-1.00960916310876,0.283019163290779,0.000360703258723963,FCRL2,ENSG00000132704,BBJ_Graves,0.36436135760671,0.209228834690961,0.634516743894765,,,,,,,1,1,1,0,log_odds,log_odds,FALSE
Inverse variance weighted,4,0.0964049326409716,0.0917361968685468,0.293307708163051,FCRL3,ENSG00000160856,BBJ_Graves,1.10120488752699,0.919984908184043,1.31812184474525,-0.0646416341942604,0.369936539234779,11.1997880022757,0.0106931757898006,,,4,4,2,0,log_odds,log_odds,FALSE
MR Egger,4,0.226490536902106,0.143054949816597,0.254203953165416,FCRL3,ENSG00000160856,BBJ_Graves,1.25419074124798,0.947529540940057,1.66010065910091,-0.0646416341942604,0.369936539234779,11.1997880022757,0.0106931757898006,,,4,4,2,0,log_odds,log_odds,FALSE
Weighted median,4,0.157011350260317,0.0559765473260785,0.00503245701575613,FCRL3,ENSG00000160856,BBJ_Graves,1.17000889373107,1.04843368042673,1.30568183468946,-0.0646416341942604,0.369936539234779,11.1997880022757,0.0106931757898006,,,4,4,2,0,log_odds,log_odds,FALSE
Weighted mode,4,0.15358954274356,0.276697891509477,0.617543394592179,FCRL3,ENSG00000160856,BBJ_Graves,1.16601219037832,0.677911639595609,2.00554814034741,-0.0646416341942604,0.369936539234779,11.1997880022757,0.0106931757898006,,,4,4,2,0,log_odds,log_odds,FALSE
Inverse variance weighted,3,-0.104055200731252,0.185948854764646,0.575758829811226,FCRL5,ENSG00000143297,BBJ_Graves,0.901175550498811,0.625931113624843,1.29745487185285,-0.0457422335456931,0.887311726654275,11.3702454493777,0.00339611643672296,,,4,3,1,1,log_odds,log_odds,FALSE
MR Egger,3,0.0332371646090637,0.809979120458947,0.973891213657274,FCRL5,ENSG00000143297,BBJ_Graves,1.03379568992028,0.211332636298515,5.05711539503115,-0.0457422335456931,0.887311726654275,11.3702454493777,0.00339611643672296,,,4,3,1,1,log_odds,log_odds,FALSE
Weighted median,3,-0.0707685072195236,0.0990458812731405,0.474916651645608,FCRL5,ENSG00000143297,BBJ_Graves,0.931677543790847,0.767283875577562,1.13129321915015,-0.0457422335456931,0.887311726654275,11.3702454493777,0.00339611643672296,,,4,3,1,1,log_odds,log_odds,FALSE
Weighted mode,3,-0.306774003156686,0.412858215553251,0.534877995596853,FCRL5,ENSG00000143297,BBJ_Graves,0.735816874408776,0.327595355111175,1.65272939380035,-0.0457422335456931,0.887311726654275,11.3702454493777,0.00339611643672296,,,4,3,1,1,log_odds,log_odds,FALSE
Inverse variance weighted,2,0.0206406336149309,0.181190952137665,0.909304009599333,FCRL6,ENSG00000181036,BBJ_Graves,1.02085512469503,0.715700401982102,1.4561193241333,,,1.03085313587908,0.309958374804158,,,5,2,0,3,log_odds,log_odds,FALSE
Inverse variance weighted,2,0.141094298444236,0.188210669244879,0.453458582036831,FCRLA,ENSG00000132185,BBJ_Graves,1.15153323065721,0.796284604837392,1.66526989628115,,,1.00013086691656,0.317278843972177,,,2,2,0,0,log_odds,log_odds,FALSE
Inverse variance weighted,3,-0.0883422615772632,0.0700999692626965,0.207585491321054,FDFT1,ENSG00000079459,BBJ_Graves,0.915447500592626,0.797926970541615,1.05027672616761,0.0450376239285109,0.503020707151652,2.09069881942904,0.351568956305885,,,4,3,1,1,log_odds,log_odds,FALSE
MR Egger,3,-0.226611682706738,0.156350258194019,0.384485042476522,FDFT1,ENSG00000079459,BBJ_Graves,0.797230300503011,0.586807654237607,1.08310814872699,0.0450376239285109,0.503020707151652,2.09069881942904,0.351568956305885,,,4,3,1,1,log_odds,log_odds,FALSE
Weighted median,3,-0.0925165742937411,0.0696685630954075,0.184193648727504,FDFT1,ENSG00000079459,BBJ_Graves,0.911634101147868,0.795275281711208,1.04501768568418,0.0450376239285109,0.503020707151652,2.09069881942904,0.351568956305885,,,4,3,1,1,log_odds,log_odds,FALSE
Weighted mode,3,-0.123184416382749,0.221802318055246,0.634464287195443,FDFT1,ENSG00000079459,BBJ_Graves,0.884100604890491,0.572400155423113,1.36553750407345,0.0450376239285109,0.503020707151652,2.09069881942904,0.351568956305885,,,4,3,1,1,log_odds,log_odds,FALSE
Inverse variance weighted,2,-0.370437315188764,0.276033154624525,0.179595030479238,FER,ENSG00000151422,BBJ_Graves,0.690432328063135,0.401936043716443,1.18600162161864,,,0.0015857420925044,0.96823553310184,,,2,2,0,0,log_odds,log_odds,FALSE
Inverse variance weighted,4,-0.0475133468256271,0.174847050108213,0.785820141976699,FES,ENSG00000182511,BBJ_Graves,0.953597745544862,0.676912294260412,1.34337737402419,0.1033952406299,0.216040379802123,15.543968782149,0.00140614304559797,,,4,4,0,0,log_odds,log_odds,FALSE
MR Egger,4,-0.42472498732302,0.249575392306306,0.230902605582617,FES,ENSG00000182511,BBJ_Graves,0.6539496048338,0.400960341229556,1.06656454937883,0.1033952406299,0.216040379802123,15.543968782149,0.00140614304559797,,,4,4,0,0,log_odds,log_odds,FALSE
Weighted median,4,-0.00694768347054218,0.0989571052117189,0.944027278299269,FES,ENSG00000182511,BBJ_Graves,0.993076395884743,0.817991274190133,1.20563722276847,0.1033952406299,0.216040379802123,15.543968782149,0.00140614304559797,,,4,4,0,0,log_odds,log_odds,FALSE
Weighted mode,4,-0.0185579487685045,0.298408185538584,0.954323192271473,FES,ENSG00000182511,BBJ_Graves,0.981613189668113,0.546928065552771,1.76177547801748,0.1033952406299,0.216040379802123,15.543968782149,0.00140614304559797,,,4,4,0,0,log_odds,log_odds,FALSE
Wald ratio,1,-0.0909510948520138,0.67028744019203,0.892066598663448,FFAR2,ENSG00000126262,BBJ_Graves,0.913062363257388,0.245437124239283,3.39672688791931,,,,,,,1,1,0,0,log_odds,log_odds,FALSE
Inverse variance weighted,2,0.0787122506320396,0.0996639533713022,0.429658291694541,FFAR3,ENSG00000185897,BBJ_Graves,1.08189296325943,0.889915203309264,1.31528529864155,,,0.000719221647379056,0.978604650746549,,,2,2,2,0,log_odds,log_odds,FALSE
Wald ratio,1,-0.214632740548877,0.117230422037215,0.0671211235670923,FFAR4,ENSG00000186188,BBJ_Graves,0.806837704543569,0.641206085340631,1.01525406005358,,,,,,,2,1,0,1,log_odds,log_odds,FALSE
Wald ratio,1,6.85310749452601e-05,0.325371293246673,0.999831946187741,FGF17,ENSG00000158815,BBJ_Graves,1.00006853342325,0.528528153936053,1.89230614130036,,,,,,,1,1,0,0,log_odds,log_odds,FALSE
Wald ratio,1,-0.0180385624608226,0.297263783989855,0.951612463104459,FGF2,ENSG00000138685,BBJ_Graves,0.982123158542228,0.548440995645869,1.75874142560959,,,,,,,1,1,0,0,log_odds,log_odds,FALSE
Wald ratio,1,0.652008579691117,0.467250738457967,0.16289080122127,FGF9,ENSG00000102678,BBJ_Graves,1.91939221203058,0.768124946980435,4.79618124380158,,,,,,,2,1,1,1,log_odds,log_odds,FALSE
Wald ratio,1,-0.0694246599746213,0.0924379473965222,0.452628166811317,FGFBP2,ENSG00000137441,BBJ_Graves,0.932930417738259,0.778331279061765,1.11823742377468,,,,,,,1,1,0,0,log_odds,log_odds,FALSE
Wald ratio,1,-0.303971772059015,0.348515821993508,0.383105113852839,FGFBP3,ENSG00000174721,BBJ_Graves,0.737881695037557,0.372669696745533,1.46099723327726,,,,,,,1,1,0,0,log_odds,log_odds,FALSE
Wald ratio,1,0.00610681770965068,0.109797633389486,0.95564545046529,FGFR1,ENSG00000077782,BBJ_Graves,1.00612550233609,0.811316904299083,1.24771038429872,,,,,,,3,1,0,2,log_odds,log_odds,FALSE
Wald ratio,1,-0.138001203753414,0.112915085679291,0.221644104619866,FGFR2,ENSG00000066468,BBJ_Graves,0.871097643158405,0.69815455747462,1.08688125830033,,,,,,,2,1,0,1,log_odds,log_odds,FALSE
Wald ratio,1,0.0568593906798451,1.12568503517343,0.959715244835144,FGFR4,ENSG00000160867,BBJ_Graves,1.05850696398656,0.116544363223569,9.61382397069433,,,,,,,2,1,0,1,log_odds,log_odds,FALSE
Inverse variance weighted,2,0.201627411663602,0.252187063623425,0.423991688174256,FGFRL1,ENSG00000127418,BBJ_Graves,1.22339210155602,0.746276403715217,2.00554141427845,,,0.978552583810672,0.322556411329428,,,3,2,1,1,log_odds,log_odds,FALSE
Inverse variance weighted,3,0.115006832562024,0.125772557509781,0.360505006364071,FGL2,ENSG00000127951,BBJ_Graves,1.12188110286797,0.87677280439284,1.43551123240397,-0.0394405622503924,0.532257790009154,1.59103350475583,0.451347939528789,,,4,3,0,1,log_odds,log_odds,FALSE
MR Egger,3,0.370996794008517,0.310001865150128,0.443131695998195,FGL2,ENSG00000127951,BBJ_Graves,1.4491784273255,0.789301531702896,2.660729809677,-0.0394405622503924,0.532257790009154,1.59103350475583,0.451347939528789,,,4,3,0,1,log_odds,log_odds,FALSE
Weighted median,3,0.125364127066387,0.138826535376018,0.3665114991579,FGL2,ENSG00000127951,BBJ_Graves,1.13356113821918,0.863522018774989,1.48804642631306,-0.0394405622503924,0.532257790009154,1.59103350475583,0.451347939528789,,,4,3,0,1,log_odds,log_odds,FALSE
Weighted mode,3,0.123077371861252,0.282948618604619,0.706013731471385,FGL2,ENSG00000127951,BBJ_Graves,1.13097192296505,0.649532815041798,1.96925768939474,-0.0394405622503924,0.532257790009154,1.59103350475583,0.451347939528789,,,4,3,0,1,log_odds,log_odds,FALSE
Wald ratio,1,-0.908561377450656,0.381232205125741,0.0171617925172809,FGR,ENSG00000000938,BBJ_Graves,0.403103721197886,0.190943730415018,0.850997357652982,,,,,,,1,1,0,0,log_odds,log_odds,FALSE
Inverse variance weighted,2,-0.237915966058143,0.0948316669222256,0.0121133807240132,FKBP11,ENSG00000134285,BBJ_Graves,0.78826892965599,0.654563921857306,0.949285294701069,,,0.0777471135320907,0.780373990438153,,,2,2,0,0,log_odds,log_odds,FALSE
Inverse variance weighted,2,-0.37636158920525,0.350142115911078,0.28242739376403,FKBP15,ENSG00000119321,BBJ_Graves,0.686354109930477,0.345542326129391,1.36331189725816,,,0.222961765180644,0.636792409427586,,,4,2,0,2,log_odds,log_odds,FALSE
Inverse variance weighted,2,0.0389192570455396,0.112905522058763,0.730315099578636,FKBP1A,ENSG00000088832,BBJ_Graves,1.03968653289861,0.833288326719,1.29720776354431,,,0.77585073882538,0.378413142938509,,,4,2,0,2,log_odds,log_odds,FALSE
Wald ratio,1,-0.451097646582368,0.341125453521735,0.18604148006632,FKBP1B,ENSG00000119782,BBJ_Graves,0.636928645235953,0.326376539344097,1.24297567446906,,,,,,,1,1,0,0,log_odds,log_odds,FALSE
Wald ratio,1,-0.211135491091115,0.449999294296501,0.638933320956941,FKBP2,ENSG00000173486,BBJ_Graves,0.809664357141912,0.335164404475358,1.95592480129919,,,,,,,1,1,0,0,log_odds,log_odds,FALSE
Wald ratio,1,-0.0814170929328108,0.160552271132468,0.612080126621884,FKBP4,ENSG00000004478,BBJ_Graves,0.921809131177484,0.672939705255974,1.26271650741572,,,,,,,1,1,0,0,log_odds,log_odds,FALSE
Wald ratio,1,-2.15907035313875,1.04786771608261,0.0393563325281716,FKBP7,ENSG00000079150,BBJ_Graves,0.115432382524786,0.0148035083347198,0.900099802970169,,,,,,,1,1,0,0,log_odds,log_odds,FALSE
Inverse variance weighted,2,-0.199603041351673,0.179866220156355,0.267115149624967,FKBP9,ENSG00000122642,BBJ_Graves,0.819055819845832,0.575715978454136,1.16524894414889,,,0.667564093234175,0.41390216621252,,,2,2,0,0,log_odds,log_odds,FALSE
Inverse variance weighted,2,-0.037974716662943,0.0860453712311376,0.658971477738115,FKRP,ENSG00000181027,BBJ_Graves,0.962737281794682,0.813325692173342,1.13959645278225,,,0.213215821973953,0.644258467539565,,,4,2,0,2,log_odds,log_odds,FALSE
Wald ratio,1,0.435210940489774,0.370012059869115,0.239511989156103,FKTN,ENSG00000106692,BBJ_Graves,1.54528898859035,0.74825406704584,3.19131985167317,,,,,,,1,1,0,0,log_odds,log_odds,FALSE
Wald ratio,1,-0.316305238761351,0.802197935330182,0.693360858181921,FLRT1,ENSG00000126500,BBJ_Graves,0.728836946924139,0.151281461768734,3.51135749873805,,,,,,,1,1,0,0,log_odds,log_odds,FALSE
Inverse variance weighted,3,0.0682227781099705,0.142596440026035,0.632342372448278,FLT1,ENSG00000102755,BBJ_Graves,1.07060378900231,0.809558497816729,1.41582415120986,0.00804368127276207,0.899100791274891,1.13240707251765,0.567676516182458,,,3,3,0,0,log_odds,log_odds,FALSE
MR Egger,3,0.0239964759339223,0.31467041170763,0.951545744686947,FLT1,ENSG00000102755,BBJ_Graves,1.02428670823022,0.55280081566565,1.89790468994471,0.00804368127276207,0.899100791274891,1.13240707251765,0.567676516182458,,,3,3,0,0,log_odds,log_odds,FALSE
Weighted median,3,0.0728117716650559,0.160345204953771,0.649761278580079,FLT1,ENSG00000102755,BBJ_Graves,1.07552807300221,0.785476428474368,1.47268663180973,0.00804368127276207,0.899100791274891,1.13240707251765,0.567676516182458,,,3,3,0,0,log_odds,log_odds,FALSE
Weighted mode,3,0.0750021772677063,0.236520512868693,0.781204756804159,FLT1,ENSG00000102755,BBJ_Graves,1.07788649772954,0.678020315277209,1.71357594427334,0.00804368127276207,0.899100791274891,1.13240707251765,0.567676516182458,,,3,3,0,0,log_odds,log_odds,FALSE
Wald ratio,1,-0.579352667576041,0.46182254286799,0.20966324577345,FLT3,ENSG00000122025,BBJ_Graves,0.560260924267219,0.226609988474163,1.38516534674528,,,,,,,1,1,0,0,log_odds,log_odds,FALSE
Wald ratio,1,-0.0233985315462082,0.199410613645102,0.906591859842474,FLT4,ENSG00000037280,BBJ_Graves,0.976873091442285,0.660840126636212,1.4440422097875,,,,,,,2,1,0,1,log_odds,log_odds,FALSE
Inverse variance weighted,2,0.0240516218836981,0.133506352277057,0.857032149438119,FMO4,ENSG00000076258,BBJ_Graves,1.02434319505108,0.788501611695419,1.33072522070224,,,0.613166856636339,0.433597918214845,,,3,2,0,1,log_odds,log_odds,FALSE
Inverse variance weighted,2,-0.298619212377869,0.275529728398326,0.278453335957916,FMO5,ENSG00000131781,BBJ_Graves,0.741841839848788,0.432290492647352,1.27305440371823,,,1.52250832674573,0.217240302925676,,,3,2,0,1,log_odds,log_odds,FALSE
Inverse variance weighted,2,0.0276460755163068,0.397482888545234,0.944549550648917,FN1,ENSG00000115414,BBJ_Graves,1.02803177441191,0.471696086160756,2.24053020622335,,,3.53748037843533,0.0599965349775027,,,3,2,0,1,log_odds,log_odds,FALSE
Wald ratio,1,0.671299067533281,0.420513798249186,0.110404376466084,FNTA,ENSG00000168522,BBJ_Graves,1.95677765656822,0.858208693086174,4.4615940482674,,,,,,,1,1,0,0,log_odds,log_odds,FALSE
Inverse variance weighted,3,0.00783661117255452,0.0208202164047699,0.70662376888887,FNTB,ENSG00000257365,BBJ_Graves,1.00786739777823,0.967566606054331,1.04984678589375,0.00849957761959308,0.924848692869654,0.0553271081055105,0.972715577967754,,,10,3,1,7,log_odds,log_odds,FALSE
MR Egger,3,0.00211890434173945,0.0525141208100401,0.974326808804756,FNTB,ENSG00000257365,BBJ_Graves,1.00212115080594,0.904105906317332,1.11076234971542,0.00849957761959308,0.924848692869654,0.0553271081055105,0.972715577967754,,,10,3,1,7,log_odds,log_odds,FALSE
Weighted median,3,0.00787816466601287,0.0204799973903439,0.700477435630229,FNTB,ENSG00000257365,BBJ_Graves,1.0079092790597,0.968252256381653,1.04919054731768,0.00849957761959308,0.924848692869654,0.0553271081055105,0.972715577967754,,,10,3,1,7,log_odds,log_odds,FALSE
Weighted mode,3,0.00782862431296449,0.247871096041182,0.977672695746708,FNTB,ENSG00000257365,BBJ_Graves,1.00785934811498,0.620022988175618,1.63829484544055,0.00849957761959308,0.924848692869654,0.0553271081055105,0.972715577967754,,,10,3,1,7,log_odds,log_odds,FALSE
Inverse variance weighted,2,0.104501465253778,0.256589564118246,0.683809025893832,FOLR2,ENSG00000165457,BBJ_Graves,1.11015702052679,0.671383963143361,1.83568371882866,,,0.0244415533930426,0.875766647389321,,,2,2,0,0,log_odds,log_odds,FALSE
Inverse variance weighted,2,-0.116459620393456,0.0550004245570946,0.0342232602338693,FOLR3,ENSG00000110203,BBJ_Graves,0.890066036767419,0.799106977832684,0.991378591081122,,,0.22234272604311,0.637260647188867,,,17,2,1,15,log_odds,log_odds,FALSE
Wald ratio,1,-0.317320606053632,0.459210264327517,0.489556901196049,FOS,ENSG00000170345,BBJ_Graves,0.728097285304481,0.296006837833642,1.7909236852349,,,,,,,2,1,0,1,log_odds,log_odds,FALSE
Wald ratio,1,2.11532519213839,1.27571646966477,0.0972878380466605,FPGS,ENSG00000136877,BBJ_Graves,8.29228191259993,0.680396822577432,101.061523270424,,,,,,,2,1,0,1,log_odds,log_odds,FALSE
Inverse variance weighted,3,-0.0396903555349764,0.206915257701297,0.847883693254539,FPR1,ENSG00000171051,BBJ_Graves,0.961086988349063,0.640667767006519,1.44175850064964,-0.117628713239206,0.589644598812716,5.13923212265252,0.0765649360214479,,,4,3,0,1,log_odds,log_odds,FALSE
MR Egger,3,0.591062260582593,0.871099444185264,0.620468322312154,FPR1,ENSG00000171051,BBJ_Graves,1.80590573935153,0.327491673053627,9.95840751923102,-0.117628713239206,0.589644598812716,5.13923212265252,0.0765649360214479,,,4,3,0,1,log_odds,log_odds,FALSE
Weighted median,3,0.0274301400574329,0.151701601952582,0.856511676924533,FPR1,ENSG00000171051,BBJ_Graves,1.02780980986484,0.763452019009552,1.38370582427025,-0.117628713239206,0.589644598812716,5.13923212265252,0.0765649360214479,,,4,3,0,1,log_odds,log_odds,FALSE
Weighted mode,3,-0.33226902192253,0.375985244042752,0.470067721768152,FPR1,ENSG00000171051,BBJ_Graves,0.717294328996412,0.343282999611783,1.49879590597924,-0.117628713239206,0.589644598812716,5.13923212265252,0.0765649360214479,,,4,3,0,1,log_odds,log_odds,FALSE
Inverse variance weighted,2,-0.031011177465986,0.157461207772172,0.843870678222391,FPR2,ENSG00000171049,BBJ_Graves,0.969464736856344,0.712030063318627,1.31997499042026,,,2.90267930840819,0.0884324515708749,,,6,2,0,4,log_odds,log_odds,FALSE
Inverse variance weighted,2,0.0907902567577758,0.103263381092812,0.37928711119319,FPR3,ENSG00000187474,BBJ_Graves,1.09503930407617,0.894396607008062,1.34069278447164,,,0.0949973600489909,0.757917660774987,,,3,2,0,1,log_odds,log_odds,FALSE
Inverse variance weighted,2,0.250352636462317,0.137560412736525,0.0687671030579202,FSTL1,ENSG00000163430,BBJ_Graves,1.28447829071346,0.98091862639925,1.68197894800975,,,0.138806234851392,0.709470672156241,,,4,2,0,2,log_odds,log_odds,FALSE
Wald ratio,1,-0.0198419939845735,0.192517302884486,0.917910566075258,FSTL3,ENSG00000070404,BBJ_Graves,0.980353562829867,0.672215767343722,1.42973901363694,,,,,,,2,1,0,1,log_odds,log_odds,FALSE
Wald ratio,1,-0.0995496700752139,0.310577149950611,0.74856567420085,FSTL4,ENSG00000053108,BBJ_Graves,0.905244985165317,0.492490117787,1.66392878470177,,,,,,,1,1,0,0,log_odds,log_odds,FALSE
Inverse variance weighted,2,-0.000473562994930239,0.0694251306711774,0.99455750866512,FUCA1,ENSG00000179163,BBJ_Graves,0.999526549118327,0.872365475927922,1.14522336103422,,,0.375337081033173,0.540109377545886,,,4,2,0,2,log_odds,log_odds,FALSE
Wald ratio,1,-0.0679002920911282,0.180485656296487,0.706761674060537,FUCA2,ENSG00000001036,BBJ_Graves,0.934353631379583,0.655962157504955,1.33089492813557,,,,,,,2,1,0,1,log_odds,log_odds,FALSE
Wald ratio,1,0.099742226114625,0.203982096668393,0.624859117203942,FURIN,ENSG00000140564,BBJ_Graves,1.10488607058879,0.740771785165268,1.64797479254529,,,,,,,2,1,0,1,log_odds,log_odds,FALSE
Inverse variance weighted,2,0.294798678892333,0.23630207793956,0.212195865363871,FXYD2,ENSG00000137731,BBJ_Graves,1.34285598621677,0.845055144602904,2.13389884818175,,,0.0558228283730654,0.813224288532461,,,3,2,0,1,log_odds,log_odds,FALSE
Inverse variance weighted,2,0.856017560031167,0.258503995709452,0.00092820878015632,FYN,ENSG00000010810,BBJ_Graves,2.35376826291582,1.41814506928913,3.90667016759216,,,0.0186612053485438,0.891342215967705,,,2,2,0,0,log_odds,log_odds,FALSE
Inverse variance weighted,2,0.160368799767959,0.195509398552758,0.412067144621533,FZD3,ENSG00000104290,BBJ_Graves,1.17394374134507,0.800251183359933,1.72213916892566,,,1.77106849060365,0.183249900179479,,,2,2,0,0,log_odds,log_odds,FALSE
Inverse variance weighted,2,-0.0356693737187895,0.0652687320313541,0.584722164916141,GAA,ENSG00000171298,BBJ_Graves,0.964959281646092,0.849084907786289,1.09664699807538,,,0.528049026079898,0.467428246219154,,,3,2,0,1,log_odds,log_odds,FALSE
Inverse variance weighted,2,0.644052962815633,0.684092181814396,0.346463534607894,GABBR1,ENSG00000204681,BBJ_Graves,1.90418284313281,0.498193006623117,7.27812765710768,,,110.413432969222,7.95442409555839e-26,,,2,2,0,0,log_odds,log_odds,FALSE
Wald ratio,1,0.26993649421693,0.166619474518146,0.105215588132079,GABRD,ENSG00000187730,BBJ_Graves,1.30988126305649,0.944936380630611,1.81577189584066,,,,,,,2,1,0,1,log_odds,log_odds,FALSE
Wald ratio,1,0.452269130421528,0.219523739876324,0.0393766732161707,GABRR2,ENSG00000111886,BBJ_Graves,1.57187493101915,1.02224644257754,2.41702068684778,,,,,,,1,1,0,0,log_odds,log_odds,FALSE
Inverse variance weighted,2,0.139610598478127,0.0980799511037133,0.154609610096176,GALC,ENSG00000054983,BBJ_Graves,1.14982596768811,0.948734672675865,1.39354004238189,,,0.210267248285043,0.646558018166694,,,2,2,0,0,log_odds,log_odds,FALSE
Wald ratio,1,-1.11120325490589,0.393914785207268,0.00478857039036167,GALE,ENSG00000117308,BBJ_Graves,0.329162656114256,0.152091002913014,0.712389635842954,,,,,,,1,1,0,0,log_odds,log_odds,FALSE
Wald ratio,1,0.100268554771772,0.153867976220721,0.51462493791535,GALK1,ENSG00000108479,BBJ_Graves,1.10546775685627,0.817656727801423,1.49458681118518,,,,,,,1,1,0,0,log_odds,log_odds,FALSE
Inverse variance weighted,3,0.051797527964724,0.31327640877208,0.868675355248595,GALNS,ENSG00000141012,BBJ_Graves,1.05316248497294,0.569939973568144,1.94608427412184,-0.0396340593240788,0.764911634691537,3.23691224713354,0.198204466193881,,,4,3,1,1,log_odds,log_odds,FALSE
MR Egger,3,0.374240096277395,0.929946647659254,0.756428644589801,GALNS,ENSG00000141012,BBJ_Graves,1.45388618121455,0.234932901031385,8.99739891112244,-0.0396340593240788,0.764911634691537,3.23691224713354,0.198204466193881,,,4,3,1,1,log_odds,log_odds,FALSE
Weighted median,3,-0.0702561634871263,0.316291811134253,0.824216958390296,GALNS,ENSG00000141012,BBJ_Graves,0.932155005242771,0.501481724805339,1.73269116464102,-0.0396340593240788,0.764911634691537,3.23691224713354,0.198204466193881,,,4,3,1,1,log_odds,log_odds,FALSE
Weighted mode,3,-0.250348611911925,0.457610849321269,0.639212369706093,GALNS,ENSG00000141012,BBJ_Graves,0.778529331159844,0.317503677962823,1.90897920731225,-0.0396340593240788,0.764911634691537,3.23691224713354,0.198204466193881,,,4,3,1,1,log_odds,log_odds,FALSE
Inverse variance weighted,2,-0.0530673448287724,0.201439679185846,0.792211173755207,GALNT1,ENSG00000141429,BBJ_Graves,0.948316146143304,0.63897553224569,1.4074146311604,,,1.71233450126631,0.190682760844173,,,2,2,0,0,log_odds,log_odds,FALSE
Inverse variance weighted,2,0.599208818974987,0.610853793491177,0.326624026922169,GALNT2,ENSG00000143641,BBJ_Graves,1.82067774471345,0.54987482571469,6.02840372949679,,,1.75781981905008,0.18489668448788,,,2,2,0,0,log_odds,log_odds,FALSE
Wald ratio,1,1.7820845767825,0.929055873067755,0.0550898036712222,GAN,ENSG00000261609,BBJ_Graves,5.94223055254012,0.96188061732667,36.7094453339518,,,,,,,1,1,0,0,log_odds,log_odds,FALSE
Wald ratio,1,-0.164348679033505,0.127298406710691,0.196686146713284,GANAB,ENSG00000089597,BBJ_Graves,0.84844613492011,0.661097757854159,1.0888871355387,,,,,,,1,1,0,0,log_odds,log_odds,FALSE
Wald ratio,1,-0.287521129555243,0.462577804824336,0.534229425286001,GANC,ENSG00000214013,BBJ_Graves,0.750120716886406,0.302954203939139,1.85731401837623,,,,,,,2,1,0,1,log_odds,log_odds,FALSE
Wald ratio,1,-0.138367269742262,0.0705802252625107,0.0499460838396454,GAPDH,ENSG00000111640,BBJ_Graves,0.870778822296577,0.758278526778642,0.999969972223102,,,,,,,1,1,0,0,log_odds,log_odds,FALSE
Wald ratio,1,-0.589425589585654,0.306163203049956,0.0542042640616587,GART,ENSG00000159131,BBJ_Graves,0.554645787566729,0.304371748556301,1.01071124742911,,,,,,,1,1,1,0,log_odds,log_odds,FALSE
Wald ratio,1,0.19821789746932,0.157234312373416,0.207433917618179,GAS6,ENSG00000183087,BBJ_Graves,1.2192280315823,0.895868755670415,1.65930219531278,,,,,,,2,1,0,1,log_odds,log_odds,FALSE
Wald ratio,1,0.135885299272031,0.139436942010354,0.329794105225155,GBA,ENSG00000177628,BBJ_Graves,1.1455504905838,0.871611826684153,1.50558526892536,,,,,,,1,1,1,0,log_odds,log_odds,FALSE
Wald ratio,1,-0.220955450107797,0.169922152691736,0.19348672623712,GBA2,ENSG00000070610,BBJ_Graves,0.801752397477472,0.574644971710242,1.11861573407276,,,,,,,4,1,0,3,log_odds,log_odds,FALSE
Wald ratio,1,-0.171487361290847,0.282940075764901,0.544454496395342,GCK,ENSG00000106633,BBJ_Graves,0.842410914939284,0.483816338693503,1.46678830964079,,,,,,,1,1,0,0,log_odds,log_odds,FALSE
Inverse variance weighted,3,-0.0991251697167269,0.138633795305202,0.47460010190188,GCLC,ENSG00000001084,BBJ_Graves,0.905629343560405,0.690149244422556,1.18838717066752,0.000985645381399868,0.987881404012515,0.47585592888025,0.788259471761008,,,3,3,0,0,log_odds,log_odds,FALSE
MR Egger,3,-0.106616129360849,0.417179596478837,0.840712276359345,GCLC,ENSG00000001084,BBJ_Graves,0.898870656825037,0.396813795036253,2.03614004303267,0.000985645381399868,0.987881404012515,0.47585592888025,0.788259471761008,,,3,3,0,0,log_odds,log_odds,FALSE
Weighted median,3,-0.0801981184934309,0.151863595733911,0.597434713069672,GCLC,ENSG00000001084,BBJ_Graves,0.922933478082223,0.685332767894705,1.24290891209192,0.000985645381399868,0.987881404012515,0.47585592888025,0.788259471761008,,,3,3,0,0,log_odds,log_odds,FALSE
Weighted mode,3,-0.0148867301752491,0.218770445913764,0.951938922250277,GCLC,ENSG00000001084,BBJ_Graves,0.98522352937958,0.641672773284761,1.51271090695381,0.000985645381399868,0.987881404012515,0.47585592888025,0.788259471761008,,,3,3,0,0,log_odds,log_odds,FALSE
Wald ratio,1,0.459868698054668,0.296034444501488,0.120320512260001,GDF10,ENSG00000107623,BBJ_Graves,1.58386600665298,0.88660225507257,2.82948922437099,,,,,,,1,1,0,0,log_odds,log_odds,FALSE
Wald ratio,1,-0.871630861560291,1.21438025918486,0.472906658687751,GDF11,ENSG00000135414,BBJ_Graves,0.418268854112288,0.0387038512047646,4.52019188981558,,,,,,,1,1,0,0,log_odds,log_odds,FALSE
Wald ratio,1,0.183031816050157,0.13812494400145,0.185132097303366,GDF15,ENSG00000130513,BBJ_Graves,1.20085261386004,0.916041990508052,1.57421495428906,,,,,,,1,1,0,0,log_odds,log_odds,FALSE
Wald ratio,1,0.0719371961518699,0.227576009572005,0.751925207555255,GDF7,ENSG00000143869,BBJ_Graves,1.07458785369214,0.687900012272761,1.67864374865691,,,,,,,2,1,0,1,log_odds,log_odds,FALSE
Wald ratio,1,-0.294376715871723,0.340833354684599,0.387754410565555,GDF9,ENSG00000164404,BBJ_Graves,0.7449957868364,0.381971190387447,1.45303817767254,,,,,,,1,1,0,0,log_odds,log_odds,FALSE
Wald ratio,1,0.28626088700246,0.411924239436656,0.487095557034277,GFER,ENSG00000127554,BBJ_Graves,1.33143976527531,0.5938606267252,2.98509746021042,,,,,,,1,1,1,0,log_odds,log_odds,FALSE
Inverse variance weighted,2,0.0143970342222014,0.11919891994165,0.903864038069629,GFM1,ENSG00000168827,BBJ_Graves,1.01450117067125,0.80313468738038,1.28149442610973,,,0.110477762119935,0.739600864724936,,,2,2,0,0,log_odds,log_odds,FALSE
Wald ratio,1,-0.219713918895892,0.19013093822083,0.247847806892916,GFM2,ENSG00000164347,BBJ_Graves,0.802748416269431,0.553014776164455,1.16525823105936,,,,,,,2,1,0,1,log_odds,log_odds,FALSE
Wald ratio,1,-0.632823535263251,0.452998945067208,0.162424186671406,GFOD2,ENSG00000141098,BBJ_Graves,0.53109013028361,0.218558521447636,1.29053182011135,,,,,,,1,1,0,0,log_odds,log_odds,FALSE
Inverse variance weighted,2,0.0336257854107329,0.114184642309099,0.768386514028826,GFPT1,ENSG00000198380,BBJ_Graves,1.03419752250525,0.826813508087156,1.29359826018136,,,1.59842315492933,0.206126815873286,,,5,2,0,3,log_odds,log_odds,FALSE
Inverse variance weighted,2,0.00903297928702289,0.092989284953346,0.922615214391288,GGCX,ENSG00000115486,BBJ_Graves,1.00907389976289,0.84094752305872,1.21081293096524,,,0.0463290249991174,0.829578816424143,,,2,2,0,0,log_odds,log_odds,FALSE
Inverse variance weighted,2,0.176508962772863,0.160101872439126,0.270253454615435,GGH,ENSG00000137563,BBJ_Graves,1.1930451197041,0.871716774944193,1.63282008395548,,,0.553461230526914,0.456906875933501,,,4,2,0,2,log_odds,log_odds,FALSE
Wald ratio,1,-0.136838118979819,0.276483764407125,0.62065461545269,GGPS1,ENSG00000152904,BBJ_Graves,0.872111392987692,0.507252537807737,1.49940754375726,,,,,,,3,1,0,2,log_odds,log_odds,FALSE
Wald ratio,1,0.0815440792225047,0.138533205870301,0.556113000395595,GGT1,ENSG00000100031,BBJ_Graves,1.08496104076911,0.826974842774004,1.42342958830307,,,,,,,1,1,0,0,log_odds,log_odds,FALSE
Wald ratio,1,-0.0823623664768608,0.161066192398076,0.609100918305382,GGT5,ENSG00000099998,BBJ_Graves,0.920938181101003,0.671627032579465,1.26279481359213,,,,,,,1,1,0,0,log_odds,log_odds,FALSE
Wald ratio,1,-0.545033331662057,0.348583630618016,0.11791964699177,GH1,ENSG00000259384,BBJ_Graves,0.579822456571576,0.292802415382051,1.14819435729732,,,,,,,1,1,0,0,log_odds,log_odds,FALSE
Inverse variance weighted,3,0.0862979454598133,0.109149312262164,0.429153385587113,GHRL,ENSG00000157017,BBJ_Graves,1.0901310795294,0.880174842510517,1.35017011752608,0.0222115439859949,0.756068808234637,0.198404499731256,0.905559540206015,,,3,3,0,0,log_odds,log_odds,FALSE
MR Egger,3,-0.0333913137247693,0.316356106426815,0.933052810277043,GHRL,ENSG00000157017,BBJ_Graves,0.967160022539623,0.520248195457251,1.79798511050425,0.0222115439859949,0.756068808234637,0.198404499731256,0.905559540206015,,,3,3,0,0,log_odds,log_odds,FALSE
Weighted median,3,0.0879404324975152,0.112120085784592,0.432839774284327,GHRL,ENSG00000157017,BBJ_Graves,1.09192307696033,0.876503189572266,1.36028712751217,0.0222115439859949,0.756068808234637,0.198404499731256,0.905559540206015,,,3,3,0,0,log_odds,log_odds,FALSE
Weighted mode,3,0.0604635460885208,0.245234171016702,0.828250349547913,GHRL,ENSG00000157017,BBJ_Graves,1.06232887082184,0.656918426289958,1.71793419794177,0.0222115439859949,0.756068808234637,0.198404499731256,0.905559540206015,,,3,3,0,0,log_odds,log_odds,FALSE
Inverse variance weighted,2,0.189175486510514,0.228166154203237,0.407040562730147,GIF,ENSG00000134812,BBJ_Graves,1.20825296597642,0.77257191883523,1.88963020037254,,,2.9825292483966,0.0841676505637087,,,2,2,1,0,log_odds,log_odds,FALSE
Wald ratio,1,-1.0227170403992,0.501693140482961,0.0414968535992529,GIPR,ENSG00000010310,BBJ_Graves,0.359616518959779,0.134520914250027,0.961367542212663,,,,,,,1,1,0,0,log_odds,log_odds,FALSE
Inverse variance weighted,2,-0.0103356293469604,0.272766945406479,0.969773954500643,GLB1,ENSG00000170266,BBJ_Graves,0.989717599726871,0.579865648759816,1.68925496673946,,,4.1236911588467,0.0422867192600528,,,3,2,0,1,log_odds,log_odds,FALSE
Wald ratio,1,-0.0693150235160414,0.32008254729935,0.828556260130518,GLIPR1L1,ENSG00000173401,BBJ_Graves,0.93303270653255,0.498238293089352,1.74725637016289,,,,,,,1,1,0,0,log_odds,log_odds,FALSE
Inverse variance weighted,3,-0.00220426279587069,0.0844204039773876,0.979169165869851,GLO1,ENSG00000124767,BBJ_Graves,0.997798164807346,0.84563432346069,1.17734243995501,0.0272215362993965,0.653270868980752,1.3232977173566,0.515999821888325,,,3,3,2,0,log_odds,log_odds,FALSE
MR Egger,3,-0.0971735515978701,0.178062386871513,0.681972067211907,GLO1,ENSG00000124767,BBJ_Graves,0.907398512005326,0.640071218530194,1.28637569656733,0.0272215362993965,0.653270868980752,1.3232977173566,0.515999821888325,,,3,3,2,0,log_odds,log_odds,FALSE
Weighted median,3,0.000751347288048146,0.0872013859855087,0.993125327348543,GLO1,ENSG00000124767,BBJ_Graves,1.00075162962013,0.843526998971375,1.1872812908284,0.0272215362993965,0.653270868980752,1.3232977173566,0.515999821888325,,,3,3,2,0,log_odds,log_odds,FALSE
Weighted mode,3,0.00342614091110915,0.470146677282844,0.994847107456123,GLO1,ENSG00000124767,BBJ_Graves,1.00343201684055,0.399292380769728,2.52165045193127,0.0272215362993965,0.653270868980752,1.3232977173566,0.515999821888325,,,3,3,2,0,log_odds,log_odds,FALSE
Inverse variance weighted,2,0.608848153909599,0.34872805089107,0.0808264112564517,GLP1R,ENSG00000112164,BBJ_Graves,1.83831272549731,0.928060062436797,3.6413523364556,,,0.119134049713407,0.729975586642979,,,2,2,0,0,log_odds,log_odds,FALSE
Wald ratio,1,0.0215585894475078,0.154672889898664,0.889148434859962,GLUL,ENSG00000135821,BBJ_Graves,1.02179265485077,0.754575247034343,1.38363964841197,,,,,,,2,1,1,1,log_odds,log_odds,FALSE
Wald ratio,1,-0.383704762985559,0.31362238244497,0.221155614578473,GMNN,ENSG00000112312,BBJ_Graves,0.681332552076846,0.368466812459148,1.25985307447741,,,,,,,1,1,0,0,log_odds,log_odds,FALSE
Inverse variance weighted,2,0.0805015254249905,0.11730741330093,0.492559164990484,GNAS,ENSG00000087460,BBJ_Graves,1.08383049994312,0.861206466643398,1.36400340464856,,,0.44444185534059,0.504986315722549,,,3,2,0,1,log_odds,log_odds,FALSE
Wald ratio,1,-0.0522493123015062,0.0711933568679126,0.463005340527164,GNLY,ENSG00000115523,BBJ_Graves,0.949092216979298,0.825481611250701,1.0912127224323,,,,,,,5,1,0,4,log_odds,log_odds,FALSE
Wald ratio,1,0.752579726693218,0.500415075666292,0.132604289541708,GNRH1,ENSG00000147437,BBJ_Graves,2.12246834843321,0.795938130538472,5.65982670921063,,,,,,,1,1,0,0,log_odds,log_odds,FALSE
Inverse variance weighted,2,0.0284704675040632,0.220270598431658,0.897158063991749,GNS,ENSG00000135677,BBJ_Graves,1.0288796250025,0.66813842395593,1.5843921630454,,,0.646011685906937,0.421542225388066,,,2,2,0,0,log_odds,log_odds,FALSE
Wald ratio,1,0.187916943830644,0.465521162258781,0.686455377426766,GP1BA,ENSG00000185245,BBJ_Graves,1.20673328454322,0.4845645946744,3.00518287144557,,,,,,,1,1,0,0,log_odds,log_odds,FALSE
Inverse variance weighted,2,-0.0345231798746548,0.0836491728503117,0.679816208860937,GP5,ENSG00000178732,BBJ_Graves,0.966065946139413,0.819979811899825,1.13817852433208,,,0.713885147731495,0.398157046361688,,,2,2,0,0,log_odds,log_odds,FALSE
Wald ratio,1,-0.320458185979015,7.61281165097457,0.966423292822532,GP9,ENSG00000169704,BBJ_Graves,0.725816401976417,2.40254028355217e-07,2192718.48628111,,,,,,,1,1,0,0,log_odds,log_odds,FALSE
Inverse variance weighted,2,0.022423062161967,0.111220349729538,0.840222136868799,GPBAR1,ENSG00000179921,BBJ_Graves,1.02267634863027,0.822366743616882,1.27177676160379,,,0.738971990440485,0.389990385340339,,,2,2,1,0,log_odds,log_odds,FALSE
Wald ratio,1,0.0821768323578261,0.272465917028461,0.762953897028059,GPC2,ENSG00000213420,BBJ_Graves,1.08564777051165,0.636445579009457,1.85189609369476,,,,,,,1,1,0,0,log_odds,log_odds,FALSE
Wald ratio,1,-0.00906069348133515,0.0911245329112159,0.920795285689584,GPD2,ENSG00000115159,BBJ_Graves,0.990980230907462,0.82889252368507,1.18476375403107,,,,,,,2,1,0,1,log_odds,log_odds,FALSE
Inverse variance weighted,3,-0.0671659912650351,0.101220115284704,0.5069696155081,GPER1,ENSG00000164850,BBJ_Graves,0.935039979985303,0.766778415334365,1.140224798568,0.0296143311506056,0.615794299227451,0.489920068008004,0.782735820433419,,,3,3,0,0,log_odds,log_odds,FALSE
MR Egger,3,-0.197481321576914,0.214446040204327,0.526203589535039,GPER1,ENSG00000164850,BBJ_Graves,0.820795471649631,0.539131611673696,1.24961176768891,0.0296143311506056,0.615794299227451,0.489920068008004,0.782735820433419,,,3,3,0,0,log_odds,log_odds,FALSE
Weighted median,3,-0.086986546576059,0.103924528948568,0.402583287553034,GPER1,ENSG00000164850,BBJ_Graves,0.916689428161694,0.747755950735446,1.12378845915827,0.0296143311506056,0.615794299227451,0.489920068008004,0.782735820433419,,,3,3,0,0,log_odds,log_odds,FALSE
Weighted mode,3,-0.091373966986468,0.233686648670803,0.733511956855442,GPER1,ENSG00000164850,BBJ_Graves,0.912676336252731,0.577296200532185,1.44289550838516,0.0296143311506056,0.615794299227451,0.489920068008004,0.782735820433419,,,3,3,0,0,log_odds,log_odds,FALSE
Wald ratio,1,2.06232336654129,1.84645677876043,0.264033427790042,GPI,ENSG00000105220,BBJ_Graves,7.86422006686782,0.21082393611486,293.353584037213,,,,,,,1,1,0,0,log_odds,log_odds,FALSE
Inverse variance weighted,2,0.102567216064908,0.511417267170061,0.841046660922248,GPLD1,ENSG00000112293,BBJ_Graves,1.10801177559829,0.406646660108185,3.0190585963201,,,0.623106982461351,0.429895049774919,,,2,2,1,0,log_odds,log_odds,FALSE
Inverse variance weighted,2,0.124216792227247,0.108178552755652,0.250862439791143,GPM6A,ENSG00000150625,BBJ_Graves,1.13226130984478,0.915931983236293,1.39968436219646,,,2.25801877639985,0.132924021093481,,,2,2,0,0,log_odds,log_odds,FALSE
Inverse variance weighted,3,-0.0631471912831628,0.120767980165842,0.601057591514253,GPNMB,ENSG00000136235,BBJ_Graves,0.938805279565158,0.740927549508994,1.18952973677856,0.466502010353887,0.646520933143101,3.54055878933592,0.170285405344149,,,4,3,1,1,log_odds,log_odds,FALSE
MR Egger,3,-1.54305428558633,2.39003690395613,0.635032522162824,GPNMB,ENSG00000136235,BBJ_Graves,0.213727319245896,0.00197432913396056,23.1366524488261,0.466502010353887,0.646520933143101,3.54055878933592,0.170285405344149,,,4,3,1,1,log_odds,log_odds,FALSE
Weighted median,3,-0.0919139526396531,0.0953943757035068,0.335288926072052,GPNMB,ENSG00000136235,BBJ_Graves,0.912183637162345,0.756625450760809,1.09972376301913,0.466502010353887,0.646520933143101,3.54055878933592,0.170285405344149,,,4,3,1,1,log_odds,log_odds,FALSE
Weighted mode,3,-0.100112757324336,0.308464979439615,0.776322091888147,GPNMB,ENSG00000136235,BBJ_Graves,0.904735396741675,0.49425479420151,1.65612179734081,0.466502010353887,0.646520933143101,3.54055878933592,0.170285405344149,,,4,3,1,1,log_odds,log_odds,FALSE
Wald ratio,1,0.060489820602903,0.139113629424018,0.663690831034261,GPR141,ENSG00000187037,BBJ_Graves,1.06235678336373,0.808824845267989,1.39536012248114,,,,,,,1,1,0,0,log_odds,log_odds,FALSE
Inverse variance weighted,2,0.127479824000445,0.105850679813998,0.228459592871828,GPR146,ENSG00000164849,BBJ_Graves,1.13596194884218,0.92312787762651,1.39786651502189,,,0.0192609977403937,0.889620840376857,,,3,2,0,1,log_odds,log_odds,FALSE
Wald ratio,1,-0.319734751741879,0.587285830336024,0.58614709730533,GPR15,ENSG00000154165,BBJ_Graves,0.726341672387873,0.229738177035126,2.2964064216743,,,,,,,1,1,0,0,log_odds,log_odds,FALSE
Inverse variance weighted,2,-0.0877387481036352,0.0579431002889694,0.129969408488019,GPR160,ENSG00000173890,BBJ_Graves,0.916000152243217,0.817661187273171,1.02616620669959,,,0.923970421217835,0.336434624343031,,,3,2,0,1,log_odds,log_odds,FALSE
Wald ratio,1,-0.138980176079761,0.297629935319628,0.640531137273361,GPR161,ENSG00000143147,BBJ_Graves,0.870245279960273,0.485617088530978,1.55951440997288,,,,,,,1,1,0,0,log_odds,log_odds,FALSE
Inverse variance weighted,3,0.0905877630176985,0.0626836672198781,0.148413690405216,GPR162,ENSG00000250510,BBJ_Graves,1.09481758792078,0.968242966516194,1.23793881522674,-0.0182203138608791,0.713586036043464,0.245103017199442,0.884660336154758,,,4,3,0,1,log_odds,log_odds,FALSE
MR Egger,3,0.143433939968608,0.126110334594841,0.459140655847877,GPR162,ENSG00000250510,BBJ_Graves,1.15423055978155,0.901457558831152,1.47788231634671,-0.0182203138608791,0.713586036043464,0.245103017199442,0.884660336154758,,,4,3,0,1,log_odds,log_odds,FALSE
Weighted median,3,0.0942463816653097,0.0643571513572615,0.143077181399246,GPR162,ENSG00000250510,BBJ_Graves,1.098830444243,0.968609602765519,1.24655830558347,-0.0182203138608791,0.713586036043464,0.245103017199442,0.884660336154758,,,4,3,0,1,log_odds,log_odds,FALSE
Weighted mode,3,0.0966858898205449,0.142504601339973,0.567448711512919,GPR162,ENSG00000250510,BBJ_Graves,1.10151432241327,0.833082061213684,1.45643971821203,-0.0182203138608791,0.713586036043464,0.245103017199442,0.884660336154758,,,4,3,0,1,log_odds,log_odds,FALSE
Wald ratio,1,-0.520987883416513,0.39762261608131,0.190108851519027,GPR17,ENSG00000144230,BBJ_Graves,0.593933520984931,0.27244235979645,1.29479508110675,,,,,,,1,1,0,0,log_odds,log_odds,FALSE
Wald ratio,1,-0.608567464077989,0.405461960495893,0.133375298648387,GPR171,ENSG00000174946,BBJ_Graves,0.544129796500257,0.245791194421955,1.20458845621267,,,,,,,1,1,0,0,log_odds,log_odds,FALSE
Wald ratio,1,-0.18130317264379,0.464370840518298,0.696220414234288,GPR183,ENSG00000169508,BBJ_Graves,0.834182419066147,0.335722611813681,2.07272398043072,,,,,,,1,1,0,0,log_odds,log_odds,FALSE
Inverse variance weighted,2,0.436550026858106,0.214544088903934,0.0418730116992164,GPR19,ENSG00000183150,BBJ_Graves,1.54735965009798,1.01617300239288,2.35621481884798,,,0.204045452021993,0.651475099656411,,,2,2,0,0,log_odds,log_odds,FALSE
Wald ratio,1,0.0848756108514926,0.0813269708543559,0.296654648282744,GPR20,ENSG00000204882,BBJ_Graves,1.08858165053183,0.928184035238398,1.27669725494712,,,,,,,1,1,0,0,log_odds,log_odds,FALSE
Wald ratio,1,0.606591326185179,0.247430074453411,0.0142235830583775,GPR25,ENSG00000170128,BBJ_Graves,1.83416864836525,1.12933434085134,2.97890049824389,,,,,,,1,1,0,0,log_odds,log_odds,FALSE
Wald ratio,1,0.117918003159187,0.133244252755023,0.376169424607803,GPR27,ENSG00000170837,BBJ_Graves,1.12515184868774,0.866545438359441,1.46093514149956,,,,,,,1,1,0,0,log_odds,log_odds,FALSE
Wald ratio,1,-1.15931361776832,0.387188857843761,0.00275182420759993,GPR3,ENSG00000181773,BBJ_Graves,0.313701426088833,0.146870537262352,0.670036254816598,,,,,,,1,1,0,0,log_odds,log_odds,FALSE
Wald ratio,1,-0.755878312597296,0.378951564108764,0.0460803245328992,GPR35,ENSG00000178623,BBJ_Graves,0.469597979724546,0.223437537502498,0.986952617838035,,,,,,,3,1,0,2,log_odds,log_odds,FALSE
Inverse variance weighted,2,-0.083298781555105,0.0902896898700706,0.356230051591138,GPR42,ENSG00000126251,BBJ_Graves,0.92007620434909,0.770846071122727,1.09819619444444,,,0.0676510042183397,0.794788129293131,,,2,2,0,0,log_odds,log_odds,FALSE
Wald ratio,1,-0.0902500883201401,0.113679240214306,0.427252935176379,GPR55,ENSG00000135898,BBJ_Graves,0.91370265033453,0.731205015831319,1.14174891467229,,,,,,,3,1,1,2,log_odds,log_odds,FALSE
Inverse variance weighted,3,0.00653956849160333,0.197141376836476,0.973537447873005,GPR56,ENSG00000205336,BBJ_Graves,1.00656099815775,0.683958845814271,1.48132456976433,0.0692997450654427,0.452734305922617,1.8335234491686,0.399811647275803,,,3,3,0,0,log_odds,log_odds,FALSE
MR Egger,3,-0.572878635562149,0.536707655551737,0.479254421504126,GPR56,ENSG00000205336,BBJ_Graves,0.563899837939027,0.196946011629897,1.61456951880406,0.0692997450654427,0.452734305922617,1.8335234491686,0.399811647275803,,,3,3,0,0,log_odds,log_odds,FALSE
Weighted median,3,-0.00353083306354896,0.232569110757488,0.987887088871955,GPR56,ENSG00000205336,BBJ_Graves,0.996475392997629,0.631683822957152,1.5719307235087,0.0692997450654427,0.452734305922617,1.8335234491686,0.399811647275803,,,3,3,0,0,log_odds,log_odds,FALSE
Weighted mode,3,-0.169611338387251,0.425354071277295,0.728620183580395,GPR56,ENSG00000205336,BBJ_Graves,0.843992780453974,0.366665489952001,1.94270754401151,0.0692997450654427,0.452734305922617,1.8335234491686,0.399811647275803,,,3,3,0,0,log_odds,log_odds,FALSE
Inverse variance weighted,2,-0.125471596819961,0.276962334160504,0.650528827754849,GPR65,ENSG00000140030,BBJ_Graves,0.882080817971513,0.512570112845426,1.5179710052036,,,0.0268421564458411,0.869860439162379,,,2,2,0,0,log_odds,log_odds,FALSE
Inverse variance weighted,2,-0.0939692775889936,0.150112917566384,0.531321097065891,GPR68,ENSG00000119714,BBJ_Graves,0.910310728751518,0.678283052893672,1.22171064033649,,,0.293112389314775,0.58823290682117,,,2,2,1,0,log_odds,log_odds,FALSE
Wald ratio,1,-0.109419035749303,0.369709699436439,0.767261138996078,GPR75,ENSG00000119737,BBJ_Graves,0.896354734113698,0.434286837781036,1.85004872234496,,,,,,,1,1,0,0,log_odds,log_odds,FALSE
Wald ratio,1,0.0699076863730917,0.105761555775886,0.508616570244257,GPR83,ENSG00000123901,BBJ_Graves,1.07240917870383,0.871634614506763,1.31943067361891,,,,,,,1,1,0,0,log_odds,log_odds,FALSE
Wald ratio,1,0.0348718516291301,0.127039163578677,0.783702815557301,GPR84,ENSG00000139572,BBJ_Graves,1.03548700432421,0.80724754625327,1.32825840239584,,,,,,,1,1,0,0,log_odds,log_odds,FALSE
Inverse variance weighted,2,0.0447337473270611,0.212325544558114,0.833133300780865,GPR97,ENSG00000182885,BBJ_Graves,1.04574938926847,0.689751204220333,1.58548731551912,,,0.730803916496255,0.392622731932015,,,3,2,1,1,log_odds,log_odds,FALSE
Wald ratio,1,-0.157933051912429,0.488647708905437,0.746540507227637,GPX1,ENSG00000233276,BBJ_Graves,0.853906947491998,0.327691532967386,2.22513248472511,,,,,,,1,1,0,0,log_odds,log_odds,FALSE
Wald ratio,1,-0.140179599685098,0.305412888588104,0.646245725417038,GPX2,ENSG00000176153,BBJ_Graves,0.869202112953681,0.477692116710181,1.58158840544886,,,,,,,1,1,0,0,log_odds,log_odds,FALSE
Inverse variance weighted,2,-0.138580637911768,0.112519269357148,0.218092210971569,GPX3,ENSG00000211445,BBJ_Graves,0.870593045633336,0.698291664637033,1.08540927736707,,,0.887115325501646,0.34626022629267,,,2,2,0,0,log_odds,log_odds,FALSE
Inverse variance weighted,3,-0.0340576093205435,0.0447516843478754,0.446636012578244,GPX4,ENSG00000167468,BBJ_Graves,0.966515822713782,0.885351169802689,1.05512125291966,0.0546607061898942,0.540197521195115,0.98310743929944,0.611675283588781,,,3,3,1,0,log_odds,log_odds,FALSE
MR Egger,3,-0.128974143082548,0.116654440729642,0.468096549308692,GPX4,ENSG00000167468,BBJ_Graves,0.878996693396687,0.699340978334217,1.10480468174863,0.0546607061898942,0.540197521195115,0.98310743929944,0.611675283588781,,,3,3,1,0,log_odds,log_odds,FALSE
Weighted median,3,-0.0379732198478064,0.0454878136611737,0.40383041248607,GPX4,ENSG00000167468,BBJ_Graves,0.962738722835496,0.88061977060492,1.05251537540457,0.0546607061898942,0.540197521195115,0.98310743929944,0.611675283588781,,,3,3,1,0,log_odds,log_odds,FALSE
Weighted mode,3,-0.0382727634109025,0.097751920761501,0.733183478739295,GPX4,ENSG00000167468,BBJ_Graves,0.962450383835329,0.79463965748766,1.16569910979953,0.0546607061898942,0.540197521195115,0.98310743929944,0.611675283588781,,,3,3,1,0,log_odds,log_odds,FALSE
Inverse variance weighted,2,-0.00851792745114911,0.0156065574457524,0.5852092203855,GPX7,ENSG00000116157,BBJ_Graves,0.99151824730869,0.96164801884527,1.02231628982774,,,0.0800186881214638,0.777272086833452,,,11,2,0,9,log_odds,log_odds,FALSE
Inverse variance weighted,3,0.0285627426655478,0.185765757680532,0.877801521851516,GREM2,ENSG00000180875,BBJ_Graves,1.02897456941648,0.714953236167718,1.48092016504623,0.00270164498693332,0.967269060903258,0.0401152893543656,0.980142171699182,,,3,3,0,0,log_odds,log_odds,FALSE
MR Egger,3,0.00111176121356111,0.564873114147558,0.998747031432201,GREM2,ENSG00000180875,BBJ_Graves,1.00111237944915,0.330866753347542,3.02909248555897,0.00270164498693332,0.967269060903258,0.0401152893543656,0.980142171699182,,,3,3,0,0,log_odds,log_odds,FALSE
Weighted median,3,0.0202402168711655,0.204224720956321,0.921052857635338,GREM2,ENSG00000180875,BBJ_Graves,1.0204464390379,0.68383389377928,1.52275420159449,0.00270164498693332,0.967269060903258,0.0401152893543656,0.980142171699182,,,3,3,0,0,log_odds,log_odds,FALSE
Weighted mode,3,0.0133920119185666,0.342379267504064,0.972352407333713,GREM2,ENSG00000180875,BBJ_Graves,1.01348208655458,0.518056301544118,1.98269172038928,0.00270164498693332,0.967269060903258,0.0401152893543656,0.980142171699182,,,3,3,0,0,log_odds,log_odds,FALSE
Wald ratio,1,-0.0418607728651256,0.304030503764599,0.890488509202408,GRIK1,ENSG00000171189,BBJ_Graves,0.959003290558642,0.528474586857774,1.740267808847,,,,,,,1,1,0,0,log_odds,log_odds,FALSE
Inverse variance weighted,2,0.876191980301053,0.628193024866103,0.163081753333904,GRIK3,ENSG00000163873,BBJ_Graves,2.40173641092095,0.701126922990183,8.22723760619906,,,0.112963162068154,0.736795512192334,,,2,2,0,0,log_odds,log_odds,FALSE
Inverse variance weighted,2,0.0628426700842571,0.0801804100997053,0.433177494964481,GRIK4,ENSG00000149403,BBJ_Graves,1.06485929182888,0.909999768641699,1.2460720875642,,,0.23560542263274,0.627398284930162,,,2,2,0,0,log_odds,log_odds,FALSE
Wald ratio,1,-0.811855808814397,0.631421632314859,0.198527314646886,GRIN2D,ENSG00000105464,BBJ_Graves,0.444033260280279,0.128806730898122,1.53070833224608,,,,,,,1,1,0,0,log_odds,log_odds,FALSE
Wald ratio,1,-0.272060035659144,0.223341409995944,0.223172595103011,GRIN3A,ENSG00000198785,BBJ_Graves,0.761808524040042,0.491738012491691,1.18020615156302,,,,,,,1,1,0,0,log_odds,log_odds,FALSE
Wald ratio,1,-0.0473362560330295,0.399625196597227,0.905709818648499,GRIN3B,ENSG00000116032,BBJ_Graves,0.953766633879283,0.435787019937383,2.08742057538136,,,,,,,2,1,0,1,log_odds,log_odds,FALSE
Inverse variance weighted,2,0.0125864134775931,0.226034502601296,0.955593869297322,GRK4,ENSG00000125388,BBJ_Graves,1.01266595574668,0.650222145858435,1.57714151149754,,,0.110527153947853,0.739544774924529,,,5,2,1,3,log_odds,log_odds,FALSE
Inverse variance weighted,3,-0.0277189096338113,0.12770218426779,0.828162358022303,GRK5,ENSG00000198873,BBJ_Graves,0.972661734222023,0.757285317658155,1.24929247558297,0.0878748018628374,0.500300935622801,1.0706619876875,0.585475469293806,,,3,3,0,0,log_odds,log_odds,FALSE
MR Egger,3,-0.651021414948708,0.636827415034147,0.492983792098238,GRK5,ENSG00000198873,BBJ_Graves,0.521512823630205,0.149687850712425,1.81695190301889,0.0878748018628374,0.500300935622801,1.0706619876875,0.585475469293806,,,3,3,0,0,log_odds,log_odds,FALSE
Weighted median,3,-0.0645273102812825,0.147528211034552,0.661828800240393,GRK5,ENSG00000198873,BBJ_Graves,0.937510510236685,0.702097775083681,1.25185691793354,0.0878748018628374,0.500300935622801,1.0706619876875,0.585475469293806,,,3,3,0,0,log_odds,log_odds,FALSE
Weighted mode,3,-0.0900690133944779,0.200623937532944,0.697428328632259,GRK5,ENSG00000198873,BBJ_Graves,0.913868113954221,0.616749748744504,1.35412285355988,0.0878748018628374,0.500300935622801,1.0706619876875,0.585475469293806,,,3,3,0,0,log_odds,log_odds,FALSE
Wald ratio,1,1.55971905759711,0.607107814245669,0.0101963818251308,GRK6,ENSG00000198055,BBJ_Graves,4.75748447824838,1.44742735355036,15.637163761799,,,,,,,1,1,0,0,log_odds,log_odds,FALSE
Wald ratio,1,-0.240992401225383,0.387055236033527,0.533527353247188,GRK7,ENSG00000114124,BBJ_Graves,0.785847597844437,0.368019017613439,1.67805580005799,,,,,,,1,1,0,0,log_odds,log_odds,FALSE
Inverse variance weighted,2,-0.0286230918942927,0.0711480838587934,0.687461002450869,GRM2,ENSG00000164082,BBJ_Graves,0.971782668214325,0.845291841871324,1.11720178459443,,,0.884049669803701,0.347094901351724,,,3,2,0,1,log_odds,log_odds,FALSE
Inverse variance weighted,3,-0.0250478123521386,0.0881725619891964,0.776351238152033,GSK3B,ENSG00000082701,BBJ_Graves,0.975263281282146,0.82047976228973,1.15924671336543,-0.0093917524565863,0.847619133293854,0.102871963581401,0.949864456637403,,,4,3,1,1,log_odds,log_odds,FALSE
MR Egger,3,0.00965074643054549,0.167305216164141,0.963318207363409,GSK3B,ENSG00000082701,BBJ_Graves,1.00969746505279,0.727408197246322,1.40153626917241,-0.0093917524565863,0.847619133293854,0.102871963581401,0.949864456637403,,,4,3,1,1,log_odds,log_odds,FALSE
Weighted median,3,-0.0254801073029132,0.0885470724940529,0.773532172355867,GSK3B,ENSG00000082701,BBJ_Graves,0.974841771004919,0.819523365431122,1.15959656378568,-0.0093917524565863,0.847619133293854,0.102871963581401,0.949864456637403,,,4,3,1,1,log_odds,log_odds,FALSE
Weighted mode,3,-0.0243405138596162,0.316609378679434,0.945718703862468,GSK3B,ENSG00000082701,BBJ_Graves,0.97595332753638,0.524717689099039,1.81523306211534,-0.0093917524565863,0.847619133293854,0.102871963581401,0.949864456637403,,,4,3,1,1,log_odds,log_odds,FALSE
Inverse variance weighted,4,-0.0109304451250049,0.072909809381091,0.88082982619637,GSN,ENSG00000148180,BBJ_Graves,0.989129075131955,0.85741462162951,1.14107726016148,0.0429653684452513,0.346919099688991,1.68347438457347,0.640614046622611,,,5,4,0,1,log_odds,log_odds,FALSE
MR Egger,4,-0.181800268127691,0.157938057442295,0.368734598792093,GSN,ENSG00000148180,BBJ_Graves,0.833767853800677,0.611794485596598,1.13627835882418,0.0429653684452513,0.346919099688991,1.68347438457347,0.640614046622611,,,5,4,0,1,log_odds,log_odds,FALSE
Weighted median,4,-0.0242042687372978,0.0761590845967541,0.750627570079834,GSN,ENSG00000148180,BBJ_Graves,0.976086305475459,0.840737265941248,1.13322498518022,0.0429653684452513,0.346919099688991,1.68347438457347,0.640614046622611,,,5,4,0,1,log_odds,log_odds,FALSE
Weighted mode,4,-0.0295375341201272,0.261046012737493,0.917058092488034,GSN,ENSG00000148180,BBJ_Graves,0.970894435288918,0.582056522024523,1.61949221219322,0.0429653684452513,0.346919099688991,1.68347438457347,0.640614046622611,,,5,4,0,1,log_odds,log_odds,FALSE
Inverse variance weighted,3,0.0179206442745293,0.0945179479488215,0.849622244421695,GSR,ENSG00000104687,BBJ_Graves,1.01808218253392,0.845916576390906,1.22528788218718,0.0120453122985779,0.809589158254471,0.107373855479667,0.9477287676485,,,3,3,0,0,log_odds,log_odds,FALSE
MR Egger,3,-0.0307187198048052,0.183892135121988,0.894627213234093,GSR,ENSG00000104687,BBJ_Graves,0.969748305709803,0.676280529439172,1.39056461851253,0.0120453122985779,0.809589158254471,0.107373855479667,0.9477287676485,,,3,3,0,0,log_odds,log_odds,FALSE
Weighted median,3,0.012155189335908,0.098985553138104,0.902267366992913,GSR,ENSG00000104687,BBJ_Graves,1.01222936388035,0.833720975114389,1.22895826743597,0.0120453122985779,0.809589158254471,0.107373855479667,0.9477287676485,,,3,3,0,0,log_odds,log_odds,FALSE
Weighted mode,3,0.0112952209858001,0.230984775197485,0.965442930323081,GSR,ENSG00000104687,BBJ_Graves,1.01135925285196,0.643112931224703,1.5904633364803,0.0120453122985779,0.809589158254471,0.107373855479667,0.9477287676485,,,3,3,0,0,log_odds,log_odds,FALSE
Wald ratio,1,-0.170110576301713,0.184477970106274,0.356466691179391,GSTA4,ENSG00000170899,BBJ_Graves,0.843571532418684,0.5876125965,1.21102395446556,,,,,,,2,1,0,1,log_odds,log_odds,FALSE
Wald ratio,1,-0.420667453792792,0.265863213032944,0.113587888151558,GSTCD,ENSG00000138780,BBJ_Graves,0.656608417745966,0.389941187958099,1.10564010053021,,,,,,,1,1,0,0,log_odds,log_odds,FALSE
Wald ratio,1,0.682252080496007,0.535735155209901,0.202845067670582,GSTK1,ENSG00000197448,BBJ_Graves,1.97832807315474,0.692263355857384,5.65360268157608,,,,,,,3,1,0,2,log_odds,log_odds,FALSE
Wald ratio,1,-0.0301409243686439,0.036925462937834,0.414349186033695,GSTM1,ENSG00000134184,BBJ_Graves,0.970308783760305,0.902564763059668,1.04313748373108,,,,,,,16,1,0,15,log_odds,log_odds,FALSE
Inverse variance weighted,2,0.0485330486575147,0.113507713489029,0.66896064703623,GSTM2,ENSG00000213366,BBJ_Graves,1.04973006341642,0.840345577651761,1.31128577973772,,,0.462668732848667,0.496379371434031,,,4,2,1,2,log_odds,log_odds,FALSE
Inverse variance weighted,3,0.010561073754095,0.0271905867596908,0.697713245085824,GSTM3,ENSG00000134202,BBJ_Graves,1.01061703873677,0.958167688352665,1.065937425568,0.0278412671035973,0.691328192409667,1.67537871904547,0.4327092045912,,,7,3,0,4,log_odds,log_odds,FALSE
MR Egger,3,-0.0150840844742267,0.0577873327348299,0.837451694914549,GSTM3,ENSG00000134202,BBJ_Graves,0.985029110465938,0.879547897264729,1.10316032984987,0.0278412671035973,0.691328192409667,1.67537871904547,0.4327092045912,,,7,3,0,4,log_odds,log_odds,FALSE
Weighted median,3,0.00491052777391055,0.0289830210260642,0.865460204917275,GSTM3,ENSG00000134202,BBJ_Graves,1.0049226041745,0.949427418524614,1.06366155082203,0.0278412671035973,0.691328192409667,1.67537871904547,0.4327092045912,,,7,3,0,4,log_odds,log_odds,FALSE
Weighted mode,3,0.00444480557889539,0.0888515069449131,0.964649021728588,GSTM3,ENSG00000134202,BBJ_Graves,1.00445469837897,0.843914453417701,1.19553497041035,0.0278412671035973,0.691328192409667,1.67537871904547,0.4327092045912,,,7,3,0,4,log_odds,log_odds,FALSE
Inverse variance weighted,2,-0.0700795263968964,0.118542989884713,0.554403881777988,GSTM4,ENSG00000168765,BBJ_Graves,0.932319672933323,0.739024809727605,1.17617157245219,,,0.0562606594366249,0.812506837332465,,,4,2,1,2,log_odds,log_odds,FALSE
Wald ratio,1,-0.0620771578526002,0.125085600119177,0.619698700925063,GSTM5,ENSG00000134201,BBJ_Graves,0.939810370243495,0.735470437064601,1.20092322886886,,,,,,,3,1,0,2,log_odds,log_odds,FALSE
Wald ratio,1,0.0465726097947931,0.218167888354943,0.830959275778262,GSTO1,ENSG00000148834,BBJ_Graves,1.04767414771171,0.683152987296291,1.60669885105459,,,,,,,2,1,0,1,log_odds,log_odds,FALSE
Wald ratio,1,0.142600050629357,0.150123959458484,0.3421722011499,GSTO2,ENSG00000065621,BBJ_Graves,1.15326846042066,0.859295071716977,1.54781306861621,,,,,,,2,1,0,1,log_odds,log_odds,FALSE
Inverse variance weighted,3,0.0104026077323116,0.0339016992541045,0.758960437702092,GSTT1,ENSG00000184674,BBJ_Graves,1.01045690296347,0.945496849672895,1.0798800155704,0.033113123731115,0.582406498750939,2.27219975811022,0.321068790221652,,,9,3,1,6,log_odds,log_odds,FALSE
MR Egger,3,-0.0409119525108591,0.0767390261950744,0.688183779213385,GSTT1,ENSG00000184674,BBJ_Graves,0.959913644213275,0.825867901452266,1.11571620924665,0.033113123731115,0.582406498750939,2.27219975811022,0.321068790221652,,,9,3,1,6,log_odds,log_odds,FALSE
Weighted median,3,0.0042059483307985,0.0340032706243341,0.901558778619189,GSTT1,ENSG00000184674,BBJ_Graves,1.00421480574507,0.939468995166173,1.07342273269937,0.033113123731115,0.582406498750939,2.27219975811022,0.321068790221652,,,9,3,1,6,log_odds,log_odds,FALSE
Weighted mode,3,0.00422282902730065,0.0784281213877459,0.961954600395426,GSTT1,ENSG00000184674,BBJ_Graves,1.00423175773351,0.861141633802791,1.1710982069083,0.033113123731115,0.582406498750939,2.27219975811022,0.321068790221652,,,9,3,1,6,log_odds,log_odds,FALSE
Inverse variance weighted,2,0.0791605170385564,0.0844209432905768,0.348404702060451,GSTZ1,ENSG00000100577,BBJ_Graves,1.08237804824584,0.917314837131531,1.27714301775377,,,2.60286662997915e-05,0.995929346508541,,,2,2,0,0,log_odds,log_odds,FALSE
Wald ratio,1,0.190704464957414,0.400998331747766,0.634377752243745,GUCY1A3,ENSG00000164116,BBJ_Graves,1.21010177175172,0.551423443337847,2.65557497724933,,,,,,,2,1,0,1,log_odds,log_odds,FALSE
Inverse variance weighted,2,0.0588707859801452,0.222425807540744,0.791259022707996,GUCY1B2,ENSG00000123201,BBJ_Graves,1.06063818256225,0.685858598732308,1.64021178182826,,,2.47428118263703,0.11572233770932,,,3,2,0,1,log_odds,log_odds,FALSE
Wald ratio,1,0.0674053515977717,0.707771117223708,0.924127307069649,GUCY2D,ENSG00000132518,BBJ_Graves,1.06972900666497,0.267181777356678,4.28292737259842,,,,,,,1,1,0,0,log_odds,log_odds,FALSE
Inverse variance weighted,2,0.0255658058153919,0.036732631853612,0.486430636169926,GUSB,ENSG00000169919,BBJ_Graves,1.02589541393344,0.954631236734325,1.10247953328032,,,0.285723498595097,0.59297413737636,,,2,2,0,0,log_odds,log_odds,FALSE
Wald ratio,1,0.181336117418677,0.19578011517148,0.35432991154441,GYPA,ENSG00000170180,BBJ_Graves,1.19881805521278,0.816773947610973,1.75956240243435,,,,,,,1,1,0,0,log_odds,log_odds,FALSE
Wald ratio,1,-0.100219381533592,0.108989395384274,0.35781668120047,GYPB,ENSG00000250361,BBJ_Graves,0.904638935188071,0.730636946012974,1.12007968872091,,,,,,,1,1,0,0,log_odds,log_odds,FALSE
Inverse variance weighted,2,-0.00229743393897626,0.100170968519671,0.981702020032612,GYPC,ENSG00000136732,BBJ_Graves,0.997705203142482,0.819851106838197,1.21414201197637,,,0.101136127165613,0.750470473551861,,,3,2,0,1,log_odds,log_odds,FALSE
Wald ratio,1,0.115850100621497,0.0769588169119549,0.132233630573607,GYPE,ENSG00000197465,BBJ_Graves,1.12282754836609,0.965615863656842,1.30563482935678,,,,,,,3,1,0,2,log_odds,log_odds,FALSE
Inverse variance weighted,2,0.0448816224908749,0.169308489227117,0.790941791035482,GZMA,ENSG00000145649,BBJ_Graves,1.04590404106501,0.750539485980217,1.45750527926916,,,0.879682373117732,0.348288689597844,,,3,2,0,1,log_odds,log_odds,FALSE
Wald ratio,1,0.264675062165142,0.103023392982156,0.0101969703383528,GZMB,ENSG00000100453,BBJ_Graves,1.30300751054288,1.06475977668472,1.5945649053513,,,,,,,2,1,2,1,log_odds,log_odds,FALSE
Inverse variance weighted,2,0.42702583239615,0.213507900232551,0.045495190470935,GZMH,ENSG00000100450,BBJ_Graves,1.53269225432612,1.00858700657216,2.32914516166058,,,0.922484081787862,0.336823577744246,,,2,2,0,0,log_odds,log_odds,FALSE
Wald ratio,1,0.164513265425067,0.169906754661104,0.332916442982785,GZMK,ENSG00000113088,BBJ_Graves,1.17881920698575,0.844927905913209,1.6446547841932,,,,,,,2,1,0,1,log_odds,log_odds,FALSE
Wald ratio,1,-0.118566969823943,0.245611745019052,0.629279328478798,GZMM,ENSG00000197540,BBJ_Graves,0.888192331580934,0.548830301461539,1.43739442916757,,,,,,,3,1,0,2,log_odds,log_odds,FALSE
Inverse variance weighted,3,-0.115751087308645,0.0681801185900036,0.0895596895443578,H1F0,ENSG00000189060,BBJ_Graves,0.89069690147,0.779280578829438,1.01804278438446,-0.0201512805615125,0.731851033149532,0.783652240126193,0.675821615564617,,,9,3,0,6,log_odds,log_odds,FALSE
MR Egger,3,-0.0664271563044811,0.129494966677388,0.698261044451367,H1F0,ENSG00000189060,BBJ_Graves,0.935731075483351,0.725976748890252,1.20608910266573,-0.0201512805615125,0.731851033149532,0.783652240126193,0.675821615564617,,,9,3,0,6,log_odds,log_odds,FALSE
Weighted median,3,-0.101516085894667,0.0684695218167596,0.138168398435895,H1F0,ENSG00000189060,BBJ_Graves,0.903466646156027,0.790004728057936,1.03322417161098,-0.0201512805615125,0.731851033149532,0.783652240126193,0.675821615564617,,,9,3,0,6,log_odds,log_odds,FALSE
Weighted mode,3,-0.0933974485946333,0.188703866910085,0.66966911110576,H1F0,ENSG00000189060,BBJ_Graves,0.910831419678991,0.629230881931346,1.31845702252892,-0.0201512805615125,0.731851033149532,0.783652240126193,0.675821615564617,,,9,3,0,6,log_odds,log_odds,FALSE
Wald ratio,1,0.0407861568410319,0.0508747983649714,0.422728437943035,H3F3A,ENSG00000163041,BBJ_Graves,1.04162933641973,0.94277422416816,1.1508499560937,,,,,,,2,1,0,1,log_odds,log_odds,FALSE
Wald ratio,1,0.00848521323961936,0.234724017961928,0.971162957978494,H3F3B,ENSG00000132475,BBJ_Graves,1.00852131469876,0.636625402227192,1.5976667576308,,,,,,,1,1,0,0,log_odds,log_odds,FALSE
Inverse variance weighted,3,0.102721801386133,0.0866851410540702,0.236017860888747,H6PD,ENSG00000049239,BBJ_Graves,1.10818307119409,0.935025876121776,1.31340720149357,0.017182830507039,0.647960414933247,0.429296853593615,0.80682504838656,,,5,3,0,2,log_odds,log_odds,FALSE
MR Egger,3,0.03550501584475,0.139191247304212,0.841001121729099,H6PD,ENSG00000049239,BBJ_Graves,1.03614284524668,0.788746873602492,1.36113629313344,0.017182830507039,0.647960414933247,0.429296853593615,0.80682504838656,,,5,3,0,2,log_odds,log_odds,FALSE
Weighted median,3,0.0976362622018479,0.0873144390601202,0.263475439907375,H6PD,ENSG00000049239,BBJ_Graves,1.10256166880861,0.929136110153586,1.30835753797695,0.017182830507039,0.647960414933247,0.429296853593615,0.80682504838656,,,5,3,0,2,log_odds,log_odds,FALSE
Weighted mode,3,0.0940146357687327,0.296878660446092,0.781486918012003,H6PD,ENSG00000049239,BBJ_Graves,1.09857582430121,0.613934190174514,1.96579513090162,0.017182830507039,0.647960414933247,0.429296853593615,0.80682504838656,,,5,3,0,2,log_odds,log_odds,FALSE
Inverse variance weighted,2,-0.200248943524406,0.148353820524656,0.177078076025197,HABP4,ENSG00000130956,BBJ_Graves,0.818526960726217,0.61200034560695,1.09474837758668,,,0.00193126942023643,0.964947280180323,,,2,2,0,0,log_odds,log_odds,FALSE
Inverse variance weighted,2,0.0454959644182343,0.0935258624457583,0.626645808339066,HAGH,ENSG00000063854,BBJ_Graves,1.04654678118032,0.871260098657989,1.25709896147652,,,0.97032652346414,0.324598758396315,,,2,2,1,0,log_odds,log_odds,FALSE
Inverse variance weighted,2,-0.242068264996932,0.402729732788878,0.547794183268352,HAPLN3,ENSG00000140511,BBJ_Graves,0.78500258752346,0.356500890489862,1.72854845207197,,,0.0349798062929787,0.85163798039755,,,3,2,0,1,log_odds,log_odds,FALSE
Wald ratio,1,0.0990045049906518,0.393617486893143,0.801408498107282,HBEGF,ENSG00000113070,BBJ_Graves,1.10407127337844,0.51043816793023,2.38809213982234,,,,,,,1,1,0,0,log_odds,log_odds,FALSE
Wald ratio,1,0.416467147905629,0.424936080048149,0.327051515481636,HCAR1,ENSG00000196917,BBJ_Graves,1.51659417720888,0.659411460046773,3.48804659564263,,,,,,,1,1,1,0,log_odds,log_odds,FALSE
Wald ratio,1,0.305079427530646,0.224883810325385,0.174905443115397,HCAR2,ENSG00000182782,BBJ_Graves,1.35673276065963,0.873110775393705,2.10823624644545,,,,,,,1,1,0,0,log_odds,log_odds,FALSE
Wald ratio,1,0.13221766175901,0.0824768760672007,0.108915303356843,HCAR3,ENSG00000255398,BBJ_Graves,1.14135672194413,0.970992033325406,1.34161262092506,,,,,,,5,1,0,4,log_odds,log_odds,FALSE
Wald ratio,1,0.13529045925943,0.172034054073375,0.431623381905318,HCK,ENSG00000101336,BBJ_Graves,1.14486927394309,0.817179675928372,1.60396262049702,,,,,,,2,1,0,1,log_odds,log_odds,FALSE
Wald ratio,1,0.190174991862465,0.271450034165725,0.483559352263335,HCN3,ENSG00000143630,BBJ_Graves,1.20946122501252,0.71044263394744,2.05899306279107,,,,,,,1,1,0,0,log_odds,log_odds,FALSE
Wald ratio,1,0.239354323151615,0.221920059351204,0.280783470866054,HDAC10,ENSG00000100429,BBJ_Graves,1.27042859911048,0.822333709916155,1.96269325454551,,,,,,,1,1,0,0,log_odds,log_odds,FALSE
Wald ratio,1,-0.402493057379749,0.898895595036023,0.654323551173052,HDAC11,ENSG00000163517,BBJ_Graves,0.668650981099887,0.11482702382223,3.89363165258041,,,,,,,2,1,1,1,log_odds,log_odds,FALSE
Wald ratio,1,0.107675895134289,0.234020422841759,0.645434940671173,HDAC3,ENSG00000171720,BBJ_Graves,1.11368673559723,0.703980843849358,1.7618350781582,,,,,,,1,1,0,0,log_odds,log_odds,FALSE
Wald ratio,1,-0.208320796328599,0.262889960662864,0.428112420948135,HDAC4,ENSG00000068024,BBJ_Graves,0.81194652546426,0.485010315485867,1.35926420359341,,,,,,,2,1,0,1,log_odds,log_odds,FALSE
Inverse variance weighted,3,-0.468122593282974,0.39246503673582,0.232957394666842,HDAC7,ENSG00000061273,BBJ_Graves,0.626176753887942,0.290150923566427,1.35135646748984,-0.0887180412338622,0.639934711743681,1.16524751973752,0.558431253218831,,,3,3,0,0,log_odds,log_odds,FALSE
MR Egger,3,1.00413009604785,2.352343719095,0.743156936083899,HDAC7,ENSG00000061273,BBJ_Graves,2.72953180925475,0.0271476825538382,274.43756508344,-0.0887180412338622,0.639934711743681,1.16524751973752,0.558431253218831,,,3,3,0,0,log_odds,log_odds,FALSE
Weighted median,3,-0.454316663659054,0.453659211051629,0.316609677787147,HDAC7,ENSG00000061273,BBJ_Graves,0.634881657462194,0.260933754690928,1.54473965800008,-0.0887180412338622,0.639934711743681,1.16524751973752,0.558431253218831,,,3,3,0,0,log_odds,log_odds,FALSE
Weighted mode,3,-0.518961363830703,0.94489527329675,0.637980679116121,HDAC7,ENSG00000061273,BBJ_Graves,0.595138359299764,0.0933913921160998,3.79253011101604,-0.0887180412338622,0.639934711743681,1.16524751973752,0.558431253218831,,,3,3,0,0,log_odds,log_odds,FALSE
Wald ratio,1,0.000986129872834024,0.29949395751822,0.997372847234448,HDGF,ENSG00000143321,BBJ_Graves,1.00098661625876,0.556536775516212,1.80037375787035,,,,,,,1,1,0,0,log_odds,log_odds,FALSE
Wald ratio,1,1.41809493565364,1.40457727619383,0.312675464027724,HEBP1,ENSG00000013583,BBJ_Graves,4.1292464622029,0.263190670737274,64.7845012813381,,,,,,,3,1,0,2,log_odds,log_odds,FALSE
Inverse variance weighted,2,0.214323951417638,0.161601844258314,0.184757915836471,HEXA,ENSG00000213614,BBJ_Graves,1.23902397335874,0.902654273399665,1.70074019677073,,,1.56534954229043,0.210883660259206,,,2,2,0,0,log_odds,log_odds,FALSE
Wald ratio,1,2.58051641377604,0.806809955528432,0.00138183273275183,HFE,ENSG00000010704,BBJ_Graves,13.2039551036387,2.71602360552092,64.1910585845107,,,,,,,1,1,0,0,log_odds,log_odds,FALSE
Wald ratio,1,0.351262796214141,0.597894778929382,0.556868384384006,HGF,ENSG00000019991,BBJ_Graves,1.42086067365872,0.440162645949871,4.58658878150198,,,,,,,1,1,0,0,log_odds,log_odds,FALSE
Inverse variance weighted,2,-0.166105278770527,0.144447223702149,0.250169615759912,HIF1A,ENSG00000100644,BBJ_Graves,0.846957062897289,0.63812452321645,1.12413210947589,,,3.45393850325054,0.0631012400413071,,,3,2,0,1,log_odds,log_odds,FALSE
Wald ratio,1,-0.240802694458411,0.366492130443501,0.511150451126954,HILPDA,ENSG00000135245,BBJ_Graves,0.785996692593251,0.383227193893639,1.61207453597093,,,,,,,1,1,0,0,log_odds,log_odds,FALSE
Wald ratio,1,-0.643021128810762,0.366587618613002,0.079418146705646,HIPK1,ENSG00000163349,BBJ_Graves,0.525701809644392,0.256267652962576,1.07841309454591,,,,,,,1,1,0,0,log_odds,log_odds,FALSE
Wald ratio,1,-1.04202437819328,0.403961948757982,0.00989402451504005,HIPK2,ENSG00000064393,BBJ_Graves,0.352739879767406,0.159806783316956,0.778599132000188,,,,,,,1,1,0,0,log_odds,log_odds,FALSE
Wald ratio,1,-0.688456855293882,0.328532104802903,0.0361217494020286,HIPK3,ENSG00000110422,BBJ_Graves,0.502350671029497,0.263848611736531,0.956443147541661,,,,,,,1,1,0,0,log_odds,log_odds,FALSE
Wald ratio,1,-0.499038355877461,0.305389771805842,0.102237215697039,HIST1H1C,ENSG00000187837,BBJ_Graves,0.607114206894075,0.3336701634176,1.10464674586838,,,,,,,1,1,1,0,log_odds,log_odds,FALSE
Inverse variance weighted,2,-0.518658442657154,0.268810814474651,0.0536743679146674,HIST1H3B,ENSG00000124693,BBJ_Graves,0.59531866661806,0.35150630199593,1.0082445543978,,,0.0556924243360797,0.813438548692929,,,2,2,0,0,log_odds,log_odds,FALSE
Wald ratio,1,0.436306534247549,0.312577203150389,0.162763866272221,HIST1H3D,ENSG00000197409,BBJ_Graves,1.54698292532402,0.838328891175377,2.85467457514049,,,,,,,1,1,0,0,log_odds,log_odds,FALSE
Wald ratio,1,-0.440172636135467,0.529716509229132,0.405996860412328,HIST1H3E,ENSG00000196966,BBJ_Graves,0.643925246720938,0.227998325529262,1.8186086340858,,,,,,,2,1,0,1,log_odds,log_odds,FALSE
Wald ratio,1,-0.0797216529360767,0.496219649029371,0.872362776231349,HIST1H4E,ENSG00000198518,BBJ_Graves,0.923373328874814,0.34912956996554,2.44212572587738,,,,,,,1,1,0,0,log_odds,log_odds,FALSE
Inverse variance weighted,2,0.0806923204752716,0.52044280232796,0.876785438135859,HIST1H4H,ENSG00000158406,BBJ_Graves,1.08403730916631,0.390871830453052,3.00645069843601,,,5.37028038954315,0.0204826847383416,,,4,2,0,2,log_odds,log_odds,FALSE
Wald ratio,1,0.296847939363846,0.192223097929299,0.122518432327472,HIST1H4K,ENSG00000197914,BBJ_Graves,1.34561066947599,0.923200046760748,1.96129547454072,,,,,,,2,1,0,1,log_odds,log_odds,FALSE
Wald ratio,1,0.0686376683130072,0.171509108061135,0.68901040294278,HIST4H4,ENSG00000197837,BBJ_Graves,1.07104806418204,0.765274884551404,1.49899595419303,,,,,,,1,1,0,0,log_odds,log_odds,FALSE
Inverse variance weighted,3,-0.0877399412620326,0.137380417934861,0.52304147051884,HKDC1,ENSG00000156510,BBJ_Graves,0.915999059310595,0.699768606720384,1.19904532526874,0.0200180778556713,0.743278102270002,0.254242781461728,0.880626766181799,,,6,3,0,3,log_odds,log_odds,FALSE
MR Egger,3,-0.165491342876278,0.228222373527186,0.600588129325108,HKDC1,ENSG00000156510,BBJ_Graves,0.847477199888137,0.541827716131162,1.32554607848148,0.0200180778556713,0.743278102270002,0.254242781461728,0.880626766181799,,,6,3,0,3,log_odds,log_odds,FALSE
Weighted median,3,-0.103352348124694,0.145284320419783,0.476848839210267,HKDC1,ENSG00000156510,BBJ_Graves,0.901809166726769,0.67833798239229,1.19890053970487,0.0200180778556713,0.743278102270002,0.254242781461728,0.880626766181799,,,6,3,0,3,log_odds,log_odds,FALSE
Weighted mode,3,-0.104094383997983,0.279603448659529,0.745422633440969,HKDC1,ENSG00000156510,BBJ_Graves,0.901140240188635,0.520941700162192,1.55881883180863,0.0200180778556713,0.743278102270002,0.254242781461728,0.880626766181799,,,6,3,0,3,log_odds,log_odds,FALSE
Inverse variance weighted,4,0.684734866779668,0.0688391142720037,2.60196148652512e-23,HLA-A,ENSG00000206503,BBJ_Graves,1.98324594144108,1.73292408252554,2.26972693374439,0.157796830991038,0.530051503902175,0.834538237832303,0.841189343334942,,,7,4,0,3,log_odds,log_odds,FALSE
MR Egger,4,0.332863144753508,0.472378791201079,0.554029209672361,HLA-A,ENSG00000206503,BBJ_Graves,1.39495637830689,0.552667189464379,3.52093146558051,0.157796830991038,0.530051503902175,0.834538237832303,0.841189343334942,,,7,4,0,3,log_odds,log_odds,FALSE
Weighted median,4,0.687662371404052,0.0680059906616031,4.89805041473105e-24,HLA-A,ENSG00000206503,BBJ_Graves,1.98906040989495,1.74084500379175,2.27266718495561,0.157796830991038,0.530051503902175,0.834538237832303,0.841189343334942,,,7,4,0,3,log_odds,log_odds,FALSE
Weighted mode,4,0.693549540448176,0.574958820739045,0.314168502219852,HLA-A,ENSG00000206503,BBJ_Graves,2.00080488169166,0.648320732058411,6.17475267510108,0.157796830991038,0.530051503902175,0.834538237832303,0.841189343334942,,,7,4,0,3,log_odds,log_odds,FALSE
Inverse variance weighted,3,-0.136746461714941,0.310796333280838,0.659946253873857,HLA-B,ENSG00000234745,BBJ_Graves,0.872191331996082,0.47430378073304,1.6038618086354,0.479326788199548,0.075338205914876,70.7488787828972,4.33586919490729e-16,,,3,3,1,0,log_odds,log_odds,FALSE
MR Egger,3,-0.983024375755883,0.113379499396409,0.073103070095234,HLA-B,ENSG00000234745,BBJ_Graves,0.374177731790944,0.299617626815274,0.467292183228382,0.479326788199548,0.075338205914876,70.7488787828972,4.33586919490729e-16,,,3,3,1,0,log_odds,log_odds,FALSE
Weighted median,3,-0.222126483716106,0.0535752169959744,3.38233665082345e-05,HLA-B,ENSG00000234745,BBJ_Graves,0.800814067989396,0.720987189868131,0.889479286874737,0.479326788199548,0.075338205914876,70.7488787828972,4.33586919490729e-16,,,3,3,1,0,log_odds,log_odds,FALSE
Weighted mode,3,-0.227811257256076,0.464101935506746,0.672096617383805,HLA-B,ENSG00000234745,BBJ_Graves,0.796274536694147,0.320635264078415,1.97749034127579,0.479326788199548,0.075338205914876,70.7488787828972,4.33586919490729e-16,,,3,3,1,0,log_odds,log_odds,FALSE
Inverse variance weighted,10,-0.144270787635214,0.12333659039257,0.242108734762522,HLA-C,ENSG00000204525,BBJ_Graves,0.8656533081067,0.679763384861247,1.10237718965847,0.27027886858735,0.607645376988357,150.893581061366,5.75860939766115e-28,,,21,10,1,11,log_odds,log_odds,FALSE
MR Egger,10,-0.433386862212677,0.556151574014383,0.458256032108093,HLA-C,ENSG00000204525,BBJ_Graves,0.648309636784354,0.217959950302155,1.92836062113612,0.27027886858735,0.607645376988357,150.893581061366,5.75860939766115e-28,,,21,10,1,11,log_odds,log_odds,FALSE
Weighted median,10,-0.209316483440788,0.0639000396214128,0.00105405574163491,HLA-C,ENSG00000204525,BBJ_Graves,0.811138483118501,0.715652502813597,0.919364686365325,0.27027886858735,0.607645376988357,150.893581061366,5.75860939766115e-28,,,21,10,1,11,log_odds,log_odds,FALSE
Weighted mode,10,-0.28759330579228,0.548469600843095,0.612698964965795,HLA-C,ENSG00000204525,BBJ_Graves,0.750066577949533,0.255995932463119,2.19769066619047,0.27027886858735,0.607645376988357,150.893581061366,5.75860939766115e-28,,,21,10,1,11,log_odds,log_odds,FALSE
Inverse variance weighted,5,-0.0894669952043006,0.125223317008021,0.474943057734612,HLA-DOB,ENSG00000241106,BBJ_Graves,0.914418444820219,0.715406263795965,1.16879196415018,0.0331517113336063,0.776458609014927,44.7942463795139,4.38748303179188e-09,,,6,5,1,1,log_odds,log_odds,FALSE
MR Egger,5,-0.132419590881812,0.198456304665116,0.552350160250949,HLA-DOB,ENSG00000241106,BBJ_Graves,0.875973367520459,0.59369239456177,1.29246954758707,0.0331517113336063,0.776458609014927,44.7942463795139,4.38748303179188e-09,,,6,5,1,1,log_odds,log_odds,FALSE
Weighted median,5,-0.0874411619254336,0.0395162776164852,0.026912235291684,HLA-DOB,ENSG00000241106,BBJ_Graves,0.916272781791136,0.847984377555649,0.990060469122465,0.0331517113336063,0.776458609014927,44.7942463795139,4.38748303179188e-09,,,6,5,1,1,log_odds,log_odds,FALSE
Weighted mode,5,-0.0903535508725375,0.576731431850901,0.883098313822319,HLA-DOB,ENSG00000241106,BBJ_Graves,0.913608121216391,0.295009665934247,2.82933034247963,0.0331517113336063,0.776458609014927,44.7942463795139,4.38748303179188e-09,,,6,5,1,1,log_odds,log_odds,FALSE
Inverse variance weighted,4,-0.280712815182656,0.186230722215956,0.131723807008538,HLA-DPA1,ENSG00000231389,BBJ_Graves,0.75524519929333,0.524282283509063,1.08795457904456,2.5164887624611,0.227107056020466,93.1410447232045,4.63211811444233e-20,,,5,4,1,1,log_odds,log_odds,FALSE
MR Egger,4,-3.47965979183123,1.86270531755235,0.20270466171632,HLA-DPA1,ENSG00000231389,BBJ_Graves,0.0308178937486947,0.000800269338179246,1.18677866287701,2.5164887624611,0.227107056020466,93.1410447232045,4.63211811444233e-20,,,5,4,1,1,log_odds,log_odds,FALSE
Weighted median,4,-0.360972189561225,0.053122988378542,1.0829154977267e-11,HLA-DPA1,ENSG00000231389,BBJ_Graves,0.696998382028168,0.628076536342408,0.773483351852262,2.5164887624611,0.227107056020466,93.1410447232045,4.63211811444233e-20,,,5,4,1,1,log_odds,log_odds,FALSE
Weighted mode,4,-0.387521583673555,0.941114413773569,0.708161117940677,HLA-DPA1,ENSG00000231389,BBJ_Graves,0.678736984455815,0.107302231291906,4.29333005028502,2.5164887624611,0.227107056020466,93.1410447232045,4.63211811444233e-20,,,5,4,1,1,log_odds,log_odds,FALSE
Inverse variance weighted,5,-0.0907951684578419,0.323405588251002,0.778904410174816,HLA-DPB1,ENSG00000223865,BBJ_Graves,0.913204744879582,0.484484363606646,1.72129994013112,0.134534634320425,0.582977209792572,120.859114692809,3.50069348617494e-25,,,5,5,1,0,log_odds,log_odds,FALSE
MR Egger,5,-0.427615406091841,0.652236662261726,0.558864124597505,HLA-DPB1,ENSG00000223865,BBJ_Graves,0.652062145709832,0.181590838273238,2.34144544907016,0.134534634320425,0.582977209792572,120.859114692809,3.50069348617494e-25,,,5,5,1,0,log_odds,log_odds,FALSE
Weighted median,5,-0.220623878520879,0.15639055874944,0.158326079505213,HLA-DPB1,ENSG00000223865,BBJ_Graves,0.802018279869306,0.590285256299817,1.08969911475785,0.134534634320425,0.582977209792572,120.859114692809,3.50069348617494e-25,,,5,5,1,0,log_odds,log_odds,FALSE
Weighted mode,5,-0.48693328700151,1.02470571346232,0.659433966187236,HLA-DPB1,ENSG00000223865,BBJ_Graves,0.614508027250283,0.0824670478535677,4.57904248282968,0.134534634320425,0.582977209792572,120.859114692809,3.50069348617494e-25,,,5,5,1,0,log_odds,log_odds,FALSE
Wald ratio,1,0.870330804206471,0.104520361849195,8.29854252994264e-17,HLA-DQA2,ENSG00000237541,BBJ_Graves,2.38770058429102,1.9454063877875,2.93055174281993,,,,,,,2,1,0,1,log_odds,log_odds,FALSE
Wald ratio,1,-0.475247557558447,0.225610226962671,0.0351610913956482,HLA-DRA,ENSG00000204287,BBJ_Graves,0.621731123173268,0.399539117507518,0.967488720337926,,,,,,,1,1,0,0,log_odds,log_odds,FALSE
Inverse variance weighted,3,-0.0326004967787261,0.154043481366579,0.832394310865325,HLA-DRB1,ENSG00000196126,BBJ_Graves,0.967925171581521,0.715677437183406,1.30908016531618,0.33661957831111,0.576032845617932,61.7023022481906,3.99498641144246e-14,,,3,3,1,0,log_odds,log_odds,FALSE
MR Egger,3,-0.471739303090084,0.584569466047039,0.567744003796785,HLA-DRB1,ENSG00000196126,BBJ_Graves,0.623916144729003,0.198394966177535,1.96210298655038,0.33661957831111,0.576032845617932,61.7023022481906,3.99498641144246e-14,,,3,3,1,0,log_odds,log_odds,FALSE
Weighted median,3,-0.0614047280643487,0.0484023292392579,0.204572461264761,HLA-DRB1,ENSG00000196126,BBJ_Graves,0.940442539252571,0.855325403661463,1.03403004967438,0.33661957831111,0.576032845617932,61.7023022481906,3.99498641144246e-14,,,3,3,1,0,log_odds,log_odds,FALSE
Weighted mode,3,-0.159043760001407,0.172144794338639,0.4530753127705,HLA-DRB1,ENSG00000196126,BBJ_Graves,0.852959032663968,0.608689157066067,1.19525557989213,0.33661957831111,0.576032845617932,61.7023022481906,3.99498641144246e-14,,,3,3,1,0,log_odds,log_odds,FALSE
Inverse variance weighted,10,0.0394821629217455,0.0361326054110082,0.274524749818172,HLA-DRB5,ENSG00000198502,BBJ_Graves,1.04027194330741,0.969148194112792,1.11661531498106,-0.251086962109,0.00753984640702441,145.592270853689,7.20886694292402e-27,,,29,10,0,19,log_odds,log_odds,FALSE
MR Egger,10,0.119767991820901,0.032911060805887,0.00659715823643714,HLA-DRB5,ENSG00000198502,BBJ_Graves,1.12723529343089,1.0568177949872,1.20234482498624,-0.251086962109,0.00753984640702441,145.592270853689,7.20886694292402e-27,,,29,10,0,19,log_odds,log_odds,FALSE
Weighted median,10,0.00886087601065856,0.022651930172848,0.695667650361267,HLA-DRB5,ENSG00000198502,BBJ_Graves,1.00890024978194,0.965087114978899,1.05470241827062,-0.251086962109,0.00753984640702441,145.592270853689,7.20886694292402e-27,,,29,10,0,19,log_odds,log_odds,FALSE
Weighted mode,10,0.0857783305572749,0.141769178216184,0.560086047694332,HLA-DRB5,ENSG00000198502,BBJ_Graves,1.08956477831677,0.825233205922732,1.43856475675995,-0.251086962109,0.00753984640702441,145.592270853689,7.20886694292402e-27,,,29,10,0,19,log_odds,log_odds,FALSE
Inverse variance weighted,6,-0.215455308300002,0.0526588695021519,4.28537760117556e-05,HLA-G,ENSG00000204632,BBJ_Graves,0.80617429875293,0.72711786274108,0.893826205176323,-0.309569216659494,0.0273105203133008,56.0120404744799,8.08029828594593e-11,,,22,6,0,16,log_odds,log_odds,FALSE
MR Egger,6,-0.0863899250936539,0.0483081680974707,0.14824230202427,HLA-G,ENSG00000204632,BBJ_Graves,0.917236507950778,0.834373667361366,1.00832857558694,-0.309569216659494,0.0273105203133008,56.0120404744799,8.08029828594593e-11,,,22,6,0,16,log_odds,log_odds,FALSE
Weighted median,6,-0.258286865257647,0.0426081259582153,1.34509762003209e-09,HLA-G,ENSG00000204632,BBJ_Graves,0.772373633162652,0.710491146734369,0.839645971588596,-0.309569216659494,0.0273105203133008,56.0120404744799,8.08029828594593e-11,,,22,6,0,16,log_odds,log_odds,FALSE
Weighted mode,6,-0.239388865560654,0.519606531053818,0.66434992593522,HLA-G,ENSG00000204632,BBJ_Graves,0.787108743370302,0.284273730159264,2.17937891602885,-0.309569216659494,0.0273105203133008,56.0120404744799,8.08029828594593e-11,,,22,6,0,16,log_odds,log_odds,FALSE
Inverse variance weighted,2,0.207304971999621,0.0895151239993673,0.0205656229455624,HLCS,ENSG00000159267,BBJ_Graves,1.23035773923004,1.03236814072932,1.46631817348978,,,0.209707279531519,0.646996932070705,,,4,2,0,2,log_odds,log_odds,FALSE
Wald ratio,1,-0.294185557517402,0.425558312322966,0.489381319019191,HMGB1,ENSG00000189403,BBJ_Graves,0.745138212617493,0.323589400373223,1.71585025733969,,,,,,,1,1,0,0,log_odds,log_odds,FALSE
Wald ratio,1,0.0422379872429415,0.212442023877093,0.842402578246576,HMGCR,ENSG00000113161,BBJ_Graves,1.04314270386847,0.687874837693198,1.58189635818509,,,,,,,1,1,0,0,log_odds,log_odds,FALSE
Wald ratio,1,0.155271800583287,0.103844186713652,0.134852272825214,HMOX1,ENSG00000100292,BBJ_Graves,1.16797537435463,0.952883331306721,1.4316196225493,,,,,,,2,1,0,1,log_odds,log_odds,FALSE
Inverse variance weighted,2,0.0500181376548325,0.117272509782856,0.669734774988027,HNMT,ENSG00000150540,BBJ_Graves,1.05129016414123,0.83540722239796,1.32296080233504,,,0.0531182209024201,0.817723538492184,,,2,2,0,0,log_odds,log_odds,FALSE
Inverse variance weighted,4,0.00483772462437499,0.0134395173090555,0.718875044892932,HP,ENSG00000257017,BBJ_Graves,1.004849445307,0.978725827498769,1.03167034052247,0.0015316702225399,0.971239203062533,0.176868234593286,0.981234227447982,,,13,4,1,9,log_odds,log_odds,FALSE
MR Egger,4,0.00409723822979978,0.0226226544824135,0.872971796950391,HP,ENSG00000257017,BBJ_Graves,1.00410564338574,0.960555837618159,1.04962991592363,0.0015316702225399,0.971239203062533,0.176868234593286,0.981234227447982,,,13,4,1,9,log_odds,log_odds,FALSE
Weighted median,4,0.00443628406501079,0.0143081402462069,0.756520532726353,HP,ENSG00000257017,BBJ_Graves,1.00444613894078,0.976668810278095,1.03301347950875,0.0015316702225399,0.971239203062533,0.176868234593286,0.981234227447982,,,13,4,1,9,log_odds,log_odds,FALSE
Weighted mode,4,0.00456554454744745,0.10836744384929,0.969042063637448,HP,ENSG00000257017,BBJ_Graves,1.00457598252493,0.81234134998827,1.24230153331539,0.0015316702225399,0.971239203062533,0.176868234593286,0.981234227447982,,,13,4,1,9,log_odds,log_odds,FALSE
Inverse variance weighted,2,0.0838737135553189,0.0652443491175378,0.198606361860695,HPD,ENSG00000158104,BBJ_Graves,1.08749154969523,0.956948971071645,1.2358421466655,,,1.01205179568834,0.314411793589368,,,2,2,0,0,log_odds,log_odds,FALSE
Wald ratio,1,-0.0605267231803341,0.138864520397434,0.662931864007473,HPGD,ENSG00000164120,BBJ_Graves,0.941268614991368,0.716984409164554,1.23571251235454,,,,,,,4,1,2,3,log_odds,log_odds,FALSE
Inverse variance weighted,2,0.000722438597351531,0.0603116749903864,0.99044283185781,HPSE,ENSG00000173083,BBJ_Graves,1.00072269961897,0.889150786372309,1.12629481622406,,,0.158273314568449,0.690751234681795,,,4,2,0,2,log_odds,log_odds,FALSE
Wald ratio,1,1.005531800679,0.650200910049402,0.121985310067563,HPX,ENSG00000110169,BBJ_Graves,2.7333604893451,0.76424872767259,9.77595289882332,,,,,,,1,1,0,0,log_odds,log_odds,FALSE
Inverse variance weighted,2,0.0165284156155342,0.47678379600696,0.972345690461349,HRAS,ENSG00000174775,BBJ_Graves,1.01666576555913,0.399329725140054,2.58836047954461,,,1.76103465664992,0.184495514140776,,,3,2,0,1,log_odds,log_odds,FALSE
Wald ratio,1,-0.20144207414858,0.343826023503749,0.557953649529098,HRH4,ENSG00000134489,BBJ_Graves,0.817550933522422,0.416719860536038,1.60393010317199,,,,,,,1,1,0,0,log_odds,log_odds,FALSE
Inverse variance weighted,2,0.0292347490445274,0.182503172874733,0.872733280671196,HS3ST1,ENSG00000002587,BBJ_Graves,1.02966627928163,0.720023470353635,1.47246956570589,,,0.316180841956192,0.573911909729438,,,2,2,0,0,log_odds,log_odds,FALSE
Wald ratio,1,-0.0137675208656473,0.170997448563885,0.935829241997273,HSD17B1,ENSG00000108786,BBJ_Graves,0.986326818015989,0.705447786211152,1.37903982541715,,,,,,,1,1,0,0,log_odds,log_odds,FALSE
Inverse variance weighted,3,-0.0258559443914679,0.0571857248900316,0.651168245746619,HSD17B11,ENSG00000198189,BBJ_Graves,0.974475458153193,0.871150989572335,1.09005491574894,-0.107633073731525,0.40649093120726,2.50768730138279,0.285405686151625,,,6,3,0,3,log_odds,log_odds,FALSE
MR Egger,3,0.213373690032674,0.184763453826436,0.454330843882602,HSD17B11,ENSG00000198189,BBJ_Graves,1.23784713596194,0.861773607204553,1.77803720048886,-0.107633073731525,0.40649093120726,2.50768730138279,0.285405686151625,,,6,3,0,3,log_odds,log_odds,FALSE
Weighted median,3,-0.024886112126004,0.0509047151173385,0.624929228990619,HSD17B11,ENSG00000198189,BBJ_Graves,0.975420994326044,0.882797573048038,1.0777624964316,-0.107633073731525,0.40649093120726,2.50768730138279,0.285405686151625,,,6,3,0,3,log_odds,log_odds,FALSE
Weighted mode,3,-0.0166610158349885,0.184289581817165,0.93620302447031,HSD17B11,ENSG00000198189,BBJ_Graves,0.983477011268965,0.685320548476024,1.41134981848334,-0.107633073731525,0.40649093120726,2.50768730138279,0.285405686151625,,,6,3,0,3,log_odds,log_odds,FALSE
Wald ratio,1,0.0638030586993303,0.12406482885793,0.607061885570938,HSD17B14,ENSG00000087076,BBJ_Graves,1.06588246181117,0.835801607333631,1.35930035600318,,,,,,,2,1,0,1,log_odds,log_odds,FALSE
Wald ratio,1,-0.285706550309452,0.217012679846565,0.187991816057476,HSD17B3,ENSG00000130948,BBJ_Graves,0.751483106078854,0.491127553019166,1.14985782257646,,,,,,,1,1,0,0,log_odds,log_odds,FALSE
Wald ratio,1,-0.013393002969939,0.0719896492421592,0.852412863707986,HSD17B7,ENSG00000132196,BBJ_Graves,0.986696284241891,0.856849733854469,1.13621971142738,,,,,,,2,1,0,1,log_odds,log_odds,FALSE
Wald ratio,1,-1.22732327170365,0.236221404367228,2.04007935467143e-07,HSD3B7,ENSG00000099377,BBJ_Graves,0.293076013549061,0.184460999206137,0.465646126213502,,,,,,,2,1,0,1,log_odds,log_odds,FALSE
Wald ratio,1,-0.0210981659853657,0.115909022752159,0.855564283756901,HSP90AA1,ENSG00000080824,BBJ_Graves,0.979122843292911,0.780141589650233,1.22885583203917,,,,,,,1,1,0,0,log_odds,log_odds,FALSE
Wald ratio,1,-0.345071984976537,0.616850620743699,0.575882403625124,HSP90AB1,ENSG00000096384,BBJ_Graves,0.708169374077169,0.211379707400978,2.37252605061809,,,,,,,1,1,0,0,log_odds,log_odds,FALSE
Wald ratio,1,-0.0392576291713012,0.235704370206429,0.867720578404436,HSP90B1,ENSG00000166598,BBJ_Graves,0.961502966022469,0.605780121370569,1.52611140751592,,,,,,,1,1,0,0,log_odds,log_odds,FALSE
Inverse variance weighted,4,-0.311522112341226,0.437040953711392,0.475970487805551,HSPA1B,ENSG00000204388,BBJ_Graves,0.732331416764151,0.31095023937459,1.72474317774593,-0.18668479241171,0.605442523788148,106.5575825542,6.040417895471e-23,,,4,4,1,0,log_odds,log_odds,FALSE
MR Egger,4,0.424761252292337,1.30843853709576,0.776269241448711,HSPA1B,ENSG00000204388,BBJ_Graves,1.52922527704724,0.11768093229685,19.8717829840204,-0.18668479241171,0.605442523788148,106.5575825542,6.040417895471e-23,,,4,4,1,0,log_odds,log_odds,FALSE
Weighted median,4,-0.28295177144561,0.122518231930766,0.0209176998924695,HSPA1B,ENSG00000204388,BBJ_Graves,0.753556129906145,0.592687792970411,0.958087626662957,-0.18668479241171,0.605442523788148,106.5575825542,6.040417895471e-23,,,4,4,1,0,log_odds,log_odds,FALSE
Weighted mode,4,-0.316076266067938,1.10846590529828,0.794083978395338,HSPA1B,ENSG00000204388,BBJ_Graves,0.729003849790304,0.0830203566467726,6.40140122825821,-0.18668479241171,0.605442523788148,106.5575825542,6.040417895471e-23,,,4,4,1,0,log_odds,log_odds,FALSE
Wald ratio,1,3.38226226643484,4.04062596506916,0.40255663167066,HSPA5,ENSG00000044574,BBJ_Graves,29.4372908372438,0.0107015720783013,80974.4666948068,,,,,,,2,1,0,1,log_odds,log_odds,FALSE
Wald ratio,1,-0.24273212745476,0.229465909647419,0.290140495857123,HSPB1,ENSG00000106211,BBJ_Graves,0.784481626718598,0.500331044640328,1.23000846989508,,,,,,,1,1,1,0,log_odds,log_odds,FALSE
Inverse variance weighted,3,-0.0601673816825372,0.0274750103458219,0.0285318687914544,HSPG2,ENSG00000142798,BBJ_Graves,0.941606912643861,0.892241536737957,0.993703544872173,0.0641982242363252,0.354724882093216,2.72027556039333,0.256625416617264,,,4,3,0,1,log_odds,log_odds,FALSE
MR Egger,3,-0.128765299715329,0.0488030730305447,0.230634519563433,HSPG2,ENSG00000142798,BBJ_Graves,0.879180285196209,0.798980033527651,0.967430901201534,0.0641982242363252,0.354724882093216,2.72027556039333,0.256625416617264,,,4,3,0,1,log_odds,log_odds,FALSE
Weighted median,3,-0.0568395089466012,0.0288455475012785,0.0487836448972252,HSPG2,ENSG00000142798,BBJ_Graves,0.944745680429534,0.892814200370112,0.999697809824556,0.0641982242363252,0.354724882093216,2.72027556039333,0.256625416617264,,,4,3,0,1,log_odds,log_odds,FALSE
Weighted mode,3,-0.0742954407379417,0.102160413027065,0.542685245405922,HSPG2,ENSG00000142798,BBJ_Graves,0.928397366916423,0.759929319814227,1.13421294378805,0.0641982242363252,0.354724882093216,2.72027556039333,0.256625416617264,,,4,3,0,1,log_odds,log_odds,FALSE
Wald ratio,1,0.183962336181726,0.128648372181942,0.152727808361607,HSPH1,ENSG00000120694,BBJ_Graves,1.20197055144334,0.934084407019925,1.54668378540461,,,,,,,1,1,0,0,log_odds,log_odds,FALSE
Wald ratio,1,0.445420745624064,0.29411724149718,0.129916150312121,HTR3A,ENSG00000166736,BBJ_Graves,1.56114690339769,0.877174749922814,2.77844255571954,,,,,,,1,1,0,0,log_odds,log_odds,FALSE
Wald ratio,1,-0.138432343439188,0.363714803972886,0.703495002547369,HTR3B,ENSG00000149305,BBJ_Graves,0.870722159343059,0.426853951069846,1.77615101575335,,,,,,,1,1,0,0,log_odds,log_odds,FALSE
Wald ratio,1,0.231741499031604,0.128404119113369,0.0711087337460774,HTR6,ENSG00000158748,BBJ_Graves,1.26079377028928,0.980266726520064,1.62160041567801,,,,,,,1,1,0,0,log_odds,log_odds,FALSE
Wald ratio,1,0.238194631809324,0.150348848899738,0.113130079362758,HTRA1,ENSG00000166033,BBJ_Graves,1.2689561480225,0.945076774402762,1.70382951863536,,,,,,,3,1,0,2,log_odds,log_odds,FALSE
Wald ratio,1,-0.0178526808850497,0.224776625461198,0.93669530119898,HTRA3,ENSG00000170801,BBJ_Graves,0.982305734110732,0.632285107694774,1.52609090981884,,,,,,,1,1,0,0,log_odds,log_odds,FALSE
Wald ratio,1,1.20890141495498,0.588576301459592,0.039981333745358,HTRA4,ENSG00000169495,BBJ_Graves,3.34980258736222,1.05684902594986,10.6175783851562,,,,,,,1,1,0,0,log_odds,log_odds,FALSE
Inverse variance weighted,3,0.119251197739615,0.0629899574790439,0.0583342104526104,HYAL3,ENSG00000186792,BBJ_Graves,1.12665289540592,0.995799727006191,1.27470083823255,0.0201812733574033,0.799539384523225,0.107595239801576,0.94762386730914,,,6,3,0,3,log_odds,log_odds,FALSE
MR Egger,3,0.0529936372968739,0.212948301558461,0.844726883793771,HYAL3,ENSG00000186792,BBJ_Graves,1.0544229361179,0.694623689677545,1.60058999532195,0.0201812733574033,0.799539384523225,0.107595239801576,0.94762386730914,,,6,3,0,3,log_odds,log_odds,FALSE
Weighted median,3,0.116462398169844,0.066031819264039,0.0777771988204473,HYAL3,ENSG00000186792,BBJ_Graves,1.12351526344281,0.987123651170341,1.27875220666874,0.0201812733574033,0.799539384523225,0.107595239801576,0.94762386730914,,,6,3,0,3,log_odds,log_odds,FALSE
Weighted mode,3,0.113752769377921,0.118900483276959,0.439677849425616,HYAL3,ENSG00000186792,BBJ_Graves,1.12047507488815,0.887548440883473,1.41453056037811,0.0201812733574033,0.799539384523225,0.107595239801576,0.94762386730914,,,6,3,0,3,log_odds,log_odds,FALSE
Inverse variance weighted,2,0.0793888955869194,0.0967963011018325,0.412122303017307,IARS,ENSG00000196305,BBJ_Graves,1.08262526840209,0.895536897964886,1.30879863738307,,,0.403054285150239,0.525516097504463,,,3,2,1,1,log_odds,log_odds,FALSE
Wald ratio,1,-0.399575399867337,0.360866969717154,0.268179330435388,ICAM1,ENSG00000090339,BBJ_Graves,0.670604724449082,0.330590555911888,1.36032529789898,,,,,,,1,1,0,0,log_odds,log_odds,FALSE
Inverse variance weighted,2,-0.110770557193849,0.122218203395532,0.364758904002393,ICAM2,ENSG00000108622,BBJ_Graves,0.895144109745299,0.704463868385662,1.13743658570866,,,0.177311035202055,0.673694351416937,,,2,2,0,0,log_odds,log_odds,FALSE
Wald ratio,1,-0.0216898450361353,0.0836826724850705,0.79548741873692,ICK,ENSG00000112144,BBJ_Graves,0.978543688172277,0.830516167352963,1.15295497824409,,,,,,,2,1,0,1,log_odds,log_odds,FALSE
Inverse variance weighted,2,0.069178607121406,0.0797822544077077,0.385891242474639,ICMT,ENSG00000116237,BBJ_Graves,1.07162759237613,0.916498717070154,1.25301397083565,,,0.956133983930298,0.328162843609051,,,3,2,0,1,log_odds,log_odds,FALSE
Wald ratio,1,0.597623529344535,0.216007488867532,0.00566303685889792,ICOS,ENSG00000163600,BBJ_Graves,1.81779372976785,1.19035174938463,2.77596436993648,,,,,,,2,1,0,1,log_odds,log_odds,FALSE
Inverse variance weighted,2,-0.0527054964287257,0.173194748229865,0.760889076852064,ICOSLG,ENSG00000160223,BBJ_Graves,0.948659354914552,0.675591143677933,1.33209942150444,,,0.294613561461632,0.587279107459893,,,2,2,0,0,log_odds,log_odds,FALSE
Wald ratio,1,-0.0946299154235308,0.13678964427207,0.489068265126391,IDE,ENSG00000119912,BBJ_Graves,0.909709541648258,0.69576896666745,1.1894342659888,,,,,,,1,1,0,0,log_odds,log_odds,FALSE
Inverse variance weighted,2,0.133581016107542,0.130122949273409,0.304620451935069,IDO1,ENSG00000131203,BBJ_Graves,1.14291385681633,0.885626509167264,1.47494691112059,,,1.2358903184475,0.266264562185063,,,2,2,0,0,log_odds,log_odds,FALSE
Wald ratio,1,-0.00129131592163705,0.0839481089304566,0.987727175514633,IFI30,ENSG00000216490,BBJ_Graves,0.998709517468006,0.847190575180837,1.17732742726543,,,,,,,1,1,0,0,log_odds,log_odds,FALSE
Wald ratio,1,0.0968479297924875,0.158158170920229,0.540307161171559,IFIT1,ENSG00000185745,BBJ_Graves,1.10169282622515,0.808041318338306,1.50206066918945,,,,,,,1,1,0,0,log_odds,log_odds,FALSE
Inverse variance weighted,3,0.111116087900539,0.139191463054412,0.424698323121071,IFITM1,ENSG00000185885,BBJ_Graves,1.11752463041279,0.850697073013616,1.46804466501233,-0.0254663824907901,0.658000133547201,0.416853959638736,0.811860314725028,,,4,3,1,1,log_odds,log_odds,FALSE
MR Egger,3,0.259424452218358,0.285252396685633,0.530165175539099,IFITM1,ENSG00000185885,BBJ_Graves,1.29618385619769,0.741062549264626,2.2671400554983,-0.0254663824907901,0.658000133547201,0.416853959638736,0.811860314725028,,,4,3,1,1,log_odds,log_odds,FALSE
Weighted median,3,0.112004410122585,0.144158318483728,0.437185795822409,IFITM1,ENSG00000185885,BBJ_Graves,1.11851779343475,0.843204390629312,1.48372336308213,-0.0254663824907901,0.658000133547201,0.416853959638736,0.811860314725028,,,4,3,1,1,log_odds,log_odds,FALSE
Weighted mode,3,0.13378203693922,0.388700261842711,0.763531662187021,IFITM1,ENSG00000185885,BBJ_Graves,1.14314362940412,0.533620441598089,2.44888923957577,-0.0254663824907901,0.658000133547201,0.416853959638736,0.811860314725028,,,4,3,1,1,log_odds,log_odds,FALSE
Wald ratio,1,-0.0509207952101643,0.164391757083035,0.756749002256073,IFNAR1,ENSG00000142166,BBJ_Graves,0.950353940135629,0.68857664927086,1.31165152418063,,,,,,,6,1,1,5,log_odds,log_odds,FALSE
Inverse variance weighted,3,-0.0707280145859964,0.0876874690209921,0.41990156083382,IFNAR2,ENSG00000159110,BBJ_Graves,0.931715270632018,0.784588851964206,1.10643089480004,0.0299984803764638,0.710487607851798,2.54642918657262,0.27993031178111,,,3,3,0,0,log_odds,log_odds,FALSE
MR Egger,3,-0.161669247492529,0.216806560963996,0.592096492748648,IFNAR2,ENSG00000159110,BBJ_Graves,0.850722536624172,0.556209583519976,1.30118008708182,0.0299984803764638,0.710487607851798,2.54642918657262,0.27993031178111,,,3,3,0,0,log_odds,log_odds,FALSE
Weighted median,3,-0.0765637644268751,0.0779898740201434,0.32624068263406,IFNAR2,ENSG00000159110,BBJ_Graves,0.926293847809348,0.794991451269015,1.07928241381693,0.0299984803764638,0.710487607851798,2.54642918657262,0.27993031178111,,,3,3,0,0,log_odds,log_odds,FALSE
Weighted mode,3,-0.106532569285714,0.266638232646568,0.728124481808713,IFNAR2,ENSG00000159110,BBJ_Graves,0.898945769662831,0.533048158482097,1.51600466850096,0.0299984803764638,0.710487607851798,2.54642918657262,0.27993031178111,,,3,3,0,0,log_odds,log_odds,FALSE
Inverse variance weighted,2,0.110273694854312,0.233509863305065,0.636752444345308,IFNG,ENSG00000111537,BBJ_Graves,1.11658363183612,0.706518679848321,1.76465115848316,,,0.727013285079898,0.393853015447519,,,2,2,0,0,log_odds,log_odds,FALSE
Wald ratio,1,0.740787665989739,0.167211026753072,9.41212585821616e-06,IFNGR1,ENSG00000027697,BBJ_Graves,2.09758706196432,1.51142672171149,2.91107165125268,,,,,,,2,1,1,1,log_odds,log_odds,FALSE
Wald ratio,1,0.00777799297672485,0.0593669006140762,0.895762928485058,IFNGR2,ENSG00000159128,BBJ_Graves,1.00780832014126,0.897106107648071,1.13217110159772,,,,,,,5,1,0,4,log_odds,log_odds,FALSE
Wald ratio,1,-0.0965740683301771,0.232437010972126,0.677786966659479,IFNL1,ENSG00000182393,BBJ_Graves,0.907942645313513,0.575710349719532,1.43190034290768,,,,,,,1,1,0,0,log_odds,log_odds,FALSE
Inverse variance weighted,4,0.446081288014413,0.193589490300506,0.0212078300317169,IGF1R,ENSG00000140443,BBJ_Graves,1.56217844775683,1.06891689380689,2.28306009267433,0.0220465692392766,0.662690490208203,0.573740932045427,0.902416580614353,,,4,4,0,0,log_odds,log_odds,FALSE
MR Egger,4,0.307185752867081,0.335574318887048,0.456613295400378,IGF1R,ENSG00000140443,BBJ_Graves,1.35959349300703,0.704307722747649,2.62455515753214,0.0220465692392766,0.662690490208203,0.573740932045427,0.902416580614353,,,4,4,0,0,log_odds,log_odds,FALSE
Weighted median,4,0.442143744062084,0.20225917481795,0.0288137288082998,IGF1R,ENSG00000140443,BBJ_Graves,1.55603939578267,1.04677683430545,2.31306093321623,0.0220465692392766,0.662690490208203,0.573740932045427,0.902416580614353,,,4,4,0,0,log_odds,log_odds,FALSE
Weighted mode,4,0.349749573184365,0.470910913592955,0.511527218970432,IGF1R,ENSG00000140443,BBJ_Graves,1.41871222051959,0.56369845909252,3.57060469509155,0.0220465692392766,0.662690490208203,0.573740932045427,0.902416580614353,,,4,4,0,0,log_odds,log_odds,FALSE
Wald ratio,1,0.0251004268324632,0.286091698175719,0.930086823897851,IGF2,ENSG00000167244,BBJ_Graves,1.02541809484487,0.58529499049318,1.79649969043691,,,,,,,1,1,0,0,log_odds,log_odds,FALSE
Wald ratio,1,0.648885826700631,0.3422249758387,0.0579495075427992,IGF2R,ENSG00000197081,BBJ_Graves,1.913407773086,0.978362399505292,3.74209935700429,,,,,,,1,1,0,0,log_odds,log_odds,FALSE
Wald ratio,1,-0.000131177500330967,0.495424999076394,0.999788737949819,IGFALS,ENSG00000099769,BBJ_Graves,0.999868831103061,0.378641975632841,2.64032448526209,,,,,,,2,1,0,1,log_odds,log_odds,FALSE
Inverse variance weighted,2,0.120795181979399,0.0849991313327272,0.155277716820135,IGFBP2,ENSG00000115457,BBJ_Graves,1.12839377331832,0.955230013725765,1.33294859810498,,,0.00738976730729326,0.931495229234207,,,2,2,0,0,log_odds,log_odds,FALSE
Inverse variance weighted,3,0.188564657407393,0.28411926512412,0.50689427846836,IGFBP3,ENSG00000146674,BBJ_Graves,1.20751515526194,0.691903279780861,2.10736513729068,-0.0456470302423233,0.682397188630494,2.16089024438142,0.339444397778288,,,3,3,1,0,log_odds,log_odds,FALSE
MR Egger,3,0.607094197157454,0.845297811008984,0.603489266126695,IGFBP3,ENSG00000146674,BBJ_Graves,1.83509123048721,0.350046417305163,9.6203236420366,-0.0456470302423233,0.682397188630494,2.16089024438142,0.339444397778288,,,3,3,1,0,log_odds,log_odds,FALSE
Weighted median,3,0.207505582479293,0.270109751807693,0.442352383364774,IGFBP3,ENSG00000146674,BBJ_Graves,1.23060458664554,0.724763755970041,2.08949141868463,-0.0456470302423233,0.682397188630494,2.16089024438142,0.339444397778288,,,3,3,1,0,log_odds,log_odds,FALSE
Weighted mode,3,0.191086376310522,0.688397247957135,0.807395262645311,IGFBP3,ENSG00000146674,BBJ_Graves,1.21056401161848,0.314059685575806,4.66619974970359,-0.0456470302423233,0.682397188630494,2.16089024438142,0.339444397778288,,,3,3,1,0,log_odds,log_odds,FALSE
Wald ratio,1,-0.271590045495644,0.630384988152528,0.666590506684992,IGFBP4,ENSG00000141753,BBJ_Graves,0.762166650704223,0.221541660807143,2.62207117762549,,,,,,,2,1,0,1,log_odds,log_odds,FALSE
Wald ratio,1,0.137049304499634,0.176053135638191,0.43630129150142,IGFBP6,ENSG00000167779,BBJ_Graves,1.14688469370238,0.812194982551494,1.61949350698607,,,,,,,1,1,0,0,log_odds,log_odds,FALSE
Inverse variance weighted,3,-0.162843805360094,0.148014712526025,0.271250821811894,IGFBP7,ENSG00000163453,BBJ_Graves,0.84972390036851,0.635748240735202,1.13571797858613,-0.259522798037624,0.270180394738428,4.96648581427734,0.0834720939530837,,,3,3,0,0,log_odds,log_odds,FALSE
MR Egger,3,1.1061933350337,0.581067072613412,0.307914275227543,IGFBP7,ENSG00000163453,BBJ_Graves,3.02282956575623,0.967830677166357,9.44121611268104,-0.259522798037624,0.270180394738428,4.96648581427734,0.0834720939530837,,,3,3,0,0,log_odds,log_odds,FALSE
Weighted median,3,-0.118973003796889,0.0975683604721876,0.222699622462003,IGFBP7,ENSG00000163453,BBJ_Graves,0.887831768525181,0.733295155513555,1.07493584714945,-0.259522798037624,0.270180394738428,4.96648581427734,0.0834720939530837,,,3,3,0,0,log_odds,log_odds,FALSE
Weighted mode,3,-0.110462416173732,0.260636049713663,0.712928923133893,IGFBP7,ENSG00000163453,BBJ_Graves,0.895419982866157,0.537240689455981,1.49239802839193,-0.259522798037624,0.270180394738428,4.96648581427734,0.0834720939530837,,,3,3,0,0,log_odds,log_odds,FALSE
Inverse variance weighted,2,-0.0796777163817116,0.0594376810242651,0.180074618154241,IGLC2,ENSG00000211677,BBJ_Graves,0.92341389960854,0.82186792568117,1.03750639652172,,,1.03458588017348,0.309084004727911,,,2,2,2,0,log_odds,log_odds,FALSE
Wald ratio,1,-0.0472520288696488,0.127927927141887,0.71185608976407,IGLC3,ENSG00000211679,BBJ_Graves,0.953846970320589,0.742308194139704,1.22566886634494,,,,,,,1,1,0,0,log_odds,log_odds,FALSE
Inverse variance weighted,2,-0.112060484237086,0.0551449834692481,0.0421428665367542,IGLC7,ENSG00000211685,BBJ_Graves,0.893990183550849,0.802402720539886,0.996031578441729,,,0.752821084353862,0.385584525994187,,,2,2,0,0,log_odds,log_odds,FALSE
Wald ratio,1,-0.643478471117859,0.401345994901893,0.10886819595528,IGLL1,ENSG00000128322,BBJ_Graves,0.525461438935962,0.23928101539518,1.15391404266924,,,,,,,1,1,0,0,log_odds,log_odds,FALSE
Wald ratio,1,0.298297707800747,0.24830486855978,0.229620687801798,IGLL5,ENSG00000254709,BBJ_Graves,1.34756290815803,0.828300030482681,2.19235267972297,,,,,,,1,1,1,0,log_odds,log_odds,FALSE
Inverse variance weighted,2,0.489204817198533,0.139402095462377,0.000449275172319938,IGLV10-54,ENSG00000211642,BBJ_Graves,1.63101874610353,1.24107347417738,2.14348481817678,,,0.253455958944905,0.614652074737328,,,3,2,1,1,log_odds,log_odds,FALSE
Wald ratio,1,-0.453919546227662,0.246528459140927,0.0655855129961465,IGLV3-16,ENSG00000211665,BBJ_Graves,0.635133830103004,0.391756296100728,1.02970899550672,,,,,,,2,1,0,1,log_odds,log_odds,FALSE
Wald ratio,1,-0.346216178474816,0.188033632211662,0.0655855129961465,IGLV4-3,ENSG00000211672,BBJ_Graves,0.707359554667072,0.489308505613692,1.02258091539048,,,,,,,1,1,0,0,log_odds,log_odds,FALSE
Inverse variance weighted,2,-0.0355627854036887,0.0673816165537348,0.597650846936568,IGLV4-60,ENSG00000211639,BBJ_Graves,0.965062140511743,0.845666035970356,1.101315289292,,,0.156321301665366,0.692566239384804,,,3,2,0,1,log_odds,log_odds,FALSE
Wald ratio,1,0.128753026608543,0.0761325780288249,0.0908046032192637,IGLV4-69,ENSG00000211637,BBJ_Graves,1.13740917967168,0.979741197548603,1.32045038550828,,,,,,,1,1,0,0,log_odds,log_odds,FALSE
Wald ratio,1,-0.721469082428429,0.365847539995721,0.0486040733193794,IGLV5-37,ENSG00000211654,BBJ_Graves,0.486037701771757,0.237276236715056,0.995601796513917,,,,,,,3,1,0,2,log_odds,log_odds,FALSE
Wald ratio,1,0.301186803265079,0.0924219628377811,0.00111875506668703,IGLV5-45,ENSG00000211650,BBJ_Graves,1.35146177543182,1.12754167735141,1.61985048281643,,,,,,,2,1,1,1,log_odds,log_odds,FALSE
Wald ratio,1,0.345526980146563,0.208551456868487,0.0975609581506228,IGLV7-46,ENSG00000211649,BBJ_Graves,1.41273420641742,0.938723903664832,2.126096853601,,,,,,,3,1,0,2,log_odds,log_odds,FALSE
Inverse variance weighted,3,0.0821189956603732,0.0624728598592249,0.188686496232638,IGLV8-61,ENSG00000211638,BBJ_Graves,1.08558498204576,0.960474534706561,1.22699219048357,0.0114993678535728,0.846221381290538,1.67964281823537,0.431787629877414,,,5,3,0,2,log_odds,log_odds,FALSE
MR Egger,3,0.0523456008864023,0.144170569821781,0.77827777880754,IGLV8-61,ENSG00000211638,BBJ_Graves,1.05373985301852,0.794351900764114,1.3978284394755,0.0114993678535728,0.846221381290538,1.67964281823537,0.431787629877414,,,5,3,0,2,log_odds,log_odds,FALSE
Weighted median,3,0.0866707987404799,0.0613230708414804,0.157553622527567,IGLV8-61,ENSG00000211638,BBJ_Graves,1.09053761426295,0.967033229998105,1.22981532715754,0.0114993678535728,0.846221381290538,1.67964281823537,0.431787629877414,,,5,3,0,2,log_odds,log_odds,FALSE
Weighted mode,3,0.0821749714881133,0.277386756760151,0.794971931450022,IGLV8-61,ENSG00000211638,BBJ_Graves,1.08564575026447,0.630335493634349,1.86984027866122,0.0114993678535728,0.846221381290538,1.67964281823537,0.431787629877414,,,5,3,0,2,log_odds,log_odds,FALSE
Wald ratio,1,0.6483120382205,2.34403792573043,0.782103269338036,IGSF11,ENSG00000144847,BBJ_Graves,1.91231019666648,0.0193318304356764,189.166271680399,,,,,,,2,1,0,1,log_odds,log_odds,FALSE
Inverse variance weighted,2,-0.0672006895529936,0.319330100138849,0.833322166288293,IGSF8,ENSG00000162729,BBJ_Graves,0.935007536261698,0.500029748252327,1.74837416358078,,,3.92186858447794,0.0476618763180655,,,2,2,0,0,log_odds,log_odds,FALSE
Inverse variance weighted,3,0.176653253046721,0.113773793040829,0.120501787467628,IK,ENSG00000113141,BBJ_Graves,1.19321727693116,0.95471407492588,1.49130248245009,0.00515689287806562,0.921181721066695,0.0257250921723814,0.987219822923108,,,3,3,0,0,log_odds,log_odds,FALSE
MR Egger,3,0.148942132626893,0.250061289408158,0.658011334271894,IK,ENSG00000113141,BBJ_Graves,1.16060582605546,0.7109323548144,1.89470330665361,0.00515689287806562,0.921181721066695,0.0257250921723814,0.987219822923108,,,3,3,0,0,log_odds,log_odds,FALSE
Weighted median,3,0.174715185291446,0.117942497388183,0.138510922132459,IK,ENSG00000113141,BBJ_Graves,1.19090698048037,0.945111745200908,1.50062618876394,0.00515689287806562,0.921181721066695,0.0257250921723814,0.987219822923108,,,3,3,0,0,log_odds,log_odds,FALSE
Weighted mode,3,0.171464143608623,0.283762858095662,0.60709171932916,IK,ENSG00000113141,BBJ_Graves,1.18704157894177,0.680647275203402,2.07018783659345,0.00515689287806562,0.921181721066695,0.0257250921723814,0.987219822923108,,,3,3,0,0,log_odds,log_odds,FALSE
Wald ratio,1,0.106153839327585,0.196083856457188,0.588252855075057,IKBKB,ENSG00000104365,BBJ_Graves,1.11199293159357,0.757167698778128,1.63309697694381,,,,,,,2,1,0,1,log_odds,log_odds,FALSE
Wald ratio,1,0.0581245949022694,0.0923988840195143,0.529308692821734,IKBKE,ENSG00000143466,BBJ_Graves,1.0598470390224,0.884283808283157,1.27026610190387,,,,,,,2,1,0,1,log_odds,log_odds,FALSE
Wald ratio,1,0.180361967432339,0.145569160410702,0.215340975608408,IL10,ENSG00000136634,BBJ_Graves,1.19765079525612,0.900366310342709,1.59309317874371,,,,,,,1,1,0,0,log_odds,log_odds,FALSE
Wald ratio,1,-0.135505131736077,0.370044856327432,0.714226518081502,IL10RA,ENSG00000110324,BBJ_Graves,0.873274681501792,0.422826626604218,1.80359660761357,,,,,,,2,1,1,1,log_odds,log_odds,FALSE
Inverse variance weighted,2,-0.0567517927607248,0.196110164270573,0.772285005472496,IL10RB,ENSG00000243646,BBJ_Graves,0.944828553551849,0.643310541093461,1.38766729065176,,,0.870531368742512,0.350808245322931,,,6,2,0,4,log_odds,log_odds,FALSE
Inverse variance weighted,2,0.0405766002879308,0.206999957720586,0.844592740163263,IL11RA,ENSG00000137070,BBJ_Graves,1.04141107903581,0.69409716793353,1.56251471068153,,,0.140323997944722,0.707959126750052,,,4,2,1,2,log_odds,log_odds,FALSE
Wald ratio,1,0.0736696105175911,0.816277493787704,0.928088000468344,IL12A,ENSG00000168811,BBJ_Graves,1.07645109861724,0.217352617831552,5.33118477833235,,,,,,,1,1,0,0,log_odds,log_odds,FALSE
Inverse variance weighted,3,-0.191075871086193,0.0690970648090519,0.00568660315501291,IL12RB1,ENSG00000096996,BBJ_Graves,0.826069910952115,0.721439961184674,0.945874271588564,-0.0288674827195979,0.659320215702331,0.352989437335616,0.83820320597307,,,4,3,0,1,log_odds,log_odds,FALSE
MR Egger,3,-0.105424670419474,0.160149009716035,0.629371612437504,IL12RB1,ENSG00000096996,BBJ_Graves,0.899942262566603,0.657495913957456,1.2317887590795,-0.0288674827195979,0.659320215702331,0.352989437335616,0.83820320597307,,,4,3,0,1,log_odds,log_odds,FALSE
Weighted median,3,-0.190496440393739,0.0672476388719658,0.00461479791461726,IL12RB1,ENSG00000096996,BBJ_Graves,0.826548699911747,0.724479500300697,0.94299804624181,-0.0288674827195979,0.659320215702331,0.352989437335616,0.83820320597307,,,4,3,0,1,log_odds,log_odds,FALSE
Weighted mode,3,-0.179606674897509,0.218596377428632,0.497645094296506,IL12RB1,ENSG00000096996,BBJ_Graves,0.835598808771342,0.544408402087932,1.28253966423411,-0.0288674827195979,0.659320215702331,0.352989437335616,0.83820320597307,,,4,3,0,1,log_odds,log_odds,FALSE
Inverse variance weighted,2,-0.183526367343665,0.184478856411753,0.319815612860239,IL12RB2,ENSG00000081985,BBJ_Graves,0.832329929119275,0.579780946104424,1.19488768225736,,,0.319569201517343,0.57186665412593,,,2,2,1,0,log_odds,log_odds,FALSE
Wald ratio,1,0.209731214319827,0.202229576182646,0.299691741858784,IL15,ENSG00000164136,BBJ_Graves,1.23334650952028,0.829743422916353,1.83326986455573,,,,,,,2,1,0,1,log_odds,log_odds,FALSE
Inverse variance weighted,2,0.16913331924694,0.095482239070706,0.0765010294149446,IL15RA,ENSG00000134470,BBJ_Graves,1.18427801545293,0.982149374832464,1.42800520351029,,,1.17395467980051,0.278590147824775,,,4,2,0,2,log_odds,log_odds,FALSE
Wald ratio,1,0.0574567895248537,0.0968112175980404,0.55285120020544,IL16,ENSG00000172349,BBJ_Graves,1.05913950374473,0.876084092220701,1.28044385048603,,,,,,,3,1,1,2,log_odds,log_odds,FALSE
Inverse variance weighted,2,0.11290383248541,0.146749847246869,0.441678131131579,IL17RA,ENSG00000177663,BBJ_Graves,1.11952426590546,0.839687174246551,1.49262084784821,,,1.81207495461771,0.178259519900644,,,4,2,2,2,log_odds,log_odds,FALSE
Inverse variance weighted,3,-0.183053144529265,0.161218360172277,0.256192645397408,IL17RB,ENSG00000056736,BBJ_Graves,0.832723899841458,0.607112522403728,1.14217557335448,0.0223773011486403,0.771337707531699,0.172096097950959,0.917550142816645,,,3,3,0,0,log_odds,log_odds,FALSE
MR Egger,3,-0.312804457654235,0.381327696863448,0.562642777066603,IL17RB,ENSG00000056736,BBJ_Graves,0.731392916873369,0.346384190244699,1.54434184330017,0.0223773011486403,0.771337707531699,0.172096097950959,0.917550142816645,,,3,3,0,0,log_odds,log_odds,FALSE
Weighted median,3,-0.182649414777893,0.156307824438285,0.242595540173338,IL17RB,ENSG00000056736,BBJ_Graves,0.833060163129681,0.613231507827238,1.13169207148626,0.0223773011486403,0.771337707531699,0.172096097950959,0.917550142816645,,,3,3,0,0,log_odds,log_odds,FALSE
Weighted mode,3,-0.184918766918965,0.850798678034435,0.848095786391647,IL17RB,ENSG00000056736,BBJ_Graves,0.831171799755989,0.156847046303741,4.40458763483346,0.0223773011486403,0.771337707531699,0.172096097950959,0.917550142816645,,,3,3,0,0,log_odds,log_odds,FALSE
Inverse variance weighted,2,-0.21595354330617,0.223794249339719,0.334562509375052,IL17RC,ENSG00000163702,BBJ_Graves,0.805772734541199,0.519654936145374,1.249424675047,,,0.42458481141302,0.514658132968236,,,2,2,0,0,log_odds,log_odds,FALSE
Wald ratio,1,-0.647180252588795,0.488866212674549,0.185556456449767,IL18,ENSG00000150782,BBJ_Graves,0.523519891327214,0.200817643411196,1.36478584231796,,,,,,,1,1,0,0,log_odds,log_odds,FALSE
Wald ratio,1,-0.33781002543229,0.418198229625409,0.419220187477914,IL18BP,ENSG00000137496,BBJ_Graves,0.713330789735338,0.314277616250687,1.61908067667969,,,,,,,2,1,0,1,log_odds,log_odds,FALSE
Inverse variance weighted,2,0.036174023739653,0.0863343149610354,0.675216591407943,IL18R1,ENSG00000115604,BBJ_Graves,1.03683626491615,0.875428994289604,1.22800301024716,,,0.0150808725443276,0.902262145072899,,,3,2,0,1,log_odds,log_odds,FALSE
Inverse variance weighted,3,-0.0127521176955205,0.0301341911486614,0.672165615772571,IL18RAP,ENSG00000115607,BBJ_Graves,0.987328846038904,0.930702936775969,1.0473999938126,0.00709797102489031,0.961336535103573,6.02315556113831,0.0492139686283819,,,11,3,0,8,log_odds,log_odds,FALSE
MR Egger,3,-0.0158939688088716,0.0669263771947023,0.851562544936188,IL18RAP,ENSG00000115607,BBJ_Graves,0.98423167377953,0.86323383545113,1.12218954805519,0.00709797102489031,0.961336535103573,6.02315556113831,0.0492139686283819,,,11,3,0,8,log_odds,log_odds,FALSE
Weighted median,3,-0.0133516567645526,0.01790659016717,0.455892104716687,IL18RAP,ENSG00000115607,BBJ_Graves,0.986737081232508,0.952706332405681,1.02198341121622,0.00709797102489031,0.961336535103573,6.02315556113831,0.0492139686283819,,,11,3,0,8,log_odds,log_odds,FALSE
Weighted mode,3,-0.0117613784888428,0.101648754091708,0.918455919581568,IL18RAP,ENSG00000115607,BBJ_Graves,0.988307516159936,0.809779786733643,1.20619427960543,0.00709797102489031,0.961336535103573,6.02315556113831,0.0492139686283819,,,11,3,0,8,log_odds,log_odds,FALSE
Wald ratio,1,0.166357996319545,0.560740645808894,0.766714284140481,IL1B,ENSG00000125538,BBJ_Graves,1.18099581820961,0.393492343217229,3.54454450428428,,,,,,,1,1,0,0,log_odds,log_odds,FALSE
Inverse variance weighted,2,0.199768980152763,0.153467663447073,0.193018686302917,IL1R1,ENSG00000115594,BBJ_Graves,1.22112062247229,0.903908048338176,1.64965405205602,,,1.24126157814464,0.265228055417416,,,2,2,0,0,log_odds,log_odds,FALSE
Inverse variance weighted,2,0.0191404848498139,0.0901702520344989,0.831896005433639,IL1R2,ENSG00000115590,BBJ_Graves,1.019324838256,0.854197190914076,1.21637385013379,,,0.351480961377535,0.55327598864498,,,4,2,0,2,log_odds,log_odds,FALSE
Wald ratio,1,-0.0459484717901996,0.112672238085681,0.683415736418007,IL1RL1,ENSG00000115602,BBJ_Graves,0.955091175061225,0.765836898282219,1.19111413242938,,,,,,,2,1,0,1,log_odds,log_odds,FALSE
Inverse variance weighted,2,-0.0503938733295473,0.175829583676465,0.774413759880423,IL1RN,ENSG00000136689,BBJ_Graves,0.950854834375495,0.673666661891183,1.34209538218368,,,0.611682992034598,0.434154836723427,,,2,2,0,0,log_odds,log_odds,FALSE
Wald ratio,1,0.096866377681331,0.838907039102012,0.908074693567452,IL20RB,ENSG00000174564,BBJ_Graves,1.10171315031942,0.21280236263704,5.70375183125653,,,,,,,1,1,0,0,log_odds,log_odds,FALSE
Inverse variance weighted,2,0.0643727335989659,0.190206410083918,0.735034502347676,IL21R,ENSG00000103522,BBJ_Graves,1.06648984128362,0.734598027918302,1.54833056764978,,,2.8704643491628,0.0902188362998838,,,2,2,0,0,log_odds,log_odds,FALSE
Wald ratio,1,0.598050917308034,0.504692507827761,0.236025049580211,IL23A,ENSG00000110944,BBJ_Graves,1.81857079897126,0.67628114256182,4.8902735012586,,,,,,,1,1,0,0,log_odds,log_odds,FALSE
Wald ratio,1,0.185814170740599,0.206786214596751,0.368875864124004,IL24,ENSG00000162892,BBJ_Graves,1.20419846427555,0.802930748384913,1.80600125761836,,,,,,,1,1,0,0,log_odds,log_odds,FALSE
Wald ratio,1,0.105415127785981,0.424572953268771,0.803913845520991,IL2RB,ENSG00000100385,BBJ_Graves,1.11117179291047,0.48347877649259,2.55378894254068,,,,,,,1,1,0,0,log_odds,log_odds,FALSE
Wald ratio,1,-0.118879841933844,0.0482150821643274,0.0136778164931628,IL31RA,ENSG00000164509,BBJ_Graves,0.887914484439732,0.807847962833791,0.975916469371702,,,,,,,1,1,0,0,log_odds,log_odds,FALSE
Inverse variance weighted,3,0.0965968410850972,0.127669817527089,0.449280823877071,IL32,ENSG00000008517,BBJ_Graves,1.10141623832298,0.857584123739139,1.41457577916932,0.000628495509496703,0.990493339887119,2.57302492197733,0.276232476681668,,,4,3,2,1,log_odds,log_odds,FALSE
MR Egger,3,0.0940512082365434,0.248289329878691,0.769483019842751,IL32,ENSG00000008517,BBJ_Graves,1.09861600266489,0.675301596462174,1.78728604764818,0.000628495509496703,0.990493339887119,2.57302492197733,0.276232476681668,,,4,3,2,1,log_odds,log_odds,FALSE
Weighted median,3,0.100988247422431,0.114007166177891,0.375722002439548,IL32,ENSG00000008517,BBJ_Graves,1.10626364023778,0.884736163919061,1.38325897778504,0.000628495509496703,0.990493339887119,2.57302492197733,0.276232476681668,,,4,3,2,1,log_odds,log_odds,FALSE
Weighted mode,3,0.0999635222867119,0.38502045095842,0.819430419291979,IL32,ENSG00000008517,BBJ_Graves,1.10513060470304,0.519610097273899,2.35044249497623,0.000628495509496703,0.990493339887119,2.57302492197733,0.276232476681668,,,4,3,2,1,log_odds,log_odds,FALSE
Wald ratio,1,3.49376733953113,4.51110603184861,0.438646212535559,IL34,ENSG00000157368,BBJ_Graves,32.9096964585122,0.00475765450661184,227643.289248151,,,,,,,1,1,0,0,log_odds,log_odds,FALSE
Wald ratio,1,0.335757713692131,0.183471875426488,0.067246530788927,IL4,ENSG00000113520,BBJ_Graves,1.39900002519429,0.976434934576152,2.00443572959954,,,,,,,1,1,0,0,log_odds,log_odds,FALSE
Wald ratio,1,0.0325911082537445,0.800650757587545,0.967530458961432,IL4I1,ENSG00000104951,BBJ_Graves,1.03312801534563,0.215093088107144,4.96228635464248,,,,,,,1,1,0,0,log_odds,log_odds,FALSE
Inverse variance weighted,2,0.383189198363009,0.175220306734179,0.0287498626257269,IL4R,ENSG00000077238,BBJ_Graves,1.46695554940302,1.04055830117342,2.06808074232611,,,1.66741064049787,0.19660571704939,,,2,2,0,0,log_odds,log_odds,FALSE
Wald ratio,1,0.773697890327377,0.326117100472167,0.0176703528961688,IL6R,ENSG00000160712,BBJ_Graves,2.16776761748909,1.14397423791838,4.10779918609461,,,,,,,1,1,1,0,log_odds,log_odds,FALSE
Inverse variance weighted,3,0.301833716977294,0.342275163821671,0.377860514281172,IL6ST,ENSG00000134352,BBJ_Graves,1.35233633743846,0.691407707342481,2.64505811858211,0.0726193451594005,0.526785612553285,2.44138088663858,0.295026397581294,,,3,3,0,0,log_odds,log_odds,FALSE
MR Egger,3,-0.713590341429065,1.16073935924812,0.649088372645293,IL6ST,ENSG00000134352,BBJ_Graves,0.489882191923969,0.0503559000697628,4.76576849250552,0.0726193451594005,0.526785612553285,2.44138088663858,0.295026397581294,,,3,3,0,0,log_odds,log_odds,FALSE
Weighted median,3,0.182969240795586,0.356577524826119,0.607863103361013,IL6ST,ENSG00000134352,BBJ_Graves,1.20077747255305,0.596949530395816,2.41539102582898,0.0726193451594005,0.526785612553285,2.44138088663858,0.295026397581294,,,3,3,0,0,log_odds,log_odds,FALSE
Weighted mode,3,0.0858635987699561,0.566317554852586,0.893401172743451,IL6ST,ENSG00000134352,BBJ_Graves,1.08965768751906,0.359112773058289,3.30635378368083,0.0726193451594005,0.526785612553285,2.44138088663858,0.295026397581294,,,3,3,0,0,log_odds,log_odds,FALSE
Wald ratio,1,-0.439747918161386,0.79262471206999,0.579031701979027,IL7,ENSG00000104432,BBJ_Graves,0.644198791432751,0.136246115788621,3.04590028479972,,,,,,,1,1,0,0,log_odds,log_odds,FALSE
Wald ratio,1,-0.0776244866310072,0.0934896309295855,0.406368909539906,IL7R,ENSG00000168685,BBJ_Graves,0.925311828274464,0.770385559176268,1.11139411862824,,,,,,,3,1,1,2,log_odds,log_odds,FALSE
Inverse variance weighted,2,-0.0244655302983956,0.0598118157135446,0.682509016115742,IL8,ENSG00000169429,BBJ_Graves,0.975831324953279,0.867884455386261,1.09720455165459,,,0.0823352931750131,0.774157288683203,,,2,2,0,0,log_odds,log_odds,FALSE
Wald ratio,1,-0.38174641441453,0.278728697492194,0.170812258674545,ILK,ENSG00000166333,BBJ_Graves,0.682668146059037,0.395321997942416,1.17887646037741,,,,,,,1,1,0,0,log_odds,log_odds,FALSE
Inverse variance weighted,4,-0.00162284251543608,0.0669859088341707,0.980671840421421,IMPA1,ENSG00000133731,BBJ_Graves,0.998378473581443,0.875539313831962,1.13845210690575,-0.139527564519559,0.228820571347433,3.28961730165207,0.349090339283574,,,10,4,0,6,log_odds,log_odds,FALSE
MR Egger,4,0.339331013443967,0.209051076808687,0.246024609553228,IMPA1,ENSG00000133731,BBJ_Graves,1.40400801383072,0.932012458309459,2.11503449908431,-0.139527564519559,0.228820571347433,3.28961730165207,0.349090339283574,,,10,4,0,6,log_odds,log_odds,FALSE
Weighted median,4,0.0449081882363895,0.0723616135900012,0.534857647921108,IMPA1,ENSG00000133731,BBJ_Graves,1.04593182665467,0.907628092176282,1.20531018755279,-0.139527564519559,0.228820571347433,3.28961730165207,0.349090339283574,,,10,4,0,6,log_odds,log_odds,FALSE
Weighted mode,4,0.0359264052636745,0.255716772079896,0.897173234967915,IMPA1,ENSG00000133731,BBJ_Graves,1.03657955688453,0.627960214006983,1.71109117072023,-0.139527564519559,0.228820571347433,3.28961730165207,0.349090339283574,,,10,4,0,6,log_odds,log_odds,FALSE
Inverse variance weighted,2,-0.5870630247394,0.280278994944153,0.036209535864822,IMPA2,ENSG00000141401,BBJ_Graves,0.555957723363017,0.32096928209798,0.962986202750192,,,0.00650261121438799,0.935729232649338,,,3,2,0,1,log_odds,log_odds,FALSE
Inverse variance weighted,2,-0.0635142645549774,0.0913053280244604,0.486663734787877,IMPDH1,ENSG00000106348,BBJ_Graves,0.938460732480473,0.784685163319699,1.12237186017619,,,0.622492330308874,0.430122625577955,,,2,2,1,0,log_odds,log_odds,FALSE
Wald ratio,1,-0.00479093324212597,0.155190710970555,0.975372207858028,IMPG2,ENSG00000081148,BBJ_Graves,0.995220524972722,0.734206667428951,1.3490260130644,,,,,,,1,1,0,0,log_odds,log_odds,FALSE
Wald ratio,1,0.0811422546589291,0.107543396868376,0.450544793932282,INHBB,ENSG00000163083,BBJ_Graves,1.0845251643512,0.878409139820441,1.33900568515422,,,,,,,2,1,0,1,log_odds,log_odds,FALSE
Inverse variance weighted,3,0.0151673393877603,0.0711438579355209,0.8311767910251,INSL3,ENSG00000248099,BBJ_Graves,1.01528294722809,0.883137278505597,1.16720184734634,0.0284756641040297,0.699104670869346,0.365581411862252,0.832942467413398,,,4,3,0,1,log_odds,log_odds,FALSE
MR Egger,3,-0.0595790470138219,0.16258164989535,0.776381434291437,INSL3,ENSG00000248099,BBJ_Graves,0.942161055629652,0.685066694785821,1.29573873828839,0.0284756641040297,0.699104670869346,0.365581411862252,0.832942467413398,,,4,3,0,1,log_odds,log_odds,FALSE
Weighted median,3,0.0134185822316288,0.0720869242065871,0.852331470016778,INSL3,ENSG00000248099,BBJ_Graves,1.01350901544865,0.879966193070407,1.16731816799865,0.0284756641040297,0.699104670869346,0.365581411862252,0.832942467413398,,,4,3,0,1,log_odds,log_odds,FALSE
Weighted mode,3,0.0122650813019101,0.209707948897518,0.958679129343035,INSL3,ENSG00000248099,BBJ_Graves,1.01234060586738,0.671150081552291,1.52698111861598,0.0284756641040297,0.699104670869346,0.365581411862252,0.832942467413398,,,4,3,0,1,log_odds,log_odds,FALSE
Inverse variance weighted,2,0.0250514621540004,0.279744003107395,0.928643720445993,INSR,ENSG00000171105,BBJ_Graves,1.02536788680678,0.592593398417173,1.77420016170085,,,0.741573180944642,0.389157397764661,,,2,2,0,0,log_odds,log_odds,FALSE
Wald ratio,1,0.0644593370744608,0.0798550307159237,0.419548695694717,IPP,ENSG00000197429,BBJ_Graves,1.06658220700999,0.912053595965288,1.24729249393102,,,,,,,1,1,0,0,log_odds,log_odds,FALSE
Inverse variance weighted,2,0.439405523141606,0.226585635669499,0.0524712642960479,IRAK2,ENSG00000134070,BBJ_Graves,1.5517844443132,0.99530871583996,2.41938498406521,,,0.322683441464304,0.569999440174798,,,2,2,0,0,log_odds,log_odds,FALSE
Inverse variance weighted,2,0.00765754434949207,0.10104460791246,0.939591104844418,IRAK3,ENSG00000090376,BBJ_Graves,1.00768693832287,0.826636776041764,1.22839074560509,,,1.44028923619226,0.230092541481529,,,2,2,1,0,log_odds,log_odds,FALSE
Wald ratio,1,0.584929813169352,0.267029627137696,0.0284876109374838,IRAK4,ENSG00000198001,BBJ_Graves,1.79486500533271,1.06348552407824,3.02922824470056,,,,,,,1,1,0,0,log_odds,log_odds,FALSE
Wald ratio,1,-0.272484236025182,0.458474588580334,0.55229282643936,ISG15,ENSG00000187608,BBJ_Graves,0.761485433117782,0.310027452292153,1.87035070785973,,,,,,,2,1,0,1,log_odds,log_odds,FALSE
Inverse variance weighted,4,0.0328341401368336,0.0750509016477138,0.661754856071249,ITGA1,ENSG00000213949,BBJ_Graves,1.03337912890573,0.892020979470733,1.19713823848804,-0.051342476672946,0.345619123840439,10.257937007835,0.0164961497137882,,,4,4,0,0,log_odds,log_odds,FALSE
MR Egger,4,0.108315398533651,0.0929237090889697,0.363970442342271,ITGA1,ENSG00000213949,BBJ_Graves,1.11439916982824,0.928843447788881,1.33702349160151,-0.051342476672946,0.345619123840439,10.257937007835,0.0164961497137882,,,4,4,0,0,log_odds,log_odds,FALSE
Weighted median,4,0.0362830479802844,0.0428629966784456,0.397280101601008,ITGA1,ENSG00000213949,BBJ_Graves,1.03694931136488,0.953392669051417,1.12782897251554,-0.051342476672946,0.345619123840439,10.257937007835,0.0164961497137882,,,4,4,0,0,log_odds,log_odds,FALSE
Weighted mode,4,0.0607440687577745,0.659470568855428,0.93241653716112,ITGA1,ENSG00000213949,BBJ_Graves,1.06262691995512,0.291761600682275,3.87020076793098,-0.051342476672946,0.345619123840439,10.257937007835,0.0164961497137882,,,4,4,0,0,log_odds,log_odds,FALSE
Wald ratio,1,-0.0752302844198057,0.192253675110608,0.695570034788612,ITGA10,ENSG00000143127,BBJ_Graves,0.92752986605573,0.63632395148703,1.35200262447279,,,,,,,1,1,0,0,log_odds,log_odds,FALSE
Inverse variance weighted,2,-0.144713694274192,0.100540201270666,0.150048128297577,ITGA2,ENSG00000164171,BBJ_Graves,0.865269989402952,0.710509835292415,1.05373932544263,,,0.0198444195076719,0.887972466752647,,,3,2,1,1,log_odds,log_odds,FALSE
Wald ratio,1,0.255140767814731,0.160419420474517,0.111731019830311,ITGA3,ENSG00000005884,BBJ_Graves,1.29064328912148,0.942441626510079,1.76749419051312,,,,,,,1,1,0,0,log_odds,log_odds,FALSE
Inverse variance weighted,3,0.0205862694006902,0.0606106355925424,0.734121772043834,ITGA4,ENSG00000115232,BBJ_Graves,1.02079962821685,0.906458005027427,1.14956443121282,0.0488429050447255,0.590917834999417,0.955078518500888,0.620307932293669,,,3,3,0,0,log_odds,log_odds,FALSE
MR Egger,3,-0.0929362709134433,0.163316230357617,0.670640551499717,ITGA4,ENSG00000115232,BBJ_Graves,0.911251571675989,0.661638408885902,1.25503510033553,0.0488429050447255,0.590917834999417,0.955078518500888,0.620307932293669,,,3,3,0,0,log_odds,log_odds,FALSE
Weighted median,3,0.018307693208035,0.0598507631844811,0.759689121977366,ITGA4,ENSG00000115232,BBJ_Graves,1.01847630642459,0.905742886786791,1.14524110747166,0.0488429050447255,0.590917834999417,0.955078518500888,0.620307932293669,,,3,3,0,0,log_odds,log_odds,FALSE
Weighted mode,3,0.00863369542178971,0.243193380115,0.974904654481587,ITGA4,ENSG00000115232,BBJ_Graves,1.0086710732623,0.626237661104939,1.62465050766985,0.0488429050447255,0.590917834999417,0.955078518500888,0.620307932293669,,,3,3,0,0,log_odds,log_odds,FALSE
Wald ratio,1,0.25679651562745,0.192349298499205,0.181858987649142,ITGA6,ENSG00000091409,BBJ_Graves,1.29278203905108,0.886735879414461,1.88476122292094,,,,,,,1,1,0,0,log_odds,log_odds,FALSE
Wald ratio,1,0.545323914076464,0.566813106627167,0.336005555680945,ITGA7,ENSG00000135424,BBJ_Graves,1.72516709779088,0.568002320482519,5.23976999384779,,,,,,,2,1,0,1,log_odds,log_odds,FALSE
Inverse variance weighted,2,0.167391699696869,0.146049495643533,0.251741390971483,ITGA9,ENSG00000144668,BBJ_Graves,1.18221724876518,0.887927386081324,1.57404495591253,,,0.0772728600655385,0.781027739688676,,,3,2,0,1,log_odds,log_odds,FALSE
Inverse variance weighted,2,-0.0115114493535009,0.205382115888085,0.955302822008702,ITGAD,ENSG00000156886,BBJ_Graves,0.988554553872577,0.660961030331382,1.47851395337522,,,3.62542344529229,0.0569030898375037,,,3,2,0,1,log_odds,log_odds,FALSE
Wald ratio,1,0.236293040140646,0.164578341714709,0.151074035080773,ITGAE,ENSG00000083457,BBJ_Graves,1.26654540443492,0.917336873308241,1.74868939445345,,,,,,,1,1,0,0,log_odds,log_odds,FALSE
Wald ratio,1,0.0703865570588464,0.174989123198259,0.687511897485774,ITGAV,ENSG00000138448,BBJ_Graves,1.07292284700317,0.761403282116186,1.51189712818408,,,,,,,2,1,0,1,log_odds,log_odds,FALSE
Inverse variance weighted,2,-0.398796870702638,0.49347890915232,0.419013696435227,ITGAX,ENSG00000140678,BBJ_Graves,0.671127013067131,0.255121460218999,1.76547855786719,,,14.0770067076661,0.000175475854484104,,,6,2,0,4,log_odds,log_odds,FALSE
Wald ratio,1,0.251509125492811,0.463126353944364,0.587082950409454,ITGB1,ENSG00000150093,BBJ_Graves,1.28596463507139,0.51880949324578,3.18749958160629,,,,,,,1,1,0,0,log_odds,log_odds,FALSE
Inverse variance weighted,2,0.00273389013947798,0.113973878976996,0.980862987288957,ITGB2,ENSG00000160255,BBJ_Graves,1.00273763062504,0.801993390312308,1.25372947959081,,,0.00315327958582324,0.955219070163225,,,3,2,0,1,log_odds,log_odds,FALSE
Wald ratio,1,-0.0218424847840729,0.166723277458698,0.895767073119617,ITGB3,ENSG00000259207,BBJ_Graves,0.97839433490928,0.705661153958285,1.35653701385291,,,,,,,2,1,0,1,log_odds,log_odds,FALSE
Inverse variance weighted,2,-0.0898561811666403,0.147031293591197,0.54110925813356,ITGB5,ENSG00000082781,BBJ_Graves,0.914062635240329,0.685204793625801,1.2193588090961,,,0.181469883159264,0.670113077494146,,,2,2,0,0,log_odds,log_odds,FALSE
Inverse variance weighted,2,-0.0731909000177322,0.0618877861596237,0.236952310103308,ITGB7,ENSG00000139626,BBJ_Graves,0.929423386148416,0.823253619702428,1.04928518994162,,,0.178783379870236,0.672420876021004,,,4,2,1,2,log_odds,log_odds,FALSE
Inverse variance weighted,2,0.0345647366780721,0.115717532504844,0.765169552389754,ITIH2,ENSG00000151655,BBJ_Graves,1.03516903961192,0.825107476133298,1.29870952762758,,,0.00347511579477777,0.952991843208939,,,2,2,1,0,log_odds,log_odds,FALSE
Wald ratio,1,0.371077630989069,0.166934456814091,0.0262229369297108,ITIH4,ENSG00000055955,BBJ_Graves,1.44929557926889,1.0448633336139,2.01027025115659,,,,,,,7,1,2,6,log_odds,log_odds,FALSE
Inverse variance weighted,2,0.018209053038942,0.160256655349574,0.909535609859649,ITK,ENSG00000113263,BBJ_Graves,1.01837584870417,0.743866280029162,1.39418790321197,,,1.63915777141261,0.200441064412696,,,2,2,1,0,log_odds,log_odds,FALSE
Inverse variance weighted,2,0.0155710765430099,0.0519900861528968,0.764557900846372,ITLN1,ENSG00000179914,BBJ_Graves,1.01569293743555,0.91729194077507,1.12464974050112,,,0.717719006315498,0.396893137165887,,,3,2,0,1,log_odds,log_odds,FALSE
Wald ratio,1,-0.0469245936813127,0.136493674268135,0.731007343229147,ITM2B,ENSG00000136156,BBJ_Graves,0.954159344521322,0.730188765604359,1.24682835127411,,,,,,,2,1,0,1,log_odds,log_odds,FALSE
Inverse variance weighted,2,-0.0551806172317852,0.0400818682614819,0.168605719461721,ITPR1,ENSG00000150995,BBJ_Graves,0.946314211863601,0.874816543635028,1.02365529560519,,,0.112527516000669,0.737284741476304,,,3,2,0,1,log_odds,log_odds,FALSE
Inverse variance weighted,3,0.0921739078972085,0.10633851209695,0.386053222300086,ITPR2,ENSG00000123104,BBJ_Graves,1.09655550516176,0.890253009950519,1.35066544281317,0.0371609303188684,0.429796666525186,2.31687410165998,0.313976526941991,,,5,3,0,2,log_odds,log_odds,FALSE
MR Egger,3,-0.0301849013074599,0.139133815799365,0.863993812771525,ITPR2,ENSG00000123104,BBJ_Graves,0.970266113488549,0.738682429618729,1.27445339598789,0.0371609303188684,0.429796666525186,2.31687410165998,0.313976526941991,,,5,3,0,2,log_odds,log_odds,FALSE
Weighted median,3,0.0576791222505691,0.102269383486121,0.572759522602388,ITPR2,ENSG00000123104,BBJ_Graves,1.05937501129706,0.866954425452264,1.29450335751523,0.0371609303188684,0.429796666525186,2.31687410165998,0.313976526941991,,,5,3,0,2,log_odds,log_odds,FALSE
Weighted mode,3,0.0576235049069634,0.282032184254512,0.857011775226412,ITPR2,ENSG00000123104,BBJ_Graves,1.0593160933115,0.609473642028678,1.84117984465016,0.0371609303188684,0.429796666525186,2.31687410165998,0.313976526941991,,,5,3,0,2,log_odds,log_odds,FALSE
Inverse variance weighted,5,-0.102026124964596,0.122447152123165,0.404717400574173,ITPR3,ENSG00000096433,BBJ_Graves,0.903005960361972,0.71033219142059,1.14794144809697,-0.0346386355752549,0.84885378523752,117.475714671073,1.84808661548002e-24,,,9,5,0,4,log_odds,log_odds,FALSE
MR Egger,5,-0.0747470051533236,0.192299096739641,0.723442031459256,ITPR3,ENSG00000096433,BBJ_Graves,0.927978230342893,0.63657487349354,1.35277660468178,-0.0346386355752549,0.84885378523752,117.475714671073,1.84808661548002e-24,,,9,5,0,4,log_odds,log_odds,FALSE
Weighted median,5,-0.103510537339059,0.0298935057456394,0.000534897663994521,ITPR3,ENSG00000096433,BBJ_Graves,0.901666521525942,0.850354626718639,0.956074666375271,-0.0346386355752549,0.84885378523752,117.475714671073,1.84808661548002e-24,,,9,5,0,4,log_odds,log_odds,FALSE
Weighted mode,5,-0.0790749546413858,0.634828115348011,0.90687984511556,ITPR3,ENSG00000096433,BBJ_Graves,0.923970665959579,0.266245074749379,3.20652613896205,-0.0346386355752549,0.84885378523752,117.475714671073,1.84808661548002e-24,,,9,5,0,4,log_odds,log_odds,FALSE
Inverse variance weighted,3,0.258882823301722,0.138022478251689,0.0607023981889557,IVNS1ABP,ENSG00000116679,BBJ_Graves,1.29548199563105,0.988426262923771,1.69792493780958,0.0921973284908964,0.408639898422126,2.42566566188865,0.297353732326491,,,4,3,1,1,log_odds,log_odds,FALSE
MR Egger,3,-0.323027805250598,0.452665459025354,0.605420724029394,IVNS1ABP,ENSG00000116679,BBJ_Graves,0.72395372437333,0.298122111898013,1.75803462446057,0.0921973284908964,0.408639898422126,2.42566566188865,0.297353732326491,,,4,3,1,1,log_odds,log_odds,FALSE
Weighted median,3,0.286159591375552,0.148743718013821,0.0543742398610987,IVNS1ABP,ENSG00000116679,BBJ_Graves,1.33130490308018,0.994636340135276,1.78193041360652,0.0921973284908964,0.408639898422126,2.42566566188865,0.297353732326491,,,4,3,1,1,log_odds,log_odds,FALSE
Weighted mode,3,0.408042876530591,0.24321829570456,0.235409774282136,IVNS1ABP,ENSG00000116679,BBJ_Graves,1.50387164058618,0.933639412718034,2.42238050424119,0.0921973284908964,0.408639898422126,2.42566566188865,0.297353732326491,,,4,3,1,1,log_odds,log_odds,FALSE
Inverse variance weighted,3,-0.235008380589916,0.372909414174704,0.528562216971427,JAG1,ENSG00000101384,BBJ_Graves,0.790564224206408,0.380636345894533,1.64196561714643,0.0208581048466003,0.843913300000123,0.0676906283006026,0.966721031136515,,,3,3,1,0,log_odds,log_odds,FALSE
MR Egger,3,-0.575828761028698,1.41223747479036,0.753524515742848,JAG1,ENSG00000101384,BBJ_Graves,0.562238714133125,0.0353020511104934,8.95450439071248,0.0208581048466003,0.843913300000123,0.0676906283006026,0.966721031136515,,,3,3,1,0,log_odds,log_odds,FALSE
Weighted median,3,-0.19951486377554,0.429035875181777,0.641909454403066,JAG1,ENSG00000101384,BBJ_Graves,0.819128045387033,0.35330443234773,1.89912917389951,0.0208581048466003,0.843913300000123,0.0676906283006026,0.966721031136515,,,3,3,1,0,log_odds,log_odds,FALSE
Weighted mode,3,-0.173195828037551,0.477861769829607,0.751740135642738,JAG1,ENSG00000101384,BBJ_Graves,0.840972912643378,0.329623265321723,2.14558714206536,0.0208581048466003,0.843913300000123,0.0676906283006026,0.966721031136515,,,3,3,1,0,log_odds,log_odds,FALSE
Wald ratio,1,0.120577076221441,0.416867181541117,0.772393295168876,JAK1,ENSG00000162434,BBJ_Graves,1.12814769097608,0.4983350686458,2.55393869051441,,,,,,,1,1,0,0,log_odds,log_odds,FALSE
Inverse variance weighted,2,-0.00601411711865674,0.129587818627823,0.962983795574959,JAK2,ENSG00000096968,BBJ_Graves,0.99400393148344,0.771046773200501,1.28143174985781,,,0.794210041096875,0.37283012975794,,,2,2,0,0,log_odds,log_odds,FALSE
Wald ratio,1,-0.11682483808529,1.33507804913833,0.930270805788821,JAK3,ENSG00000105639,BBJ_Graves,0.889741028256931,0.0649863640853489,12.1816185365289,,,,,,,1,1,0,0,log_odds,log_odds,FALSE
Wald ratio,1,0.0279299799539649,0.161148997791796,0.862401680918161,JAM2,ENSG00000154721,BBJ_Graves,1.02832367862921,0.74982003414563,1.41027118491761,,,,,,,1,1,0,0,log_odds,log_odds,FALSE
Inverse variance weighted,2,-0.318493373385669,0.276803629376858,0.249892197634022,JAM3,ENSG00000166086,BBJ_Graves,0.727243897104444,0.422727089362931,1.25112324046399,,,2.15095333505588,0.142481394690177,,,2,2,0,0,log_odds,log_odds,FALSE
Inverse variance weighted,3,0.182179527076246,0.260578519993891,0.484467754790679,JUN,ENSG00000177606,BBJ_Graves,1.19982957644164,0.719963781210387,1.99953254604547,-0.0747971830642628,0.680080966330312,7.71679090650464,0.02110183124819,,,3,3,0,0,log_odds,log_odds,FALSE
MR Egger,3,0.610604248437403,0.843786803414012,0.601207923011364,JUN,ENSG00000177606,BBJ_Graves,1.84154381263182,0.352319133009813,9.62560160974304,-0.0747971830642628,0.680080966330312,7.71679090650464,0.02110183124819,,,3,3,0,0,log_odds,log_odds,FALSE
Weighted median,3,0.218767140284854,0.158628297940952,0.16785837629786,JUN,ENSG00000177606,BBJ_Graves,1.24454143937806,0.911973520672708,1.69838636672993,-0.0747971830642628,0.680080966330312,7.71679090650464,0.02110183124819,,,3,3,0,0,log_odds,log_odds,FALSE
Weighted mode,3,0.368971178493094,0.555478801341321,0.574869785925919,JUN,ENSG00000177606,BBJ_Graves,1.44624592008728,0.486865549955673,4.29610856952095,-0.0747971830642628,0.680080966330312,7.71679090650464,0.02110183124819,,,3,3,0,0,log_odds,log_odds,FALSE
Wald ratio,1,-0.193645600939568,0.199910382950381,0.332713834213209,KALRN,ENSG00000160145,BBJ_Graves,0.823949859587257,0.556844110574339,1.21918030238955,,,,,,,1,1,0,0,log_odds,log_odds,FALSE
Wald ratio,1,-0.223135577870435,0.81967001389595,0.785448168203844,KARS,ENSG00000065427,BBJ_Graves,0.80000637878045,0.160463495426525,3.98850968806462,,,,,,,1,1,0,0,log_odds,log_odds,FALSE
Inverse variance weighted,3,-0.174623988252699,0.247647906698237,0.480729288755924,KAT2B,ENSG00000114166,BBJ_Graves,0.839772725821055,0.516844157863699,1.36446977353453,0.0340645319025628,0.716550131121352,2.5374611450024,0.281188343529896,,,3,3,0,0,log_odds,log_odds,FALSE
MR Egger,3,-0.457830930189687,0.672400033533052,0.619437947718063,KAT2B,ENSG00000114166,BBJ_Graves,0.632654429930248,0.169358925624394,2.36333353104784,0.0340645319025628,0.716550131121352,2.5374611450024,0.281188343529896,,,3,3,0,0,log_odds,log_odds,FALSE
Weighted median,3,-0.258133001584844,0.255706276790556,0.312739559694414,KAT2B,ENSG00000114166,BBJ_Graves,0.772492482549694,0.467985809973163,1.27513403799575,0.0340645319025628,0.716550131121352,2.5374611450024,0.281188343529896,,,3,3,0,0,log_odds,log_odds,FALSE
Weighted mode,3,-0.317359140268406,0.348687621590533,0.458815068026462,KAT2B,ENSG00000114166,BBJ_Graves,0.728069229187876,0.367590078578554,1.44205416136374,0.0340645319025628,0.716550131121352,2.5374611450024,0.281188343529896,,,3,3,0,0,log_odds,log_odds,FALSE
Wald ratio,1,-1.0645167566761,1.02771772902394,0.300292400574552,KBTBD11,ENSG00000176595,BBJ_Graves,0.344894482459214,0.0460124390203169,2.58521840101295,,,,,,,5,1,0,4,log_odds,log_odds,FALSE
Inverse variance weighted,3,-0.000555962525379262,0.102594029006109,0.995676242091424,KBTBD2,ENSG00000170852,BBJ_Graves,0.999444191993149,0.817388923058199,1.22204823766338,-0.0919159876392314,0.392707332242115,4.35110005928591,0.113545683000499,,,4,3,0,1,log_odds,log_odds,FALSE
MR Egger,3,0.349747018209202,0.26222436101657,0.409565445597563,KBTBD2,ENSG00000170852,BBJ_Graves,1.41870859574973,0.848561488716368,2.37193663207468,-0.0919159876392314,0.392707332242115,4.35110005928591,0.113545683000499,,,4,3,0,1,log_odds,log_odds,FALSE
Weighted median,3,0.0283091420478154,0.0707538192537898,0.689077253891489,KBTBD2,ENSG00000170852,BBJ_Graves,1.02871365391561,0.895504221210468,1.18173846274219,-0.0919159876392314,0.392707332242115,4.35110005928591,0.113545683000499,,,4,3,0,1,log_odds,log_odds,FALSE
Weighted mode,3,0.0323634631276193,0.183597152115335,0.876312355115873,KBTBD2,ENSG00000170852,BBJ_Graves,1.03289285555577,0.720732693158911,1.4802542762174,-0.0919159876392314,0.392707332242115,4.35110005928591,0.113545683000499,,,4,3,0,1,log_odds,log_odds,FALSE
Wald ratio,1,-0.198173257694726,0.11314880682162,0.0798702826182499,KBTBD7,ENSG00000120696,BBJ_Graves,0.820227730060567,0.657083011564893,1.0238790492514,,,,,,,1,1,0,0,log_odds,log_odds,FALSE
Wald ratio,1,-0.41127523188325,0.583629315296351,0.481005853174006,KBTBD8,ENSG00000163376,BBJ_Graves,0.662804481568158,0.211149537104404,2.08056236736913,,,,,,,1,1,0,0,log_odds,log_odds,FALSE
Wald ratio,1,-0.153586198516815,0.560660232518571,0.784132191960065,KCNA2,ENSG00000177301,BBJ_Graves,0.857626834851429,0.285795072631312,2.57360555969465,,,,,,,1,1,0,0,log_odds,log_odds,FALSE
Inverse variance weighted,2,-0.0226470523896653,0.310982438192083,0.941946000181125,KCNA3,ENSG00000177272,BBJ_Graves,0.977607467108535,0.531435931512351,1.7983660928357,,,2.29062106676333,0.130157831589942,,,2,2,0,0,log_odds,log_odds,FALSE
Wald ratio,1,0.722187955635535,1.60588423092733,0.652916974070758,KCNA6,ENSG00000151079,BBJ_Graves,2.05893314039312,0.0884475872402356,47.9290143335942,,,,,,,1,1,1,0,log_odds,log_odds,FALSE
Inverse variance weighted,2,-0.10193954307778,0.129584814631509,0.43147933143887,KCNB1,ENSG00000158445,BBJ_Graves,0.903084147706582,0.70052461141374,1.16421459653363,,,0.0318264357697152,0.858409122725142,,,2,2,0,0,log_odds,log_odds,FALSE
Wald ratio,1,-0.473061153693976,0.356419978947483,0.184423458554368,KCNC3,ENSG00000131398,BBJ_Graves,0.623091965637137,0.309857020395282,1.25297660561723,,,,,,,1,1,0,0,log_odds,log_odds,FALSE
Wald ratio,1,-0.248359211801676,0.587888348663236,0.672689415318966,KCNC4,ENSG00000116396,BBJ_Graves,0.780079679116964,0.246444028748819,2.46921911178237,,,,,,,1,1,0,0,log_odds,log_odds,FALSE
Inverse variance weighted,3,0.15380766734286,0.0936061711761848,0.100354803064849,KCNE1,ENSG00000180509,BBJ_Graves,1.1662665540606,0.970775125478468,1.40112538879691,-0.0375305992612856,0.566994347515322,0.665457952793977,0.716964482123373,,,3,3,0,0,log_odds,log_odds,FALSE
MR Egger,3,0.310533363682588,0.215171623953521,0.385760770976675,KCNE1,ENSG00000180509,BBJ_Graves,1.36415250953789,0.894757077562846,2.07979586408782,-0.0375305992612856,0.566994347515322,0.665457952793977,0.716964482123373,,,3,3,0,0,log_odds,log_odds,FALSE
Weighted median,3,0.162965839165984,0.0955899148518207,0.0882236275424385,KCNE1,ENSG00000180509,BBJ_Graves,1.17699648182025,0.97590464811653,1.41952466451603,-0.0375305992612856,0.566994347515322,0.665457952793977,0.716964482123373,,,3,3,0,0,log_odds,log_odds,FALSE
Weighted mode,3,0.182772337163167,0.267350515889107,0.564776352885106,KCNE1,ENSG00000180509,BBJ_Graves,1.20054105838314,0.710892060760917,2.02745101882414,-0.0375305992612856,0.566994347515322,0.665457952793977,0.716964482123373,,,3,3,0,0,log_odds,log_odds,FALSE
Wald ratio,1,-0.288321652270971,0.319553178604566,0.366916107330254,KCNG1,ENSG00000026559,BBJ_Graves,0.749520468501289,0.400658481218096,1.40214411783933,,,,,,,1,1,0,0,log_odds,log_odds,FALSE
Wald ratio,1,0.00993734503801419,0.248443658836107,0.968094414100746,KCNG2,ENSG00000178342,BBJ_Graves,1.00998688441185,0.620634941190013,1.64359664431406,,,,,,,2,1,0,1,log_odds,log_odds,FALSE
Inverse variance weighted,2,0.180829679851461,0.246350889737858,0.462928632809321,KCNH2,ENSG00000055118,BBJ_Graves,1.19821108242325,0.739324709581668,1.94192048424063,,,0.0402263171695491,0.841038731873361,,,2,2,1,0,log_odds,log_odds,FALSE
Wald ratio,1,0.186179583603602,0.268011005748541,0.487261248213763,KCNH3,ENSG00000135519,BBJ_Graves,1.20463857429004,0.712395540320921,2.03700614691359,,,,,,,1,1,1,0,log_odds,log_odds,FALSE
Wald ratio,1,-0.277580312633183,0.378621916900137,0.463477168365602,KCNH8,ENSG00000183960,BBJ_Graves,0.757614716126766,0.360710612424505,1.59124804849475,,,,,,,1,1,0,0,log_odds,log_odds,FALSE
Wald ratio,1,0.127786996680974,0.226805280831992,0.573147824809825,KCNJ10,ENSG00000177807,BBJ_Graves,1.13631093891635,0.728511874353295,1.77238367054368,,,,,,,1,1,0,0,log_odds,log_odds,FALSE
Wald ratio,1,-0.340360446239222,0.181291649892055,0.060460645454882,KCNJ11,ENSG00000187486,BBJ_Graves,0.711513814058157,0.498729168021841,1.01508381714184,,,,,,,1,1,0,0,log_odds,log_odds,FALSE
Wald ratio,1,-0.198147806352075,0.116389806809625,0.0886710764584112,KCNJ12,ENSG00000184185,BBJ_Graves,0.82024860622324,0.652938831135551,1.03043002487853,,,,,,,1,1,1,0,log_odds,log_odds,FALSE
Wald ratio,1,0.239414155607912,0.218878828212059,0.274033698727984,KCNJ14,ENSG00000182324,BBJ_Graves,1.27050461424818,0.827299623659889,1.95114554468783,,,,,,,1,1,0,0,log_odds,log_odds,FALSE
Wald ratio,1,0.0358000921096274,0.107604895686105,0.739361147234751,KCNJ15,ENSG00000157551,BBJ_Graves,1.03644863152025,0.839368459841688,1.27980239569975,,,,,,,2,1,0,1,log_odds,log_odds,FALSE
Inverse variance weighted,3,0.0167902587442633,0.0150627141913465,0.264983234746976,KCNJ2,ENSG00000123700,BBJ_Graves,1.01693200735933,0.987348056312644,1.04740238356676,-0.0403036594517014,0.382098392047419,2.25496790187631,0.323847047283576,,,3,3,1,0,log_odds,log_odds,FALSE
MR Egger,3,0.03047116894078,0.0169973142314665,0.323927663608902,KCNJ2,ENSG00000123700,BBJ_Graves,1.03094016652331,0.997160472154216,1.06586417796426,-0.0403036594517014,0.382098392047419,2.25496790187631,0.323847047283576,,,3,3,1,0,log_odds,log_odds,FALSE
Weighted median,3,0.0174079589753615,0.0154612787895332,0.260204969419872,KCNJ2,ENSG00000123700,BBJ_Graves,1.01756036054226,0.987186651545887,1.04886860628176,-0.0403036594517014,0.382098392047419,2.25496790187631,0.323847047283576,,,3,3,1,0,log_odds,log_odds,FALSE
Weighted mode,3,0.0188282809480232,0.162849372548357,0.918517741724519,KCNJ2,ENSG00000123700,BBJ_Graves,1.01900665073658,0.740554174019938,1.40215880306067,-0.0403036594517014,0.382098392047419,2.25496790187631,0.323847047283576,,,3,3,1,0,log_odds,log_odds,FALSE
Inverse variance weighted,4,0.00929937484555503,0.0493795058536378,0.850622215720242,KCNK17,ENSG00000124780,BBJ_Graves,1.00934274837647,0.916233112892701,1.11191439096075,-0.0165516114894656,0.593785180646986,0.494663380323277,0.92006226977213,,,5,4,1,1,log_odds,log_odds,FALSE
MR Egger,4,0.0502036176882796,0.0816799120876255,0.601403139154033,KCNK17,ENSG00000124780,BBJ_Graves,1.05148517556084,0.895933569442095,1.2340435855224,-0.0165516114894656,0.593785180646986,0.494663380323277,0.92006226977213,,,5,4,1,1,log_odds,log_odds,FALSE
Weighted median,4,0.0111528758958374,0.0529066703999771,0.833041129414304,KCNK17,ENSG00000124780,BBJ_Graves,1.01121530107378,0.91160891870273,1.12170511295665,-0.0165516114894656,0.593785180646986,0.494663380323277,0.92006226977213,,,5,4,1,1,log_odds,log_odds,FALSE
Weighted mode,4,0.0123661447463649,0.177858548270215,0.948944450235038,KCNK17,ENSG00000124780,BBJ_Graves,1.01244292166607,0.714454038942944,1.4347188395048,-0.0165516114894656,0.593785180646986,0.494663380323277,0.92006226977213,,,5,4,1,1,log_odds,log_odds,FALSE
Inverse variance weighted,2,0.118781488973509,0.472616692327393,0.801561050804838,KCNK5,ENSG00000164626,BBJ_Graves,1.12612382092977,0.44595054088494,2.84371190031288,,,0.773237454770386,0.379217379405746,,,2,2,0,0,log_odds,log_odds,FALSE
Inverse variance weighted,2,-0.0812967286647709,0.162110098380667,0.616025726082721,KCNK6,ENSG00000099337,BBJ_Graves,0.921920090736479,0.670968880090305,1.2667303639912,,,1.47768313982415,0.224137368677779,,,2,2,0,0,log_odds,log_odds,FALSE
Wald ratio,1,-0.0537931676634402,0.139071336597243,0.698902282603592,KCNK7,ENSG00000173338,BBJ_Graves,0.947628086364906,0.721536013398235,1.2445657228366,,,,,,,1,1,0,0,log_odds,log_odds,FALSE
Inverse variance weighted,2,-0.0684450799098764,0.120750500849946,0.570829272600522,KCNMA1,ENSG00000156113,BBJ_Graves,0.933844745532796,0.7370378276557,1.18320386829126,,,2.48425700297057,0.114990640427869,,,3,2,0,1,log_odds,log_odds,FALSE
Wald ratio,1,0.364232921070274,0.482216435977756,0.450050529266905,KCNN3,ENSG00000143603,BBJ_Graves,1.43940944390373,0.559388367268256,3.70386598726975,,,,,,,1,1,0,0,log_odds,log_odds,FALSE
Wald ratio,1,-0.171725790687744,0.260645836905793,0.509993867532036,KCNN4,ENSG00000104783,BBJ_Graves,0.842210083355924,0.505305727942057,1.40373992472876,,,,,,,5,1,0,4,log_odds,log_odds,FALSE
Wald ratio,1,0.443298025250435,0.374569960883284,0.236616887284423,KCNQ1,ENSG00000053918,BBJ_Graves,1.55783653979078,0.747621011832449,3.24610283325102,,,,,,,1,1,0,0,log_odds,log_odds,FALSE
Wald ratio,1,-0.0385022439899124,0.497916241768502,0.938363612401599,KCNQ4,ENSG00000117013,BBJ_Graves,0.962229545504001,0.362613381204069,2.55336881161529,,,,,,,1,1,0,0,log_odds,log_odds,FALSE
Wald ratio,1,0.202462289080147,0.175394076801878,0.248365732495915,KCNQ5,ENSG00000185760,BBJ_Graves,1.22441391047643,0.868220033655382,1.72673903625132,,,,,,,3,1,0,2,log_odds,log_odds,FALSE
Wald ratio,1,0.00242647394122081,0.10235739891335,0.981087202316889,KCNT1,ENSG00000107147,BBJ_Graves,1.00242942021165,0.820210693915424,1.22513001837242,,,,,,,1,1,0,0,log_odds,log_odds,FALSE
Wald ratio,1,-0.065169709112266,0.169790344450555,0.701108462288773,KDM1A,ENSG00000004487,BBJ_Graves,0.936908447983623,0.671689711296561,1.30684961395146,,,,,,,1,1,0,0,log_odds,log_odds,FALSE
Inverse variance weighted,2,0.0121608492164217,0.0773677235309103,0.875101050267194,KDM1B,ENSG00000165097,BBJ_Graves,1.01223509299381,0.869810515871145,1.17798056564308,,,0.202402946422446,0.652788208296238,,,4,2,0,2,log_odds,log_odds,FALSE
Wald ratio,1,-0.797071245327746,0.548834243843783,0.146418575651451,KDM4A,ENSG00000066135,BBJ_Graves,0.450646867385899,0.153694815045013,1.32133669587518,,,,,,,1,1,0,0,log_odds,log_odds,FALSE
Inverse variance weighted,3,0.114552245469059,0.17762777903593,0.518991660561808,KDM4C,ENSG00000107077,BBJ_Graves,1.12137122609925,0.791679847820677,1.58836104036862,-0.00385904393317478,0.955481992879639,0.220544965349409,0.895590069268643,,,3,3,1,0,log_odds,log_odds,FALSE
MR Egger,3,0.152332052805515,0.567876051892806,0.833155404886968,KDM4C,ENSG00000107077,BBJ_Graves,1.1645468632914,0.382623038214788,3.54440078446231,-0.00385904393317478,0.955481992879639,0.220544965349409,0.895590069268643,,,3,3,1,0,log_odds,log_odds,FALSE
Weighted median,3,0.131109996262263,0.185237679498576,0.479073601508273,KDM4C,ENSG00000107077,BBJ_Graves,1.14009318040362,0.792981128245886,1.63914677626453,-0.00385904393317478,0.955481992879639,0.220544965349409,0.895590069268643,,,3,3,1,0,log_odds,log_odds,FALSE
Weighted mode,3,0.137189852498845,0.312312161032382,0.703368145309919,KDM4C,ENSG00000107077,BBJ_Graves,1.14704589737957,0.621921137339479,2.11556451726951,-0.00385904393317478,0.955481992879639,0.220544965349409,0.895590069268643,,,3,3,1,0,log_odds,log_odds,FALSE
Wald ratio,1,0.203442744114587,0.0758051377305838,0.00727994954068497,KDSR,ENSG00000119537,BBJ_Graves,1.22561498196127,1.05639764710593,1.4219381197252,,,,,,,1,1,0,0,log_odds,log_odds,FALSE
Wald ratio,1,0.135179915546963,0.082053683378206,0.0994641464106828,KHK,ENSG00000138030,BBJ_Graves,1.1447427228381,0.974680743787622,1.34447706066134,,,,,,,4,1,0,3,log_odds,log_odds,FALSE
Wald ratio,1,0.922691697890988,0.40030909625859,0.0211694792912357,KIF11,ENSG00000138160,BBJ_Graves,2.51605373995074,1.14807413027646,5.51403977789807,,,,,,,1,1,0,0,log_odds,log_odds,FALSE
Wald ratio,1,0.020661070988807,0.361672354141582,0.954444437402978,KIR2DL3,ENSG00000243772,BBJ_Graves,1.02087598850609,0.502471306019187,2.07412397767543,,,,,,,2,1,0,1,log_odds,log_odds,FALSE
Inverse variance weighted,3,0.0136164053735105,0.0451453764174041,0.762947553410893,KIR2DS4,ENSG00000221957,BBJ_Graves,1.01370953081905,0.927865462551632,1.10749570314586,-0.00786826163382376,0.943641477863133,0.672434445639126,0.714467890228881,,,5,3,0,2,log_odds,log_odds,FALSE
MR Egger,3,0.0304559568872181,0.195017947815662,0.901375713188941,KIR2DS4,ENSG00000221957,BBJ_Graves,1.03092448392556,0.703435408718316,1.51087829583906,-0.00786826163382376,0.943641477863133,0.672434445639126,0.714467890228881,,,5,3,0,2,log_odds,log_odds,FALSE
Weighted median,3,0.0155678664712029,0.0481899732274657,0.746655873163075,KIR2DS4,ENSG00000221957,BBJ_Graves,1.01568967699352,0.92414667472836,1.11630063512854,-0.00786826163382376,0.943641477863133,0.672434445639126,0.714467890228881,,,5,3,0,2,log_odds,log_odds,FALSE
Weighted mode,3,0.0143674957982852,0.0975245453150139,0.896388397936667,KIR2DS4,ENSG00000221957,BBJ_Graves,1.01447120434819,0.83796360266346,1.22815814574824,-0.00786826163382376,0.943641477863133,0.672434445639126,0.714467890228881,,,5,3,0,2,log_odds,log_odds,FALSE
Wald ratio,1,-0.0975588862126953,0.13330021438724,0.464245819859145,KIR3DL1,ENSG00000167633,BBJ_Graves,0.907048927307077,0.69849496653873,1.17787213357578,,,,,,,3,1,0,2,log_odds,log_odds,FALSE
Inverse variance weighted,4,-0.0938076549082839,0.180189837750033,0.602642257732989,KL,ENSG00000133116,BBJ_Graves,0.910457867501936,0.639556867549322,1.29610605491973,0.0577999771160491,0.381862358956038,5.9096123700545,0.116091552248704,,,4,4,0,0,log_odds,log_odds,FALSE
MR Egger,4,-0.503895795344912,0.407521795377537,0.341781530074538,KL,ENSG00000133116,BBJ_Graves,0.604172337145749,0.27181366182136,1.34292077346744,0.0577999771160491,0.381862358956038,5.9096123700545,0.116091552248704,,,4,4,0,0,log_odds,log_odds,FALSE
Weighted median,4,-0.165943267838714,0.138513287673243,0.23090479336316,KL,ENSG00000133116,BBJ_Graves,0.847094290316126,0.645694167851792,1.11131364105938,0.0577999771160491,0.381862358956038,5.9096123700545,0.116091552248704,,,4,4,0,0,log_odds,log_odds,FALSE
Weighted mode,4,-0.171031935023944,0.481236646332507,0.745808967482256,KL,ENSG00000133116,BBJ_Graves,0.84279465837426,0.32815941680192,2.16450541967208,0.0577999771160491,0.381862358956038,5.9096123700545,0.116091552248704,,,4,4,0,0,log_odds,log_odds,FALSE
Inverse variance weighted,3,0.00541860154878449,0.147355365495378,0.970666528890968,KLF5,ENSG00000102554,BBJ_Graves,1.00543330872226,0.753220010814161,1.34209941819723,-0.0279999551832363,0.697669583388137,0.455539087816303,0.796307752663709,,,3,3,0,0,log_odds,log_odds,FALSE
MR Egger,3,0.211486489941222,0.42702691577097,0.707254825355419,KLF5,ENSG00000102554,BBJ_Graves,1.235513273659,0.535001212908569,2.85325156757812,-0.0279999551832363,0.697669583388137,0.455539087816303,0.796307752663709,,,3,3,0,0,log_odds,log_odds,FALSE
Weighted median,3,0.0383213040119086,0.156389352760132,0.806427157899336,KLF5,ENSG00000102554,BBJ_Graves,1.03906503501403,0.764753417333675,1.41177028113577,-0.0279999551832363,0.697669583388137,0.455539087816303,0.796307752663709,,,3,3,0,0,log_odds,log_odds,FALSE
Weighted mode,3,0.0479379173509367,0.2876048615085,0.882949764611314,KLF5,ENSG00000102554,BBJ_Graves,1.04910552205271,0.597042122453081,1.84345853501817,-0.0279999551832363,0.697669583388137,0.455539087816303,0.796307752663709,,,3,3,0,0,log_odds,log_odds,FALSE
Inverse variance weighted,3,0.0366622818646758,0.099956922894807,0.713782517584186,KLHL12,ENSG00000117153,BBJ_Graves,1.03734263225574,0.852780333431942,1.2618486783867,-0.0189513432815461,0.709638061014653,0.680582275709098,0.711563129640253,,,4,3,1,1,log_odds,log_odds,FALSE
MR Egger,3,0.090573485769258,0.148549051697462,0.651427312739905,KLHL12,ENSG00000117153,BBJ_Graves,1.09480195704967,0.818253854001826,1.46481598503672,-0.0189513432815461,0.709638061014653,0.680582275709098,0.711563129640253,,,4,3,1,1,log_odds,log_odds,FALSE
Weighted median,3,0.0425664361305052,0.106496469880841,0.689378895431782,KLHL12,ENSG00000117153,BBJ_Graves,1.04348537920172,0.846905090069464,1.28569511433499,-0.0189513432815461,0.709638061014653,0.680582275709098,0.711563129640253,,,4,3,1,1,log_odds,log_odds,FALSE
Weighted mode,3,0.0476560432787199,0.205503485618149,0.838183749843703,KLHL12,ENSG00000117153,BBJ_Graves,1.0488098480804,0.70108174375941,1.56900690571671,-0.0189513432815461,0.709638061014653,0.680582275709098,0.711563129640253,,,4,3,1,1,log_odds,log_odds,FALSE
Wald ratio,1,0.0301882769974516,0.122292927296409,0.805022617776931,KLHL17,ENSG00000187961,BBJ_Graves,1.03064856310422,0.810984886639391,1.30981042696191,,,,,,,1,1,0,0,log_odds,log_odds,FALSE
Wald ratio,1,0.56317565051328,0.341674776469273,0.0992952569412726,KLHL18,ENSG00000114648,BBJ_Graves,1.75624086122474,0.898968835036675,3.43102212493228,,,,,,,1,1,0,0,log_odds,log_odds,FALSE
Wald ratio,1,0.0250079500566103,0.27549449923656,0.927671557161677,KLHL2,ENSG00000109466,BBJ_Graves,1.02532327187008,0.597523737192328,1.75940761245438,,,,,,,1,1,0,0,log_odds,log_odds,FALSE
Inverse variance weighted,2,0.4936420239489,0.705122751176322,0.483877621259684,KLHL20,ENSG00000076321,BBJ_Graves,1.63827199367261,0.411313916730961,6.52527185703657,,,5.67583006944267,0.0172001998162561,,,2,2,0,0,log_odds,log_odds,FALSE
Inverse variance weighted,2,-0.0112846720062365,0.0524058879706415,0.829508373207517,KLHL21,ENSG00000162413,BBJ_Graves,0.988778761073526,0.892257766341236,1.09574102376173,,,0.00978931075821761,0.921185158327868,,,3,2,0,1,log_odds,log_odds,FALSE
Wald ratio,1,0.934843780263325,0.702635708998917,0.183359692649137,KLHL23,ENSG00000213160,BBJ_Graves,2.54681556380364,0.642542568858689,10.0946922902768,,,,,,,1,1,0,0,log_odds,log_odds,FALSE
Wald ratio,1,0.0172803641012416,0.057172491372969,0.762461776536855,KLHL24,ENSG00000114796,BBJ_Graves,1.01743053333896,0.909575093269973,1.13807523736048,,,,,,,1,1,0,0,log_odds,log_odds,FALSE
Wald ratio,1,-0.352860032653871,0.488649149640676,0.470224843606028,KLHL25,ENSG00000183655,BBJ_Graves,0.702675538124815,0.269654878349503,1.83105499481838,,,,,,,1,1,0,0,log_odds,log_odds,FALSE
Wald ratio,1,-0.318462696050046,0.363088192074552,0.380435252328451,KLHL26,ENSG00000167487,BBJ_Graves,0.727266207351763,0.356965709899919,1.48170012325303,,,,,,,1,1,0,0,log_odds,log_odds,FALSE
Wald ratio,1,0.540718475595608,0.32164634963957,0.0927442186363878,KLHL29,ENSG00000119771,BBJ_Graves,1.71724021425086,0.914197754166737,3.22568496804959,,,,,,,2,1,0,1,log_odds,log_odds,FALSE
Inverse variance weighted,2,-0.548592837996718,0.328908079686099,0.0953313228846249,KLHL3,ENSG00000146021,BBJ_Graves,0.577762243710052,0.303233338985833,1.10083281532731,,,2.22121267788071,0.136126099683027,,,3,2,0,1,log_odds,log_odds,FALSE
Inverse variance weighted,2,0.0887941347627067,0.118320816045987,0.45298231037455,KLHL30,ENSG00000168427,BBJ_Graves,1.0928556521787,0.866654688508921,1.37809613486748,,,0.0252647164733542,0.873709223821006,,,2,2,0,0,log_odds,log_odds,FALSE
Wald ratio,1,-0.341183564761551,0.484281724099628,0.481112335842424,KLHL33,ENSG00000185271,BBJ_Graves,0.710928394826672,0.275167371174926,1.83677003713325,,,,,,,1,1,0,0,log_odds,log_odds,FALSE
Inverse variance weighted,3,0.122312970260387,0.0781524132724287,0.11756957839367,KLHL35,ENSG00000149243,BBJ_Graves,1.13010773655142,0.969605724451441,1.31717817253599,0.00203839464947451,0.963065099383584,0.101763750569501,0.950390928559884,,,3,3,0,0,log_odds,log_odds,FALSE
MR Egger,3,0.115830587704815,0.13624922182344,0.551454293554416,KLHL35,ENSG00000149243,BBJ_Graves,1.12280563893945,0.859660369373304,1.46650066438828,0.00203839464947451,0.963065099383584,0.101763750569501,0.950390928559884,,,3,3,0,0,log_odds,log_odds,FALSE
Weighted median,3,0.119714750034843,0.0761251382402696,0.115810379174259,KLHL35,ENSG00000149243,BBJ_Graves,1.12717527900821,0.97094008122008,1.30855048028371,0.00203839464947451,0.963065099383584,0.101763750569501,0.950390928559884,,,3,3,0,0,log_odds,log_odds,FALSE
Weighted mode,3,0.118999821835039,0.265688222903902,0.698072497824019,KLHL35,ENSG00000149243,BBJ_Graves,1.12636971760872,0.669148617325505,1.89600442696392,0.00203839464947451,0.963065099383584,0.101763750569501,0.950390928559884,,,3,3,0,0,log_odds,log_odds,FALSE
Inverse variance weighted,2,-0.0213310739872421,0.108706706556972,0.844433337712438,KLHL36,ENSG00000135686,BBJ_Graves,0.978894824302643,0.791048325545227,1.21134834131156,,,0.029974367741387,0.862548402602206,,,2,2,1,0,log_odds,log_odds,FALSE
Inverse variance weighted,5,0.0343996086762806,0.0597747772992892,0.564961964210426,KLHL5,ENSG00000109790,BBJ_Graves,1.03499811832922,0.920573020158191,1.16364599166827,0.0195273418388562,0.5616167975866,3.20103132603011,0.524764385986223,,,5,5,1,0,log_odds,log_odds,FALSE
MR Egger,5,-0.0287942049615748,0.114034399867145,0.816963218844243,KLHL5,ENSG00000109790,BBJ_Graves,0.971616397727168,0.777010334101363,1.21496250809087,0.0195273418388562,0.5616167975866,3.20103132603011,0.524764385986223,,,5,5,1,0,log_odds,log_odds,FALSE
Weighted median,5,0.0607141275053269,0.0655017194928486,0.353973830002544,KLHL5,ENSG00000109790,BBJ_Graves,1.06259510405056,0.934569538158203,1.20815873945282,0.0195273418388562,0.5616167975866,3.20103132603011,0.524764385986223,,,5,5,1,0,log_odds,log_odds,FALSE
Weighted mode,5,0.0678616304910967,0.253890080466994,0.802463216538551,KLHL5,ENSG00000109790,BBJ_Graves,1.07021721280289,0.650663331001967,1.7603034134655,0.0195273418388562,0.5616167975866,3.20103132603011,0.524764385986223,,,5,5,1,0,log_odds,log_odds,FALSE
Inverse variance weighted,2,0.061652788967867,0.127241419268076,0.628006967930144,KLHL6,ENSG00000172578,BBJ_Graves,1.06359298939,0.828829849503757,1.36485196298959,,,0.0121594309725403,0.912195399444806,,,3,2,1,1,log_odds,log_odds,FALSE
Inverse variance weighted,2,0.0821923315117433,0.143014866815151,0.565486225766019,KLHL7,ENSG00000122550,BBJ_Graves,1.08566459726394,0.820274033426886,1.43691933393054,,,0.293397465320748,0.588051535511208,,,2,2,0,0,log_odds,log_odds,FALSE
Wald ratio,1,-0.0776382303796854,0.382273823897426,0.839060108850816,KLHL8,ENSG00000145332,BBJ_Graves,0.925299111108638,0.437405356223605,1.95740274515694,,,,,,,2,1,0,1,log_odds,log_odds,FALSE
Wald ratio,1,0.291104177189027,0.430667308681329,0.499080337464523,KLHL9,ENSG00000198642,BBJ_Graves,1.33790395576353,0.575219398802688,3.11183349965861,,,,,,,3,1,2,2,log_odds,log_odds,FALSE
Wald ratio,1,0.0752300085112672,0.104460894400806,0.47141793870582,KLK1,ENSG00000167748,BBJ_Graves,1.07813210192783,0.878522864877079,1.32309456666213,,,,,,,1,1,0,0,log_odds,log_odds,FALSE
Wald ratio,1,1.38249278357512,1.03269575826923,0.180661111825937,KLK14,ENSG00000129437,BBJ_Graves,3.98482255721245,0.526454220064756,30.1618074417107,,,,,,,1,1,0,0,log_odds,log_odds,FALSE
Inverse variance weighted,2,-0.0972582470313343,0.243602957901473,0.689709712255074,KLKB1,ENSG00000164344,BBJ_Graves,0.907321662749463,0.562862423172677,1.46258226842387,,,0.363014760178654,0.546836663570511,,,4,2,0,2,log_odds,log_odds,FALSE
Wald ratio,1,-0.0664817361147393,0.128339878708036,0.604449141925026,KLRB1,ENSG00000111796,BBJ_Graves,0.935680004852524,0.727582489756854,1.2032959613602,,,,,,,3,1,0,2,log_odds,log_odds,FALSE
Inverse variance weighted,2,0.185978946139455,0.0853367872867451,0.0293054871898549,KLRC1,ENSG00000134545,BBJ_Graves,1.20439690290626,1.01889513890015,1.42367143030638,,,0.164508036707687,0.685039539511322,,,4,2,0,2,log_odds,log_odds,FALSE
Inverse variance weighted,2,-0.0366898714127484,0.13858250316899,0.791201202498485,KLRC2,ENSG00000205809,BBJ_Graves,0.963975045215329,0.734686370509777,1.26482254891038,,,0.54123527743899,0.461921237867285,,,4,2,0,2,log_odds,log_odds,FALSE
Inverse variance weighted,2,-0.131643561462197,0.0750061749246471,0.0792416939393081,KLRD1,ENSG00000134539,BBJ_Graves,0.876653412457766,0.756800451756731,1.01548724474187,,,0.01143913610185,0.914825554676302,,,3,2,1,1,log_odds,log_odds,FALSE
Wald ratio,1,0.237767423875903,0.268983191629312,0.376723743040451,KLRK1,ENSG00000213809,BBJ_Graves,1.26841415566887,0.748682988252796,2.14893953187823,,,,,,,2,1,1,1,log_odds,log_odds,FALSE
Inverse variance weighted,2,-0.00332191345047887,0.0597495371194408,0.955662608662614,KMO,ENSG00000117009,BBJ_Graves,0.996683597999465,0.886538250874112,1.12051363101559,,,0.078648754091356,0.779136997264421,,,2,2,0,0,log_odds,log_odds,FALSE
Wald ratio,1,0.298347597589304,0.374290283313305,0.42539169533744,KRT18,ENSG00000111057,BBJ_Graves,1.34763013946365,0.64709552157497,2.80655163301174,,,,,,,1,1,0,0,log_odds,log_odds,FALSE
Inverse variance weighted,2,0.0062051055271619,0.0880430637406464,0.943813151870647,KSR1,ENSG00000141068,BBJ_Graves,1.00622439707585,0.846741945650486,1.19574510566245,,,0.0564632892826407,0.812175796385108,,,3,2,0,1,log_odds,log_odds,FALSE
Wald ratio,1,0.103483182274937,0.0488527737714428,0.0341525245786258,KYNU,ENSG00000115919,BBJ_Graves,1.10902714189467,1.00776171281151,1.22046827719591,,,,,,,4,1,0,3,log_odds,log_odds,FALSE
Wald ratio,1,0.516670809727438,0.558489229482836,0.354902323186468,L3MBTL1,ENSG00000185513,BBJ_Graves,1.67643717065706,0.561037191830465,5.00936769983319,,,,,,,1,1,0,0,log_odds,log_odds,FALSE
Wald ratio,1,-0.445597471612994,1.31191279630942,0.734116508359369,LACTB,ENSG00000103642,BBJ_Graves,0.640441516073963,0.0489504580579435,8.37919300010629,,,,,,,1,1,0,0,log_odds,log_odds,FALSE
Wald ratio,1,0.102613005693295,0.187952806362201,0.585099681691531,LAD1,ENSG00000159166,BBJ_Graves,1.10806251220734,0.766611983016853,1.60159579834307,,,,,,,1,1,0,0,log_odds,log_odds,FALSE
Wald ratio,1,0.277261510592242,0.434038557320596,0.522956525707277,LAG3,ENSG00000089692,BBJ_Graves,1.31951139212528,0.563575448541526,3.08940057352429,,,,,,,1,1,0,0,log_odds,log_odds,FALSE
Inverse variance weighted,2,0.058052118473433,0.133616535672403,0.663948576047975,LAIR1,ENSG00000167613,BBJ_Graves,1.05977022787743,0.815595880282156,1.3770458667678,,,2.39025988864923,0.12209332959269,,,2,2,1,0,log_odds,log_odds,FALSE
Inverse variance weighted,2,-0.0972491847239826,0.13862629985767,0.482978274850552,LAIR2,ENSG00000167618,BBJ_Graves,0.907329885214495,0.691455327384484,1.19060116828861,,,2.33809102003858,0.126244177224951,,,4,2,1,2,log_odds,log_odds,FALSE
Inverse variance weighted,2,-0.190742217258535,0.230180808408761,0.407295378829056,LAMA2,ENSG00000196569,BBJ_Graves,0.826345578325997,0.526293308076307,1.29746474891511,,,0.358093547459823,0.549566941496872,,,2,2,0,0,log_odds,log_odds,FALSE
Inverse variance weighted,2,0.292247459800161,0.145139127678589,0.0440549402489837,LAMA5,ENSG00000130702,BBJ_Graves,1.33943443280871,1.00780507155036,1.78019008877745,,,0.00183667073327459,0.965816007229761,,,3,2,1,1,log_odds,log_odds,FALSE
Wald ratio,1,1.15917203527204,0.544552144384752,0.0332815387984023,LAMB2,ENSG00000172037,BBJ_Graves,3.18729321696775,1.096200195834,9.26732004750249,,,,,,,2,1,0,1,log_odds,log_odds,FALSE
Inverse variance weighted,2,0.193421145028983,0.268836731753166,0.471848672886352,LAMB3,ENSG00000196878,BBJ_Graves,1.2133937006538,0.716412723082077,2.0551341780367,,,0.00770055669170616,0.930073140509386,,,2,2,0,0,log_odds,log_odds,FALSE
Inverse variance weighted,2,0.0350025750704514,0.0863622387636419,0.685257349469134,LAMC1,ENSG00000135862,BBJ_Graves,1.03562237559677,0.874356219200382,1.22663244257304,,,0.218287932377881,0.640347535727208,,,5,2,0,3,log_odds,log_odds,FALSE
Inverse variance weighted,2,0.0508489960598836,0.0991490868141407,0.608053521413161,LAMC3,ENSG00000050555,BBJ_Graves,1.05216400037707,0.866335342287226,1.27785284710508,,,1.53303522415676,0.215657482699609,,,2,2,0,0,log_odds,log_odds,FALSE
Wald ratio,1,-0.0705379731468388,0.262890259006819,0.788455182605437,LAMP3,ENSG00000078081,BBJ_Graves,0.931892351968797,0.556658751724115,1.56006413798078,,,,,,,2,1,0,1,log_odds,log_odds,FALSE
Inverse variance weighted,3,-0.0866347382756049,0.0992314079039194,0.382631664012827,LAP3,ENSG00000002549,BBJ_Graves,0.917011983847017,0.754931473244265,1.11389047658231,0.0998628696701939,0.267014732950835,6.40943882448547,0.0405702835658598,,,7,3,0,4,log_odds,log_odds,FALSE
MR Egger,3,-0.180004257057371,0.0707054125968535,0.238275871035906,LAP3,ENSG00000002549,BBJ_Graves,0.835266655625631,0.727175908533347,0.959424504872787,0.0998628696701939,0.267014732950835,6.40943882448547,0.0405702835658598,,,7,3,0,4,log_odds,log_odds,FALSE
Weighted median,3,-0.09100028254279,0.0600162496279453,0.129453436955356,LAP3,ENSG00000002549,BBJ_Graves,0.913017452932731,0.811693777045807,1.02698935600282,0.0998628696701939,0.267014732950835,6.40943882448547,0.0405702835658598,,,7,3,0,4,log_odds,log_odds,FALSE
Weighted mode,3,-0.118998029910729,0.523963488480514,0.841439660701253,LAP3,ENSG00000002549,BBJ_Graves,0.887809549824296,0.31791651334155,2.47928548433853,0.0998628696701939,0.267014732950835,6.40943882448547,0.0405702835658598,,,7,3,0,4,log_odds,log_odds,FALSE
Wald ratio,1,0.191000748344,0.159735151098703,0.231800385690344,LARS,ENSG00000133706,BBJ_Graves,1.21046035792171,0.885077428642723,1.65546451720825,,,,,,,1,1,1,0,log_odds,log_odds,FALSE
Inverse variance weighted,2,-0.13322754843055,0.30552948981975,0.662797094294856,LATS2,ENSG00000150457,BBJ_Graves,0.875265904064383,0.480914707215093,1.59298601461777,,,8.28490102719726,0.00399760835177631,,,2,2,1,0,log_odds,log_odds,FALSE
Wald ratio,1,-0.382283687862296,0.132334420813832,0.00386752000554137,LCAT,ENSG00000213398,BBJ_Graves,0.682301465103314,0.526418290777258,0.884344821291763,,,,,,,2,1,1,1,log_odds,log_odds,FALSE
Wald ratio,1,-0.398766053638189,0.234922334847647,0.0896139192866581,LCN2,ENSG00000148346,BBJ_Graves,0.671147695550231,0.423494890482339,1.06362376351072,,,,,,,1,1,0,0,log_odds,log_odds,FALSE
Inverse variance weighted,2,0.0373540746849038,0.0690907281345056,0.588747126312491,LCN8,ENSG00000204001,BBJ_Graves,1.03806050672242,0.906591104499546,1.18859495782462,,,0.906114758249693,0.341147393643245,,,2,2,0,0,log_odds,log_odds,FALSE
Wald ratio,1,-0.17289448098188,0.159063934021231,0.277059079966365,LDHA,ENSG00000134333,BBJ_Graves,0.841226375542734,0.615906697718354,1.1489756768847,,,,,,,2,1,0,1,log_odds,log_odds,FALSE
Wald ratio,1,0.534623500789791,2.14347115138588,0.803036303609912,LDLR,ENSG00000130164,BBJ_Graves,1.70680551034115,0.0255637497620687,113.957657904064,,,,,,,1,1,0,0,log_odds,log_odds,FALSE
Wald ratio,1,0.230103044669541,0.309040770427188,0.456530617115659,LEAP2,ENSG00000164406,BBJ_Graves,1.25872970863385,0.686865444575027,2.30671158654334,,,,,,,1,1,0,0,log_odds,log_odds,FALSE
Wald ratio,1,-0.0794633527357873,0.552276126675961,0.88559256433636,LEFTY1,ENSG00000243709,BBJ_Graves,0.923611867196526,0.312883437792332,2.72644307172452,,,,,,,1,1,0,0,log_odds,log_odds,FALSE
Wald ratio,1,0.807770188627567,0.507774444533887,0.111653439258178,LEP,ENSG00000174697,BBJ_Graves,2.24290116009754,0.829055877467927,6.06787280651237,,,,,,,2,1,1,1,log_odds,log_odds,FALSE
Inverse variance weighted,4,0.00467592743791817,0.103846609702328,0.964085587226957,LEPR,ENSG00000116678,BBJ_Graves,1.00468687664587,0.819661828889761,1.23147825667528,-0.00273899406375946,0.956451646381999,4.02088294837242,0.259217960389696,,,5,4,0,1,log_odds,log_odds,FALSE
MR Egger,4,0.0153758475048432,0.2151116136936,0.949521528810926,LEPR,ENSG00000116678,BBJ_Graves,1.01549466403529,0.666148330124787,1.54804773358956,-0.00273899406375946,0.956451646381999,4.02088294837242,0.259217960389696,,,5,4,0,1,log_odds,log_odds,FALSE
Weighted median,4,0.00992844628066938,0.106543188927734,0.925754956206796,LEPR,ENSG00000116678,BBJ_Graves,1.00997789682364,0.819634963734064,1.24452396152693,-0.00273899406375946,0.956451646381999,4.02088294837242,0.259217960389696,,,5,4,0,1,log_odds,log_odds,FALSE
Weighted mode,4,0.038560674006487,0.314060129515832,0.910043919864324,LEPR,ENSG00000116678,BBJ_Graves,1.03931378577637,0.561582167475962,1.92344630556854,-0.00273899406375946,0.956451646381999,4.02088294837242,0.259217960389696,,,5,4,0,1,log_odds,log_odds,FALSE
Inverse variance weighted,2,-0.0459573193691803,0.114274037207127,0.687560658946468,LEPRE1,ENSG00000117385,BBJ_Graves,0.955082724854002,0.763429549019194,1.19484897131171,,,0.242394735025424,0.622481835975261,,,2,2,0,0,log_odds,log_odds,FALSE
Inverse variance weighted,2,-0.00228782381615322,0.0889441646896899,0.979479058155667,LGALS1,ENSG00000100097,BBJ_Graves,0.997714791258097,0.838099553518545,1.18772859443262,,,1.02563675973969,0.31118567507976,,,2,2,0,0,log_odds,log_odds,FALSE
Wald ratio,1,0.211692998230498,0.610757207736265,0.728886248351079,LGALS3,ENSG00000131981,BBJ_Graves,1.23576844373798,0.373293192611432,4.09094962556202,,,,,,,1,1,1,0,log_odds,log_odds,FALSE
Wald ratio,1,0.0275911620485456,0.453397612725928,0.951475301995794,LGALS3BP,ENSG00000108679,BBJ_Graves,1.02797532317219,0.4227103192961,2.49989937981796,,,,,,,3,1,0,2,log_odds,log_odds,FALSE
Inverse variance weighted,4,0.0187454821663017,0.0122489444807508,0.125923857592314,LGALS8,ENSG00000116977,BBJ_Graves,1.01892228172021,0.994751373411617,1.04368050543653,0.0439571230587237,0.468376893663494,1.56146869821632,0.668157740563037,,,5,4,1,1,log_odds,log_odds,FALSE
MR Egger,4,8.97091941230437e-05,0.0243258209693232,0.997392327933978,LGALS8,ENSG00000116977,BBJ_Graves,1.00008971321811,0.953525701019614,1.04892760983284,0.0439571230587237,0.468376893663494,1.56146869821632,0.668157740563037,,,5,4,1,1,log_odds,log_odds,FALSE
Weighted median,4,0.0176289174766761,0.0129052399574302,0.171930215310865,LGALS8,ENSG00000116977,BBJ_Graves,1.01778522399635,0.992363951054492,1.04385771075679,0.0439571230587237,0.468376893663494,1.56146869821632,0.668157740563037,,,5,4,1,1,log_odds,log_odds,FALSE
Weighted mode,4,0.0176357102919899,0.0488856233588979,0.742189488172887,LGALS8,ENSG00000116977,BBJ_Graves,1.01779213764689,0.924797844823228,1.12013759683213,0.0439571230587237,0.468376893663494,1.56146869821632,0.668157740563037,,,5,4,1,1,log_odds,log_odds,FALSE
Inverse variance weighted,3,0.0164178155724615,0.0384863290733317,0.669679261186155,LGALS9,ENSG00000168961,BBJ_Graves,1.01655332849955,0.942692261566555,1.09620149842565,0.0175439536154185,0.746797102386139,0.17866386214531,0.914541958294362,,,6,3,0,3,log_odds,log_odds,FALSE
MR Egger,3,-0.0148958685538346,0.0838848738485867,0.888118408572478,LGALS9,ENSG00000168961,BBJ_Graves,0.985214526075115,0.835846561768549,1.16127493583947,0.0175439536154185,0.746797102386139,0.17866386214531,0.914541958294362,,,6,3,0,3,log_odds,log_odds,FALSE
Weighted median,3,0.0156700319637609,0.0387780119149428,0.686142269244016,LGALS9,ENSG00000168961,BBJ_Graves,1.01579345073061,0.941449216384581,1.09600849051607,0.0175439536154185,0.746797102386139,0.17866386214531,0.914541958294362,,,6,3,0,3,log_odds,log_odds,FALSE
Weighted mode,3,0.0142040895300294,0.0950513862075978,0.894917882150008,LGALS9,ENSG00000168961,BBJ_Graves,1.0143054469377,0.8418978188097,1.22201948585882,0.0175439536154185,0.746797102386139,0.17866386214531,0.914541958294362,,,6,3,0,3,log_odds,log_odds,FALSE
Wald ratio,1,-0.274067150135907,0.161131770970698,0.0889639568957579,LGMN,ENSG00000100600,BBJ_Graves,0.760281020572878,0.554390802507096,1.04263495647718,,,,,,,1,1,0,0,log_odds,log_odds,FALSE
Inverse variance weighted,2,-0.320276330373479,0.235029956647012,0.172975725032147,LGR4,ENSG00000205213,BBJ_Graves,0.725948407760338,0.45797758120429,1.15071373001267,,,0.0335589097849285,0.854648225853518,,,2,2,0,0,log_odds,log_odds,FALSE
Wald ratio,1,0.247925191287519,0.132823207811113,0.0619602121265079,LGR6,ENSG00000133067,BBJ_Graves,1.28136407141205,0.987668369459215,1.66239391102974,,,,,,,2,1,0,1,log_odds,log_odds,FALSE
Inverse variance weighted,2,-0.00775267147571237,0.108721964310414,0.943153172651138,LIG1,ENSG00000105486,BBJ_Graves,0.992277302971095,0.801838773780224,1.22794541519822,,,0.145653902333314,0.702723732701276,,,2,2,0,0,log_odds,log_odds,FALSE
Inverse variance weighted,2,0.0170820312181843,0.101740337147109,0.866663275409516,LILRA1,ENSG00000104974,BBJ_Graves,1.01722876341744,0.833327106026439,1.24171450759331,,,0.194764721973444,0.658980217709456,,,3,2,0,1,log_odds,log_odds,FALSE
Inverse variance weighted,2,-0.0197481664033758,0.0248702639325251,0.427167884505184,LILRA2,ENSG00000239998,BBJ_Graves,0.980445551348848,0.933799171471541,1.02942207331895,,,1.53022008650243,0.216079416688025,,,4,2,0,2,log_odds,log_odds,FALSE
Inverse variance weighted,2,-0.313420162732594,0.313228197370676,0.317014009882212,LILRA4,ENSG00000239961,BBJ_Graves,0.7309427331446,0.395601681166877,1.35054350012108,,,1.31766660564384,0.251011251722142,,,2,2,0,0,log_odds,log_odds,FALSE
Inverse variance weighted,3,-0.0250071286209076,0.0895440266240036,0.780036184932365,LILRB1,ENSG00000104972,BBJ_Graves,0.975302959438484,0.81831050756714,1.16241433281537,-0.0496588696425779,0.745141404783293,3.80002353974979,0.149566858829059,,,6,3,0,3,log_odds,log_odds,FALSE
MR Egger,3,0.0914213771031305,0.298822037328029,0.810989714526218,LILRB1,ENSG00000104972,BBJ_Graves,1.09573062378996,0.610016168724816,1.96818651941789,-0.0496588696425779,0.745141404783293,3.80002353974979,0.149566858829059,,,6,3,0,3,log_odds,log_odds,FALSE
Weighted median,3,-0.0284556663099337,0.0685198489322846,0.677928998624932,LILRB1,ENSG00000104972,BBJ_Graves,0.971945383116359,0.849799728985409,1.11164759829834,-0.0496588696425779,0.745141404783293,3.80002353974979,0.149566858829059,,,6,3,0,3,log_odds,log_odds,FALSE
Weighted mode,3,-0.0622198216698264,0.290961699353177,0.85049044399056,LILRB1,ENSG00000104972,BBJ_Graves,0.939676302872116,0.53125945970312,1.66207215335581,-0.0496588696425779,0.745141404783293,3.80002353974979,0.149566858829059,,,6,3,0,3,log_odds,log_odds,FALSE
Inverse variance weighted,3,-0.0155894463823412,0.141790322552517,0.91245126360643,LILRB4,ENSG00000186818,BBJ_Graves,0.984531440037555,0.745650357306672,1.29994191905653,-0.0509948598626642,0.446037676899837,5.88308950661594,0.0527841272722977,,,3,3,0,0,log_odds,log_odds,FALSE
MR Egger,3,0.14472603338962,0.187064530781092,0.580799886435738,LILRB4,ENSG00000186818,BBJ_Graves,1.15572289740637,0.800979082136075,1.66757839921024,-0.0509948598626642,0.446037676899837,5.88308950661594,0.0527841272722977,,,3,3,0,0,log_odds,log_odds,FALSE
Weighted median,3,0.0290471164562889,0.089481232965464,0.745471068824826,LILRB4,ENSG00000186818,BBJ_Graves,1.0294730984567,0.863867308449368,1.22682598366686,-0.0509948598626642,0.446037676899837,5.88308950661594,0.0527841272722977,,,3,3,0,0,log_odds,log_odds,FALSE
Weighted mode,3,0.0556995265411471,0.393128157631036,0.900314105753015,LILRB4,ENSG00000186818,BBJ_Graves,1.05727995143996,0.489274468146338,2.28469084019838,-0.0509948598626642,0.446037676899837,5.88308950661594,0.0527841272722977,,,3,3,0,0,log_odds,log_odds,FALSE
Wald ratio,1,-0.57510547520767,0.484236526197093,0.234969730945488,LILRB5,ENSG00000105609,BBJ_Graves,0.562645520524002,0.217793248724841,1.45353441219695,,,,,,,2,1,0,1,log_odds,log_odds,FALSE
Inverse variance weighted,2,0.00770045305982651,0.071795303987501,0.914586155933502,LIMK1,ENSG00000106683,BBJ_Graves,1.00773017779749,0.875449033813761,1.15999912275852,,,0.21092916640154,0.646040105737342,,,3,2,0,1,log_odds,log_odds,FALSE
Wald ratio,1,-0.139420103209271,0.724290357144247,0.847356829724466,LIMK2,ENSG00000182541,BBJ_Graves,0.869862519651786,0.210340169676774,3.59731954318427,,,,,,,1,1,0,0,log_odds,log_odds,FALSE
Wald ratio,1,-0.00471283882591535,0.0521323198865504,0.927968181367055,LINGO2,ENSG00000174482,BBJ_Graves,0.995298249173494,0.898622552036099,1.10237452038487,,,,,,,9,1,0,8,log_odds,log_odds,FALSE
Inverse variance weighted,5,-0.0191925495959837,0.0957709375486755,0.841167320906071,LIPA,ENSG00000107798,BBJ_Graves,0.980990454740634,0.813098039274288,1.1835501081163,-0.00476676374341266,0.956977000516188,4.53047224148285,0.33894953673505,,,5,5,1,0,log_odds,log_odds,FALSE
MR Egger,5,-0.000158210510909535,0.343259416042639,0.999661185222101,LIPA,ENSG00000107798,BBJ_Graves,0.999841802003713,0.510202962903239,1.95938420926737,-0.00476676374341266,0.956977000516188,4.53047224148285,0.33894953673505,,,5,5,1,0,log_odds,log_odds,FALSE
Weighted median,5,0.00544874776344373,0.102296673889295,0.957521425246329,LIPA,ENSG00000107798,BBJ_Graves,1.00546361918748,0.822791268611014,1.22869204873337,-0.00476676374341266,0.956977000516188,4.53047224148285,0.33894953673505,,,5,5,1,0,log_odds,log_odds,FALSE
Weighted mode,5,0.00652000309339873,0.323407830266362,0.984881045393803,LIPA,ENSG00000107798,BBJ_Graves,1.00654130458366,0.53400005115361,1.89723839097826,-0.00476676374341266,0.956977000516188,4.53047224148285,0.33894953673505,,,5,5,1,0,log_odds,log_odds,FALSE
Inverse variance weighted,3,0.180130230636103,0.069516718685685,0.00956478505852833,LIPC,ENSG00000166035,BBJ_Graves,1.19737328765342,1.04485431269852,1.37215568961299,-0.0344511922042707,0.469154781383957,1.36283944216956,0.505898247868705,,,3,3,0,0,log_odds,log_odds,FALSE
MR Egger,3,0.257829558967613,0.0990181883725031,0.233433813686094,LIPC,ENSG00000166035,BBJ_Graves,1.29411822897903,1.06583007610342,1.57130299484373,-0.0344511922042707,0.469154781383957,1.36283944216956,0.505898247868705,,,3,3,0,0,log_odds,log_odds,FALSE
Weighted median,3,0.186777666977222,0.0704112103972483,0.00798580322866558,LIPC,ENSG00000166035,BBJ_Graves,1.20535926408736,1.04998060712973,1.38373122861087,-0.0344511922042707,0.469154781383957,1.36283944216956,0.505898247868705,,,3,3,0,0,log_odds,log_odds,FALSE
Weighted mode,3,0.194302646497691,0.273782251102586,0.551476909533043,LIPC,ENSG00000166035,BBJ_Graves,1.21446378055225,0.710127629201116,2.07698195876781,-0.0344511922042707,0.469154781383957,1.36283944216956,0.505898247868705,,,3,3,0,0,log_odds,log_odds,FALSE
Wald ratio,1,-0.941245760352902,0.517908183820097,0.0691560570141215,LIPE,ENSG00000079435,BBJ_Graves,0.390141509674015,0.141374087272595,1.07664990457006,,,,,,,1,1,0,0,log_odds,log_odds,FALSE
Wald ratio,1,0.119318876148718,0.200082488200844,0.550942489088927,LIPH,ENSG00000163898,BBJ_Graves,1.12672914806179,0.761212440267813,1.66775857294896,,,,,,,2,1,1,1,log_odds,log_odds,FALSE
Wald ratio,1,-1.5737588327442,1.07848535910865,0.144501650548121,LIPM,ENSG00000173239,BBJ_Graves,0.207264643190401,0.0250322537260987,1.71613122761118,,,,,,,1,1,0,0,log_odds,log_odds,FALSE
Inverse variance weighted,4,-0.0423655985559302,0.234198686304881,0.856449232062371,LIPN,ENSG00000204020,BBJ_Graves,0.958519283239946,0.605685124967005,1.51689248830879,-0.0580847156180969,0.417978412510769,15.1505087739242,0.00169244291944251,,,6,4,0,2,log_odds,log_odds,FALSE
MR Egger,4,0.249985826449778,0.3712453708736,0.57009979861536,LIPN,ENSG00000204020,BBJ_Graves,1.28400721761798,0.620236079232811,2.6581403276868,-0.0580847156180969,0.417978412510769,15.1505087739242,0.00169244291944251,,,6,4,0,2,log_odds,log_odds,FALSE
Weighted median,4,0.0196850672067133,0.106149224589092,0.85287835868203,LIPN,ENSG00000204020,BBJ_Graves,1.01988009575686,0.828310319348728,1.25575570583119,-0.0580847156180969,0.417978412510769,15.1505087739242,0.00169244291944251,,,6,4,0,2,log_odds,log_odds,FALSE
Weighted mode,4,0.0682260707311349,1.02871987548303,0.951294436481328,LIPN,ENSG00000204020,BBJ_Graves,1.07060731410081,0.142549654802458,8.04070709672725,-0.0580847156180969,0.417978412510769,15.1505087739242,0.00169244291944251,,,6,4,0,2,log_odds,log_odds,FALSE
Wald ratio,1,0.0320367023136374,0.0681867697965248,0.638471111223954,LMAN1,ENSG00000074695,BBJ_Graves,1.03255540178187,0.903382374182153,1.18019864923106,,,,,,,1,1,0,0,log_odds,log_odds,FALSE
Inverse variance weighted,2,0.329629548074904,0.323151597144133,0.307706565848748,LMCD1,ENSG00000071282,BBJ_Graves,1.39045293707556,0.738047139081321,2.61956082185831,,,0.107376442375213,0.743151019276368,,,2,2,0,0,log_odds,log_odds,FALSE
Inverse variance weighted,2,-0.0212682629158064,0.0893483580904658,0.81185198204378,LMTK2,ENSG00000164715,BBJ_Graves,0.978956311666403,0.821690853931601,1.16632119679315,,,0.0607144106777948,0.805370327712594,,,2,2,0,0,log_odds,log_odds,FALSE
Wald ratio,1,-0.0341437829547709,0.328352533834262,0.917181144207554,LMTK3,ENSG00000142235,BBJ_Graves,0.96643253812132,0.507776063096455,1.83937747093486,,,,,,,1,1,0,0,log_odds,log_odds,FALSE
Inverse variance weighted,2,0.0620696235229594,0.0943147060267602,0.51046627649784,LNPEP,ENSG00000113441,BBJ_Graves,1.06403642411357,0.884451853635021,1.28008495565617,,,0.194046927816298,0.659569523720239,,,2,2,0,0,log_odds,log_odds,FALSE
Wald ratio,1,0.103529394877296,0.61597255007315,0.866524521204172,LOX,ENSG00000113083,BBJ_Graves,1.10907839410922,0.331616266192996,3.7092718593123,,,,,,,1,1,0,0,log_odds,log_odds,FALSE
Wald ratio,1,-0.0456046272289169,0.0746250793102116,0.541122368888662,LOXL2,ENSG00000134013,BBJ_Graves,0.955419634433547,0.82541434474029,1.10590115579872,,,,,,,3,1,0,2,log_odds,log_odds,FALSE
Wald ratio,1,-0.185710675934161,0.250276036962172,0.458073158004949,LOXL3,ENSG00000115318,BBJ_Graves,0.830513847867987,0.508519503949253,1.35639487992839,,,,,,,3,1,0,2,log_odds,log_odds,FALSE
Inverse variance weighted,4,-0.0426361043874533,0.0674592366583761,0.527368794522115,LPAR1,ENSG00000198121,BBJ_Graves,0.958260033250099,0.839577736452208,1.09371920127941,0.067228196128656,0.462744502474165,3.29062204499745,0.34895001570757,,,6,4,0,2,log_odds,log_odds,FALSE
MR Egger,4,-0.262437905472794,0.253749582174365,0.409694724032598,LPAR1,ENSG00000198121,BBJ_Graves,0.76917412438933,0.467766010090472,1.26479654542592,0.067228196128656,0.462744502474165,3.29062204499745,0.34895001570757,,,6,4,0,2,log_odds,log_odds,FALSE
Weighted median,4,-0.0702784449327344,0.0720964897955532,0.329667826689742,LPAR1,ENSG00000198121,BBJ_Graves,0.932134235713111,0.809298411789529,1.07361415854901,0.067228196128656,0.462744502474165,3.29062204499745,0.34895001570757,,,6,4,0,2,log_odds,log_odds,FALSE
Weighted mode,4,-0.0633756080128496,0.182953188614982,0.751911794429997,LPAR1,ENSG00000198121,BBJ_Graves,0.938590865222231,0.655757739559271,1.34341199368946,0.067228196128656,0.462744502474165,3.29062204499745,0.34895001570757,,,6,4,0,2,log_odds,log_odds,FALSE
Inverse variance weighted,2,-0.0439241126892236,0.0445376570247759,0.324023133767255,LPAR2,ENSG00000064547,BBJ_Graves,0.957026580890979,0.877026631519799,1.04432390490208,,,0.061642936551839,0.803917806361266,,,8,2,0,6,log_odds,log_odds,FALSE
Inverse variance weighted,2,-0.0887691137934092,0.0958203188716322,0.35423179882211,LPAR3,ENSG00000171517,BBJ_Graves,0.915056823184923,0.758375268417677,1.10410904011195,,,1.13223214487853,0.287299718742618,,,2,2,0,0,log_odds,log_odds,FALSE
Wald ratio,1,0.208772545475273,0.505672667786756,0.679708424025933,LPAR5,ENSG00000184574,BBJ_Graves,1.23216470521706,0.457331904616009,3.31975496452058,,,,,,,2,1,0,1,log_odds,log_odds,FALSE
Inverse variance weighted,2,0.0309868817178302,0.392439990817797,0.937064803799597,LPAR6,ENSG00000139679,BBJ_Graves,1.03147197265738,0.477975644706793,2.22591766371353,,,1.10225043007436,0.293772758938336,,,2,2,1,0,log_odds,log_odds,FALSE
Wald ratio,1,-0.166845507175625,0.185042919805358,0.367238345861579,LPHN1,ENSG00000072071,BBJ_Graves,0.846330353204209,0.58888189692543,1.21633059276309,,,,,,,1,1,0,0,log_odds,log_odds,FALSE
Inverse variance weighted,3,-0.208652954141414,0.194440346329209,0.28322851561541,LPL,ENSG00000175445,BBJ_Graves,0.811676875867828,0.554462538826848,1.1882125566364,0.0724681262419183,0.603473724143025,1.36823092600115,0.504536313293626,,,5,3,0,2,log_odds,log_odds,FALSE
MR Egger,3,-0.672475153973534,0.674414894410699,0.500916835240786,LPL,ENSG00000175445,BBJ_Graves,0.510443586436944,0.13610503882915,1.91434980788388,0.0724681262419183,0.603473724143025,1.36823092600115,0.504536313293626,,,5,3,0,2,log_odds,log_odds,FALSE
Weighted median,3,-0.234831255525077,0.195369742102392,0.229369823507583,LPL,ENSG00000175445,BBJ_Graves,0.790704265347911,0.539152967278575,1.15962124514533,0.0724681262419183,0.603473724143025,1.36823092600115,0.504536313293626,,,5,3,0,2,log_odds,log_odds,FALSE
Weighted mode,3,-0.23331341722172,0.740842663559412,0.782635402732324,LPL,ENSG00000175445,BBJ_Graves,0.791905337854824,0.18537675008282,3.3829164867913,0.0724681262419183,0.603473724143025,1.36823092600115,0.504536313293626,,,5,3,0,2,log_odds,log_odds,FALSE
Wald ratio,1,-0.353727210764951,0.705013307170556,0.615856576438666,LRG1,ENSG00000171236,BBJ_Graves,0.702066457407864,0.176302626318186,2.79574570674665,,,,,,,1,1,0,0,log_odds,log_odds,FALSE
Wald ratio,1,0.338397151221671,0.241209017422372,0.160640453212033,LRPAP1,ENSG00000163956,BBJ_Graves,1.40269747581302,0.874264320430615,2.25053243358152,,,,,,,2,1,0,1,log_odds,log_odds,FALSE
Wald ratio,1,-0.240146268559933,0.32050654726994,0.453693869263959,LRRC4,ENSG00000128594,BBJ_Graves,0.786512810556453,0.419647963546005,1.47409842274046,,,,,,,1,1,0,0,log_odds,log_odds,FALSE
Wald ratio,1,0.453700967428638,0.238640298855684,0.0572769012911282,LRRC4B,ENSG00000131409,BBJ_Graves,1.57412721178061,0.986063999443238,2.51289620173465,,,,,,,1,1,0,0,log_odds,log_odds,FALSE
Inverse variance weighted,2,-0.145009810724123,0.0982457441961487,0.139946372532172,LRRK1,ENSG00000154237,BBJ_Graves,0.865013806657292,0.713500979434017,1.04870057263451,,,0.656553164332273,0.417779449685474,,,2,2,0,0,log_odds,log_odds,FALSE
Inverse variance weighted,4,-0.0447988714249064,0.121039542179168,0.711294828508299,LRRK2,ENSG00000188906,BBJ_Graves,0.956189779582052,0.754246249008594,1.21220211009197,-0.0768052936181868,0.179989586954304,5.33752444877497,0.14868593515173,,,4,4,1,0,log_odds,log_odds,FALSE
MR Egger,4,0.252784789207761,0.172642681180511,0.28072018684739,LRRK2,ENSG00000188906,BBJ_Graves,1.28760614027677,0.917966055241848,1.80609028298072,-0.0768052936181868,0.179989586954304,5.33752444877497,0.14868593515173,,,4,4,1,0,log_odds,log_odds,FALSE
Weighted median,4,-0.0313520817141397,0.090334933100773,0.728542585534668,LRRK2,ENSG00000188906,BBJ_Graves,0.969134298536229,0.811875276821509,1.15685415656006,-0.0768052936181868,0.179989586954304,5.33752444877497,0.14868593515173,,,4,4,1,0,log_odds,log_odds,FALSE
Weighted mode,4,-0.0145694307072457,0.80099225152437,0.986629986969575,LRRK2,ENSG00000188906,BBJ_Graves,0.985536189882198,0.20504737198307,4.73686432639436,-0.0768052936181868,0.179989586954304,5.33752444877497,0.14868593515173,,,4,4,1,0,log_odds,log_odds,FALSE
Inverse variance weighted,4,-0.0615312558463686,0.0729356603909347,0.398872020446086,LRRN1,ENSG00000175928,BBJ_Graves,0.940323554671548,0.815066845397012,1.08482929033808,-0.0269001097791122,0.452943539413314,1.65844455684825,0.646211688014828,,,4,4,0,0,log_odds,log_odds,FALSE
MR Egger,4,0.0523929676788569,0.143227683055166,0.749580554470077,LRRN1,ENSG00000175928,BBJ_Graves,1.05378976647755,0.795858962910786,1.39531364686949,-0.0269001097791122,0.452943539413314,1.65844455684825,0.646211688014828,,,4,4,0,0,log_odds,log_odds,FALSE
Weighted median,4,-0.0334805429164964,0.0759417831242733,0.659306264901598,LRRN1,ENSG00000175928,BBJ_Graves,0.967073727482618,0.833329265804829,1.12228339116817,-0.0269001097791122,0.452943539413314,1.65844455684825,0.646211688014828,,,4,4,0,0,log_odds,log_odds,FALSE
Weighted mode,4,-0.0298261911118164,0.230050167445542,0.905047239036336,LRRN1,ENSG00000175928,BBJ_Graves,0.970614220266938,0.618335233662333,1.52359418208224,-0.0269001097791122,0.452943539413314,1.65844455684825,0.646211688014828,,,4,4,0,0,log_odds,log_odds,FALSE
Inverse variance weighted,2,-0.0406189083057941,0.296129219456222,0.890899457360617,LRRN3,ENSG00000173114,BBJ_Graves,0.960194982564348,0.537389469406648,1.71565402195122,,,1.16879225610114,0.279649538372196,,,3,2,0,1,log_odds,log_odds,FALSE
Inverse variance weighted,3,0.0104425580158055,0.077648723439563,0.893019382756799,LSS,ENSG00000160285,BBJ_Graves,1.01049727180957,0.867839108888875,1.17660603892574,-0.0523739414097337,0.595212329261474,0.558312030459302,0.756421880675204,,,3,3,1,0,log_odds,log_odds,FALSE
MR Egger,3,0.174689490409089,0.235686155199921,0.59393698040197,LSS,ENSG00000160285,BBJ_Graves,1.19087638065874,0.750320092288389,1.89010872637778,-0.0523739414097337,0.595212329261474,0.558312030459302,0.756421880675204,,,3,3,1,0,log_odds,log_odds,FALSE
Weighted median,3,0.0106997049362568,0.0794895124412229,0.892923998031977,LSS,ENSG00000160285,BBJ_Graves,1.01075715148334,0.864936020566711,1.18116253107985,-0.0523739414097337,0.595212329261474,0.558312030459302,0.756421880675204,,,3,3,1,0,log_odds,log_odds,FALSE
Weighted mode,3,0.0467193019305976,0.190479817134151,0.829117694399871,LSS,ENSG00000160285,BBJ_Graves,1.04782784454285,0.721356984821156,1.52205248566564,-0.0523739414097337,0.595212329261474,0.558312030459302,0.756421880675204,,,3,3,1,0,log_odds,log_odds,FALSE
Wald ratio,1,0.692481147245631,0.172689937812576,6.07269434607368e-05,LTA,ENSG00000226979,BBJ_Graves,1.99866837687328,1.42476782287914,2.80373771541311,,,,,,,1,1,0,0,log_odds,log_odds,FALSE
Inverse variance weighted,4,0.0591574335426554,0.10278027957546,0.564904626686889,LTA4H,ENSG00000111144,BBJ_Graves,1.06094225549079,0.867368022288651,1.29771727866547,-0.0120617879477391,0.725196619671882,1.03485910883394,0.792817912565304,,,7,4,0,3,log_odds,log_odds,FALSE
MR Egger,4,0.115258536362794,0.172709944262307,0.573239390622804,LTA4H,ENSG00000111144,BBJ_Graves,1.12216352014683,0.799912482325744,1.57423592426894,-0.0120617879477391,0.725196619671882,1.03485910883394,0.792817912565304,,,7,4,0,3,log_odds,log_odds,FALSE
Weighted median,4,0.0850924081118154,0.12064729190051,0.480624214723392,LTA4H,ENSG00000111144,BBJ_Graves,1.0888176776354,0.859524212581564,1.37927927774209,-0.0120617879477391,0.725196619671882,1.03485910883394,0.792817912565304,,,7,4,0,3,log_odds,log_odds,FALSE
Weighted mode,4,0.0910725110940528,0.230949553668071,0.719690926588911,LTA4H,ENSG00000111144,BBJ_Graves,1.09534842729177,0.69656886752047,1.72242578316968,-0.0120617879477391,0.725196619671882,1.03485910883394,0.792817912565304,,,7,4,0,3,log_odds,log_odds,FALSE
Wald ratio,1,-0.482310661068667,0.609971234915277,0.429112946537412,LTB,ENSG00000227507,BBJ_Graves,0.617355243731261,0.186774311477208,2.04057771086466,,,,,,,1,1,0,0,log_odds,log_odds,FALSE
Wald ratio,1,-0.10987960626547,0.208967281624006,0.599011846472163,LTB4R,ENSG00000213903,BBJ_Graves,0.895941994606259,0.594844365495107,1.3494488714387,,,,,,,1,1,0,0,log_odds,log_odds,FALSE
Inverse variance weighted,2,-0.0132955713295571,0.185312406368438,0.942803414643513,LTBP2,ENSG00000119681,BBJ_Graves,0.986792424362892,0.686253704625423,1.41894940925893,,,0.759430286276692,0.383506871911941,,,2,2,0,0,log_odds,log_odds,FALSE
Inverse variance weighted,2,-0.0773996583835977,0.176888491398555,0.661703919785585,LTBP3,ENSG00000168056,BBJ_Graves,0.925519887899086,0.654357722001044,1.3090501328192,,,3.30705361715866,0.0689830710378277,,,3,2,1,1,log_odds,log_odds,FALSE
Wald ratio,1,-0.0643532139636902,0.112023335496963,0.565654817826512,LTBP4,ENSG00000090006,BBJ_Graves,0.937673741572796,0.752827657757665,1.16790614236194,,,,,,,2,1,0,1,log_odds,log_odds,FALSE
Wald ratio,1,-0.144667820505423,0.124526159166352,0.245338480992434,LTBR,ENSG00000111321,BBJ_Graves,0.865309683508821,0.677911119056979,1.10451182658829,,,,,,,3,1,0,2,log_odds,log_odds,FALSE
Wald ratio,1,0.140837448526188,0.0824164162357065,0.0874783883379165,LY75,ENSG00000054219,BBJ_Graves,1.15123749742244,0.979514020958909,1.35306667093343,,,,,,,4,1,0,3,log_odds,log_odds,FALSE
Inverse variance weighted,5,0.00588107104892082,0.020487062571342,0.774064328543951,LY86,ENSG00000112799,BBJ_Graves,1.0058983984986,0.966307114299747,1.04711180651431,0.00274185235314749,0.91528760958341,2.22161984446692,0.695073141770536,,,10,5,0,5,log_odds,log_odds,FALSE
MR Egger,5,0.00441353034113187,0.0241026489103961,0.866385028936579,LY86,ENSG00000112799,BBJ_Graves,1.0044232843107,0.958076489282927,1.05301209804301,0.00274185235314749,0.91528760958341,2.22161984446692,0.695073141770536,,,10,5,0,5,log_odds,log_odds,FALSE
Weighted median,5,0.00389267991991316,0.0218006391228078,0.858284725127021,LY86,ENSG00000112799,BBJ_Graves,1.0039002662389,0.961907898253712,1.04772582321465,0.00274185235314749,0.91528760958341,2.22161984446692,0.695073141770536,,,10,5,0,5,log_odds,log_odds,FALSE
Weighted mode,5,0.00344128484546016,0.137688167563667,0.981257446799244,LY86,ENSG00000112799,BBJ_Graves,1.0034472128642,0.76611152673541,1.31430773962587,0.00274185235314749,0.91528760958341,2.22161984446692,0.695073141770536,,,10,5,0,5,log_odds,log_odds,FALSE
Inverse variance weighted,2,-0.0150991370619199,0.0315805553059514,0.632568359545499,LY9,ENSG00000122224,BBJ_Graves,0.985014283340466,0.925892607705529,1.04791109715103,,,1.05083839352178,0.305314076313984,,,4,2,0,2,log_odds,log_odds,FALSE
Inverse variance weighted,2,-0.00651397167673807,0.0759990213052009,0.931695952957809,LY96,ENSG00000154589,BBJ_Graves,0.993507198245066,0.856010999161743,1.15308863312661,,,0.00563162368587244,0.940179588331285,,,4,2,0,2,log_odds,log_odds,FALSE
Inverse variance weighted,3,-0.0254993016163391,0.109517736093066,0.815891380519345,LYG1,ENSG00000144214,BBJ_Graves,0.974823059766001,0.786506679084717,1.20822877048853,0.068527021684174,0.282140869417519,4.7340135718601,0.0937609532837105,,,3,3,0,0,log_odds,log_odds,FALSE
MR Egger,3,-0.234413981495731,0.122071139982574,0.305647311614789,LYG1,ENSG00000144214,BBJ_Graves,0.791034274550081,0.622710586763484,1.00485721106045,0.068527021684174,0.282140869417519,4.7340135718601,0.0937609532837105,,,3,3,0,0,log_odds,log_odds,FALSE
Weighted median,3,-0.0513347642076471,0.0727898992846535,0.480657339570227,LYG1,ENSG00000144214,BBJ_Graves,0.949960604487776,0.823655460639345,1.0956342708859,0.068527021684174,0.282140869417519,4.7340135718601,0.0937609532837105,,,3,3,0,0,log_odds,log_odds,FALSE
Weighted mode,3,-0.056055254029845,0.333353273721506,0.8819276959262,LYG1,ENSG00000144214,BBJ_Graves,0.945486892486105,0.491925660463981,1.81723690327491,0.068527021684174,0.282140869417519,4.7340135718601,0.0937609532837105,,,3,3,0,0,log_odds,log_odds,FALSE
Wald ratio,1,0.237346072618812,0.18641964465829,0.202953587030541,LYN,ENSG00000254087,BBJ_Graves,1.2678798203492,0.879821325867979,1.82709737941716,,,,,,,1,1,1,0,log_odds,log_odds,FALSE
Wald ratio,1,0.215900014778366,0.344948405983811,0.531386605448822,LYPD5,ENSG00000159871,BBJ_Graves,1.24097829330771,0.631158120322965,2.4400020769326,,,,,,,1,1,0,0,log_odds,log_odds,FALSE
Inverse variance weighted,3,0.00978524688328895,0.113385261045344,0.931227245426498,LYZ,ENSG00000090382,BBJ_Graves,1.00983327895229,0.808600854698642,1.26114540363624,0.0358982861374264,0.581366233818241,0.596393187747264,0.742155422195709,,,11,3,0,8,log_odds,log_odds,FALSE
MR Egger,3,-0.0996870986676612,0.181525641172505,0.680289493141927,LYZ,ENSG00000090382,BBJ_Graves,0.905120587169302,0.634145183080166,1.29188598948033,0.0358982861374264,0.581366233818241,0.596393187747264,0.742155422195709,,,11,3,0,8,log_odds,log_odds,FALSE
Weighted median,3,-0.0143239568482535,0.132529079387403,0.913930952335435,LYZ,ENSG00000090382,BBJ_Graves,0.985778142949267,0.760270527009703,1.27817469255138,0.0358982861374264,0.581366233818241,0.596393187747264,0.742155422195709,,,11,3,0,8,log_odds,log_odds,FALSE
Weighted mode,3,-0.0529716438019797,0.155393448567146,0.765667800800464,LYZ,ENSG00000090382,BBJ_Graves,0.948406905315018,0.699392762198128,1.2860808785356,0.0358982861374264,0.581366233818241,0.596393187747264,0.742155422195709,,,11,3,0,8,log_odds,log_odds,FALSE
Inverse variance weighted,2,-0.0322546887169434,0.0909250237352245,0.722784828230856,M6PR,ENSG00000003056,BBJ_Graves,0.96825994578953,0.810205195809462,1.15714800086375,,,0.770414996126419,0.38008870056972,,,4,2,1,2,log_odds,log_odds,FALSE
Inverse variance weighted,2,0.368542950640358,0.307118622066513,0.230138576442764,MADCAM1,ENSG00000099866,BBJ_Graves,1.4456267298891,0.791829214554281,2.63925175247065,,,0.396819448307978,0.528736414362552,,,2,2,0,0,log_odds,log_odds,FALSE
Wald ratio,1,0.885777326801043,0.363850120684578,0.0149141683665243,MAG,ENSG00000105695,BBJ_Graves,2.42486857440963,1.1884276016865,4.94770366727857,,,,,,,1,1,0,0,log_odds,log_odds,FALSE
Inverse variance weighted,4,-0.207629344643367,0.116791708021675,0.075440863978497,MAK,ENSG00000111837,BBJ_Graves,0.812508141400377,0.646267940661918,1.0215104886152,0.043675591090639,0.333963870125354,2.53215700208554,0.469507614116426,,,4,4,0,0,log_odds,log_odds,FALSE
MR Egger,4,-0.440679533384664,0.218406253128929,0.181115167987159,MAK,ENSG00000111837,BBJ_Graves,0.643598925497339,0.419473137572472,0.987475811439212,0.043675591090639,0.333963870125354,2.53215700208554,0.469507614116426,,,4,4,0,0,log_odds,log_odds,FALSE
Weighted median,4,-0.232091503851669,0.118643723880374,0.0504409522169511,MAK,ENSG00000111837,BBJ_Graves,0.792873569001785,0.628365545737049,1.00045029630682,0.043675591090639,0.333963870125354,2.53215700208554,0.469507614116426,,,4,4,0,0,log_odds,log_odds,FALSE
Weighted mode,4,-0.241510278906731,0.573339996524055,0.701943164097046,MAK,ENSG00000111837,BBJ_Graves,0.785440730275483,0.255315135306827,2.41629678567351,0.043675591090639,0.333963870125354,2.53215700208554,0.469507614116426,,,4,4,0,0,log_odds,log_odds,FALSE
Inverse variance weighted,2,-0.0593407107446499,0.0715462377055581,0.406876036424536,MAN1B1,ENSG00000177239,BBJ_Graves,0.942385633542077,0.819081788179922,1.08425153033853,,,0.130946948369392,0.71745222392068,,,5,2,0,3,log_odds,log_odds,FALSE
Wald ratio,1,-1.19632482472875,0.381440857339971,0.00171075942914102,MAN2B1,ENSG00000104774,BBJ_Graves,0.302303190027901,0.143137595491007,0.63845713201733,,,,,,,3,1,0,2,log_odds,log_odds,FALSE
Inverse variance weighted,2,0.29280135003024,0.186641989232201,0.116697798753994,MANBA,ENSG00000109323,BBJ_Graves,1.3401765379583,0.929585074480458,1.93212348412296,,,2.80223881338772,0.0941327822845208,,,3,2,0,1,log_odds,log_odds,FALSE
Inverse variance weighted,2,0.117088317496347,0.14141960883334,0.407699007614074,MANF,ENSG00000145050,BBJ_Graves,1.12421871348835,0.852063592531248,1.48330209955666,,,0.0107318141989554,0.917491176412231,,,3,2,0,1,log_odds,log_odds,FALSE
Wald ratio,1,0.355661096796694,0.270662509881326,0.188833076477672,MAP2K1,ENSG00000169032,BBJ_Graves,1.42712380946762,0.83959350862827,2.4257957530864,,,,,,,1,1,0,0,log_odds,log_odds,FALSE
Wald ratio,1,0.0499071355318216,0.132590687059649,0.706619540825341,MAP2K2,ENSG00000126934,BBJ_Graves,1.05117347517759,0.810608068495465,1.36313184862298,,,,,,,1,1,0,0,log_odds,log_odds,FALSE
Wald ratio,1,0.532185354113728,0.516930562830264,0.30323992831533,MAP2K3,ENSG00000034152,BBJ_Graves,1.70264913714216,0.618165814640108,4.68970301422884,,,,,,,1,1,0,0,log_odds,log_odds,FALSE
Wald ratio,1,-0.244052468234474,0.129143172502068,0.0587870955501546,MAP2K5,ENSG00000137764,BBJ_Graves,0.78344652712838,0.608247695332938,1.00910939010389,,,,,,,3,1,1,2,log_odds,log_odds,FALSE
Inverse variance weighted,2,0.0214987335798366,0.210103045586261,0.918498941104059,MAP3K1,ENSG00000095015,BBJ_Graves,1.02173149639519,0.676851597761208,1.54233993711316,,,3.08547352945713,0.0789942686056849,,,2,2,0,0,log_odds,log_odds,FALSE
Wald ratio,1,-0.0460597013531174,0.170725098220316,0.787322820975714,MAP3K10,ENSG00000130758,BBJ_Graves,0.954984946595259,0.683395930663084,1.33450640734524,,,,,,,1,1,0,0,log_odds,log_odds,FALSE
Inverse variance weighted,4,0.041045282569993,0.124419071822951,0.741478980536883,MAP3K11,ENSG00000173327,BBJ_Graves,1.04189928435455,0.816428370265126,1.32963791837122,-0.0375146081082264,0.845270136646508,4.74586623004404,0.191380341552225,,,6,4,0,2,log_odds,log_odds,FALSE
MR Egger,4,0.177183783054464,0.632820797896853,0.805786588200489,MAP3K11,ENSG00000173327,BBJ_Graves,1.19385048245474,0.345367925036299,4.12684233577166,-0.0375146081082264,0.845270136646508,4.74586623004404,0.191380341552225,,,6,4,0,2,log_odds,log_odds,FALSE
Weighted median,4,0.0564678670345299,0.0994881505648267,0.57031757924324,MAP3K11,ENSG00000173327,BBJ_Graves,1.05809261460052,0.870638082436492,1.28590743232717,-0.0375146081082264,0.845270136646508,4.74586623004404,0.191380341552225,,,6,4,0,2,log_odds,log_odds,FALSE
Weighted mode,4,0.0601351635024381,0.458534136887591,0.903960084092553,MAP3K11,ENSG00000173327,BBJ_Graves,1.06198007779188,0.432318910301229,2.60872624063802,-0.0375146081082264,0.845270136646508,4.74586623004404,0.191380341552225,,,6,4,0,2,log_odds,log_odds,FALSE
Wald ratio,1,0.0226068229865678,0.597887300501316,0.969838232200219,MAP3K12,ENSG00000139625,BBJ_Graves,1.02286429374734,0.316873611659806,3.30179391695919,,,,,,,1,1,0,0,log_odds,log_odds,FALSE
Wald ratio,1,0.219165285259493,0.163453202502325,0.179971028848199,MAP3K13,ENSG00000073803,BBJ_Graves,1.24503704595297,0.903749560654786,1.71520663829944,,,,,,,1,1,0,0,log_odds,log_odds,FALSE
Wald ratio,1,0.0773237020272767,0.628150640647104,0.902029981020131,MAP3K14,ENSG00000006062,BBJ_Graves,1.0803917447934,0.315419571433358,3.70061476183431,,,,,,,1,1,0,0,log_odds,log_odds,FALSE
Inverse variance weighted,4,-0.00737921724795974,0.00950322088250162,0.4374559179958,MAP3K2,ENSG00000169967,BBJ_Graves,0.992647942329103,0.9743297013775,1.01131058205156,-0.0310654889657594,0.48749217811256,3.66644241399718,0.299807978755132,,,9,4,0,5,log_odds,log_odds,FALSE
MR Egger,4,0.000996931337284537,0.0140839926924816,0.950010230564864,MAP3K2,ENSG00000169967,BBJ_Graves,1.00099742843851,0.973743171560391,1.02901450916964,-0.0310654889657594,0.48749217811256,3.66644241399718,0.299807978755132,,,9,4,0,5,log_odds,log_odds,FALSE
Weighted median,4,-0.00666270617229622,0.00876300379970333,0.447062025669641,MAP3K2,ENSG00000169967,BBJ_Graves,0.993359440441715,0.976443691795636,1.01056823471312,-0.0310654889657594,0.48749217811256,3.66644241399718,0.299807978755132,,,9,4,0,5,log_odds,log_odds,FALSE
Weighted mode,4,-0.00642510750593117,0.0386290060178162,0.878476504532103,MAP3K2,ENSG00000169967,BBJ_Graves,0.993595489361329,0.921144869427808,1.07174455315853,-0.0310654889657594,0.48749217811256,3.66644241399718,0.299807978755132,,,9,4,0,5,log_odds,log_odds,FALSE
Wald ratio,1,-0.405364838889417,0.389871883877857,0.298461371380839,MAP3K3,ENSG00000198909,BBJ_Graves,0.666733516163915,0.310517899697842,1.43158762186935,,,,,,,1,1,0,0,log_odds,log_odds,FALSE
Wald ratio,1,0.247350399866453,0.542246617174525,0.648276010343363,MAP3K4,ENSG00000085511,BBJ_Graves,1.28062776596784,0.44243887051958,3.70674365261315,,,,,,,1,1,0,0,log_odds,log_odds,FALSE
Inverse variance weighted,2,0.055737788259423,0.0617973856549425,0.367086555755672,MAP3K5,ENSG00000197442,BBJ_Graves,1.05732040556151,0.936706679765267,1.19346478910229,,,0.110918385574027,0.739100979736791,,,2,2,0,0,log_odds,log_odds,FALSE
Wald ratio,1,0.235464607767075,0.29554307913739,0.425614597960577,MAP3K7,ENSG00000135341,BBJ_Graves,1.26549659171447,0.70907085044124,2.25856361553204,,,,,,,1,1,0,0,log_odds,log_odds,FALSE
Inverse variance weighted,2,0.0624696304969102,0.110369094227217,0.571389326372014,MAP3K8,ENSG00000107968,BBJ_Graves,1.06446213124099,0.857397368326051,1.32153383099168,,,0.391333666893914,0.531599201676799,,,3,2,1,1,log_odds,log_odds,FALSE
Wald ratio,1,-0.0252752597045669,0.116957943224239,0.828905479940188,MAP3K9,ENSG00000006432,BBJ_Graves,0.975041485455291,0.775294107225385,1.22625193394187,,,,,,,1,1,0,0,log_odds,log_odds,FALSE
Inverse variance weighted,2,-0.0960809992906602,0.224388624150771,0.668512684878418,MAP4K1,ENSG00000104814,BBJ_Graves,0.908390434107898,0.585152546423387,1.4101847216122,,,1.58770652541857,0.20765411360793,,,2,2,2,0,log_odds,log_odds,FALSE
Wald ratio,1,1.41531010754578,0.506158206600991,0.00517103847800039,MAP4K4,ENSG00000071054,BBJ_Graves,4.11776321744336,1.52690074268512,11.1048304849939,,,,,,,1,1,0,0,log_odds,log_odds,FALSE
Inverse variance weighted,2,-0.186031310964022,0.753411771650603,0.804971292015014,MAP4K5,ENSG00000012983,BBJ_Graves,0.830247598722258,0.189622811344618,3.63516957847086,,,4.47496248547265,0.0343949575021602,,,2,2,0,0,log_odds,log_odds,FALSE
Wald ratio,1,-0.11303017411775,0.0931421363847262,0.224929723856676,MAPK1,ENSG00000100030,BBJ_Graves,0.893123710489422,0.744093364999345,1.0720025197901,,,,,,,2,1,0,1,log_odds,log_odds,FALSE
Wald ratio,1,0.0804038058513407,0.354232187374149,0.820438890181614,MAPK11,ENSG00000185386,BBJ_Graves,1.0837245936634,0.541240646340915,2.16993864531589,,,,,,,1,1,0,0,log_odds,log_odds,FALSE
Inverse variance weighted,2,0.603592771814517,0.224450021173466,0.00716217962774764,MAPK13,ENSG00000156711,BBJ_Graves,1.82867703151875,1.17782642869889,2.83917868042606,,,0.302062866676759,0.582592069534055,,,2,2,0,0,log_odds,log_odds,FALSE
Inverse variance weighted,2,0.00357927092811943,0.0715709367843513,0.960114326147288,MAPK3,ENSG00000102882,BBJ_Graves,1.0035856841676,0.872232061269454,1.15472048115301,,,0.0516166966869006,0.820273606517247,,,5,2,0,3,log_odds,log_odds,FALSE
Wald ratio,1,0.517090757956966,1.66831084308652,0.756599976575331,MAPK6,ENSG00000069956,BBJ_Graves,1.6771413353248,0.0637492095336507,44.1229480213441,,,,,,,1,1,0,0,log_odds,log_odds,FALSE
Wald ratio,1,0.174676658644677,0.123213215041093,0.156284809299295,MAPK8,ENSG00000107643,BBJ_Graves,1.19086109971162,0.935362389121442,1.51615050519446,,,,,,,2,1,0,1,log_odds,log_odds,FALSE
Inverse variance weighted,2,-0.230984671343637,0.103063574394287,0.0250140096597518,MAPK9,ENSG00000050748,BBJ_Graves,0.793751633088011,0.648567446254954,0.971435829331176,,,0.000702810742218099,0.978850096596723,,,2,2,0,0,log_odds,log_odds,FALSE
Inverse variance weighted,2,0.153342602777556,0.323394755915341,0.635381966852889,MAPKAPK2,ENSG00000162889,BBJ_Graves,1.16572429091607,0.618467200783717,2.19722746931408,,,3.01421185119354,0.0825375685335624,,,2,2,1,0,log_odds,log_odds,FALSE
Inverse variance weighted,3,-0.0179743887789442,0.0347814085800728,0.605308690102659,MAPKAPK3,ENSG00000114738,BBJ_Graves,0.982186187023732,0.917460318485409,1.05147839807696,0.0805274855340677,0.558044236901058,4.19834260953458,0.122557949370513,,,5,3,1,2,log_odds,log_odds,FALSE
MR Egger,3,-0.0539241833373793,0.0573939990356368,0.519837175335567,MAPKAPK3,ENSG00000114738,BBJ_Graves,0.947503940365241,0.846693579402295,1.06031714288115,0.0805274855340677,0.558044236901058,4.19834260953458,0.122557949370513,,,5,3,1,2,log_odds,log_odds,FALSE
Weighted median,3,-0.0237707308232034,0.0246725042728654,0.335321610823132,MAPKAPK3,ENSG00000114738,BBJ_Graves,0.976509567639779,0.930411014679717,1.02489213976071,0.0805274855340677,0.558044236901058,4.19834260953458,0.122557949370513,,,5,3,1,2,log_odds,log_odds,FALSE
Weighted mode,3,-0.024661099015202,0.0878213347290703,0.805239725145901,MAPKAPK3,ENSG00000114738,BBJ_Graves,0.975640501533393,0.821362349838138,1.1588970305492,0.0805274855340677,0.558044236901058,4.19834260953458,0.122557949370513,,,5,3,1,2,log_odds,log_odds,FALSE
Inverse variance weighted,4,-0.0233410309906617,0.00512593977231667,5.27575272412574e-06,MAPKAPK5,ENSG00000089022,BBJ_Graves,0.976929263802697,0.967163350330565,0.986793788399736,-0.031270662390939,0.616782991305143,4.14388110622185,0.246340853466054,,,4,4,0,0,log_odds,log_odds,FALSE
MR Egger,4,-0.0153111459812402,0.0148633109492076,0.411226126651523,MAPKAPK5,ENSG00000089022,BBJ_Graves,0.984805473662279,0.956529895549611,1.01391689425235,-0.031270662390939,0.616782991305143,4.14388110622185,0.246340853466054,,,4,4,0,0,log_odds,log_odds,FALSE
Weighted median,4,-0.0252771259067498,0.00552796023568484,4.81719625384459e-06,MAPKAPK5,ENSG00000089022,BBJ_Graves,0.97503966583244,0.964532329296774,0.985661466256688,-0.031270662390939,0.616782991305143,4.14388110622185,0.246340853466054,,,4,4,0,0,log_odds,log_odds,FALSE
Weighted mode,4,-0.0255524039902772,0.0167396267682823,0.224327240187745,MAPKAPK5,ENSG00000089022,BBJ_Graves,0.974771295721766,0.943308339629742,1.00728366223927,-0.031270662390939,0.616782991305143,4.14388110622185,0.246340853466054,,,4,4,0,0,log_odds,log_odds,FALSE
Wald ratio,1,0.243639302843684,0.458991802520871,0.595547634975748,MARK2,ENSG00000072518,BBJ_Graves,1.27588403973674,0.518930856014451,3.13698841375046,,,,,,,3,1,0,2,log_odds,log_odds,FALSE
Inverse variance weighted,3,-0.0306646992787069,0.074068379468103,0.67887024892063,MARK3,ENSG00000075413,BBJ_Graves,0.969800693438454,0.838753244006146,1.12132309676863,-0.00346563679197359,0.92658818894796,0.0641366365154429,0.968440417657063,,,3,3,0,0,log_odds,log_odds,FALSE
MR Egger,3,-0.0184339963138302,0.128980536801281,0.909625839969453,MARK3,ENSG00000075413,BBJ_Graves,0.98173487057368,0.762436655699169,1.2641094166918,-0.00346563679197359,0.92658818894796,0.0641366365154429,0.968440417657063,,,3,3,0,0,log_odds,log_odds,FALSE
Weighted median,3,-0.0289066532909477,0.0755953053642864,0.702174417332762,MARK3,ENSG00000075413,BBJ_Graves,0.971507147229085,0.837718250345597,1.12666297615914,-0.00346563679197359,0.92658818894796,0.0641366365154429,0.968440417657063,,,3,3,0,0,log_odds,log_odds,FALSE
Weighted mode,3,-0.026747915516922,0.198412957493232,0.905105584109184,MARK3,ENSG00000075413,BBJ_Graves,0.973606641719246,0.659919571861204,1.43640215144156,-0.00346563679197359,0.92658818894796,0.0641366365154429,0.968440417657063,,,3,3,0,0,log_odds,log_odds,FALSE
Wald ratio,1,0.0326881844249811,0.0896179416180694,0.715297696473118,MARK4,ENSG00000007047,BBJ_Graves,1.0332283123259,0.866786155731348,1.23163105263382,,,,,,,4,1,0,3,log_odds,log_odds,FALSE
Wald ratio,1,-0.0852487958108314,0.179604492635207,0.635038353466568,MARS,ENSG00000166986,BBJ_Graves,0.918283790818203,0.645794716914006,1.30574793877067,,,,,,,1,1,0,0,log_odds,log_odds,FALSE
Wald ratio,1,0.00243962566801245,0.279526602255626,0.993036387495926,MASP2,ENSG00000009724,BBJ_Graves,1.00244260397621,0.579591047441534,1.73379347162529,,,,,,,1,1,0,0,log_odds,log_odds,FALSE
Wald ratio,1,-0.0813682586388116,0.203830803017829,0.689749450378529,MAST2,ENSG00000086015,BBJ_Graves,0.921854148174785,0.618241183834462,1.37456884582862,,,,,,,1,1,1,0,log_odds,log_odds,FALSE
Inverse variance weighted,3,-0.0835365515958473,0.107911930897238,0.438861104453958,MAST4,ENSG00000069020,BBJ_Graves,0.919857463798501,0.744498876329707,1.13651985329672,0.0458796620547536,0.436458524165662,2.43700396626898,0.295672758115041,,,3,3,0,0,log_odds,log_odds,FALSE
MR Egger,3,-0.239964438086072,0.161021247931302,0.376249472910379,MAST4,ENSG00000069020,BBJ_Graves,0.786655835556252,0.573747380020188,1.07857120601218,0.0458796620547536,0.436458524165662,2.43700396626898,0.295672758115041,,,3,3,0,0,log_odds,log_odds,FALSE
Weighted median,3,-0.106828308643241,0.100539633526768,0.287986428243195,MAST4,ENSG00000069020,BBJ_Graves,0.898679955326277,0.737944994501127,1.09442528660448,0.0458796620547536,0.436458524165662,2.43700396626898,0.295672758115041,,,3,3,0,0,log_odds,log_odds,FALSE
Weighted mode,3,-0.108945179783364,0.394918556804203,0.808540885631767,MAST4,ENSG00000069020,BBJ_Graves,0.896779577801463,0.413546402843861,1.94467562921932,0.0458796620547536,0.436458524165662,2.43700396626898,0.295672758115041,,,3,3,0,0,log_odds,log_odds,FALSE
Inverse variance weighted,3,-0.123154143124374,0.0713067023587399,0.0841488557844898,MASTL,ENSG00000120539,BBJ_Graves,0.884127369901661,0.768807028077713,1.01674565614171,-0.297085310727404,0.413265955754102,2.18020482422184,0.336182062828986,,,6,3,1,3,log_odds,log_odds,FALSE
MR Egger,3,0.751685731456306,0.667397331250391,0.46223146179176,MASTL,ENSG00000120539,BBJ_Graves,2.12057171975404,0.573261648242862,7.84427919154211,-0.297085310727404,0.413265955754102,2.18020482422184,0.336182062828986,,,6,3,1,3,log_odds,log_odds,FALSE
Weighted median,3,-0.12037386193933,0.0706157213677955,0.0882629641367422,MASTL,ENSG00000120539,BBJ_Graves,0.886588912898586,0.771992321060072,1.01819652738946,-0.297085310727404,0.413265955754102,2.18020482422184,0.336182062828986,,,6,3,1,3,log_odds,log_odds,FALSE
Weighted mode,3,-0.0604067765311701,0.18390441111493,0.773759999137305,MASTL,ENSG00000120539,BBJ_Graves,0.94138152377908,0.656482381695266,1.3499207260127,-0.297085310727404,0.413265955754102,2.18020482422184,0.336182062828986,,,6,3,1,3,log_odds,log_odds,FALSE
Inverse variance weighted,2,-0.34134689943963,0.611664296107422,0.576801714101836,MATK,ENSG00000007264,BBJ_Graves,0.7108122850488,0.214336317646235,2.35729581493616,,,5.76522620899199,0.0163463805067173,,,3,2,0,1,log_odds,log_odds,FALSE
Inverse variance weighted,4,0.0270860313388571,0.0742367998380446,0.715215989213318,MATN2,ENSG00000132561,BBJ_Graves,1.02745619239314,0.888324569707583,1.18837895886919,0.0220384483314506,0.652430781899821,0.90401700935902,0.824458305524652,,,5,4,0,1,log_odds,log_odds,FALSE
MR Egger,4,-0.0483738038952434,0.161962378003306,0.793364230017829,MATN2,ENSG00000132561,BBJ_Graves,0.952777568537294,0.693627598015001,1.30874996569587,0.0220384483314506,0.652430781899821,0.90401700935902,0.824458305524652,,,5,4,0,1,log_odds,log_odds,FALSE
Weighted median,4,0.00518504615195036,0.0770531618055256,0.946349402696246,MATN2,ENSG00000132561,BBJ_Graves,1.00519851176697,0.864296713277899,1.16907079771995,0.0220384483314506,0.652430781899821,0.90401700935902,0.824458305524652,,,5,4,0,1,log_odds,log_odds,FALSE
Weighted mode,4,0.00157767357888833,0.219048667604955,0.994705547923452,MATN2,ENSG00000132561,BBJ_Graves,1.00157891876059,0.651969358107944,1.53866177609462,0.0220384483314506,0.652430781899821,0.90401700935902,0.824458305524652,,,5,4,0,1,log_odds,log_odds,FALSE
Inverse variance weighted,2,-0.0157222772986083,0.0887951931379133,0.859459488083508,MBTPS1,ENSG00000140943,BBJ_Graves,0.984400672509458,0.827156920032179,1.17153669463271,,,0.082214986732435,0.77431787141695,,,3,2,0,1,log_odds,log_odds,FALSE
Inverse variance weighted,3,-0.0128897545001024,0.0217292352935892,0.553048171088474,MC1R,ENSG00000258839,BBJ_Graves,0.987192962602959,0.946031837460697,1.03014497696891,-0.0124831137678616,0.824703144606062,1.46703521959227,0.480216800282408,,,6,3,0,3,log_odds,log_odds,FALSE
MR Egger,3,-0.00623756542760722,0.0345807727052655,0.88639024516358,MC1R,ENSG00000258839,BBJ_Graves,0.993781847798896,0.928656946716955,1.06347383122047,-0.0124831137678616,0.824703144606062,1.46703521959227,0.480216800282408,,,6,3,0,3,log_odds,log_odds,FALSE
Weighted median,3,-0.013019913095108,0.0225306985905523,0.563348945058819,MC1R,ENSG00000258839,BBJ_Graves,0.987064479315731,0.944423979978667,1.03163018621027,-0.0124831137678616,0.824703144606062,1.46703521959227,0.480216800282408,,,6,3,0,3,log_odds,log_odds,FALSE
Weighted mode,3,-0.0195143540686082,0.0641643040686642,0.789753677201437,MC1R,ENSG00000258839,BBJ_Graves,0.980674818414011,0.864783242598901,1.11209728877392,-0.0124831137678616,0.824703144606062,1.46703521959227,0.480216800282408,,,6,3,0,3,log_odds,log_odds,FALSE
Wald ratio,1,-0.0327646404995765,0.331479523263991,0.921262423604786,MCHR1,ENSG00000128285,BBJ_Graves,0.967766305781121,0.505369968978611,1.85323956723847,,,,,,,2,1,0,1,log_odds,log_odds,FALSE
Wald ratio,1,-0.092796610598952,0.171197305737822,0.587787638947229,MCL1,ENSG00000143384,BBJ_Graves,0.911378846244466,0.651587666898529,1.27475003530299,,,,,,,2,1,0,1,log_odds,log_odds,FALSE
Inverse variance weighted,2,-0.0227612738956257,0.082992993861748,0.783888382731917,MCOLN2,ENSG00000153898,BBJ_Graves,0.977495809688365,0.83074902792569,1.15016452122022,,,0.823395031383631,0.364189404759951,,,3,2,0,1,log_odds,log_odds,FALSE
Inverse variance weighted,2,-0.130975565396482,0.168453410189877,0.436853195051204,MCOLN3,ENSG00000055732,BBJ_Graves,0.877239209121433,0.630561712708465,1.22041762845787,,,0.0689154798759237,0.792922433517738,,,2,2,0,0,log_odds,log_odds,FALSE
Inverse variance weighted,2,-0.0146938866639656,0.0692453878447034,0.831950833655412,MDM2,ENSG00000135679,BBJ_Graves,0.985413541665113,0.86035098849401,1.12865546862069,,,0.654092900740645,0.418653150424756,,,4,2,0,2,log_odds,log_odds,FALSE
Inverse variance weighted,2,-0.199537582729188,0.304278486368054,0.511970261202587,ME1,ENSG00000065833,BBJ_Graves,0.819109435866333,0.451164430051953,1.48713024173471,,,0.0510943557167236,0.821169838231618,,,2,2,0,0,log_odds,log_odds,FALSE
Wald ratio,1,0.0813541540656032,0.118064429491467,0.490781895366766,MERTK,ENSG00000153208,BBJ_Graves,1.0847549989401,0.860663110834832,1.3671939611588,,,,,,,4,1,0,3,log_odds,log_odds,FALSE
Wald ratio,1,0.310855892767481,0.303548508193263,0.305800700740901,METAP1,ENSG00000164024,BBJ_Graves,1.36459255935906,0.752691986535265,2.4739373958658,,,,,,,1,1,0,0,log_odds,log_odds,FALSE
Wald ratio,1,0.0558221886148072,0.203671340335208,0.784023340731409,METAP2,ENSG00000111142,BBJ_Graves,1.05740964754547,0.709373112972912,1.57620177911217,,,,,,,2,1,1,1,log_odds,log_odds,FALSE
Wald ratio,1,0.0412933303241625,0.0829485202605782,0.618611785009825,METRN,ENSG00000103260,BBJ_Graves,1.04215775718758,0.885780794386918,1.22614172462159,,,,,,,1,1,0,0,log_odds,log_odds,FALSE
Inverse variance weighted,3,0.0939427798169517,0.0738943725328106,0.203617784270056,MFGE8,ENSG00000140545,BBJ_Graves,1.09849688792581,0.950383026032668,1.26969377580321,-0.0259762517957868,0.584805278529588,0.60955150440269,0.737288691220947,,,4,3,0,1,log_odds,log_odds,FALSE
MR Egger,3,0.170096378627268,0.124116189185547,0.401305994535143,MFGE8,ENSG00000140545,BBJ_Graves,1.18541909488006,0.929441554546871,1.5118954211073,-0.0259762517957868,0.584805278529588,0.60955150440269,0.737288691220947,,,4,3,0,1,log_odds,log_odds,FALSE
Weighted median,3,0.100387639641244,0.0740347008804506,0.175113843828531,MFGE8,ENSG00000140545,BBJ_Graves,1.10559940917855,0.956264840882749,1.27825472747442,-0.0259762517957868,0.584805278529588,0.60955150440269,0.737288691220947,,,4,3,0,1,log_odds,log_odds,FALSE
Weighted mode,3,0.103126649341279,0.164469996582926,0.5946796317654,MFGE8,ENSG00000140545,BBJ_Graves,1.10863180767329,0.803133325989673,1.53033680114121,-0.0259762517957868,0.584805278529588,0.60955150440269,0.737288691220947,,,4,3,0,1,log_odds,log_odds,FALSE
Wald ratio,1,0.857439845468493,0.872295353085279,0.325622383192533,MFI2,ENSG00000163975,BBJ_Graves,2.35711837508214,0.426450471499741,13.0284931204566,,,,,,,1,1,0,0,log_odds,log_odds,FALSE
Wald ratio,1,-0.16417771563259,0.0918541614948446,0.0738771039128148,MFNG,ENSG00000100060,BBJ_Graves,0.848591200556933,0.708778741655197,1.0159828213541,,,,,,,2,1,0,1,log_odds,log_odds,FALSE
Wald ratio,1,-0.26594665180263,0.143079832904438,0.0630655437986853,MGAM,ENSG00000257335,BBJ_Graves,0.766480016737539,0.579040344454424,1.01459530701875,,,,,,,3,1,0,2,log_odds,log_odds,FALSE
Wald ratio,1,-0.42351359670708,0.698788262941437,0.544469226997828,MGAT4A,ENSG00000071073,BBJ_Graves,0.65474227326701,0.166436971284774,2.57567438949227,,,,,,,1,1,0,0,log_odds,log_odds,FALSE
Wald ratio,1,-0.201555232271283,1.08750460760882,0.852964437055606,MGEA5,ENSG00000198408,BBJ_Graves,0.817458426227645,0.0969980636368627,6.8891919442052,,,,,,,1,1,0,0,log_odds,log_odds,FALSE
Wald ratio,1,0.0115542229411851,0.237804919360871,0.961248445896524,MGLL,ENSG00000074416,BBJ_Graves,1.01162123080098,0.634737710972544,1.61228409296695,,,,,,,2,1,0,1,log_odds,log_odds,FALSE
Inverse variance weighted,2,0.0116166320960919,0.063418541764102,0.854661443135594,MGMT,ENSG00000170430,BBJ_Graves,1.0116843671972,0.893433199631167,1.14558677610562,,,0.0121158446224336,0.91235227598546,,,4,2,1,2,log_odds,log_odds,FALSE
Wald ratio,1,0.178021691271491,0.190445232745321,0.349909005719951,MGP,ENSG00000111341,BBJ_Graves,1.19485123879632,0.822628181340948,1.73549790201192,,,,,,,1,1,0,0,log_odds,log_odds,FALSE
Wald ratio,1,-0.0732172164262969,0.0744643380603062,0.325483380853998,MGST1,ENSG00000008394,BBJ_Graves,0.929398927384691,0.80318731839152,1.07544323278615,,,,,,,1,1,1,0,log_odds,log_odds,FALSE
Inverse variance weighted,4,-0.0525563060327177,0.0500029492662927,0.293229140184892,MGST2,ENSG00000085871,BBJ_Graves,0.948800896337437,0.860224319950744,1.04649812846755,-0.0382107970913723,0.286981460099003,2.22237591743226,0.527554471545257,,,4,4,0,0,log_odds,log_odds,FALSE
MR Egger,4,0.0486827385224224,0.0863464732953854,0.629673246780689,MGST2,ENSG00000085871,BBJ_Graves,1.04988720912906,0.886427136534306,1.24348985546897,-0.0382107970913723,0.286981460099003,2.22237591743226,0.527554471545257,,,4,4,0,0,log_odds,log_odds,FALSE
Weighted median,4,-0.0420668402001782,0.0520463244271042,0.418942272976992,MGST2,ENSG00000085871,BBJ_Graves,0.958805691666288,0.865820526540503,1.06177703830248,-0.0382107970913723,0.286981460099003,2.22237591743226,0.527554471545257,,,4,4,0,0,log_odds,log_odds,FALSE
Weighted mode,4,-0.039559108456071,0.194185569473967,0.851609922272552,MGST2,ENSG00000085871,BBJ_Graves,0.961213136486964,0.656939845122276,1.40641597646302,-0.0382107970913723,0.286981460099003,2.22237591743226,0.527554471545257,,,4,4,0,0,log_odds,log_odds,FALSE
Inverse variance weighted,5,-0.00991909425839917,0.0583534031765856,0.865023401987769,MGST3,ENSG00000143198,BBJ_Graves,0.990129937705581,0.883122139614719,1.11010385717264,0.0155079928038066,0.649072340674296,3.54043506605261,0.471756798250199,,,8,5,0,3,log_odds,log_odds,FALSE
MR Egger,5,-0.048309743740918,0.0975290022738031,0.654372742528645,MGST3,ENSG00000143198,BBJ_Graves,0.952838605570372,0.787047569580551,1.15355341069047,0.0155079928038066,0.649072340674296,3.54043506605261,0.471756798250199,,,8,5,0,3,log_odds,log_odds,FALSE
Weighted median,5,-0.0143353732723868,0.0609417938302474,0.814029775409586,MGST3,ENSG00000143198,BBJ_Graves,0.985766888952126,0.874781367833095,1.11083339801969,0.0155079928038066,0.649072340674296,3.54043506605261,0.471756798250199,,,8,5,0,3,log_odds,log_odds,FALSE
Weighted mode,5,-0.0186561880138231,0.412943160256019,0.966130461374116,MGST3,ENSG00000143198,BBJ_Graves,0.981516761465759,0.436911429850704,2.20496669855358,0.0155079928038066,0.649072340674296,3.54043506605261,0.471756798250199,,,8,5,0,3,log_odds,log_odds,FALSE
Wald ratio,1,-0.747924963321631,0.379492327162071,0.0487402787941674,MIF,ENSG00000240972,BBJ_Graves,0.473347748319927,0.224983114882749,0.995888473480836,,,,,,,2,1,0,1,log_odds,log_odds,FALSE
Inverse variance weighted,3,0.094246471366863,0.103406576187762,0.362075903878239,MINK1,ENSG00000141503,BBJ_Graves,1.0988305428098,0.897241324525653,1.345712161051,-0.0762084505579763,0.741704224944452,0.204599892709838,0.902758731864207,,,4,3,0,1,log_odds,log_odds,FALSE
MR Egger,3,0.307606636206398,0.507340025603084,0.653011555473541,MINK1,ENSG00000141503,BBJ_Graves,1.36016584369447,0.503193840678611,3.67661718565173,-0.0762084505579763,0.741704224944452,0.204599892709838,0.902758731864207,,,4,3,0,1,log_odds,log_odds,FALSE
Weighted median,3,0.12240783425815,0.10608088069291,0.248536894177431,MINK1,ENSG00000141503,BBJ_Graves,1.1302149481744,0.918043327374276,1.39142215948603,-0.0762084505579763,0.741704224944452,0.204599892709838,0.902758731864207,,,4,3,0,1,log_odds,log_odds,FALSE
Weighted mode,3,0.123965109166088,0.248549317467826,0.6674050026513,MINK1,ENSG00000141503,BBJ_Graves,1.13197637471047,0.695453204542332,1.84249710049996,-0.0762084505579763,0.741704224944452,0.204599892709838,0.902758731864207,,,4,3,0,1,log_odds,log_odds,FALSE
Wald ratio,1,0.282829560668238,0.368377750589023,0.442623558105305,MITF,ENSG00000187098,BBJ_Graves,1.32687899017502,0.64455776662084,2.73149738587132,,,,,,,1,1,0,0,log_odds,log_odds,FALSE
Inverse variance weighted,2,-0.0131977965028944,0.0855542443501456,0.877402903308667,MKNK1,ENSG00000079277,BBJ_Graves,0.986888912538117,0.834532062482339,1.16706088294993,,,1.20022866422067,0.273275980475192,,,2,2,0,0,log_odds,log_odds,FALSE
Wald ratio,1,-0.0139482339803469,0.0958160294983426,0.884258425118041,MKNK2,ENSG00000099875,BBJ_Graves,0.986148591928974,0.817301146397237,1.18987847949357,,,,,,,2,1,0,1,log_odds,log_odds,FALSE
Inverse variance weighted,2,-0.0406414362951336,0.152432198354329,0.789761939156121,MLKL,ENSG00000168404,BBJ_Graves,0.960173351545669,0.712191427349223,1.29450149161424,,,1.95624685156451,0.161915280334348,,,4,2,0,2,log_odds,log_odds,FALSE
Wald ratio,1,0.158996523965228,0.183583732493367,0.386451295485381,MLX,ENSG00000108788,BBJ_Graves,1.17233387160033,0.81805345858469,1.68004510228367,,,,,,,2,1,0,1,log_odds,log_odds,FALSE
Inverse variance weighted,2,-0.0120973454843656,0.237507750457814,0.959377690773546,MLYCD,ENSG00000103150,BBJ_Graves,0.987975533223857,0.620262479573249,1.57368160479501,,,0.203046262906219,0.652273145023919,,,2,2,0,0,log_odds,log_odds,FALSE
Inverse variance weighted,2,0.0278232502770135,0.377646465440853,0.941268682221585,MME,ENSG00000196549,BBJ_Graves,1.02821393183192,0.490483410584474,2.15547328777834,,,2.42667871416881,0.119285394487039,,,2,2,0,0,log_odds,log_odds,FALSE
Inverse variance weighted,2,0.113512209258241,0.0541663927792792,0.0361158591577102,MMEL1,ENSG00000142606,BBJ_Graves,1.12020556568792,1.00737312804545,1.24567598088797,,,0.0180197860599934,0.893214538936468,,,2,2,0,0,log_odds,log_odds,FALSE
Inverse variance weighted,2,0.254317791700307,0.211729909787144,0.229695932117712,MMP1,ENSG00000196611,BBJ_Graves,1.28958155747211,0.851570632637816,1.95288626642845,,,0.0107337815229761,0.917483641141015,,,2,2,0,0,log_odds,log_odds,FALSE
Wald ratio,1,-0.340345749565171,0.195420880829728,0.08157779515752,MMP11,ENSG00000099953,BBJ_Graves,0.711524271021605,0.48511433382021,1.04360302913757,,,,,,,2,1,0,1,log_odds,log_odds,FALSE
Wald ratio,1,-0.596299640945684,0.444650032577471,0.179902967419025,MMP15,ENSG00000102996,BBJ_Graves,0.550846198184341,0.230428720081481,1.31681299946832,,,,,,,1,1,0,0,log_odds,log_odds,FALSE
Inverse variance weighted,2,0.0690521786726612,0.245802847449015,0.778767882328061,MMP17,ENSG00000198598,BBJ_Graves,1.07149211672616,0.66184664608028,1.73468485940933,,,0.0143948429802422,0.904500171117341,,,2,2,0,0,log_odds,log_odds,FALSE
Wald ratio,1,-0.404892392071942,0.242576121470947,0.0950905486316586,MMP19,ENSG00000123342,BBJ_Graves,0.66704858671291,0.414641250118964,1.0731055265438,,,,,,,1,1,0,0,log_odds,log_odds,FALSE
Wald ratio,1,-0.18572872008875,0.17241622091347,0.281385829903827,MMP24,ENSG00000125966,BBJ_Graves,0.830498862082931,0.592345906580783,1.1644013274311,,,,,,,1,1,0,0,log_odds,log_odds,FALSE
Wald ratio,1,0.0574801285852309,0.0950170075688006,0.545215087612252,MMP25,ENSG00000008516,BBJ_Graves,1.05916422335402,0.879190917597132,1.27597866354118,,,,,,,7,1,0,6,log_odds,log_odds,FALSE
Inverse variance weighted,3,-0.0093633463530961,0.0105840348066207,0.376336257316049,MMP28,ENSG00000129270,BBJ_Graves,0.990680353276422,0.970340678134875,1.01144637598247,0.00721078572248332,0.873708821057907,1.86592518250602,0.393386538780269,,,3,3,1,0,log_odds,log_odds,FALSE
MR Egger,3,-0.01166757905074,0.0182290198618328,0.637539034031452,MMP28,ENSG00000129270,BBJ_Graves,0.988400223197491,0.953709216999354,1.02435310868712,0.00721078572248332,0.873708821057907,1.86592518250602,0.393386538780269,,,3,3,1,0,log_odds,log_odds,FALSE
Weighted median,3,-0.00957524798555617,0.0108323639995,0.37672420972426,MMP28,ENSG00000129270,BBJ_Graves,0.99047044873266,0.969663008829544,1.01172438350191,0.00721078572248332,0.873708821057907,1.86592518250602,0.393386538780269,,,3,3,1,0,log_odds,log_odds,FALSE
Weighted mode,3,-0.00942880160210824,0.208626409818375,0.96805884910606,MMP28,ENSG00000129270,BBJ_Graves,0.990615510169391,0.658140684126827,1.49104760221609,0.00721078572248332,0.873708821057907,1.86592518250602,0.393386538780269,,,3,3,1,0,log_odds,log_odds,FALSE
Inverse variance weighted,3,-0.0480383259381648,0.124514284013058,0.699640541210568,MMP9,ENSG00000100985,BBJ_Graves,0.953097258030928,0.746704075751154,1.21653867009132,-0.0154164747675725,0.914368751797463,1.72098366803548,0.42295400798386,,,3,3,0,0,log_odds,log_odds,FALSE
MR Egger,3,0.0331581820437392,0.621456351931137,0.966064942361103,MMP9,ENSG00000100985,BBJ_Graves,1.03371404130912,0.305777896885533,3.49457802569568,-0.0154164747675725,0.914368751797463,1.72098366803548,0.42295400798386,,,3,3,0,0,log_odds,log_odds,FALSE
Weighted median,3,-0.031110885221667,0.131285083643563,0.812678533785228,MMP9,ENSG00000100985,BBJ_Graves,0.969368078522093,0.749439526990935,1.25383628407016,-0.0154164747675725,0.914368751797463,1.72098366803548,0.42295400798386,,,3,3,0,0,log_odds,log_odds,FALSE
Weighted mode,3,-0.0156258528688376,0.346446625432546,0.968123426003276,MMP9,ENSG00000100985,BBJ_Graves,0.984495597359435,0.499243543725561,1.94140033136394,-0.0154164747675725,0.914368751797463,1.72098366803548,0.42295400798386,,,3,3,0,0,log_odds,log_odds,FALSE
Wald ratio,1,0.123149886667737,0.386992386952444,0.750315771110628,MMRN1,ENSG00000138722,BBJ_Graves,1.13105393814881,0.529747293023975,2.41489296471786,,,,,,,1,1,0,0,log_odds,log_odds,FALSE
Wald ratio,1,0.0657787642562481,0.110823741904932,0.552817162592904,MPI,ENSG00000178802,BBJ_Graves,1.06799041337411,0.859473084561659,1.32709626810562,,,,,,,2,1,0,1,log_odds,log_odds,FALSE
Wald ratio,1,0.193757128808366,0.220512075233238,0.379580761398709,MPL,ENSG00000117400,BBJ_Graves,1.21380144974993,0.787850806699962,1.87004182376386,,,,,,,1,1,1,0,log_odds,log_odds,FALSE
Wald ratio,1,1.50912826234641,1.72585920019513,0.381888793461991,MPO,ENSG00000005381,BBJ_Graves,4.52278639212491,0.153576606694098,133.194743581845,,,,,,,2,1,0,1,log_odds,log_odds,FALSE
Wald ratio,1,0.0440542250391743,0.0412677072924962,0.285735751392928,MPZ,ENSG00000158887,BBJ_Graves,1.04503902063391,0.963839510366127,1.13307925531361,,,,,,,1,1,0,0,log_odds,log_odds,FALSE
Inverse variance weighted,2,0.0182118849597227,0.104398150365047,0.861514625322199,MPZL3,ENSG00000160588,BBJ_Graves,1.01837873266799,0.829934505985803,1.24961094600902,,,0.875414199964254,0.34946077696847,,,3,2,0,1,log_odds,log_odds,FALSE
Wald ratio,1,0.179097002959399,0.117136121328075,0.126273177502068,MR1,ENSG00000153029,BBJ_Graves,1.19613676734678,0.950763631314348,1.50483581731131,,,,,,,4,1,0,3,log_odds,log_odds,FALSE
Wald ratio,1,0.0445579810517737,0.173626047412493,0.797462953043915,MRGPRE,ENSG00000184350,BBJ_Graves,1.04556559794606,0.743974088621835,1.46941598683015,,,,,,,2,1,0,1,log_odds,log_odds,FALSE
Inverse variance weighted,2,-0.113333118568744,0.233967551102762,0.628104332958119,MSLN,ENSG00000102854,BBJ_Graves,0.892853184596506,0.564446587652914,1.41233347261251,,,1.45707268851364,0.227396461512691,,,3,2,0,1,log_odds,log_odds,FALSE
Inverse variance weighted,2,0.0152210998635073,0.113437460601088,0.893259812574977,MSR1,ENSG00000038945,BBJ_Graves,1.01533753078956,0.812925082672516,1.26814921006089,,,0.423689830066724,0.515101609494711,,,2,2,0,0,log_odds,log_odds,FALSE
Wald ratio,1,-1.1681196589322,0.650930255188667,0.0727271967621712,MST1,ENSG00000173531,BBJ_Graves,0.310951085994784,0.086817856441418,1.11371763649312,,,,,,,1,1,0,0,log_odds,log_odds,FALSE
Wald ratio,1,-0.0867744671433447,0.257518869907507,0.736144393682036,MTAP,ENSG00000099810,BBJ_Graves,0.916883859752336,0.553490078419537,1.51886374309518,,,,,,,3,1,2,2,log_odds,log_odds,FALSE
Wald ratio,1,-0.00699343561404312,0.158093722863304,0.964716277759723,MTOR,ENSG00000198793,BBJ_Graves,0.993030961550338,0.728434817407055,1.35373882059586,,,,,,,1,1,0,0,log_odds,log_odds,FALSE
Inverse variance weighted,2,0.167367277853776,0.333884470610609,0.616178988523427,MUC1,ENSG00000185499,BBJ_Graves,1.18218837719358,0.614438593276976,2.27454683749265,,,0.317425029729875,0.573159232507234,,,4,2,0,2,log_odds,log_odds,FALSE
Inverse variance weighted,2,-0.105591309272785,0.30718731218305,0.731044905127868,MUC16,ENSG00000181143,BBJ_Graves,0.899792309714255,0.492786904315237,1.64295396961887,,,0.245110590776719,0.620539099677971,,,2,2,1,0,log_odds,log_odds,FALSE
Wald ratio,1,-0.711320574011407,0.561499344232616,0.205218401260428,MUC4,ENSG00000145113,BBJ_Graves,0.490995373415317,0.163350139211458,1.47582645401465,,,,,,,2,1,0,1,log_odds,log_odds,FALSE
Wald ratio,1,0.0475845640681253,0.348914364366175,0.891521737636364,MUC6,ENSG00000184956,BBJ_Graves,1.04873488265966,0.529253587733122,2.07810561817442,,,,,,,1,1,0,0,log_odds,log_odds,FALSE
Wald ratio,1,0.25267320587907,0.182670335846922,0.16659751315428,MVD,ENSG00000167508,BBJ_Graves,1.28746247291319,0.899999876949244,1.84173316198488,,,,,,,2,1,0,1,log_odds,log_odds,FALSE
Inverse variance weighted,2,0.205312210434821,0.104337795122763,0.0490951392650445,MYLK4,ENSG00000145949,BBJ_Graves,1.22790837093041,1.00081046023977,1.50653797826989,,,0.554464123932425,0.456499370703229,,,4,2,0,2,log_odds,log_odds,FALSE
Inverse variance weighted,2,-0.0759531630858361,0.173135093625278,0.660883960289278,MYO3B,ENSG00000071909,BBJ_Graves,0.926859616787087,0.660143563876205,1.30133624902205,,,1.00279862377181,0.316634269110425,,,2,2,0,0,log_odds,log_odds,FALSE
Inverse variance weighted,3,0.0172798121833869,0.0157508715452179,0.272610695129822,NAAA,ENSG00000138744,BBJ_Graves,1.01742997180104,0.986500056698326,1.04932963813871,0.00197165530473687,0.990977149546054,2.11526816428727,0.347276466738177,,,16,3,0,13,log_odds,log_odds,FALSE
MR Egger,3,0.0163857200579125,0.0668963943273799,0.847076085738479,NAAA,ENSG00000138744,BBJ_Graves,1.01652070222099,0.891605763897603,1.15893635941381,0.00197165530473687,0.990977149546054,2.11526816428727,0.347276466738177,,,16,3,0,13,log_odds,log_odds,FALSE
Weighted median,3,0.0139471513855965,0.0177468260850574,0.431928690439144,NAAA,ENSG00000138744,BBJ_Graves,1.01404486665622,0.979378954852275,1.04993780650201,0.00197165530473687,0.990977149546054,2.11526816428727,0.347276466738177,,,16,3,0,13,log_odds,log_odds,FALSE
Weighted mode,3,0.0129813808333362,0.0334451033322907,0.735330915696974,NAAA,ENSG00000138744,BBJ_Graves,1.01306600473942,0.948786934203802,1.08169989800707,0.00197165530473687,0.990977149546054,2.11526816428727,0.347276466738177,,,16,3,0,13,log_odds,log_odds,FALSE
Wald ratio,1,-0.0460853849929737,0.353864521186547,0.896380864167364,NAALAD2,ENSG00000077616,BBJ_Graves,0.954960419420797,0.477276235085638,1.91073708603302,,,,,,,1,1,1,0,log_odds,log_odds,FALSE
Inverse variance weighted,4,-0.0136450520361273,0.0265314669938378,0.60704440743671,NAGA,ENSG00000198951,BBJ_Graves,0.986447619703985,0.936461632150544,1.03910173467014,-0.0479015161413636,0.315871552993909,3.15230754066155,0.368733225743867,,,5,4,0,1,log_odds,log_odds,FALSE
MR Egger,4,0.0255153978775054,0.0392609843013608,0.582437145124203,NAGA,ENSG00000198951,BBJ_Graves,1.0258437019645,0.949864314573347,1.1079006598252,-0.0479015161413636,0.315871552993909,3.15230754066155,0.368733225743867,,,5,4,0,1,log_odds,log_odds,FALSE
Weighted median,4,-0.0129388020705204,0.0277158652214401,0.640616225576999,NAGA,ENSG00000198951,BBJ_Graves,0.987144544374018,0.934950307743167,1.04225255975323,-0.0479015161413636,0.315871552993909,3.15230754066155,0.368733225743867,,,5,4,0,1,log_odds,log_odds,FALSE
Weighted mode,4,-0.0076714233030577,0.273532178470203,0.97938700422222,NAGA,ENSG00000198951,BBJ_Graves,0.99235792696396,0.580541208103857,1.69630379628802,-0.0479015161413636,0.315871552993909,3.15230754066155,0.368733225743867,,,5,4,0,1,log_odds,log_odds,FALSE
Wald ratio,1,-0.0178160178716312,0.166364216844563,0.914717228039122,NAGLU,ENSG00000108784,BBJ_Graves,0.982341749059247,0.709006997554723,1.36105188703769,,,,,,,3,1,0,2,log_odds,log_odds,FALSE
Inverse variance weighted,2,0.304919857985391,0.435648736788342,0.483976414730769,NAMPT,ENSG00000105835,BBJ_Graves,1.35651628470192,0.577554963559775,3.18608019454942,,,0.813758015368543,0.367011519702288,,,2,2,1,0,log_odds,log_odds,FALSE
Wald ratio,1,0.210842063667073,0.158103603519865,0.18234514978925,NAPSA,ENSG00000131400,BBJ_Graves,1.23471733293349,0.905705574029492,1.6832477749516,,,,,,,1,1,0,0,log_odds,log_odds,FALSE
Inverse variance weighted,2,0.263070057366939,0.291737773852727,0.367197845508711,NAT1,ENSG00000171428,BBJ_Graves,1.30091785463882,0.734374634476103,2.30452848596196,,,1.19884924118222,0.273551799253256,,,2,2,0,0,log_odds,log_odds,FALSE
Inverse variance weighted,2,-0.0400025794532372,0.14571973423752,0.783687155681314,NBL1,ENSG00000158747,BBJ_Graves,0.960786960844091,0.722084393396965,1.27839847055183,,,1.67134425446832,0.196078579376654,,,5,2,0,3,log_odds,log_odds,FALSE
Inverse variance weighted,2,-0.0705119376511942,0.144043568726095,0.624474925900474,NCAM1,ENSG00000149294,BBJ_Graves,0.931916614563911,0.70269148925105,1.23591731191437,,,0.187421306739951,0.665071563691994,,,2,2,0,0,log_odds,log_odds,FALSE
Inverse variance weighted,2,0.0685301349288996,0.277283401124884,0.804793416583386,NCEH1,ENSG00000144959,BBJ_Graves,1.07093289695143,0.621919055056933,1.84412627406597,,,0.446466769729031,0.504017622289415,,,3,2,0,1,log_odds,log_odds,FALSE
Inverse variance weighted,2,0.0323897001059145,0.109836365727031,0.768077534202997,NCOA3,ENSG00000124151,BBJ_Graves,1.03291995589872,0.832860117806388,1.28103580959539,,,0.121183335120371,0.727754594251359,,,4,2,0,2,log_odds,log_odds,FALSE
Inverse variance weighted,3,0.407670133867304,0.188945776149687,0.030958645197117,NCOR2,ENSG00000196498,BBJ_Graves,1.50331118792442,1.03804217258597,2.17712207405673,-0.0309386212456048,0.787153564938367,1.97252447545572,0.37296815522015,,,3,3,1,0,log_odds,log_odds,FALSE
MR Egger,3,0.713845781492667,0.916340410825543,0.578675147135106,NCOR2,ENSG00000196498,BBJ_Graves,2.04182860528728,0.33885553132229,12.3033672701189,-0.0309386212456048,0.787153564938367,1.97252447545572,0.37296815522015,,,3,3,1,0,log_odds,log_odds,FALSE
Weighted median,3,0.434204794035004,0.224464282022172,0.0530633715817788,NCOR2,ENSG00000196498,BBJ_Graves,1.54373498346235,0.994271273365514,2.39684858951912,-0.0309386212456048,0.787153564938367,1.97252447545572,0.37296815522015,,,3,3,1,0,log_odds,log_odds,FALSE
Weighted mode,3,0.467918144042134,0.327170482622418,0.288931113497582,NCOR2,ENSG00000196498,BBJ_Graves,1.59666670065558,0.840855038485475,3.03184786473324,-0.0309386212456048,0.787153564938367,1.97252447545572,0.37296815522015,,,3,3,1,0,log_odds,log_odds,FALSE
Wald ratio,1,0.218837615819881,0.394604382075971,0.5791855824592,NCR1,ENSG00000189430,BBJ_Graves,1.24462915219263,0.574309417484716,2.69732948707737,,,,,,,2,1,0,1,log_odds,log_odds,FALSE
Inverse variance weighted,2,-0.4959649256346,0.19705707852954,0.0118406128713955,NCR3,ENSG00000204475,BBJ_Graves,0.608983000390591,0.413872716890615,0.896073308603097,,,11.1261133424443,0.000851207677016033,,,3,2,0,1,log_odds,log_odds,FALSE
Inverse variance weighted,2,0.00512926802467436,0.0378189365358261,0.892116178173808,NCSTN,ENSG00000162736,BBJ_Graves,1.0051424452401,0.933330555645446,1.08247965215771,,,0.119980610618913,0.729055519834049,,,6,2,0,4,log_odds,log_odds,FALSE
Inverse variance weighted,2,0.125823309918256,0.128333900813673,0.32687043333483,NDFIP1,ENSG00000131507,BBJ_Graves,1.13408176957874,0.881869550645341,1.4584259759844,,,0.292035796615283,0.588918887889827,,,2,2,0,0,log_odds,log_odds,FALSE
Wald ratio,1,-0.0409035968368258,0.515052274154758,0.936701425435592,NDUFA4,ENSG00000189043,BBJ_Graves,0.959921664972295,0.349795684270299,2.63425091937712,,,,,,,1,1,0,0,log_odds,log_odds,FALSE
Inverse variance weighted,3,0.0105476886238449,0.132233397365515,0.936423610098922,NEGR1,ENSG00000172260,BBJ_Graves,1.01060351158661,0.779868650547681,1.30960445315238,-0.0201456939367882,0.591647275012082,0.826637756928623,0.661451326611692,,,3,3,0,0,log_odds,log_odds,FALSE
MR Egger,3,0.104213702506045,0.18225630772041,0.66932428964307,NEGR1,ENSG00000172260,BBJ_Graves,1.10983760465235,0.776461157154964,1.58635045340026,-0.0201456939367882,0.591647275012082,0.826637756928623,0.661451326611692,,,3,3,0,0,log_odds,log_odds,FALSE
Weighted median,3,0.0363040017330958,0.133282172302515,0.785326367175456,NEGR1,ENSG00000172260,BBJ_Graves,1.03697103957207,0.798572870719639,1.34653827639069,-0.0201456939367882,0.591647275012082,0.826637756928623,0.661451326611692,,,3,3,0,0,log_odds,log_odds,FALSE
Weighted mode,3,0.0386259850459683,0.331305533375479,0.91783912079826,NEGR1,ENSG00000172260,BBJ_Graves,1.03938166665673,0.542952814632545,1.98970190386295,-0.0201456939367882,0.591647275012082,0.826637756928623,0.661451326611692,,,3,3,0,0,log_odds,log_odds,FALSE
Wald ratio,1,-0.0458825752179054,0.502740426459469,0.927282074947972,NEK1,ENSG00000137601,BBJ_Graves,0.95515411436961,0.356559621784662,2.5586727336955,,,,,,,2,1,0,1,log_odds,log_odds,FALSE
Wald ratio,1,0.680846367770886,0.810724313193985,0.401020471522016,NEK10,ENSG00000163491,BBJ_Graves,1.97554906590839,0.403260192630445,9.67810407060954,,,,,,,1,1,0,0,log_odds,log_odds,FALSE
Wald ratio,1,0.325237239776528,0.225199098950482,0.148676854661588,NEK11,ENSG00000114670,BBJ_Graves,1.38435903205349,0.890338996204211,2.15249465405704,,,,,,,1,1,0,0,log_odds,log_odds,FALSE
Wald ratio,1,-0.520511614774891,0.442225101237648,0.239184070446731,NEK4,ENSG00000114904,BBJ_Graves,0.59421646026839,0.24975550661184,1.41375542202822,,,,,,,1,1,0,0,log_odds,log_odds,FALSE
Inverse variance weighted,4,0.204596444203343,0.0833359647462692,0.0140853314339247,NEK6,ENSG00000119408,BBJ_Graves,1.22702979004992,1.04212088940025,1.44474803353807,0.0402328180929615,0.309353093713797,2.34557793383174,0.503845658452638,,,4,4,1,0,log_odds,log_odds,FALSE
MR Egger,4,0.0632160667964137,0.133802807515653,0.683137052907856,NEK6,ENSG00000119408,BBJ_Graves,1.06525698103066,0.819519213291262,1.38468069720685,0.0402328180929615,0.309353093713797,2.34557793383174,0.503845658452638,,,4,4,1,0,log_odds,log_odds,FALSE
Weighted median,4,0.192389276986551,0.0864039047920303,0.0259722054303399,NEK6,ENSG00000119408,BBJ_Graves,1.21214228423055,1.02330503923647,1.43582691463725,0.0402328180929615,0.309353093713797,2.34557793383174,0.503845658452638,,,4,4,1,0,log_odds,log_odds,FALSE
Weighted mode,4,0.191628543331,0.32873643604024,0.600868590183427,NEK6,ENSG00000119408,BBJ_Graves,1.21122051745358,0.635912139065898,2.30700917905969,0.0402328180929615,0.309353093713797,2.34557793383174,0.503845658452638,,,4,4,1,0,log_odds,log_odds,FALSE
Wald ratio,1,0.42030528178814,0.260830015606941,0.10708939839509,NEK7,ENSG00000151414,BBJ_Graves,1.52242625369213,0.913089341042669,2.53839530673347,,,,,,,1,1,0,0,log_odds,log_odds,FALSE
Wald ratio,1,0.0348850313016406,0.411868411819885,0.932500326771286,NEK8,ENSG00000160602,BBJ_Graves,1.03550065179375,0.461913767448877,2.32134583428272,,,,,,,1,1,0,0,log_odds,log_odds,FALSE
Inverse variance weighted,3,-0.0259263613058937,0.0656872603477276,0.693068801335371,NELL2,ENSG00000184613,BBJ_Graves,0.974406841014178,0.856694935568409,1.1082926399994,0.0707920242158115,0.304665531943346,3.78288064832993,0.150854373086031,,,3,3,2,0,log_odds,log_odds,FALSE
MR Egger,3,-0.157042189849487,0.0831155470364199,0.309892300593994,NELL2,ENSG00000184613,BBJ_Graves,0.854667999742757,0.726186317040209,1.00588151090685,0.0707920242158115,0.304665531943346,3.78288064832993,0.150854373086031,,,3,3,2,0,log_odds,log_odds,FALSE
Weighted median,3,-0.026877023414542,0.0478302358704624,0.574166861521268,NELL2,ENSG00000184613,BBJ_Graves,0.973480949526726,0.886366917748135,1.06915673421009,0.0707920242158115,0.304665531943346,3.78288064832993,0.150854373086031,,,3,3,2,0,log_odds,log_odds,FALSE
Weighted mode,3,-0.0346892576205935,0.564425513007121,0.95658261650553,NELL2,ENSG00000184613,BBJ_Graves,0.96590551740684,0.319511100277796,2.92000330425393,0.0707920242158115,0.304665531943346,3.78288064832993,0.150854373086031,,,3,3,2,0,log_odds,log_odds,FALSE
Inverse variance weighted,2,-0.141129711415083,0.130760175257567,0.280453146367214,NENF,ENSG00000117691,BBJ_Graves,0.868376666025936,0.672051936545152,1.12205321209971,,,0.231299311948937,0.630562077459164,,,3,2,0,1,log_odds,log_odds,FALSE
Wald ratio,1,1.18615827092511,1.75525794208566,0.499183931046337,NETO2,ENSG00000171208,BBJ_Graves,3.27447735772659,0.104963008010249,102.152197898303,,,,,,,1,1,0,0,log_odds,log_odds,FALSE
Wald ratio,1,0.432506140385915,0.159271702144244,0.00661709666998477,NFKB1,ENSG00000109320,BBJ_Graves,1.5411149383041,1.12787305199313,2.10576469476505,,,,,,,2,1,0,1,log_odds,log_odds,FALSE
Inverse variance weighted,2,-0.195035835220837,0.122134833300773,0.110290336469813,NFKBIA,ENSG00000100906,BBJ_Graves,0.822805172122655,0.647640119213199,1.04534652994362,,,0.425680468060422,0.514116124514317,,,2,2,0,0,log_odds,log_odds,FALSE
Wald ratio,1,-0.148716673984998,0.405840766855478,0.714036071776531,NGFR,ENSG00000064300,BBJ_Graves,0.861813254426838,0.389004418420114,1.90928958730659,,,,,,,1,1,0,0,log_odds,log_odds,FALSE
Inverse variance weighted,2,0.177701318918036,0.182293738056473,0.329655712972543,NID1,ENSG00000116962,BBJ_Graves,1.19446850280521,0.835609059312693,1.70744319762073,,,0.684850854702188,0.407921337629797,,,3,2,1,1,log_odds,log_odds,FALSE
Wald ratio,1,0.390223914590631,0.359019121187584,0.277073580651174,NISCH,ENSG00000010322,BBJ_Graves,1.47731154846148,0.730918319915585,2.98590054695812,,,,,,,1,1,0,0,log_odds,log_odds,FALSE
Inverse variance weighted,2,0.0690659575719672,0.0760947459899286,0.364073160367892,NKTR,ENSG00000114857,BBJ_Graves,1.07150688080986,0.92304273580717,1.24385031275814,,,0.553585213662741,0.45685646685946,,,2,2,0,0,log_odds,log_odds,FALSE
Wald ratio,1,-0.514139738028333,0.372216546411105,0.167189196822088,NLGN2,ENSG00000169992,BBJ_Graves,0.598014822811603,0.288320039086987,1.2403637618629,,,,,,,2,1,1,1,log_odds,log_odds,FALSE
Wald ratio,1,-0.0117701439495565,0.157851529167093,0.940561101383837,NLRP3,ENSG00000162711,BBJ_Graves,0.988298853227198,0.725307815509147,1.3466484193398,,,,,,,4,1,1,3,log_odds,log_odds,FALSE
Inverse variance weighted,2,-0.215045605242432,0.133779691377844,0.107953329238725,NMB,ENSG00000197696,BBJ_Graves,0.806504658498141,0.620485029994152,1.04829243694297,,,0.609711343213332,0.434896515220522,,,2,2,0,0,log_odds,log_odds,FALSE
Wald ratio,1,0.127349798984606,0.395010921852099,0.74715298677328,NMT1,ENSG00000136448,BBJ_Graves,1.13581425497394,0.523681497927909,2.46347069145377,,,,,,,3,1,1,2,log_odds,log_odds,FALSE
Inverse variance weighted,2,0.156764197119833,0.148299567048029,0.290476029597637,NMUR1,ENSG00000171596,BBJ_Graves,1.16971975809045,0.874674943931869,1.56428890750728,,,0.00178578334416533,0.966292604128599,,,2,2,0,0,log_odds,log_odds,FALSE
Inverse variance weighted,2,0.144211946056779,0.183241557187973,0.431279180911097,NOD1,ENSG00000106100,BBJ_Graves,1.15512890759893,0.806588619366639,1.65427922131912,,,0.747422090858373,0.387293641409945,,,2,2,0,0,log_odds,log_odds,FALSE
Inverse variance weighted,2,0.0651031184141823,0.160494963665557,0.685007402402718,NOD2,ENSG00000167207,BBJ_Graves,1.06726907380443,0.779215986452095,1.46180686190195,,,10.4974139408949,0.00119541736447523,,,8,2,0,6,log_odds,log_odds,FALSE
Wald ratio,1,-0.558275517255728,1.06336088758415,0.599575966245429,NODAL,ENSG00000156574,BBJ_Graves,0.572194953853621,0.0711857332089743,4.59933543501483,,,,,,,1,1,1,0,log_odds,log_odds,FALSE
Wald ratio,1,-0.427748925667011,0.541309584034078,0.42940440418788,NOG,ENSG00000183691,BBJ_Graves,0.651975088461205,0.225662285247381,1.88366219684434,,,,,,,1,1,0,0,log_odds,log_odds,FALSE
Wald ratio,1,0.0324865469568052,0.180331276073011,0.85703538684532,NOS2,ENSG00000007171,BBJ_Graves,1.03301999578787,0.7254502705016,1.47099030090611,,,,,,,1,1,0,0,log_odds,log_odds,FALSE
Wald ratio,1,-0.193887368207219,0.161210626257116,0.229093999553939,NOS3,ENSG00000164867,BBJ_Graves,0.823750679559599,0.600579536562321,1.12985065385172,,,,,,,1,1,0,0,log_odds,log_odds,FALSE
Wald ratio,1,0.258105045323644,0.1982770151053,0.193005412375226,NOTCH1,ENSG00000148400,BBJ_Graves,1.2944747900058,0.877640779279408,1.90928341244167,,,,,,,1,1,0,0,log_odds,log_odds,FALSE
Wald ratio,1,-0.154870281167073,0.177825223960867,0.383801713657707,NOTCH2,ENSG00000134250,BBJ_Graves,0.856526277866688,0.604467290662715,1.21369224771754,,,,,,,3,1,0,2,log_odds,log_odds,FALSE
Wald ratio,1,-0.0385527844601191,0.0565643501738489,0.495508426494097,NOTCH2NL,ENSG00000213240,BBJ_Graves,0.962180915199234,0.861208269877253,1.07499213135237,,,,,,,1,1,1,0,log_odds,log_odds,FALSE
Inverse variance weighted,2,-0.659056036740085,0.190161789774377,0.000528725592777104,NOTCH4,ENSG00000204301,BBJ_Graves,0.517339453509262,0.356374496460811,0.751008034568187,,,1.35733301641677,0.24400022838679,,,2,2,0,0,log_odds,log_odds,FALSE
Wald ratio,1,0.0651686013112797,0.711024463833918,0.926972538182031,NOV,ENSG00000136999,BBJ_Graves,1.06733896396365,0.264890340571369,4.30069462532195,,,,,,,2,1,0,1,log_odds,log_odds,FALSE
Inverse variance weighted,2,0.135285002075253,0.102700787670041,0.187747042746907,NPC1,ENSG00000141458,BBJ_Graves,1.14486302619765,0.936122868122445,1.40014884091369,,,0.643536009132685,0.422433250108089,,,2,2,0,0,log_odds,log_odds,FALSE
Wald ratio,1,0.125615553414013,0.165687324866117,0.448362244585443,NPTX2,ENSG00000106236,BBJ_Graves,1.13384618118813,0.819442044939885,1.56888113141572,,,,,,,2,1,0,1,log_odds,log_odds,FALSE
Wald ratio,1,-0.028585249791899,0.0758099468811355,0.706125573476277,NQO1,ENSG00000181019,BBJ_Graves,0.971819443209377,0.83763507418473,1.1274993840474,,,,,,,2,1,0,1,log_odds,log_odds,FALSE
Inverse variance weighted,2,-0.0029917648962444,0.0816473838919526,0.970770049997087,NQO2,ENSG00000124588,BBJ_Graves,0.997012705972645,0.849573655306486,1.17003903035611,,,0.15346320429781,0.69524752419066,,,5,2,1,3,log_odds,log_odds,FALSE
Wald ratio,1,0.0087801067992917,0.0915027985737438,0.923556696350095,NR1D1,ENSG00000126368,BBJ_Graves,1.00881876499519,0.843187961542292,1.20698509350739,,,,,,,1,1,0,0,log_odds,log_odds,FALSE
Inverse variance weighted,2,0.22457570625935,0.270958895362439,0.407207199575119,NR1D2,ENSG00000174738,BBJ_Graves,1.25179147621098,0.73601577382827,2.12900586595319,,,0.731633015715067,0.392354376152427,,,2,2,0,0,log_odds,log_odds,FALSE
Wald ratio,1,-0.419658988633824,0.273743913965532,0.125267242720238,NR1H2,ENSG00000131408,BBJ_Graves,0.657270918456644,0.384351776923621,1.12398351246517,,,,,,,1,1,0,0,log_odds,log_odds,FALSE
Inverse variance weighted,3,-0.0373833138473246,0.081763524797382,0.647518241942531,NR1H3,ENSG00000025434,BBJ_Graves,0.963306815729222,0.820665385160275,1.13074102796372,0.061030096220814,0.567308089990238,0.775260759421594,0.678663144578392,,,4,3,0,1,log_odds,log_odds,FALSE
MR Egger,3,-0.21367093830491,0.232965675035332,0.527484934713112,NR1H3,ENSG00000025434,BBJ_Graves,0.807614096166068,0.511563446413253,1.2749943978586,0.061030096220814,0.567308089990238,0.775260759421594,0.678663144578392,,,4,3,0,1,log_odds,log_odds,FALSE
Weighted median,3,-0.0407153491218221,0.0831941416415567,0.62455737723487,NR1H3,ENSG00000025434,BBJ_Graves,0.960102385041845,0.815645163911746,1.13014412461199,0.061030096220814,0.567308089990238,0.775260759421594,0.678663144578392,,,4,3,0,1,log_odds,log_odds,FALSE
Weighted mode,3,-0.0461919143123384,0.274677483331652,0.881919304487364,NR1H3,ENSG00000025434,BBJ_Graves,0.954858693555786,0.557351164028992,1.6358719304866,0.061030096220814,0.567308089990238,0.775260759421594,0.678663144578392,,,4,3,0,1,log_odds,log_odds,FALSE
Wald ratio,1,-1.06718429678994,0.513132836798758,0.0375491347661067,NR1I2,ENSG00000144852,BBJ_Graves,0.343975688596783,0.125817270732694,0.94040566654007,,,,,,,1,1,0,0,log_odds,log_odds,FALSE
Inverse variance weighted,2,-0.0100640233012752,0.012986742670652,0.438371613793542,NR2C1,ENSG00000120798,BBJ_Graves,0.98998644951944,0.96510532460003,1.0155090281346,,,0.431259139317276,0.511371753723482,,,2,2,0,0,log_odds,log_odds,FALSE
Inverse variance weighted,2,-0.221149336904789,0.24122513065875,0.359260191087383,NR2C2,ENSG00000177463,BBJ_Graves,0.801596963341945,0.499598455106683,1.28614827582246,,,0.537591651584927,0.46343254142903,,,2,2,1,0,log_odds,log_odds,FALSE
Inverse variance weighted,2,-0.00621748469964919,0.298836413657653,0.983400693684235,NR2F6,ENSG00000160113,BBJ_Graves,0.993801803862196,0.5532546719849,1.78514900166394,,,0.0291589837965598,0.864412468147184,,,6,2,2,4,log_odds,log_odds,FALSE
Wald ratio,1,-0.639746827936506,0.63965064547978,0.317237744428275,NR3C1,ENSG00000113580,BBJ_Graves,0.527425936654227,0.150549688508988,1.84774954641624,,,,,,,1,1,0,0,log_odds,log_odds,FALSE
Wald ratio,1,0.586471763863997,0.493970115595124,0.235124438513317,NR3C2,ENSG00000151623,BBJ_Graves,1.79763473351784,0.682693235743231,4.7334446365676,,,,,,,1,1,0,0,log_odds,log_odds,FALSE
Wald ratio,1,-1.00081997577572,0.395328015375432,0.0113537234423438,NR4A2,ENSG00000153234,BBJ_Graves,0.367577912581261,0.169371138537343,0.797736397029694,,,,,,,1,1,0,0,log_odds,log_odds,FALSE
Wald ratio,1,-0.0565544982295422,0.410146467064784,0.890328506295748,NR6A1,ENSG00000148200,BBJ_Graves,0.945014981448367,0.422975266330843,2.11136060722598,,,,,,,1,1,0,0,log_odds,log_odds,FALSE
Wald ratio,1,-0.0159320571202291,0.17899833583755,0.929076559045408,NRBP1,ENSG00000115216,BBJ_Graves,0.984194186771004,0.692969844366397,1.39780714146298,,,,,,,1,1,0,0,log_odds,log_odds,FALSE
Inverse variance weighted,2,-0.127658270266714,0.134578535041156,0.342835161134489,NRG1,ENSG00000157168,BBJ_Graves,0.880154102585374,0.676087888411251,1.14581440900868,,,2.86171576971758,0.0907106944306247,,,8,2,1,6,log_odds,log_odds,FALSE
Inverse variance weighted,2,0.0617582012315579,0.143435132877667,0.666784424805891,NRP1,ENSG00000099250,BBJ_Graves,1.06370511104406,0.803020802648299,1.40901525779875,,,0.0382145850761359,0.845012879288727,,,4,2,0,2,log_odds,log_odds,FALSE
Inverse variance weighted,2,0.0458044727705861,0.185515112548955,0.804982314422052,NRXN1,ENSG00000179915,BBJ_Graves,1.04686969941237,0.727744577213668,1.5059351891618,,,0.346555694158246,0.556069373804945,,,2,2,0,0,log_odds,log_odds,FALSE
Inverse variance weighted,3,0.00135787813455419,0.0115344612424364,0.906286678180084,NT5E,ENSG00000135318,BBJ_Graves,1.00135880046849,0.978974517501084,1.02425490076619,0.115843013059357,0.625479407994578,0.944093026895245,0.623724500666135,,,10,3,0,7,log_odds,log_odds,FALSE
MR Egger,3,-0.0330545488754289,0.0528596990271483,0.644235371165729,NT5E,ENSG00000135318,BBJ_Graves,0.96748578288814,0.872267131111661,1.07309871793261,0.115843013059357,0.625479407994578,0.944093026895245,0.623724500666135,,,10,3,0,7,log_odds,log_odds,FALSE
Weighted median,3,0.00130908750283004,0.0128121400900037,0.918617331813314,NT5E,ENSG00000135318,BBJ_Graves,1.0013099447319,0.976478343024578,1.0267730079025,0.115843013059357,0.625479407994578,0.944093026895245,0.623724500666135,,,10,3,0,7,log_odds,log_odds,FALSE
Weighted mode,3,0.0026631589546755,0.0466479563375519,0.959663716635722,NT5E,ENSG00000135318,BBJ_Graves,1.00266670831262,0.915058907985492,1.0986620852331,0.115843013059357,0.625479407994578,0.944093026895245,0.623724500666135,,,10,3,0,7,log_odds,log_odds,FALSE
Wald ratio,1,-0.348174480753989,0.392854427425969,0.375472891072787,NTN1,ENSG00000065320,BBJ_Graves,0.705975686297519,0.326877708384392,1.52473434822652,,,,,,,1,1,1,0,log_odds,log_odds,FALSE
Inverse variance weighted,3,0.0233648928009132,0.105464085957718,0.824669195487419,NTSR1,ENSG00000101188,BBJ_Graves,1.02363999027151,0.832481136971932,1.25869378073174,0.0489001877004771,0.724454015755366,4.03847871374992,0.13275640693313,,,3,3,0,0,log_odds,log_odds,FALSE
MR Egger,3,-0.146407060280684,0.391586512525748,0.772223844625032,NTSR1,ENSG00000101188,BBJ_Graves,0.863806010492348,0.400950770986674,1.86097864814308,0.0489001877004771,0.724454015755366,4.03847871374992,0.13275640693313,,,3,3,0,0,log_odds,log_odds,FALSE
Weighted median,3,-0.00533452029587954,0.0789694635137124,0.946142517557676,NTSR1,ENSG00000101188,BBJ_Graves,0.994679682990384,0.852046080277373,1.16119033307655,0.0489001877004771,0.724454015755366,4.03847871374992,0.13275640693313,,,3,3,0,0,log_odds,log_odds,FALSE
Weighted mode,3,-0.00945406332986759,0.216677750718652,0.969162256431662,NTSR1,ENSG00000101188,BBJ_Graves,0.990590485826139,0.647819963888317,1.51472564185817,0.0489001877004771,0.724454015755366,4.03847871374992,0.13275640693313,,,3,3,0,0,log_odds,log_odds,FALSE
Inverse variance weighted,4,0.0101039411813818,0.0130159996737588,0.437589078420444,NUAK1,ENSG00000074590,BBJ_Graves,1.01015515834815,0.984710668838389,1.03625712224801,-0.00687126609378803,0.804961322646848,1.86766573126189,0.600321950863809,,,4,4,0,0,log_odds,log_odds,FALSE
MR Egger,4,0.0120038801244406,0.0146648648017815,0.499059201698409,NUAK1,ENSG00000074590,BBJ_Graves,1.01207621584012,0.983400067969903,1.04158856606933,-0.00687126609378803,0.804961322646848,1.86766573126189,0.600321950863809,,,4,4,0,0,log_odds,log_odds,FALSE
Weighted median,4,0.010286072201143,0.0140772331077332,0.464969447618418,NUAK1,ENSG00000074590,BBJ_Graves,1.01033915569256,0.98284357207225,1.03860394322294,-0.00687126609378803,0.804961322646848,1.86766573126189,0.600321950863809,,,4,4,0,0,log_odds,log_odds,FALSE
Weighted mode,4,0.00986577982413273,0.244212389218538,0.970313721355347,NUAK1,ENSG00000074590,BBJ_Graves,1.00991460707076,0.625758663960481,1.62990554077137,-0.00687126609378803,0.804961322646848,1.86766573126189,0.600321950863809,,,4,4,0,0,log_odds,log_odds,FALSE
Wald ratio,1,0.00871803894469922,0.110560034350148,0.93714919801412,NUAK2,ENSG00000163545,BBJ_Graves,1.00875615172193,0.812223582852296,1.25284342282129,,,,,,,2,1,0,1,log_odds,log_odds,FALSE
Inverse variance weighted,2,0.00588612405480245,0.0876899933380054,0.946482797622534,NUCB1,ENSG00000104805,BBJ_Graves,1.00590348132196,0.847057870238575,1.19453681889604,,,0.606267601413518,0.436196595130882,,,4,2,0,2,log_odds,log_odds,FALSE
Inverse variance weighted,2,-0.149340076983472,0.126534746100001,0.237908833266305,NUCB2,ENSG00000070081,BBJ_Graves,0.861276164888913,0.672099973564119,1.10369983839165,,,2.3581661391849,0.124628621339795,,,2,2,0,0,log_odds,log_odds,FALSE
Wald ratio,1,-0.123241054700241,0.0902856852292196,0.172249240373975,NUP210,ENSG00000132182,BBJ_Graves,0.884050532337761,0.740669332850125,1.05518793483627,,,,,,,3,1,0,2,log_odds,log_odds,FALSE
Inverse variance weighted,2,0.175374705838369,0.186883920775352,0.348031094192118,NUP62,ENSG00000213024,BBJ_Graves,1.19169266716325,0.826200516489302,1.71887015879037,,,5.36797528393695,0.0205097715420163,,,3,2,0,1,log_odds,log_odds,FALSE
Inverse variance weighted,5,-0.0262283427239304,0.0914856855379709,0.774347087526306,OAS1,ENSG00000089127,BBJ_Graves,0.974112632679544,0.814207292443377,1.16542240526771,0.0431069282995825,0.370149671201182,2.10723319013318,0.716043640427626,,,5,5,0,0,log_odds,log_odds,FALSE
MR Egger,5,-0.256615804221221,0.237386925341602,0.358845247548356,OAS1,ENSG00000089127,BBJ_Graves,0.773665395652978,0.485831133258991,1.2320292040893,0.0431069282995825,0.370149671201182,2.10723319013318,0.716043640427626,,,5,5,0,0,log_odds,log_odds,FALSE
Weighted median,5,-0.0239711922702881,0.10199936912364,0.814198532631347,OAS1,ENSG00000089127,BBJ_Graves,0.976313834737864,0.79940309924167,1.19237554220739,0.0431069282995825,0.370149671201182,2.10723319013318,0.716043640427626,,,5,5,0,0,log_odds,log_odds,FALSE
Weighted mode,5,-0.0253092176458339,0.294857550934256,0.935722068857137,OAS1,ENSG00000089127,BBJ_Graves,0.975008375615969,0.547041824717419,1.73778546642637,0.0431069282995825,0.370149671201182,2.10723319013318,0.716043640427626,,,5,5,0,0,log_odds,log_odds,FALSE
Wald ratio,1,-0.0422941263749162,0.347374684624496,0.903094144122605,OBSCN,ENSG00000154358,BBJ_Graves,0.95858779315191,0.485222122554612,1.89375239599968,,,,,,,1,1,0,0,log_odds,log_odds,FALSE
Inverse variance weighted,2,0.0432973037643264,0.248784558379778,0.861837693259848,OCLN,ENSG00000197822,BBJ_Graves,1.04424830765764,0.641259908567106,1.7004876080316,,,1.41972569503479,0.23344855759526,,,2,2,1,0,log_odds,log_odds,FALSE
Wald ratio,1,0.44264193346407,0.266603158705445,0.0968535809612037,ODC1,ENSG00000115758,BBJ_Graves,1.55681479124959,0.92320842481978,2.62527098875492,,,,,,,1,1,0,0,log_odds,log_odds,FALSE
Inverse variance weighted,5,-0.0458473749809682,0.0537716871114183,0.393864299823853,OLFM4,ENSG00000102837,BBJ_Graves,0.955187736612499,0.859641461652107,1.06135366065457,0.0162229177662922,0.628475911520104,0.746173372475567,0.945515095793816,,,5,5,0,0,log_odds,log_odds,FALSE
MR Egger,5,-0.0848665473403394,0.0903826365922266,0.417015624348328,OLFM4,ENSG00000102837,BBJ_Graves,0.918634870488279,0.76949831529094,1.09667559825385,0.0162229177662922,0.628475911520104,0.746173372475567,0.945515095793816,,,5,5,0,0,log_odds,log_odds,FALSE
Weighted median,5,-0.0497133958853058,0.0552590416783039,0.368310402371065,OLFM4,ENSG00000102837,BBJ_Graves,0.951502089839432,0.853831750922246,1.06034499887233,0.0162229177662922,0.628475911520104,0.746173372475567,0.945515095793816,,,5,5,0,0,log_odds,log_odds,FALSE
Weighted mode,5,-0.0528846580142904,0.303687059492365,0.870212163741402,OLFM4,ENSG00000102837,BBJ_Graves,0.948489406824904,0.523032699137965,1.72003042322552,0.0162229177662922,0.628475911520104,0.746173372475567,0.945515095793816,,,5,5,0,0,log_odds,log_odds,FALSE
Wald ratio,1,-0.658345253290324,0.573232248661202,0.250770838800911,OLFML2A,ENSG00000185585,BBJ_Graves,0.51770730054503,0.168321327842417,1.59231662721045,,,,,,,1,1,0,0,log_odds,log_odds,FALSE
Inverse variance weighted,2,-0.0154125461696158,0.248759976215018,0.950596677210382,OLFML2B,ENSG00000162745,BBJ_Graves,0.984705619264449,0.604724619139411,1.60344911703924,,,1.56347176284846,0.211157610611079,,,2,2,0,0,log_odds,log_odds,FALSE
Wald ratio,1,-0.314553849998562,0.49273961550902,0.523228018601048,OLR1,ENSG00000173391,BBJ_Graves,0.730114542219337,0.277947370935198,1.91787115296886,,,,,,,1,1,1,0,log_odds,log_odds,FALSE
Wald ratio,1,0.259578240590121,1.53063958824153,0.865334091551296,OPN1SW,ENSG00000128617,BBJ_Graves,1.29638320953116,0.0645396605201728,26.0399483419814,,,,,,,4,1,0,3,log_odds,log_odds,FALSE
Inverse variance weighted,3,0.0303004431336492,0.116035967024243,0.793992449695385,OPN3,ENSG00000054277,BBJ_Graves,1.03076417345498,0.821083842580701,1.29399060872874,0.00144911673348178,0.985478390651837,3.42050281991135,0.180820326871727,,,3,3,1,0,log_odds,log_odds,FALSE
MR Egger,3,0.0254809458381033,0.267470054939264,0.93953392264943,OPN3,ENSG00000054277,BBJ_Graves,1.02580836016566,0.60728300448319,1.73277167978918,0.00144911673348178,0.985478390651837,3.42050281991135,0.180820326871727,,,3,3,1,0,log_odds,log_odds,FALSE
Weighted median,3,0.054342205996005,0.0941631561296041,0.563867251579829,OPN3,ENSG00000054277,BBJ_Graves,1.05584585712291,0.877904395684358,1.26985407463939,0.00144911673348178,0.985478390651837,3.42050281991135,0.180820326871727,,,3,3,1,0,log_odds,log_odds,FALSE
Weighted mode,3,0.0741031808254319,0.357851944136913,0.855118840443414,OPN3,ENSG00000054277,BBJ_Graves,1.07691791704343,0.534038882136533,2.17166247410552,0.00144911673348178,0.985478390651837,3.42050281991135,0.180820326871727,,,3,3,1,0,log_odds,log_odds,FALSE
Wald ratio,1,-0.0549267744459545,0.0691856161432978,0.427251009115032,OPRL1,ENSG00000125510,BBJ_Graves,0.946554457390419,0.826520480621449,1.08402073731071,,,,,,,3,1,0,2,log_odds,log_odds,FALSE
Inverse variance weighted,3,-0.0838117926931497,0.0554296475949494,0.130523924074404,ORM1,ENSG00000229314,BBJ_Graves,0.919604316060732,0.824932345075475,1.02514115632132,-0.0415085908997434,0.655491859386685,0.419182686179706,0.810915564516755,,,4,3,0,1,log_odds,log_odds,FALSE
MR Egger,3,0.0219658174475219,0.184525657781958,0.924572129352278,ORM1,ENSG00000229314,BBJ_Graves,1.02220884216584,0.711980702046241,1.46761129058547,-0.0415085908997434,0.655491859386685,0.419182686179706,0.810915564516755,,,4,3,0,1,log_odds,log_odds,FALSE
Weighted median,3,-0.0830879705116924,0.0535380009988843,0.12067566339591,ORM1,ENSG00000229314,BBJ_Graves,0.920270187019874,0.828596102995091,1.02208689379102,-0.0415085908997434,0.655491859386685,0.419182686179706,0.810915564516755,,,4,3,0,1,log_odds,log_odds,FALSE
Weighted mode,3,-0.0800351561528306,0.147063950593968,0.640853177410049,ORM1,ENSG00000229314,BBJ_Graves,0.92308389373774,0.691923070517276,1.23147198176384,-0.0415085908997434,0.655491859386685,0.419182686179706,0.810915564516755,,,4,3,0,1,log_odds,log_odds,FALSE
Inverse variance weighted,4,0.0489285664407016,0.0854482974479584,0.566908653856182,ORM2,ENSG00000228278,BBJ_Graves,1.05014533244177,0.888207318413416,1.24160789534943,-0.00751560810769122,0.820285548621921,2.65529460102548,0.447878044695124,,,5,4,0,1,log_odds,log_odds,FALSE
MR Egger,4,0.0808982720596829,0.157137878845602,0.657925964418389,ORM2,ENSG00000228278,BBJ_Graves,1.08426059135957,0.796847492475407,1.47534006328279,-0.00751560810769122,0.820285548621921,2.65529460102548,0.447878044695124,,,5,4,0,1,log_odds,log_odds,FALSE
Weighted median,4,0.0577631919802356,0.0911683450394614,0.52634957251543,ORM2,ENSG00000228278,BBJ_Graves,1.05946407641166,0.886098851288857,1.2667482048692,-0.00751560810769122,0.820285548621921,2.65529460102548,0.447878044695124,,,5,4,0,1,log_odds,log_odds,FALSE
Weighted mode,4,0.0577302850395902,0.302529585304697,0.860846232878494,ORM2,ENSG00000228278,BBJ_Graves,1.05942921326381,0.585535947165597,1.9168596964028,-0.00751560810769122,0.820285548621921,2.65529460102548,0.447878044695124,,,5,4,0,1,log_odds,log_odds,FALSE
Wald ratio,1,-0.255036153365742,0.346263120142907,0.461402986315957,OVCH1,ENSG00000187950,BBJ_Graves,0.774888482627938,0.393091893460793,1.52751092174155,,,,,,,1,1,0,0,log_odds,log_odds,FALSE
Wald ratio,1,-0.0959342304044108,0.0881232172256803,0.27631381560427,OVGP1,ENSG00000085465,BBJ_Graves,0.908523767344537,0.764406367821949,1.07981234926365,,,,,,,4,1,0,3,log_odds,log_odds,FALSE
Inverse variance weighted,2,0.0596770224631264,0.315396357297277,0.849926049366763,OXER1,ENSG00000162881,BBJ_Graves,1.0614936525695,0.57206661314279,1.96964610162295,,,5.54174344923697,0.0185680753065248,,,2,2,1,0,log_odds,log_odds,FALSE
Wald ratio,1,-0.180759402510483,0.250463516215626,0.470479229705021,OXSR1,ENSG00000172939,BBJ_Graves,0.834636145901736,0.510855813328094,1.36362840134366,,,,,,,1,1,0,0,log_odds,log_odds,FALSE
Inverse variance weighted,2,0.443255492380255,0.288513087846839,0.124453913690592,OXTR,ENSG00000180914,BBJ_Graves,1.55777028194055,0.884944666374481,2.74214687483099,,,0.0500948495541841,0.822898310630426,,,2,2,1,0,log_odds,log_odds,FALSE
Wald ratio,1,-0.00469185135421022,0.74728878063987,0.994990516036958,P2RX1,ENSG00000108405,BBJ_Graves,0.99531913818654,0.230068575210559,4.30593437601699,,,,,,,6,1,0,5,log_odds,log_odds,FALSE
Wald ratio,1,0.933096807903875,0.566903665954901,0.0997734292540473,P2RX5,ENSG00000083454,BBJ_Graves,2.54237023147597,0.836913652105852,7.72319387744635,,,,,,,1,1,0,0,log_odds,log_odds,FALSE
Wald ratio,1,0.67066705804225,0.378187338722636,0.0761669888536229,P2RX6,ENSG00000099957,BBJ_Graves,1.95554134523883,0.931853071011175,4.10380356292525,,,,,,,2,1,1,1,log_odds,log_odds,FALSE
Wald ratio,1,-0.0163901574092861,0.0452827189439898,0.717388119387592,P2RX7,ENSG00000089041,BBJ_Graves,0.983743430383254,0.900194627247769,1.07504655941015,,,,,,,5,1,0,4,log_odds,log_odds,FALSE
Inverse variance weighted,2,-0.482576087287542,0.149140281838408,0.00121336643087642,P2RY12,ENSG00000169313,BBJ_Graves,0.617191403207962,0.4607539821603,0.826743214258939,,,0.923954690385294,0.336438737721478,,,2,2,1,0,log_odds,log_odds,FALSE
Inverse variance weighted,2,-0.181219186477408,0.132603553065641,0.171743218091274,P2RY13,ENSG00000181631,BBJ_Graves,0.834252481791696,0.64331412064087,1.0818621588506,,,1.70810207243933,0.191231802168053,,,3,2,0,1,log_odds,log_odds,FALSE
Inverse variance weighted,2,0.0425561528980342,0.178079782914911,0.811126985316906,P2RY14,ENSG00000174944,BBJ_Graves,1.04347464885415,0.736033075580799,1.47933480019509,,,0.984234712925406,0.321155555253959,,,3,2,0,1,log_odds,log_odds,FALSE
Wald ratio,1,0.13120502637012,0.294107190449533,0.655515658808649,P2RY2,ENSG00000175591,BBJ_Graves,1.14020152872962,0.640667250448193,2.0292273800602,,,,,,,1,1,0,0,log_odds,log_odds,FALSE
Wald ratio,1,1.39282454324957,1.27927011681382,0.276257524644151,P2RY6,ENSG00000171631,BBJ_Graves,4.02620620102506,0.328064551795934,49.4120327369474,,,,,,,1,1,0,0,log_odds,log_odds,FALSE
Wald ratio,1,-0.101416278952082,0.152052745047534,0.504784324405386,P4HA1,ENSG00000122884,BBJ_Graves,0.903556822899764,0.670695758929953,1.21726568468428,,,,,,,1,1,0,0,log_odds,log_odds,FALSE
Wald ratio,1,-0.206024673815502,0.201831480179558,0.307360711899014,P4HTM,ENSG00000178467,BBJ_Graves,0.813812996163475,0.547926363100426,1.208723721518,,,,,,,1,1,0,0,log_odds,log_odds,FALSE
Wald ratio,1,-1.75397087227445,0.60677809495843,0.00384470665593941,PAK2,ENSG00000180370,BBJ_Graves,0.17308527752349,0.0526938810969603,0.568538750073428,,,,,,,2,1,0,1,log_odds,log_odds,FALSE
Wald ratio,1,-0.0103385665055294,0.137686435738132,0.94014488375742,PAK4,ENSG00000130669,BBJ_Graves,0.989714692773611,0.755629591993029,1.29631658615747,,,,,,,1,1,0,0,log_odds,log_odds,FALSE
Wald ratio,1,2.21568906253337,1.6026154616592,0.166804218644867,PAK6,ENSG00000137843,BBJ_Graves,9.16772407083152,0.396358076656975,212.048573218912,,,,,,,1,1,0,0,log_odds,log_odds,FALSE
Inverse variance weighted,4,0.0230127363536241,0.0455344034447694,0.613283334190481,PAM,ENSG00000145730,BBJ_Graves,1.02327957231471,0.935911185401569,1.11880389875595,-0.00667619720370782,0.884351929414073,1.06719022696431,0.784999805980449,,,11,4,1,7,log_odds,log_odds,FALSE
MR Egger,4,0.0366103853613905,0.0943038002586085,0.735281743678371,PAM,ENSG00000145730,BBJ_Graves,1.0372887991973,0.862237035323459,1.2478796535764,-0.00667619720370782,0.884351929414073,1.06719022696431,0.784999805980449,,,11,4,1,7,log_odds,log_odds,FALSE
Weighted median,4,0.0300405451137469,0.0493072117700481,0.542357045047412,PAM,ENSG00000145730,BBJ_Graves,1.0304963146968,0.935567866730402,1.13505678461882,-0.00667619720370782,0.884351929414073,1.06719022696431,0.784999805980449,,,11,4,1,7,log_odds,log_odds,FALSE
Weighted mode,4,0.0323539264464549,0.124827369116231,0.812256809449123,PAM,ENSG00000145730,BBJ_Graves,1.0328830052329,0.808715803655791,1.31918691050216,-0.00667619720370782,0.884351929414073,1.06719022696431,0.784999805980449,,,11,4,1,7,log_odds,log_odds,FALSE
Inverse variance weighted,3,-0.0808677269023609,0.202078594322191,0.689024253993111,PARM1,ENSG00000169116,BBJ_Graves,0.922315680928584,0.620678669259161,1.37054204924121,0.0694248948071526,0.463938298379157,4.82251950497915,0.0897022207687647,,,3,3,0,0,log_odds,log_odds,FALSE
MR Egger,3,-0.3158803338093,0.283250719059437,0.465362909127616,PARM1,ENSG00000169116,BBJ_Graves,0.729146699155092,0.4185111514522,1.27034825008597,0.0694248948071526,0.463938298379157,4.82251950497915,0.0897022207687647,,,3,3,0,0,log_odds,log_odds,FALSE
Weighted median,3,-0.12650034069136,0.149605848737636,0.397799668193145,PARM1,ENSG00000169116,BBJ_Graves,0.881173849335148,0.657225689531247,1.18143183554788,0.0694248948071526,0.463938298379157,4.82251950497915,0.0897022207687647,,,3,3,0,0,log_odds,log_odds,FALSE
Weighted mode,3,-0.176377068886002,0.415117907240855,0.71226681435494,PARM1,ENSG00000169116,BBJ_Graves,0.838301826198572,0.371573656338591,1.89128034191824,0.0694248948071526,0.463938298379157,4.82251950497915,0.0897022207687647,,,3,3,0,0,log_odds,log_odds,FALSE
Inverse variance weighted,3,-0.101016104128174,0.0652926706776699,0.121832438260817,PARP1,ENSG00000143799,BBJ_Graves,0.903918475949655,0.795336694686318,1.02732417179042,-0.0320253386684449,0.452932494689982,1.67157308993488,0.43353335381681,,,3,3,0,0,log_odds,log_odds,FALSE
MR Egger,3,-0.00440036460003178,0.105832029437194,0.973545376823158,PARP1,ENSG00000143799,BBJ_Graves,0.99560930281902,0.809101309020818,1.22510972706172,-0.0320253386684449,0.452932494689982,1.67157308993488,0.43353335381681,,,3,3,0,0,log_odds,log_odds,FALSE
Weighted median,3,-0.0963353224384826,0.0666611511860049,0.148415926540166,PARP1,ENSG00000143799,BBJ_Graves,0.90815943876822,0.796927812148195,1.03491627930591,-0.0320253386684449,0.452932494689982,1.67157308993488,0.43353335381681,,,3,3,0,0,log_odds,log_odds,FALSE
Weighted mode,3,-0.0739849247308522,0.243118451494958,0.789631200921694,PARP1,ENSG00000143799,BBJ_Graves,0.928685693922549,0.576663085864648,1.49559966510296,-0.0320253386684449,0.452932494689982,1.67157308993488,0.43353335381681,,,3,3,0,0,log_odds,log_odds,FALSE
Inverse variance weighted,2,-0.0635696859569627,0.120177360676415,0.596829335058726,PARP2,ENSG00000129484,BBJ_Graves,0.9384087231122,0.741472420065557,1.1876516344805,,,0.472776948105568,0.491712408927322,,,2,2,1,0,log_odds,log_odds,FALSE
Wald ratio,1,0.0548866788806489,0.0769293363997153,0.475555732627304,PARP4,ENSG00000102699,BBJ_Graves,1.05642089309402,0.90855957291871,1.22834554456389,,,,,,,3,1,0,2,log_odds,log_odds,FALSE
Inverse variance weighted,2,-0.00443850701816005,0.179963620722149,0.980323483091301,PASK,ENSG00000115687,BBJ_Graves,0.995571328596919,0.69965550301156,1.41664328524242,,,0.485453760491088,0.485962317229125,,,3,2,1,1,log_odds,log_odds,FALSE
Wald ratio,1,-0.673446537924326,0.521348568921074,0.196447374520666,PCOLCE,ENSG00000106333,BBJ_Graves,0.509947990475246,0.18354604197592,1.41679411983102,,,,,,,1,1,0,0,log_odds,log_odds,FALSE
Wald ratio,1,0.647599185792986,0.728979413649929,0.374344896568415,PCOLCE2,ENSG00000163710,BBJ_Graves,1.91094748746361,0.457856041126809,7.97569535362338,,,,,,,1,1,0,0,log_odds,log_odds,FALSE
Inverse variance weighted,4,-0.121578582630948,0.145193336791222,0.402392215888318,PCSK5,ENSG00000099139,BBJ_Graves,0.885521464008244,0.666205216686743,1.17703711045544,-0.0423341387932857,0.636541940505427,3.64641186295769,0.302263530250642,,,5,4,1,1,log_odds,log_odds,FALSE
MR Egger,4,0.157711701204711,0.532617490928433,0.795064780438044,PCSK5,ENSG00000099139,BBJ_Graves,1.17082859757141,0.412211553926261,3.32557297784106,-0.0423341387932857,0.636541940505427,3.64641186295769,0.302263530250642,,,5,4,1,1,log_odds,log_odds,FALSE
Weighted median,4,-0.0234460283182738,0.144721605877424,0.871299715109717,PCSK5,ENSG00000099139,BBJ_Graves,0.976826694225592,0.735576763067524,1.29720029024912,-0.0423341387932857,0.636541940505427,3.64641186295769,0.302263530250642,,,5,4,1,1,log_odds,log_odds,FALSE
Weighted mode,4,0.0212216953204423,0.485827268800818,0.96790306248952,PCSK5,ENSG00000099139,BBJ_Graves,1.02144847688529,0.39415945180946,2.64704293184284,-0.0423341387932857,0.636541940505427,3.64641186295769,0.302263530250642,,,5,4,1,1,log_odds,log_odds,FALSE
Inverse variance weighted,2,-0.160547791688177,0.366193030183154,0.6610789941617,PCSK6,ENSG00000140479,BBJ_Graves,0.851677119511978,0.415494404847975,1.74576097159628,,,0.0200418555534142,0.887420248803387,,,2,2,0,0,log_odds,log_odds,FALSE
Inverse variance weighted,2,-0.129650457289386,0.0981063247484085,0.186324686134772,PCSK7,ENSG00000160613,BBJ_Graves,0.878402416426811,0.724742504227894,1.06464130457821,,,0.444688540775313,0.504868134156057,,,2,2,0,0,log_odds,log_odds,FALSE
Inverse variance weighted,4,-0.0744312334853963,0.0906607676919962,0.411654164442476,PCYOX1L,ENSG00000145882,BBJ_Graves,0.928271305846523,0.77714654860021,1.10878394661866,-0.00940312058693162,0.829389542318063,0.890260839604132,0.827777434159432,,,5,4,1,1,log_odds,log_odds,FALSE
MR Egger,4,-0.037690574329239,0.175305064659368,0.849699092577775,PCYOX1L,ENSG00000145882,BBJ_Graves,0.963010875080551,0.682980820502174,1.35785649857858,-0.00940312058693162,0.829389542318063,0.890260839604132,0.827777434159432,,,5,4,1,1,log_odds,log_odds,FALSE
Weighted median,4,-0.0748986171572564,0.0961330362324088,0.435912424369518,PCYOX1L,ENSG00000145882,BBJ_Graves,0.927837548368592,0.768496424816216,1.12021668333528,-0.00940312058693162,0.829389542318063,0.890260839604132,0.827777434159432,,,5,4,1,1,log_odds,log_odds,FALSE
Weighted mode,4,-0.0871487991365734,0.228062075314841,0.72782954767325,PCYOX1L,ENSG00000145882,BBJ_Graves,0.91654070502046,0.586167047078727,1.43311854213902,-0.00940312058693162,0.829389542318063,0.890260839604132,0.827777434159432,,,5,4,1,1,log_odds,log_odds,FALSE
Inverse variance weighted,2,-0.00606351582329417,0.220583128518667,0.978070052410924,PDCD1,ENSG00000188389,BBJ_Graves,0.9939548301896,0.645063544960879,1.5315486546634,,,3.57302437884337,0.0587252638155283,,,2,2,0,0,log_odds,log_odds,FALSE
Inverse variance weighted,2,-0.0163960044443647,0.0923052723091209,0.859015103324727,PDCD1LG2,ENSG00000197646,BBJ_Graves,0.983737678417724,0.820932542317614,1.17882989168224,,,0.055447130254979,0.813842297504739,,,2,2,0,0,log_odds,log_odds,FALSE
Inverse variance weighted,3,-0.0628566919546657,0.136314824347002,0.644716722991392,PDCD4,ENSG00000150593,BBJ_Graves,0.939078041485121,0.71889947183696,1.22669107788624,-0.0469020475447154,0.561664582299679,0.933876993066326,0.626918646896895,,,3,3,0,0,log_odds,log_odds,FALSE
MR Egger,3,0.217833451846875,0.367337043717936,0.659241787250194,PDCD4,ENSG00000150593,BBJ_Graves,1.24337996773623,0.605229742212186,2.55439155801722,-0.0469020475447154,0.561664582299679,0.933876993066326,0.626918646896895,,,3,3,0,0,log_odds,log_odds,FALSE
Weighted median,3,-0.0525465495174557,0.135608213677155,0.698394999700123,PDCD4,ENSG00000150593,BBJ_Graves,0.948810153373021,0.72735642866628,1.23768852747265,-0.0469020475447154,0.561664582299679,0.933876993066326,0.626918646896895,,,3,3,0,0,log_odds,log_odds,FALSE
Weighted mode,3,-0.0450245491193919,0.368150325652093,0.913842859253957,PDCD4,ENSG00000150593,BBJ_Graves,0.955974013224848,0.46459036952179,1.96707976297894,-0.0469020475447154,0.561664582299679,0.933876993066326,0.626918646896895,,,3,3,0,0,log_odds,log_odds,FALSE
Inverse variance weighted,3,-0.0656862803593603,0.0877016049624044,0.453872474528318,PDE1B,ENSG00000123360,BBJ_Graves,0.93642459300178,0.78853268123728,1.11205412184391,-0.0456222552068044,0.412049450557187,2.64227986484058,0.266830959272543,,,4,3,0,1,log_odds,log_odds,FALSE
MR Egger,3,0.0756941041702882,0.131308852828373,0.667092620118485,PDE1B,ENSG00000123360,BBJ_Graves,1.07863257448077,0.833875434098039,1.39523025041439,-0.0456222552068044,0.412049450557187,2.64227986484058,0.266830959272543,,,4,3,0,1,log_odds,log_odds,FALSE
Weighted median,3,-0.0519535129112707,0.0762984294342311,0.495918908060761,PDE1B,ENSG00000123360,BBJ_Graves,0.949372999403945,0.817504857279268,1.10251221625384,-0.0456222552068044,0.412049450557187,2.64227986484058,0.266830959272543,,,4,3,0,1,log_odds,log_odds,FALSE
Weighted mode,3,-0.0521805438238787,0.268448372380959,0.863833941731614,PDE1B,ENSG00000123360,BBJ_Graves,0.949157486850416,0.560828932177821,1.60637207382616,-0.0456222552068044,0.412049450557187,2.64227986484058,0.266830959272543,,,4,3,0,1,log_odds,log_odds,FALSE
Inverse variance weighted,2,0.0497563703054873,0.208729537203733,0.811588521061005,PDE2A,ENSG00000186642,BBJ_Graves,1.05101500671675,0.698127503861108,1.58227907973037,,,0.0174444529237219,0.894923031557637,,,2,2,0,0,log_odds,log_odds,FALSE
Wald ratio,1,0.121867339641812,0.239134955640596,0.610319515759121,PDE3B,ENSG00000152270,BBJ_Graves,1.12960423813721,0.706920424326585,1.80502032606157,,,,,,,1,1,0,0,log_odds,log_odds,FALSE
Inverse variance weighted,2,-0.327749690279359,0.184166552884327,0.0751353169630525,PDE4D,ENSG00000113448,BBJ_Graves,0.720543356140563,0.502220439115239,1.03377458908871,,,0.119401846481603,0.729684142795285,,,2,2,0,0,log_odds,log_odds,FALSE
Wald ratio,1,0.188979609746306,0.207531090061699,0.362501601086926,PDE5A,ENSG00000138735,BBJ_Graves,1.20801632047254,0.804301301597723,1.81437407552261,,,,,,,2,1,0,1,log_odds,log_odds,FALSE
Wald ratio,1,-1.23633581183812,1.33827017249124,0.355574179991826,PDE6C,ENSG00000095464,BBJ_Graves,0.290446521215639,0.0210817962061016,4.00151774837151,,,,,,,1,1,0,0,log_odds,log_odds,FALSE
Wald ratio,1,0.0211047845999326,0.270262859671134,0.937756585693969,PDE6D,ENSG00000156973,BBJ_Graves,1.02132906558826,0.601330595271776,1.73467485010296,,,,,,,1,1,0,0,log_odds,log_odds,FALSE
Wald ratio,1,0.0467693269731151,0.133348983375801,0.72579182807724,PDE6G,ENSG00000185527,BBJ_Graves,1.04788026348644,0.806868413456051,1.3608824292689,,,,,,,1,1,0,0,log_odds,log_odds,FALSE
Wald ratio,1,0.0663671479890137,0.107803435030655,0.538138016233064,PDE6H,ENSG00000139053,BBJ_Graves,1.06861898646305,0.865084936252763,1.3200397907468,,,,,,,1,1,0,0,log_odds,log_odds,FALSE
Wald ratio,1,-0.153438080312554,0.435340874493681,0.724497039376721,PDE7A,ENSG00000205268,BBJ_Graves,0.857753874406336,0.365420624020392,2.01341046644927,,,,,,,2,1,0,1,log_odds,log_odds,FALSE
Wald ratio,1,0.416683455764388,0.400008592938088,0.29755716057083,PDE7B,ENSG00000171408,BBJ_Graves,1.51692226393055,0.69257871023232,3.32244280803305,,,,,,,1,1,0,0,log_odds,log_odds,FALSE
Inverse variance weighted,2,-0.514184299927531,0.707364134620268,0.467286082212045,PDE8A,ENSG00000073417,BBJ_Graves,0.597988174729099,0.149476213806489,2.39228602337208,,,1.83431541896415,0.175618678980238,,,2,2,0,0,log_odds,log_odds,FALSE
Inverse variance weighted,2,-0.0481899156779798,0.233667098641531,0.836608748054092,PDE8B,ENSG00000113231,BBJ_Graves,0.952952789215836,0.602795408619136,1.50651283252892,,,4.77386919870229,0.0288948169860342,,,2,2,0,0,log_odds,log_odds,FALSE
Inverse variance weighted,5,0.0343820489734907,0.162408023496968,0.832339789109288,PDE9A,ENSG00000160191,BBJ_Graves,1.03497994422944,0.752813560783105,1.42290673383048,0.0606124826343742,0.390983596782345,16.21272179817,0.00274661034376644,,,5,5,0,0,log_odds,log_odds,FALSE
MR Egger,5,-0.121204807711849,0.224901893774458,0.627363970296648,PDE9A,ENSG00000160191,BBJ_Graves,0.885852511586601,0.570060650453446,1.37658102108975,0.0606124826343742,0.390983596782345,16.21272179817,0.00274661034376644,,,5,5,0,0,log_odds,log_odds,FALSE
Weighted median,5,0.104561636175913,0.109031962651269,0.337558819145049,PDE9A,ENSG00000160191,BBJ_Graves,1.11022382170816,0.896603977900449,1.37473953347229,0.0606124826343742,0.390983596782345,16.21272179817,0.00274661034376644,,,5,5,0,0,log_odds,log_odds,FALSE
Weighted mode,5,-0.0144888135093382,0.488951618177106,0.977779759137785,PDE9A,ENSG00000160191,BBJ_Graves,0.985615644250914,0.378010243268247,2.56987268332511,0.0606124826343742,0.390983596782345,16.21272179817,0.00274661034376644,,,5,5,0,0,log_odds,log_odds,FALSE
Wald ratio,1,0.0283576817417667,0.214669224945162,0.89490564864266,PDF,ENSG00000258429,BBJ_Graves,1.02876358857343,0.675437939553255,1.56691600989203,,,,,,,1,1,0,0,log_odds,log_odds,FALSE
Wald ratio,1,-0.398631875170438,0.590543806476552,0.499659836314511,PDGFB,ENSG00000100311,BBJ_Graves,0.67123775516155,0.210957679679042,2.13578441249361,,,,,,,2,1,0,1,log_odds,log_odds,FALSE
Inverse variance weighted,2,-0.0940686027384561,0.155867729306506,0.546165755491162,PDGFC,ENSG00000145431,BBJ_Graves,0.910220316492507,0.670608780069577,1.23544613369029,,,0.51568782425448,0.472686952555907,,,2,2,0,0,log_odds,log_odds,FALSE
Inverse variance weighted,3,0.239405449966383,0.136212430789004,0.0788174914106444,PDGFD,ENSG00000170962,BBJ_Graves,1.27049355373859,0.972805694194623,1.65927674943109,0.588948411164677,0.603011828876634,3.5077358223902,0.173103099487953,,,3,3,0,0,log_odds,log_odds,FALSE
MR Egger,3,-2.17505640116701,3.36014170000484,0.634273079025398,PDGFD,ENSG00000170962,BBJ_Graves,0.11360174621901,0.000156738125896581,82.3370617084164,0.588948411164677,0.603011828876634,3.5077358223902,0.173103099487953,,,3,3,0,0,log_odds,log_odds,FALSE
Weighted median,3,0.264542932394326,0.113421493145767,0.0196802875039037,PDGFD,ENSG00000170962,BBJ_Graves,1.30283535583277,1.04314147148548,1.62718098245175,0.588948411164677,0.603011828876634,3.5077358223902,0.173103099487953,,,3,3,0,0,log_odds,log_odds,FALSE
Weighted mode,3,0.286784579484658,0.211553479198596,0.308008246763178,PDGFD,ENSG00000170962,BBJ_Graves,1.33213721287897,0.879976356271093,2.01663322121153,0.588948411164677,0.603011828876634,3.5077358223902,0.173103099487953,,,3,3,0,0,log_odds,log_odds,FALSE
Wald ratio,1,-0.256647126420724,0.272038549355284,0.345465143291746,PDIA3,ENSG00000167004,BBJ_Graves,0.773641163130616,0.453916198329028,1.31857080997194,,,,,,,1,1,0,0,log_odds,log_odds,FALSE
Inverse variance weighted,3,-0.0191400755193587,0.0840577502516131,0.81987830900962,PDIA6,ENSG00000143870,BBJ_Graves,0.981041932659541,0.832024604391276,1.15674857276668,0.0188393752999905,0.653185559697436,0.392366270946106,0.821861708862462,,,3,3,0,0,log_odds,log_odds,FALSE
MR Egger,3,-0.0945132227595265,0.15012910540861,0.642307613723968,PDIA6,ENSG00000143870,BBJ_Graves,0.909815704272222,0.677892695792136,1.22108501961818,0.0188393752999905,0.653185559697436,0.392366270946106,0.821861708862462,,,3,3,0,0,log_odds,log_odds,FALSE
Weighted median,3,-0.0237043830564261,0.0850326195606801,0.780422785449603,PDIA6,ENSG00000143870,BBJ_Graves,0.976574359018187,0.826654606593883,1.15368313571899,0.0188393752999905,0.653185559697436,0.392366270946106,0.821861708862462,,,3,3,0,0,log_odds,log_odds,FALSE
Weighted mode,3,-0.0315545813567705,0.2269244849096,0.90214640356429,PDIA6,ENSG00000143870,BBJ_Graves,0.968938069055984,0.62106062825147,1.51167364176529,0.0188393752999905,0.653185559697436,0.392366270946106,0.821861708862462,,,3,3,0,0,log_odds,log_odds,FALSE
Inverse variance weighted,3,0.00716571118030527,0.0801917769978809,0.928798051421666,PDK1,ENSG00000152256,BBJ_Graves,1.00719144632214,0.860699221575669,1.17861685489546,0.0129524053273758,0.80346094802387,0.124437804467399,0.939677166844854,,,4,3,0,1,log_odds,log_odds,FALSE
MR Egger,3,-0.0436686932122654,0.178431112563766,0.847199069817957,PDK1,ENSG00000152256,BBJ_Graves,0.957271055340144,0.674763058729626,1.35805874600971,0.0129524053273758,0.80346094802387,0.124437804467399,0.939677166844854,,,4,3,0,1,log_odds,log_odds,FALSE
Weighted median,3,0.00420913192943785,0.0816705859640159,0.958896888111834,PDK1,ENSG00000152256,BBJ_Graves,1.00421800276705,0.855674513353432,1.17854836312613,0.0129524053273758,0.80346094802387,0.124437804467399,0.939677166844854,,,4,3,0,1,log_odds,log_odds,FALSE
Weighted mode,3,-0.00420859943000473,0.167828534696184,0.982270825027306,PDK1,ENSG00000152256,BBJ_Graves,0.995800244313635,0.716660875374108,1.38366438108883,0.0129524053273758,0.80346094802387,0.124437804467399,0.939677166844854,,,4,3,0,1,log_odds,log_odds,FALSE
Wald ratio,1,-0.10727918947786,0.595604494265213,0.85705980102664,PDZD2,ENSG00000133401,BBJ_Graves,0.898274849092146,0.279524873294429,2.88667586179923,,,,,,,1,1,0,0,log_odds,log_odds,FALSE
Wald ratio,1,0.254070878109381,0.215841144026197,0.239147704688004,PEAK1,ENSG00000173517,BBJ_Graves,1.28926318156624,0.844527681941117,1.96820019862677,,,,,,,1,1,0,0,log_odds,log_odds,FALSE
Wald ratio,1,0.00324700263205645,0.180394821186499,0.98563931398839,PEPD,ENSG00000124299,BBJ_Graves,1.00325227985528,0.704457802242139,1.42877988409141,,,,,,,2,1,0,1,log_odds,log_odds,FALSE
Wald ratio,1,-0.522800116020478,0.310927837382063,0.0926814685321133,PF4,ENSG00000163737,BBJ_Graves,0.592858149999105,0.32231734435513,1.09048052230506,,,,,,,1,1,0,0,log_odds,log_odds,FALSE
Wald ratio,1,0.00436313405671045,0.0914624192417586,0.961952052007013,PF4V1,ENSG00000109272,BBJ_Graves,1.00437266638467,0.839538277713442,1.20157052961078,,,,,,,5,1,2,4,log_odds,log_odds,FALSE
Wald ratio,1,-0.615830776974834,0.314733821211137,0.0503860732290377,PGD,ENSG00000142657,BBJ_Graves,0.540191929822757,0.291501809242028,1.00104806143194,,,,,,,1,1,0,0,log_odds,log_odds,FALSE
Wald ratio,1,-0.221553262773761,0.200968915140745,0.27027671755555,PGF,ENSG00000119630,BBJ_Graves,0.801273242975878,0.540396399027672,1.18808861617933,,,,,,,1,1,0,0,log_odds,log_odds,FALSE
Wald ratio,1,0.0872508814576855,0.165873786626959,0.598882888581853,PGGT1B,ENSG00000164219,BBJ_Graves,1.09117039980168,0.788311675270709,1.51038336581085,,,,,,,2,1,0,1,log_odds,log_odds,FALSE
Inverse variance weighted,2,0.0994295298816909,0.0872356952263273,0.254377828671926,PGLYRP1,ENSG00000008438,BBJ_Graves,1.10454063088836,0.930947464168422,1.31050360223392,,,0.906063170079991,0.341161137861615,,,3,2,1,1,log_odds,log_odds,FALSE
Inverse variance weighted,2,0.0116736484263606,0.331706279626992,0.971926061934303,PGLYRP2,ENSG00000161031,BBJ_Graves,1.01174205137166,0.528099450579149,1.93831290184296,,,2.57462989053532,0.108589496949789,,,2,2,0,0,log_odds,log_odds,FALSE
Wald ratio,1,0.405428677488063,1.00191662307034,0.685732513635453,PHKG1,ENSG00000164776,BBJ_Graves,1.49994535506523,0.210487732865799,10.6886802263968,,,,,,,2,1,0,1,log_odds,log_odds,FALSE
Inverse variance weighted,2,-0.00968928044145245,0.153219232503295,0.949576972098114,PHOSPHO1,ENSG00000173868,BBJ_Graves,0.990357509394396,0.733447707165872,1.33725688529838,,,0.568862371370248,0.450711334120441,,,2,2,0,0,log_odds,log_odds,FALSE
Inverse variance weighted,2,0.182876141779756,0.526951429123688,0.728557108530545,PI16,ENSG00000164530,BBJ_Graves,1.20066568655578,0.427436876292695,3.37265727603089,,,5.76660417283325,0.0163335672006734,,,4,2,0,2,log_odds,log_odds,FALSE
Inverse variance weighted,2,0.226178315758269,0.149184355695703,0.129494213918676,PI3,ENSG00000124102,BBJ_Graves,1.25379921750434,0.935922110349875,1.67964028248764,,,0.00366529582158474,0.951724215580849,,,2,2,1,0,log_odds,log_odds,FALSE
Wald ratio,1,0.0826861616357002,0.299669774418757,0.782606237907126,PIGF,ENSG00000151665,BBJ_Graves,1.08620086354791,0.603706820010071,1.95431338004852,,,,,,,1,1,1,0,log_odds,log_odds,FALSE
Inverse variance weighted,2,-0.154014199123439,0.109295572975509,0.158789892473167,PIGK,ENSG00000142892,BBJ_Graves,0.857259848586629,0.691955575862652,1.06205437694839,,,0.427468077998864,0.513233946173524,,,2,2,1,0,log_odds,log_odds,FALSE
Wald ratio,1,-0.120942800364949,0.197758977310658,0.540824491683386,PIGT,ENSG00000124155,BBJ_Graves,0.886084641861497,0.601366690900331,1.3056027286236,,,,,,,3,1,0,2,log_odds,log_odds,FALSE
Inverse variance weighted,2,-0.00413517765694191,0.0386920303621682,0.914888825119645,PIK3C2A,ENSG00000011405,BBJ_Graves,0.995873360417313,0.92314260280431,1.07433428700626,,,1.02851080095287,0.31050869449311,,,5,2,0,3,log_odds,log_odds,FALSE
Wald ratio,1,-0.137117256370784,0.223647124820826,0.539812573041647,PIK3C2B,ENSG00000133056,BBJ_Graves,0.871867988062112,0.562442922580773,1.35152165328973,,,,,,,1,1,0,0,log_odds,log_odds,FALSE
Wald ratio,1,-0.0671571249041649,0.0650562176150215,0.301934542024452,PIK3C3,ENSG00000078142,BBJ_Graves,0.935048270423946,0.82310845128349,1.0622115064661,,,,,,,1,1,0,0,log_odds,log_odds,FALSE
Inverse variance weighted,2,-0.25603356552939,0.322102146166634,0.426681482206601,PIK3CA,ENSG00000121879,BBJ_Graves,0.77411598474333,0.411743880579255,1.45540853452899,,,0.328471817432837,0.566560325890685,,,2,2,1,0,log_odds,log_odds,FALSE
Wald ratio,1,1.42360337522465,1.03977078184641,0.170952028180151,PIK3CB,ENSG00000051382,BBJ_Graves,4.15205492867048,0.540993855866154,31.8664619639637,,,,,,,1,1,0,0,log_odds,log_odds,FALSE
Wald ratio,1,0.658167036636838,0.368699015252364,0.0742440315545541,PIK3CD,ENSG00000171608,BBJ_Graves,1.93124917916663,0.937552021330554,3.97815087288556,,,,,,,1,1,0,0,log_odds,log_odds,FALSE
Wald ratio,1,-0.0979672496809492,0.278191281920065,0.724719869476371,PIK3CG,ENSG00000105851,BBJ_Graves,0.906678597281019,0.525596136626855,1.56406415778337,,,,,,,1,1,0,0,log_odds,log_odds,FALSE
Inverse variance weighted,3,0.0359065848395946,0.122661364185171,0.769729012653717,PIK3IP1,ENSG00000100100,BBJ_Graves,1.03655901164173,0.815046844920251,1.31827341129185,0.0468366834541668,0.460415994644824,2.35199606629207,0.308510921861698,,,4,3,0,1,log_odds,log_odds,FALSE
MR Egger,3,-0.117913850049353,0.17781569436674,0.627229864938443,PIK3IP1,ENSG00000100100,BBJ_Graves,0.888772617033654,0.627235876199804,1.25936158112427,0.0468366834541668,0.460415994644824,2.35199606629207,0.308510921861698,,,4,3,0,1,log_odds,log_odds,FALSE
Weighted median,3,0.0130093552406968,0.115913077298273,0.910638097620001,PIK3IP1,ENSG00000100100,BBJ_Graves,1.01309434505692,0.807202852390583,1.27150213722199,0.0468366834541668,0.460415994644824,2.35199606629207,0.308510921861698,,,4,3,0,1,log_odds,log_odds,FALSE
Weighted mode,3,0.00347904461259718,0.439079457033281,0.994397329714621,PIK3IP1,ENSG00000100100,BBJ_Graves,1.00348510351266,0.42438394994947,2.37280970001744,0.0468366834541668,0.460415994644824,2.35199606629207,0.308510921861698,,,4,3,0,1,log_odds,log_odds,FALSE
Inverse variance weighted,2,-0.135190480304643,0.401082223487818,0.736068463704979,PIK3R1,ENSG00000145675,BBJ_Graves,0.873549501864405,0.397996670885983,1.91732441004804,,,2.98229215006605,0.0841799796980084,,,3,2,0,1,log_odds,log_odds,FALSE
Wald ratio,1,0.514185408430584,0.248042864892479,0.0381750750600778,PIK3R4,ENSG00000196455,BBJ_Graves,1.67227572511227,1.02841768537381,2.71923182630148,,,,,,,1,1,0,0,log_odds,log_odds,FALSE
Wald ratio,1,1.82110703334053,0.707056721193341,0.0100061527542429,PIM1,ENSG00000137193,BBJ_Graves,6.17869468623325,1.54538931094443,24.7033338171314,,,,,,,3,1,0,2,log_odds,log_odds,FALSE
Inverse variance weighted,2,0.0586666179468828,0.123429752972601,0.634570524154666,PIM3,ENSG00000198355,BBJ_Graves,1.06042165625514,0.832555245907081,1.3506540191573,,,2.09526987063055,0.147755619678704,,,4,2,0,2,log_odds,log_odds,FALSE
Wald ratio,1,-0.550731088891824,0.372690802764762,0.13948386271464,PIN1,ENSG00000127445,BBJ_Graves,0.576528162932641,0.277702449979798,1.19690957958299,,,,,,,1,1,0,0,log_odds,log_odds,FALSE
Inverse variance weighted,2,0.146899477308978,0.116550748274805,0.207528460766431,PINK1,ENSG00000158828,BBJ_Graves,1.15823752802461,0.921695851136131,1.45548465870921,,,0.741441064745068,0.389199644412008,,,2,2,0,0,log_odds,log_odds,FALSE
Wald ratio,1,0.132923854921643,0.318740225274247,0.676657339379966,PIP4K2B,ENSG00000141720,BBJ_Graves,1.14216302492661,0.611520386061471,2.13326718985026,,,,,,,1,1,0,0,log_odds,log_odds,FALSE
Wald ratio,1,-0.993052023041394,0.507932635667243,0.0505729115626072,PIP4K2C,ENSG00000166908,BBJ_Graves,0.37044435922972,0.136886934577913,1.00249906032492,,,,,,,1,1,0,0,log_odds,log_odds,FALSE
Wald ratio,1,0.534088037098005,0.41137360720693,0.194182861232145,PIP5K1C,ENSG00000186111,BBJ_Graves,1.70589182260656,0.761698681175342,3.82049619141461,,,,,,,2,1,0,1,log_odds,log_odds,FALSE
Inverse variance weighted,3,-0.0751524894783698,0.148640639426173,0.613138510514344,PKD2L1,ENSG00000107593,BBJ_Graves,0.927602025994142,0.693164355454339,1.24132972484492,-0.219311151295388,0.192129097423652,11.878556491319,0.00263393001555385,,,3,3,0,0,log_odds,log_odds,FALSE
MR Egger,3,0.245201759363698,0.117684335963224,0.284873669500789,PKD2L1,ENSG00000107593,BBJ_Graves,1.2778791112738,1.01464668761447,1.60940260581661,-0.219311151295388,0.192129097423652,11.878556491319,0.00263393001555385,,,3,3,0,0,log_odds,log_odds,FALSE
Weighted median,3,-0.031570852952725,0.0634450815813239,0.618759555081675,PKD2L1,ENSG00000107593,BBJ_Graves,0.968922303015489,0.855624888843457,1.0972219736967,-0.219311151295388,0.192129097423652,11.878556491319,0.00263393001555385,,,3,3,0,0,log_odds,log_odds,FALSE
Weighted mode,3,-0.0117534799528505,0.371369899205848,0.977626390857829,PKD2L1,ENSG00000107593,BBJ_Graves,0.988315322373253,0.477286431782413,2.04650103458847,-0.219311151295388,0.192129097423652,11.878556491319,0.00263393001555385,,,3,3,0,0,log_odds,log_odds,FALSE
Wald ratio,1,-0.500273165614868,0.280517777212952,0.0745225111891151,PKD2L2,ENSG00000078795,BBJ_Graves,0.606364999019469,0.349906952811697,1.05078938581066,,,,,,,1,1,0,0,log_odds,log_odds,FALSE
Inverse variance weighted,3,0.136063852894859,0.120127867949224,0.257357684048891,PKN1,ENSG00000123143,BBJ_Graves,1.14575505103599,0.905392463205314,1.44992883232869,0.0509784452923245,0.831771126191788,0.471206126457028,0.790094229150377,,,3,3,0,0,log_odds,log_odds,FALSE
MR Egger,3,-0.0458238423123304,0.682860976665551,0.957343158250527,PKN1,ENSG00000123143,BBJ_Graves,0.955210214993479,0.250516283500266,3.64218462001462,0.0509784452923245,0.831771126191788,0.471206126457028,0.790094229150377,,,3,3,0,0,log_odds,log_odds,FALSE
Weighted median,3,0.128181052623683,0.120133897819447,0.28597866337838,PKN1,ENSG00000123143,BBJ_Graves,1.13675879722941,0.898272875023433,1.43856126463214,0.0509784452923245,0.831771126191788,0.471206126457028,0.790094229150377,,,3,3,0,0,log_odds,log_odds,FALSE
Weighted mode,3,0.102604796858996,0.299711264812199,0.764720758238271,PKN1,ENSG00000123143,BBJ_Graves,1.10805341634312,0.615802316224488,1.99379304221725,0.0509784452923245,0.831771126191788,0.471206126457028,0.790094229150377,,,3,3,0,0,log_odds,log_odds,FALSE
Wald ratio,1,-0.244714189191858,0.121794357061711,0.0445116046839731,PKN3,ENSG00000160447,BBJ_Graves,0.782928275630238,0.61666390434231,0.99402069825231,,,,,,,3,1,1,2,log_odds,log_odds,FALSE
Wald ratio,1,-0.572165881225712,0.550539506781228,0.298673534846674,PLA2G15,ENSG00000103066,BBJ_Graves,0.564301903263715,0.191815114822177,1.66012276103611,,,,,,,1,1,1,0,log_odds,log_odds,FALSE
Inverse variance weighted,2,0.876498304853693,0.602473358478746,0.145715416598808,PLA2G2C,ENSG00000187980,BBJ_Graves,2.40247223444724,0.737603045538324,7.82517489888811,,,0.0107131413657176,0.917562732138157,,,2,2,0,0,log_odds,log_odds,FALSE
Inverse variance weighted,2,-0.408615979286395,0.171842254267569,0.0174136676433333,PLA2G4A,ENSG00000116711,BBJ_Graves,0.664569391737886,0.474531727687685,0.930712217256712,,,0.736338587278784,0.390836289512195,,,2,2,0,0,log_odds,log_odds,FALSE
Wald ratio,1,0.0392354323761491,0.109357656083672,0.719759042592702,PLA2G4B,ENSG00000243708,BBJ_Graves,1.04001530810444,0.839368400991294,1.28862587609228,,,,,,,2,1,0,1,log_odds,log_odds,FALSE
Wald ratio,1,-0.273967523767272,0.209546601543884,0.191066697128679,PLA2G6,ENSG00000184381,BBJ_Graves,0.760356768383277,0.504252137699054,1.14653438627821,,,,,,,1,1,0,0,log_odds,log_odds,FALSE
Inverse variance weighted,2,-0.0552491560212631,0.110217148049681,0.616177245219748,PLA2G7,ENSG00000146070,BBJ_Graves,0.94624935485569,0.762406983954117,1.17442240222014,,,0.260523214038686,0.609760927462589,,,4,2,0,2,log_odds,log_odds,FALSE
Inverse variance weighted,2,-0.18970354913981,0.404791124928876,0.639323031109558,PLAA,ENSG00000137055,BBJ_Graves,0.827204323031424,0.374151623236596,1.82884945446082,,,0.0693331354282196,0.792310219464845,,,2,2,0,0,log_odds,log_odds,FALSE
Wald ratio,1,0.0567887724010867,0.383631575916141,0.882319524034633,PLAT,ENSG00000104368,BBJ_Graves,1.05843221668601,0.499010013451667,2.24500255930708,,,,,,,1,1,0,0,log_odds,log_odds,FALSE
Inverse variance weighted,2,-0.00972975758657793,0.104871152008191,0.926079763576502,PLAU,ENSG00000122861,BBJ_Graves,0.990317423361051,0.806317885358327,1.21630515311791,,,8.38694181523915e-05,0.992693055546674,,,2,2,0,0,log_odds,log_odds,FALSE
Wald ratio,1,-0.43349604329878,0.519919585844042,0.404407687373028,PLAUR,ENSG00000011422,BBJ_Graves,0.648238857498029,0.233975602576648,1.7959719378549,,,,,,,3,1,0,2,log_odds,log_odds,FALSE
Wald ratio,1,0.250158426849172,0.134757852366794,0.0634029597696265,PLBD1,ENSG00000121316,BBJ_Graves,1.28422885690353,0.986130121726781,1.67244030028798,,,,,,,3,1,0,2,log_odds,log_odds,FALSE
Wald ratio,1,0.277382427880944,0.156571735158566,0.0764610413747703,PLBD2,ENSG00000151176,BBJ_Graves,1.3196709535119,0.97093265150455,1.7936686162983,,,,,,,1,1,0,0,log_odds,log_odds,FALSE
Inverse variance weighted,4,-0.175684752925417,0.251443481079619,0.484736568977215,PLCG2,ENSG00000197943,BBJ_Graves,0.838882396878621,0.512469554370017,1.37320094392322,-0.0425956141251689,0.462933055110606,2.76372835489416,0.429505733478459,,,4,4,0,0,log_odds,log_odds,FALSE
MR Egger,4,0.302181206224645,0.587274257443185,0.658087201206541,PLCG2,ENSG00000197943,BBJ_Graves,1.35280634143046,0.42789547164186,4.27694406391432,-0.0425956141251689,0.462933055110606,2.76372835489416,0.429505733478459,,,4,4,0,0,log_odds,log_odds,FALSE
Weighted median,4,0.0341602534071622,0.292087285819816,0.906897924889834,PLCG2,ENSG00000197943,BBJ_Graves,1.03475041572172,0.583721772400126,1.83427871541225,-0.0425956141251689,0.462933055110606,2.76372835489416,0.429505733478459,,,4,4,0,0,log_odds,log_odds,FALSE
Weighted mode,4,0.0456245325106679,0.632775113526177,0.947058372172451,PLCG2,ENSG00000197943,BBJ_Graves,1.04668134235357,0.302820611515711,3.61779149360919,-0.0425956141251689,0.462933055110606,2.76372835489416,0.429505733478459,,,4,4,0,0,log_odds,log_odds,FALSE
Inverse variance weighted,2,0.136181233903806,0.177372781466111,0.442624733409532,PLD1,ENSG00000075651,BBJ_Graves,1.14588954881347,0.809394033748913,1.62227889424655,,,0.629863779934516,0.427405284707006,,,2,2,0,0,log_odds,log_odds,FALSE
Inverse variance weighted,3,-0.0741595798323938,0.0969386489561717,0.444262248353845,PLD2,ENSG00000129219,BBJ_Graves,0.928523508392054,0.767851186808263,1.12281640042835,-0.0258194485393908,0.568857932371046,0.906462681955677,0.635571082981827,,,4,3,0,1,log_odds,log_odds,FALSE
MR Egger,3,0.0229322454850302,0.154843994259987,0.906397608574743,PLD2,ENSG00000129219,BBJ_Graves,1.02319721096783,0.75535912296683,1.38600633883961,-0.0258194485393908,0.568857932371046,0.906462681955677,0.635571082981827,,,4,3,0,1,log_odds,log_odds,FALSE
Weighted median,3,-0.0546497729247872,0.0997428867163713,0.583756126334631,PLD2,ENSG00000129219,BBJ_Graves,0.946816690732824,0.778687218141792,1.15124767039263,-0.0258194485393908,0.568857932371046,0.906462681955677,0.635571082981827,,,4,3,0,1,log_odds,log_odds,FALSE
Weighted mode,3,-0.0536272855633056,0.204224967674033,0.817441670415561,PLD2,ENSG00000129219,BBJ_Graves,0.947785293940619,0.635141022413987,1.41432678997168,-0.0258194485393908,0.568857932371046,0.906462681955677,0.635571082981827,,,4,3,0,1,log_odds,log_odds,FALSE
Inverse variance weighted,2,0.0310196693139928,0.080394299200308,0.699612102079931,PLEK,ENSG00000115956,BBJ_Graves,1.03150579269831,0.881127310109667,1.20754877094633,,,0.975794302405918,0.323239335534082,,,3,2,0,1,log_odds,log_odds,FALSE
Wald ratio,1,0.0416607963187521,0.11637442388831,0.720351335318513,PLGLB1,ENSG00000183281,BBJ_Graves,1.0425407850949,0.829914102507115,1.30964311282683,,,,,,,4,1,1,3,log_odds,log_odds,FALSE
Wald ratio,1,-0.288330064545153,0.250248382799522,0.249248948469301,PLGLB2,ENSG00000125551,BBJ_Graves,0.749514163356123,0.458948674776822,1.22403988059146,,,,,,,2,1,0,1,log_odds,log_odds,FALSE
Inverse variance weighted,3,-0.0804255397447354,0.20394971399407,0.693330000648941,PLIN2,ENSG00000147872,BBJ_Graves,0.922723607261213,0.618680076493034,1.37618599296648,-0.571559394697688,0.363172428502877,2.73946630090198,0.254174776928474,,,6,3,0,3,log_odds,log_odds,FALSE
MR Egger,3,3.05241395624052,2.01766872298919,0.371833391672989,PLIN2,ENSG00000147872,BBJ_Graves,21.1663775110198,0.405669398372091,1104.38583422078,-0.571559394697688,0.363172428502877,2.73946630090198,0.254174776928474,,,6,3,0,3,log_odds,log_odds,FALSE
Weighted median,3,-0.0799708087696348,0.190518598720596,0.674665690363323,PLIN2,ENSG00000147872,BBJ_Graves,0.923143293681867,0.635471991647816,1.34104028481258,-0.571559394697688,0.363172428502877,2.73946630090198,0.254174776928474,,,6,3,0,3,log_odds,log_odds,FALSE
Weighted mode,3,-0.0702691808411875,0.511198460039762,0.903257240770086,PLIN2,ENSG00000147872,BBJ_Graves,0.932142871130005,0.342248512001013,2.53877022610961,-0.571559394697688,0.363172428502877,2.73946630090198,0.254174776928474,,,6,3,0,3,log_odds,log_odds,FALSE
Wald ratio,1,0.00666684346738953,0.138361667038998,0.961569458087053,PLK1,ENSG00000166851,BBJ_Graves,1.00668911633737,0.767572743713769,1.32029567914154,,,,,,,2,1,0,1,log_odds,log_odds,FALSE
Wald ratio,1,0.0737335922665125,1.35738895669487,0.956680083824201,PLK2,ENSG00000145632,BBJ_Graves,1.07651997404452,0.0752643449575745,15.3976661215887,,,,,,,1,1,0,0,log_odds,log_odds,FALSE
Wald ratio,1,-0.419557409856944,0.537474773125148,0.435032754375721,PLK3,ENSG00000173846,BBJ_Graves,0.657337686623676,0.229234916456802,1.88493463794462,,,,,,,1,1,0,0,log_odds,log_odds,FALSE
Wald ratio,1,0.0793444877321982,0.18012279959622,0.659573426319514,PLOD1,ENSG00000083444,BBJ_Graves,1.08257719240394,0.760563099634348,1.54092852792443,,,,,,,4,1,0,3,log_odds,log_odds,FALSE
Wald ratio,1,0.0589315888704318,0.075777856531244,0.436752507703038,PLSCR1,ENSG00000188313,BBJ_Graves,1.06070267438992,0.914303221890029,1.23054380266994,,,,,,,2,1,1,1,log_odds,log_odds,FALSE
Inverse variance weighted,4,-0.0346027023345777,0.0786200145159663,0.659845945583798,PLTP,ENSG00000100979,BBJ_Graves,0.965989125253462,0.828036593284105,1.12692482153115,-0.00385974513076742,0.919044557026581,1.23477478587726,0.744676528503076,,,5,4,1,1,log_odds,log_odds,FALSE
MR Egger,4,-0.016956784611433,0.172571837173187,0.930687296357372,PLTP,ENSG00000100979,BBJ_Graves,0.983186172489316,0.701034915209639,1.3788971544807,-0.00385974513076742,0.919044557026581,1.23477478587726,0.744676528503076,,,5,4,1,1,log_odds,log_odds,FALSE
Weighted median,4,-0.0457444003069181,0.0855236569849238,0.592736828091984,PLTP,ENSG00000100979,BBJ_Graves,0.955286101822809,0.807856554325238,1.12962076181711,-0.00385974513076742,0.919044557026581,1.23477478587726,0.744676528503076,,,5,4,1,1,log_odds,log_odds,FALSE
Weighted mode,4,-0.0771754170241714,0.231812805397901,0.761102050045626,PLTP,ENSG00000100979,BBJ_Graves,0.925727451008172,0.587705965043916,1.45816337509192,-0.00385974513076742,0.919044557026581,1.23477478587726,0.744676528503076,,,5,4,1,1,log_odds,log_odds,FALSE
Wald ratio,1,1.06887801411873,0.626929318605249,0.088205275557332,PLXNB1,ENSG00000164050,BBJ_Graves,2.91211031966951,0.852226067124769,9.95086496536853,,,,,,,1,1,0,0,log_odds,log_odds,FALSE
Wald ratio,1,0.274461367206256,0.300751266857992,0.361460369872291,PLXNC1,ENSG00000136040,BBJ_Graves,1.3158217392173,0.729780762101135,2.37247532315316,,,,,,,2,1,0,1,log_odds,log_odds,FALSE
Inverse variance weighted,3,0.147757313101965,0.130004911825131,0.255725710438354,PMP22,ENSG00000109099,BBJ_Graves,1.15923153191804,0.898478668680101,1.49565904170787,-0.0595900480714748,0.419542015907518,1.69700654829588,0.42805513391083,,,3,3,2,0,log_odds,log_odds,FALSE
MR Egger,3,0.399471115089429,0.234329747834811,0.3377320563512,PMP22,ENSG00000109099,BBJ_Graves,1.49103590267873,0.941938596543466,2.36022610309758,-0.0595900480714748,0.419542015907518,1.69700654829588,0.42805513391083,,,3,3,2,0,log_odds,log_odds,FALSE
Weighted median,3,0.161707435904172,0.132028380281346,0.220653223259415,PMP22,ENSG00000109099,BBJ_Graves,1.17551627715091,0.907494122500781,1.52269693388076,-0.0595900480714748,0.419542015907518,1.69700654829588,0.42805513391083,,,3,3,2,0,log_odds,log_odds,FALSE
Weighted mode,3,0.189533284472776,0.468138319933498,0.724772991155262,PMP22,ENSG00000109099,BBJ_Graves,1.20868535377467,0.482865166543329,3.02552427810777,-0.0595900480714748,0.419542015907518,1.69700654829588,0.42805513391083,,,3,3,2,0,log_odds,log_odds,FALSE
Wald ratio,1,0.047915068919016,0.455057570489405,0.916142110405924,PNMT,ENSG00000141744,BBJ_Graves,1.04908155191046,0.429988089618307,2.55954090155336,,,,,,,1,1,0,0,log_odds,log_odds,FALSE
Inverse variance weighted,3,-0.153188391517398,0.118076164027618,0.194504146729755,PNP,ENSG00000198805,BBJ_Graves,0.857968072678118,0.68071084058554,1.08138312165238,-0.0344926579494574,0.463785918420476,1.26898312043268,0.530204997111292,,,3,3,0,0,log_odds,log_odds,FALSE
MR Egger,3,0.0178983947574932,0.192987912377077,0.941126000857651,PNP,ENSG00000198805,BBJ_Graves,1.01805953094905,0.697426662975761,1.48609920379862,-0.0344926579494574,0.463785918420476,1.26898312043268,0.530204997111292,,,3,3,0,0,log_odds,log_odds,FALSE
Weighted median,3,-0.14444617984593,0.124168400867682,0.244704280868394,PNP,ENSG00000198805,BBJ_Graves,0.865501492573298,0.678537016007665,1.10398226769421,-0.0344926579494574,0.463785918420476,1.26898312043268,0.530204997111292,,,3,3,0,0,log_odds,log_odds,FALSE
Weighted mode,3,-0.11858411793046,0.337838123489707,0.759108380018206,PNP,ENSG00000198805,BBJ_Graves,0.888177100894814,0.458063783184088,1.72215877245394,-0.0344926579494574,0.463785918420476,1.26898312043268,0.530204997111292,,,3,3,0,0,log_odds,log_odds,FALSE
Inverse variance weighted,2,0.29691914814184,0.126649336205874,0.0190567340193208,PODN,ENSG00000174348,BBJ_Graves,1.34570649217909,1.04989110490646,1.72487027905079,,,0.0138046604892895,0.906469203865979,,,3,2,0,1,log_odds,log_odds,FALSE
Inverse variance weighted,3,0.138074715714021,0.442600471938553,0.755069081148824,POGLUT1,ENSG00000163389,BBJ_Graves,1.14806132529143,0.482187513086142,2.73346938869079,-0.0528627408540527,0.776560628450277,13.8016039299166,0.00100697754443978,,,4,3,1,1,log_odds,log_odds,FALSE
MR Egger,3,0.605510751474913,1.40547623139472,0.741028180292107,POGLUT1,ENSG00000163389,BBJ_Graves,1.83218776254977,0.116574740531036,28.7962210505063,-0.0528627408540527,0.776560628450277,13.8016039299166,0.00100697754443978,,,4,3,1,1,log_odds,log_odds,FALSE
Weighted median,3,0.190322717305754,0.184877488807089,0.30326677392783,POGLUT1,ENSG00000163389,BBJ_Graves,1.2096399064057,0.841947885167117,1.73790887648438,-0.0528627408540527,0.776560628450277,13.8016039299166,0.00100697754443978,,,4,3,1,1,log_odds,log_odds,FALSE
Weighted mode,3,0.200619948206573,1.09515997633105,0.871539889002613,POGLUT1,ENSG00000163389,BBJ_Graves,1.2221601993725,0.142859506255697,10.4555558959918,-0.0528627408540527,0.776560628450277,13.8016039299166,0.00100697754443978,,,4,3,1,1,log_odds,log_odds,FALSE
Wald ratio,1,-0.0752657195750045,0.142801326611887,0.598147778099701,POLB,ENSG00000070501,BBJ_Graves,0.927496999473294,0.701063844528672,1.22706468283258,,,,,,,2,1,0,1,log_odds,log_odds,FALSE
Wald ratio,1,-0.451939746640562,0.493588789478637,0.359866259789754,POLD1,ENSG00000062822,BBJ_Graves,0.63639251335676,0.24186543189952,1.6744659535505,,,,,,,1,1,0,0,log_odds,log_odds,FALSE
Inverse variance weighted,2,-0.149410764985991,0.0657665125831499,0.0230963862728593,POMC,ENSG00000115138,BBJ_Graves,0.861215285148958,0.757059726549122,0.979700466639571,,,0.462383847188096,0.496511981393906,,,5,2,0,3,log_odds,log_odds,FALSE
Inverse variance weighted,2,-0.104775260442901,0.160478058936849,0.513824221071954,PON2,ENSG00000105854,BBJ_Graves,0.900526883859157,0.657498855274489,1.23338415275952,,,0.432681023731732,0.510676334626617,,,4,2,0,2,log_odds,log_odds,FALSE
Inverse variance weighted,2,-0.019668682674122,0.199461786692178,0.921448901627366,POR,ENSG00000127948,BBJ_Graves,0.980523483914744,0.663243036822524,1.4495837108435,,,6.74869320955725,0.00938163729574291,,,4,2,0,2,log_odds,log_odds,FALSE
Wald ratio,1,-0.241891329616408,0.352411481593208,0.492467901459981,PPARA,ENSG00000186951,BBJ_Graves,0.785141494543416,0.393522185205296,1.56648643870555,,,,,,,1,1,0,0,log_odds,log_odds,FALSE
Inverse variance weighted,2,-0.167020224091801,0.13264903468643,0.207989247041998,PPARG,ENSG00000132170,BBJ_Graves,0.846182497891619,0.652455506046615,1.09743087935094,,,0.644992356594283,0.42190875312555,,,2,2,0,0,log_odds,log_odds,FALSE
Wald ratio,1,0.230044131829197,0.16870168382672,0.172688796189569,PPAT,ENSG00000128059,BBJ_Graves,1.2586555554758,0.904284578890653,1.75189740521015,,,,,,,1,1,0,0,log_odds,log_odds,FALSE
Wald ratio,1,-0.0668469226275444,0.127222780119437,0.599282897632812,PPIA,ENSG00000196262,BBJ_Graves,0.935338369518555,0.728911049429524,1.20022582478113,,,,,,,1,1,0,0,log_odds,log_odds,FALSE
Wald ratio,1,0.0166166331247676,0.813970409783206,0.983712879428998,PPIB,ENSG00000166794,BBJ_Graves,1.01675545723682,0.206229558279708,5.01282002659739,,,,,,,1,1,1,0,log_odds,log_odds,FALSE
Inverse variance weighted,2,-0.0395515077306714,0.442814464985687,0.928828820779584,PPID,ENSG00000171497,BBJ_Graves,0.961220442431831,0.403544763613216,2.28957186973788,,,0.0691674977736493,0.792552780380067,,,2,2,1,0,log_odds,log_odds,FALSE
Inverse variance weighted,2,-0.0813290629161629,0.615805127988972,0.894929336003608,PPIE,ENSG00000084072,BBJ_Graves,0.921890281622433,0.275737179873674,3.08221652132386,,,8.26669631174787,0.00403789156285554,,,5,2,0,3,log_odds,log_odds,FALSE
Inverse variance weighted,2,-0.282324799488172,0.1710572986796,0.0988470118865931,PPIF,ENSG00000108179,BBJ_Graves,0.754028736608045,0.539238615912406,1.05437429526205,,,5.89744819606367e-05,0.993872718119824,,,2,2,0,0,log_odds,log_odds,FALSE
Wald ratio,1,0.0521707444195473,0.158266663521018,0.74167332474729,PPIG,ENSG00000138398,BBJ_Graves,1.05355561589884,0.772570574287912,1.43673532585041,,,,,,,1,1,0,0,log_odds,log_odds,FALSE
Wald ratio,1,0.0835939632623928,0.285402011743194,0.769599354776864,PPIH,ENSG00000171960,BBJ_Graves,1.08718736616534,0.621391488288205,1.90214444746519,,,,,,,1,1,0,0,log_odds,log_odds,FALSE
Inverse variance weighted,2,-0.163928755543477,0.182449090452578,0.368924163057339,PPIL1,ENSG00000137168,BBJ_Graves,0.848802492198346,0.593612236773677,1.21369747139632,,,0.78221729375212,0.376463869259006,,,2,2,0,0,log_odds,log_odds,FALSE
Wald ratio,1,0.386853147670761,0.163407640680306,0.0179129977025899,PPIL2,ENSG00000100023,BBJ_Graves,1.47234025879997,1.06884023908641,2.02816637922995,,,,,,,2,1,0,1,log_odds,log_odds,FALSE
Inverse variance weighted,4,-0.0160723332847687,0.0807021027999081,0.842140471605094,PPIL3,ENSG00000240344,BBJ_Graves,0.984056137468061,0.840088147817338,1.15269627860422,0.0874610533022622,0.566703228820731,1.33441671540926,0.72097716113589,,,12,4,1,8,log_odds,log_odds,FALSE
MR Egger,4,-0.274665210749974,0.388799036200771,0.553121237785404,PPIL3,ENSG00000240344,BBJ_Graves,0.759826462379075,0.354618994174922,1.6280466145779,0.0874610533022622,0.566703228820731,1.33441671540926,0.72097716113589,,,12,4,1,8,log_odds,log_odds,FALSE
Weighted median,4,0.066229867892854,0.0956222067361333,0.488547956851654,PPIL3,ENSG00000240344,BBJ_Graves,1.06847229641487,0.885865932709826,1.28871989095896,0.0874610533022622,0.566703228820731,1.33441671540926,0.72097716113589,,,12,4,1,8,log_odds,log_odds,FALSE
Weighted mode,4,0.071304748969479,0.233373437313873,0.779929243574275,PPIL3,ENSG00000240344,BBJ_Graves,1.07390844849844,0.679697666229473,1.69675344356261,0.0874610533022622,0.566703228820731,1.33441671540926,0.72097716113589,,,12,4,1,8,log_odds,log_odds,FALSE
Wald ratio,1,-0.0223723495052957,0.580734621457429,0.969269719417834,PPIL6,ENSG00000185250,BBJ_Graves,0.977876055588857,0.313294321007157,3.05221485349611,,,,,,,1,1,0,0,log_odds,log_odds,FALSE
Wald ratio,1,-0.13945329389384,0.250496621882784,0.577727439762416,PPM1B,ENSG00000138032,BBJ_Graves,0.869833648798402,0.53236460705256,1.42122629220399,,,,,,,1,1,0,0,log_odds,log_odds,FALSE
Wald ratio,1,1.03236637274841,0.413214206425338,0.0124762150161341,PPME1,ENSG00000214517,BBJ_Graves,2.80770204933881,1.24915400746126,6.31082376614466,,,,,,,1,1,0,0,log_odds,log_odds,FALSE
Wald ratio,1,0.0975438101701116,0.320685643763238,0.760996341168189,PPOX,ENSG00000143224,BBJ_Graves,1.10245973945408,0.588016628567996,2.06697807182268,,,,,,,3,1,1,2,log_odds,log_odds,FALSE
Wald ratio,1,0.122905129376443,0.263885528627795,0.641393252691298,PPP1CA,ENSG00000172531,BBJ_Graves,1.13077713832637,0.674144697270224,1.89670992257176,,,,,,,1,1,1,0,log_odds,log_odds,FALSE
Inverse variance weighted,2,-0.201960818141853,0.165897771569884,0.223459235709831,PPP3CA,ENSG00000138814,BBJ_Graves,0.817126943867013,0.590302329515325,1.13110927910731,,,0.271542911147092,0.602298647462436,,,3,2,0,1,log_odds,log_odds,FALSE
Wald ratio,1,-0.00285896023166901,0.126293878958571,0.981939541046265,PPP5C,ENSG00000011485,BBJ_Graves,0.997145122703224,0.778493246321958,1.27720876247605,,,,,,,2,1,0,1,log_odds,log_odds,FALSE
Inverse variance weighted,5,0.0517267503079204,0.0745555586127119,0.487806769878606,PPT1,ENSG00000131238,BBJ_Graves,1.05308794723785,0.909916770563757,1.21878644343541,-0.0448125628165395,0.408380852543798,8.49141641766116,0.0751478366280861,,,6,5,0,1,log_odds,log_odds,FALSE
MR Egger,5,0.157157529069021,0.133280728432188,0.323339870980901,PPT1,ENSG00000131238,BBJ_Graves,1.17017993673845,0.901159781932939,1.51950976042016,-0.0448125628165395,0.408380852543798,8.49141641766116,0.0751478366280861,,,6,5,0,1,log_odds,log_odds,FALSE
Weighted median,5,0.0595055001620323,0.0737209471962698,0.419567271824888,PPT1,ENSG00000131238,BBJ_Graves,1.06131159834924,0.918523714124704,1.22629638350055,-0.0448125628165395,0.408380852543798,8.49141641766116,0.0751478366280861,,,6,5,0,1,log_odds,log_odds,FALSE
Weighted mode,5,0.100021712978029,0.288540565481062,0.746324395465646,PPT1,ENSG00000131238,BBJ_Graves,1.10519491488803,0.627809943934433,1.94558211716049,-0.0448125628165395,0.408380852543798,8.49141641766116,0.0751478366280861,,,6,5,0,1,log_odds,log_odds,FALSE
Wald ratio,1,0.00472247808643838,0.0892567027670534,0.957804456329758,PPWD1,ENSG00000113593,BBJ_Graves,1.00473364656011,0.843478674615053,1.19681709912902,,,,,,,1,1,0,0,log_odds,log_odds,FALSE
Wald ratio,1,0.0851942857767473,0.136182818280622,0.531585458126599,PRADC1,ENSG00000135617,BBJ_Graves,1.08892860948857,0.833831414408805,1.42206865329419,,,,,,,1,1,0,0,log_odds,log_odds,FALSE
Wald ratio,1,-0.431388631295225,0.417866092404777,0.301903063570564,PRB3,ENSG00000197870,BBJ_Graves,0.649606404333673,0.28638845014679,1.47348288778766,,,,,,,1,1,0,0,log_odds,log_odds,FALSE
Inverse variance weighted,2,0.11153056605114,0.0623380788139546,0.0735948138821286,PRCP,ENSG00000137509,BBJ_Graves,1.11798791595909,0.989404463949687,1.26328213159761,,,0.207400467781997,0.648812565236626,,,3,2,0,1,log_odds,log_odds,FALSE
Wald ratio,1,0.147255189833956,0.222273374452631,0.507653488721232,PREP,ENSG00000085377,BBJ_Graves,1.15864960090563,0.749461279841242,1.79124517008157,,,,,,,1,1,0,0,log_odds,log_odds,FALSE
Inverse variance weighted,2,-0.0819543966058573,0.14119959768183,0.561634638776733,PRG4,ENSG00000116690,BBJ_Graves,0.921313972782579,0.698579977395987,1.21506407843016,,,0.574027505709312,0.448662916739203,,,2,2,1,0,log_odds,log_odds,FALSE
Wald ratio,1,-0.0562079234999689,0.309081649787832,0.855696824830122,PRKAA1,ENSG00000132356,BBJ_Graves,0.945342556521348,0.515814560440417,1.73254618560452,,,,,,,1,1,0,0,log_odds,log_odds,FALSE
Wald ratio,1,0.0193283603210815,0.280948306458691,0.945151320317172,PRKAB1,ENSG00000111725,BBJ_Graves,1.01951636238114,0.587822457127756,1.76824413657433,,,,,,,8,1,0,7,log_odds,log_odds,FALSE
Inverse variance weighted,3,-0.0823921938277971,0.132747057249566,0.534816386351413,PRKCA,ENSG00000154229,BBJ_Graves,0.920910712364347,0.709938859498638,1.19457686926213,0.0679063055894398,0.370634657912239,2.37102486296374,0.305589545666356,,,3,3,1,0,log_odds,log_odds,FALSE
MR Egger,3,-0.537948304354699,0.323730239456583,0.344877530133121,PRKCA,ENSG00000154229,BBJ_Graves,0.583945101791221,0.309604508916261,1.10137892726294,0.0679063055894398,0.370634657912239,2.37102486296374,0.305589545666356,,,3,3,1,0,log_odds,log_odds,FALSE
Weighted median,3,-0.111628359529185,0.129172005271775,0.387486908103096,PRKCA,ENSG00000154229,BBJ_Graves,0.894376582277988,0.694331692297472,1.15205668962112,0.0679063055894398,0.370634657912239,2.37102486296374,0.305589545666356,,,3,3,1,0,log_odds,log_odds,FALSE
Weighted mode,3,-0.156149861644469,0.333320677958272,0.685547159632232,PRKCA,ENSG00000154229,BBJ_Graves,0.855430984470622,0.445099070862574,1.64404335370611,0.0679063055894398,0.370634657912239,2.37102486296374,0.305589545666356,,,3,3,1,0,log_odds,log_odds,FALSE
Inverse variance weighted,4,0.151451934590951,0.0737280334882599,0.0399565900997299,PRKCB,ENSG00000166501,BBJ_Graves,1.16352237528672,1.00696916131628,1.34441487366229,0.0176789436374727,0.750732242136013,1.1552936716343,0.7637454672612,,,4,4,0,0,log_odds,log_odds,FALSE
MR Egger,4,0.0997910271744578,0.159930661063718,0.596334569925093,PRKCB,ENSG00000166501,BBJ_Graves,1.10493999151572,0.807612375783894,1.51173065378762,0.0176789436374727,0.750732242136013,1.1552936716343,0.7637454672612,,,4,4,0,0,log_odds,log_odds,FALSE
Weighted median,4,0.137760611527671,0.0826964925411931,0.095741705854812,PRKCB,ENSG00000166501,BBJ_Graves,1.14770077105173,0.975968942920934,1.34965059024367,0.0176789436374727,0.750732242136013,1.1552936716343,0.7637454672612,,,4,4,0,0,log_odds,log_odds,FALSE
Weighted mode,4,0.133122046196035,0.184658151930051,0.52306418176382,PRKCB,ENSG00000166501,BBJ_Graves,1.14238941410552,0.795481305665328,1.64058358652291,0.0176789436374727,0.750732242136013,1.1552936716343,0.7637454672612,,,4,4,0,0,log_odds,log_odds,FALSE
Wald ratio,1,0.165094694706847,0.212778021102125,0.437807399519255,PRKCD,ENSG00000163932,BBJ_Graves,1.17950480628505,0.777283425103534,1.78986395839359,,,,,,,1,1,0,0,log_odds,log_odds,FALSE
Inverse variance weighted,2,-0.141782373912446,0.350446898269486,0.685789266696799,PRKCE,ENSG00000171132,BBJ_Graves,0.867810094052687,0.436634728696061,1.72476972133831,,,1.03040731408164,0.310063020512569,,,2,2,0,0,log_odds,log_odds,FALSE
Inverse variance weighted,3,-0.183685898783919,0.218328119509529,0.400163340004815,PRKCH,ENSG00000027075,BBJ_Graves,0.832197156917868,0.542477313419996,1.27664713500378,0.145181412604658,0.553732329220491,1.40229999732956,0.496014559595531,,,3,3,1,0,log_odds,log_odds,FALSE
MR Egger,3,-1.91251281494884,2.05999550143176,0.523624190365791,PRKCH,ENSG00000027075,BBJ_Graves,0.147708755102528,0.00260556953093572,8.37355367987559,0.145181412604658,0.553732329220491,1.40229999732956,0.496014559595531,,,3,3,1,0,log_odds,log_odds,FALSE
Weighted median,3,-0.288975196139635,0.269795395849496,0.284128888162265,PRKCH,ENSG00000027075,BBJ_Graves,0.749030784027233,0.441413071440094,1.27102515018428,0.145181412604658,0.553732329220491,1.40229999732956,0.496014559595531,,,3,3,1,0,log_odds,log_odds,FALSE
Weighted mode,3,-0.373320677740964,0.336400161390508,0.3826656021251,PRKCH,ENSG00000027075,BBJ_Graves,0.688444428638196,0.35605680577837,1.33112392076558,0.145181412604658,0.553732329220491,1.40229999732956,0.496014559595531,,,3,3,1,0,log_odds,log_odds,FALSE
Wald ratio,1,0.0152620974692549,0.304956740008785,0.960085124084616,PRKCI,ENSG00000163558,BBJ_Graves,1.01537915805065,0.558526555923996,1.8459190949265,,,,,,,1,1,0,0,log_odds,log_odds,FALSE
Inverse variance weighted,3,0.132742623102472,0.167018560897294,0.426742841015764,PRKCQ,ENSG00000065675,BBJ_Graves,1.14195604739983,0.823152534179734,1.58423081998107,0.0137064749054548,0.773267357251834,0.618862459457506,0.733864237705928,,,3,3,0,0,log_odds,log_odds,FALSE
MR Egger,3,0.0092882228693848,0.371513144744277,0.984087145015277,PRKCQ,ENSG00000065675,BBJ_Graves,1.00933149227295,0.48729892224138,2.09060602188099,0.0137064749054548,0.773267357251834,0.618862459457506,0.733864237705928,,,3,3,0,0,log_odds,log_odds,FALSE
Weighted median,3,0.100025933518197,0.184672877701271,0.5880675900241,PRKCQ,ENSG00000065675,BBJ_Graves,1.10519957941741,0.769562654414849,1.58722113571529,0.0137064749054548,0.773267357251834,0.618862459457506,0.733864237705928,,,3,3,0,0,log_odds,log_odds,FALSE
Weighted mode,3,0.0890953363097204,0.345842310890093,0.820785520974948,PRKCQ,ENSG00000065675,BBJ_Graves,1.09318487157,0.555017522848083,2.15318096138133,0.0137064749054548,0.773267357251834,0.618862459457506,0.733864237705928,,,3,3,0,0,log_odds,log_odds,FALSE
Inverse variance weighted,2,-0.0615524712364265,0.192949611931467,0.749720440730103,PRKCSH,ENSG00000130175,BBJ_Graves,0.94030360555217,0.644207943977404,1.37249296423675,,,0.0122918100764379,0.911720675769207,,,2,2,0,0,log_odds,log_odds,FALSE
Wald ratio,1,-0.0810856950653553,0.250696113724659,0.746360397172329,PRKCZ,ENSG00000067606,BBJ_Graves,0.922114667381984,0.564141553288995,1.50723777541947,,,,,,,2,1,0,1,log_odds,log_odds,FALSE
Wald ratio,1,-0.0914730197223741,0.0852186902906422,0.28309548652984,PRKD1,ENSG00000184304,BBJ_Graves,0.912585937641818,0.772207754826526,1.07848320400341,,,,,,,1,1,0,0,log_odds,log_odds,FALSE
Inverse variance weighted,3,-0.0471873735614634,0.0333932401807324,0.15763173007199,PRKD2,ENSG00000105287,BBJ_Graves,0.953908643584148,0.893473928110215,1.01843117261313,-0.0310787863457863,0.61366232957787,0.497240172186225,0.779876202925418,,,6,3,1,3,log_odds,log_odds,FALSE
MR Egger,3,-0.0200747609716337,0.0513833072034863,0.762889854864026,PRKD2,ENSG00000105287,BBJ_Graves,0.980125395440741,0.886223552962294,1.08397682230044,-0.0310787863457863,0.61366232957787,0.497240172186225,0.779876202925418,,,6,3,1,3,log_odds,log_odds,FALSE
Weighted median,3,-0.043966840122136,0.0342804681133858,0.199645423444421,PRKD2,ENSG00000105287,BBJ_Graves,0.956985690475526,0.894798650411572,1.02349462792962,-0.0310787863457863,0.61366232957787,0.497240172186225,0.779876202925418,,,6,3,1,3,log_odds,log_odds,FALSE
Weighted mode,3,-0.0386564536541104,0.0784450963672427,0.670953341660642,PRKD2,ENSG00000105287,BBJ_Graves,0.962081171849528,0.824969516906856,1.12198106991615,-0.0310787863457863,0.61366232957787,0.497240172186225,0.779876202925418,,,6,3,1,3,log_odds,log_odds,FALSE
Wald ratio,1,0.237580159391761,0.366875187332513,0.517258178379613,PRKD3,ENSG00000115825,BBJ_Graves,1.2681766489853,0.617858873410389,2.60297631424217,,,,,,,5,1,0,4,log_odds,log_odds,FALSE
Inverse variance weighted,2,-0.29238826011912,0.376849341714228,0.437822360802918,PRKG1,ENSG00000185532,BBJ_Graves,0.746478651811496,0.356645506373509,1.56242085671123,,,0.7216995868805,0.395586979132712,,,2,2,0,0,log_odds,log_odds,FALSE
Inverse variance weighted,3,0.00572374704524505,0.0267284871947146,0.830434709567599,PRKG2,ENSG00000138669,BBJ_Graves,1.00574015898302,0.954407940967474,1.05983324736991,-0.0181978462408959,0.686564321738913,0.489173770976622,0.783027951643766,,,3,3,1,0,log_odds,log_odds,FALSE
MR Egger,3,0.0272899216539086,0.0482791060674466,0.67247282088472,PRKG2,ENSG00000138669,BBJ_Graves,1.02766570211769,0.934879975634899,1.12966030167864,-0.0181978462408959,0.686564321738913,0.489173770976622,0.783027951643766,,,3,3,1,0,log_odds,log_odds,FALSE
Weighted median,3,0.0057290004583808,0.028598946670837,0.841228695848007,PRKG2,ENSG00000138669,BBJ_Graves,1.00574544256546,0.950920386963285,1.06373142179803,-0.0181978462408959,0.686564321738913,0.489173770976622,0.783027951643766,,,3,3,1,0,log_odds,log_odds,FALSE
Weighted mode,3,0.00910515533596873,0.100005539276247,0.935753400188151,PRKG2,ENSG00000138669,BBJ_Graves,1.00914673335846,0.829521955252813,1.22766748125151,-0.0181978462408959,0.686564321738913,0.489173770976622,0.783027951643766,,,3,3,1,0,log_odds,log_odds,FALSE
Wald ratio,1,-0.213303156007747,0.355207953347941,0.54817159783444,PRLR,ENSG00000113494,BBJ_Graves,0.807911176960756,0.402721209380213,1.62077500428311,,,,,,,1,1,0,0,log_odds,log_odds,FALSE
Wald ratio,1,0.17770286867705,0.233796811470885,0.447210376024324,PRMT3,ENSG00000185238,BBJ_Graves,1.19447035394497,0.755376573065942,1.88880550089401,,,,,,,1,1,0,0,log_odds,log_odds,FALSE
Inverse variance weighted,2,-0.160740356101641,0.153667762068804,0.295549384142524,PRNP,ENSG00000171867,BBJ_Graves,0.851513132596527,0.630066966158087,1.15078976351607,,,0.547297439452032,0.459424066296927,,,2,2,0,0,log_odds,log_odds,FALSE
Wald ratio,1,0.200589402593497,0.171820942294879,0.243035634356198,PROC,ENSG00000115718,BBJ_Graves,1.22212286831008,0.872685845364476,1.71147992508423,,,,,,,1,1,0,0,log_odds,log_odds,FALSE
Wald ratio,1,-0.281895571112215,0.28458128725539,0.32189922251886,PROCR,ENSG00000101000,BBJ_Graves,0.754352456608019,0.431850897870229,1.31769467563213,,,,,,,1,1,0,0,log_odds,log_odds,FALSE
Inverse variance weighted,2,0.00695384285717783,0.0708275804226951,0.921789464188106,PROK2,ENSG00000163421,BBJ_Graves,1.00697807696324,0.876456491488018,1.15693689000243,,,0.226574017530394,0.634075861481326,,,3,2,1,1,log_odds,log_odds,FALSE
Wald ratio,1,-0.197257576932997,0.156283520618176,0.206884845735488,PROS1,ENSG00000184500,BBJ_Graves,0.820979140786891,0.604367225025491,1.11522716934022,,,,,,,1,1,0,0,log_odds,log_odds,FALSE
Wald ratio,1,0.259327132264118,0.159447939899994,0.1038632538022,PROZ,ENSG00000126231,BBJ_Graves,1.29605771778211,0.948199050448578,1.77153268296135,,,,,,,1,1,1,0,log_odds,log_odds,FALSE
Wald ratio,1,-0.499569999267822,0.357845412136611,0.162699513305734,PRPF4,ENSG00000136875,BBJ_Graves,0.606791524422387,0.30090911388465,1.22361183866298,,,,,,,1,1,1,0,log_odds,log_odds,FALSE
Wald ratio,1,-0.169179406120935,0.647767606600878,0.793959102149494,PRPF4B,ENSG00000112739,BBJ_Graves,0.844357406909687,0.237211313950756,3.0055034843374,,,,,,,1,1,0,0,log_odds,log_odds,FALSE
Inverse variance weighted,2,-0.0599601033395272,0.0842412370713075,0.476609285789342,PRR4,ENSG00000111215,BBJ_Graves,0.941802107593624,0.798457986692542,1.11088025250017,,,0.632193016873479,0.42655204021373,,,4,2,0,2,log_odds,log_odds,FALSE
Wald ratio,1,-0.308855637901514,0.370009776140074,0.403873738032579,PRRT3,ENSG00000163704,BBJ_Graves,0.734286765553577,0.355555188762671,1.51643702892782,,,,,,,6,1,0,5,log_odds,log_odds,FALSE
Wald ratio,1,-0.0187618852938699,0.17057773101001,0.912417116596774,PRSS22,ENSG00000005001,BBJ_Graves,0.98141302329627,0.702510986975691,1.37104122234725,,,,,,,2,1,0,1,log_odds,log_odds,FALSE
Wald ratio,1,-0.286505448086288,0.376951942073462,0.447219743765109,PRSS33,ENSG00000103355,BBJ_Graves,0.750882987644638,0.358677632127283,1.57195545702179,,,,,,,1,1,0,0,log_odds,log_odds,FALSE
Wald ratio,1,1.79237161781905,0.377189421042395,2.01500271822364e-06,PRSS36,ENSG00000178226,BBJ_Graves,6.00367401595307,2.86646726249141,12.5743985153704,,,,,,,1,1,0,0,log_odds,log_odds,FALSE
Wald ratio,1,0.186860223309042,2.65025581866663,0.943790538758688,PRSS53,ENSG00000151006,BBJ_Graves,1.20545877823443,0.00668665733100939,217.317980283444,,,,,,,2,1,0,1,log_odds,log_odds,FALSE
Wald ratio,1,-0.163322444432812,0.120019377698553,0.173576703705191,PSAP,ENSG00000197746,BBJ_Graves,0.849317286627146,0.671285717113612,1.07456457805375,,,,,,,1,1,0,0,log_odds,log_odds,FALSE
Inverse variance weighted,3,-0.074249388101321,0.115386821396195,0.519911135051081,PSEN1,ENSG00000080815,BBJ_Graves,0.92844012304751,0.740516355779196,1.16405404871503,0.0250759198393956,0.668389576808302,0.436046751595018,0.80410664481276,,,4,3,1,1,log_odds,log_odds,FALSE
MR Egger,3,-0.172838755514888,0.206980850390075,0.557072545961001,PSEN1,ENSG00000080815,BBJ_Graves,0.841273254581524,0.560726944285803,1.26218419872018,0.0250759198393956,0.668389576808302,0.436046751595018,0.80410664481276,,,4,3,1,1,log_odds,log_odds,FALSE
Weighted median,3,-0.0834090171394204,0.119322815662049,0.484539623496299,PSEN1,ENSG00000080815,BBJ_Graves,0.919974784801213,0.728125587153709,1.16237311200461,0.0250759198393956,0.668389576808302,0.436046751595018,0.80410664481276,,,4,3,1,1,log_odds,log_odds,FALSE
Weighted mode,3,-0.103647380335692,0.271743175835916,0.739602037881166,PSEN1,ENSG00000080815,BBJ_Graves,0.901543143219093,0.529266070387314,1.5356738029524,0.0250759198393956,0.668389576808302,0.436046751595018,0.80410664481276,,,4,3,1,1,log_odds,log_odds,FALSE
Inverse variance weighted,2,0.111204415849604,0.250471471993322,0.657056779047267,PSEN2,ENSG00000143801,BBJ_Graves,1.11762334343092,0.684053143462347,1.82600131249958,,,0.109813037057995,0.740357090891528,,,2,2,0,0,log_odds,log_odds,FALSE
Wald ratio,1,-0.0758862286438231,0.2947035528249,0.796792648226213,PSENEN,ENSG00000205155,BBJ_Graves,0.926921657694675,0.520219109266952,1.65158054404063,,,,,,,1,1,0,0,log_odds,log_odds,FALSE
Wald ratio,1,0.00474171011925068,0.0355174266427639,0.893794988237517,PSKH1,ENSG00000159792,BBJ_Graves,1.00475296981638,0.937186997609756,1.07719007298393,,,,,,,2,1,0,1,log_odds,log_odds,FALSE
Wald ratio,1,-2.70590314736938,4.36526321141336,0.535342255950988,PSMA2,ENSG00000106588,BBJ_Graves,0.0668099573535453,1.28544687846168e-05,347.238806703874,,,,,,,1,1,0,0,log_odds,log_odds,FALSE
Wald ratio,1,0.125885426889247,0.160963197064589,0.434170006823561,PSMA4,ENSG00000041357,BBJ_Graves,1.13415221749111,0.827287965709053,1.55484100549865,,,,,,,1,1,0,0,log_odds,log_odds,FALSE
Inverse variance weighted,2,-0.106961293964555,0.0966649461280959,0.268503312280338,PSMB1,ENSG00000008018,BBJ_Graves,0.898560452029928,0.743471691558067,1.08600084592349,,,0.0362323764788758,0.8490364109501,,,4,2,0,2,log_odds,log_odds,FALSE
Wald ratio,1,0.00781900157132615,0.36228634108877,0.982781088785678,PSMB11,ENSG00000222028,BBJ_Graves,1.00784964979153,0.495463184850325,2.05012389950176,,,,,,,1,1,0,0,log_odds,log_odds,FALSE
Wald ratio,1,0.0115021487400304,0.0361493603629069,0.750345354843993,PSMB2,ENSG00000126067,BBJ_Graves,1.01156855280511,0.942376316384771,1.08584110108983,,,,,,,2,1,1,1,log_odds,log_odds,FALSE
Inverse variance weighted,2,-0.0270746205924665,0.0697902945458806,0.698058593800397,PSMB3,ENSG00000108294,BBJ_Graves,0.973288611441694,0.848857799968327,1.11595925866199,,,0.00623667696955994,0.937054389722474,,,3,2,0,1,log_odds,log_odds,FALSE
Wald ratio,1,0.187529351763959,0.310818064084488,0.546281712941338,PSMB4,ENSG00000159377,BBJ_Graves,1.20626565492615,0.655947808221161,2.21828141205376,,,,,,,1,1,0,0,log_odds,log_odds,FALSE
Wald ratio,1,0.236832261319105,0.496550222750987,0.633393951009242,PSMB5,ENSG00000100804,BBJ_Graves,1.26722853670361,0.478831664103167,3.35372174528954,,,,,,,3,1,0,2,log_odds,log_odds,FALSE
Wald ratio,1,0.00298990357335987,0.178220304793223,0.986614959485866,PSMB6,ENSG00000142507,BBJ_Graves,1.0029943777931,0.707284779859113,1.42233757961674,,,,,,,1,1,0,0,log_odds,log_odds,FALSE
Inverse variance weighted,2,-0.0268220849476352,0.0793379346269485,0.73530749881691,PSMB7,ENSG00000136930,BBJ_Graves,0.973534432546781,0.83333093331804,1.137326425146,,,0.674065188790135,0.411637877318558,,,2,2,0,0,log_odds,log_odds,FALSE
Wald ratio,1,0.221957611486012,0.0493457422287015,6.85926713336333e-06,PSMB8,ENSG00000204264,BBJ_Graves,1.24851845390066,1.13342039227587,1.37530464455512,,,,,,,1,1,0,0,log_odds,log_odds,FALSE
Inverse variance weighted,2,-0.131497879009701,0.05892757988509,0.025646922109369,PSMB9,ENSG00000240065,BBJ_Graves,0.876781134780106,0.781143868418189,0.984127494801943,,,0.707371735363283,0.400317715229933,,,2,2,0,0,log_odds,log_odds,FALSE
Wald ratio,1,-0.370950045256213,0.403027634401387,0.357359348112328,PSMG3,ENSG00000157778,BBJ_Graves,0.6900784133881,0.313209116189045,1.52041620760747,,,,,,,2,1,0,1,log_odds,log_odds,FALSE
Inverse variance weighted,2,-0.149512203669513,0.0694832016172046,0.031415093938287,PTGDR,ENSG00000168229,BBJ_Graves,0.861127929034922,0.751488570485746,0.986763258002258,,,0.174363067936138,0.676262968087739,,,4,2,0,2,log_odds,log_odds,FALSE
Wald ratio,1,0.115770647964201,0.508759937196732,0.819992542420556,PTGDR2,ENSG00000183134,BBJ_Graves,1.12273834027764,0.414203106958682,3.04329291488183,,,,,,,1,1,0,0,log_odds,log_odds,FALSE
Wald ratio,1,0.00323901628018431,0.123553148391887,0.979085396635985,PTGDS,ENSG00000107317,BBJ_Graves,1.00324426756155,0.78747381898533,1.27813653753212,,,,,,,1,1,0,0,log_odds,log_odds,FALSE
Inverse variance weighted,2,-0.0730898862681363,0.0741778823788309,0.324460720881493,PTGER2,ENSG00000125384,BBJ_Graves,0.929517275431587,0.803740730967051,1.0749764594936,,,0.750064969904704,0.386455661695644,,,3,2,0,1,log_odds,log_odds,FALSE
Inverse variance weighted,2,0.0777808536185127,0.099431780853338,0.434065637937249,PTGER4,ENSG00000171522,BBJ_Graves,1.08088576051013,0.889491403043807,1.31346297814192,,,0.242625558467565,0.62231619620213,,,3,2,0,1,log_odds,log_odds,FALSE
Inverse variance weighted,3,0.0444529581587144,0.156255730253046,0.776036046566225,PTGFR,ENSG00000122420,BBJ_Graves,1.04545579538808,0.769658573786203,1.42008139366758,-0.0578318263830838,0.416319171020078,1.83461854812404,0.399592790540066,,,3,3,0,0,log_odds,log_odds,FALSE
MR Egger,3,0.446242563017568,0.345329655866377,0.419276505277857,PTGFR,ENSG00000122420,BBJ_Graves,1.56243040840785,0.794054196521628,3.07433521768564,-0.0578318263830838,0.416319171020078,1.83461854812404,0.399592790540066,,,3,3,0,0,log_odds,log_odds,FALSE
Weighted median,3,0.0460755765134341,0.157840414785813,0.770353591651189,PTGFR,ENSG00000122420,BBJ_Graves,1.04715354818064,0.768517736828654,1.42681229192215,-0.0578318263830838,0.416319171020078,1.83461854812404,0.399592790540066,,,3,3,0,0,log_odds,log_odds,FALSE
Weighted mode,3,0.127149370437316,0.515900566429809,0.828313443490445,PTGFR,ENSG00000122420,BBJ_Graves,1.13558662818504,0.413120591405975,3.12150257561339,-0.0578318263830838,0.416319171020078,1.83461854812404,0.399592790540066,,,3,3,0,0,log_odds,log_odds,FALSE
Wald ratio,1,-1.17199902760214,0.660210555227859,0.0758665573227235,PTGFRN,ENSG00000134247,BBJ_Graves,0.30974712890052,0.0849228810701269,1.12976953505485,,,,,,,2,1,0,1,log_odds,log_odds,FALSE
Wald ratio,1,0.061275237611714,0.490728215397565,0.90062968692124,PTGIR,ENSG00000160013,BBJ_Graves,1.06319150420987,0.406345268982023,2.78181207192561,,,,,,,2,1,0,1,log_odds,log_odds,FALSE
Wald ratio,1,-0.220050069265565,0.385197490501526,0.567819627426096,PTGS1,ENSG00000095303,BBJ_Graves,0.802478617441576,0.377178340882884,1.70734069709188,,,,,,,2,1,0,1,log_odds,log_odds,FALSE
Inverse variance weighted,3,-0.0731136650199143,0.172034659908606,0.67084118947222,PTGS2,ENSG00000073756,BBJ_Graves,0.929495172933807,0.66345012443597,1.3022249068711,-0.071332809461885,0.258175984469288,5.46436523407469,0.0650770961687603,,,3,3,0,0,log_odds,log_odds,FALSE
MR Egger,3,0.174147281877086,0.148667866045432,0.449856313484786,PTGS2,ENSG00000073756,BBJ_Graves,1.19023085234588,0.889370174767778,1.59286821400988,-0.071332809461885,0.258175984469288,5.46436523407469,0.0650770961687603,,,3,3,0,0,log_odds,log_odds,FALSE
Weighted median,3,-0.03783757657676,0.108515896070538,0.727327803761373,PTGS2,ENSG00000073756,BBJ_Graves,0.962869320722186,0.778389114335296,1.19107180677843,-0.071332809461885,0.258175984469288,5.46436523407469,0.0650770961687603,,,3,3,0,0,log_odds,log_odds,FALSE
Weighted mode,3,-0.00698681494149467,0.363912457818039,0.986425391846375,PTGS2,ENSG00000073756,BBJ_Graves,0.993037536104929,0.486628036932288,2.02644211445335,-0.071332809461885,0.258175984469288,5.46436523407469,0.0650770961687603,,,3,3,0,0,log_odds,log_odds,FALSE
Inverse variance weighted,2,-0.283949556624607,0.374549068586622,0.448384874373173,PTH2R,ENSG00000144407,BBJ_Graves,0.752804617754375,0.361293102767238,1.56857351599489,,,0.98755081538177,0.320341714231422,,,2,2,0,0,log_odds,log_odds,FALSE
Inverse variance weighted,3,-0.239167770275417,0.284933954845368,0.401256285954031,PTK2,ENSG00000169398,BBJ_Graves,0.787282788642016,0.450391388607421,1.37616793964106,0.0774856902192945,0.40557705188051,6.25013698999206,0.0439339242663775,,,3,3,0,0,log_odds,log_odds,FALSE
MR Egger,3,-0.890516720319584,0.538318096643968,0.34614440744971,PTK2,ENSG00000169398,BBJ_Graves,0.410443613393623,0.14289857162226,1.17890583413902,0.0774856902192945,0.40557705188051,6.25013698999206,0.0439339242663775,,,3,3,0,0,log_odds,log_odds,FALSE
Weighted median,3,-0.181203266615141,0.183118664504225,0.32239894700831,PTK2,ENSG00000169398,BBJ_Graves,0.834265763082021,0.582680745456778,1.19447805488272,0.0774856902192945,0.40557705188051,6.25013698999206,0.0439339242663775,,,3,3,0,0,log_odds,log_odds,FALSE
Weighted mode,3,-0.508241180299183,0.669052414630344,0.526796860323442,PTK2,ENSG00000169398,BBJ_Graves,0.60155267161185,0.162093181774192,2.2324542757601,0.0774856902192945,0.40557705188051,6.25013698999206,0.0439339242663775,,,3,3,0,0,log_odds,log_odds,FALSE
Inverse variance weighted,2,-0.0631943561275435,0.0907601053736573,0.486254116913598,PTK2B,ENSG00000120899,BBJ_Graves,0.938761002004424,0.785775490649918,1.12153182349254,,,1.3806796966921,0.239985404202306,,,3,2,0,1,log_odds,log_odds,FALSE
Inverse variance weighted,2,0.00508519460466655,0.502938862586109,0.991932758761939,PTK6,ENSG00000101213,BBJ_Graves,1.00509814615116,0.375057858318345,2.6935105104211,,,1.12041416110958,0.289829291829616,,,2,2,0,0,log_odds,log_odds,FALSE
Wald ratio,1,-0.0218270673733997,0.860336445000952,0.979759532352729,PTK7,ENSG00000112655,BBJ_Graves,0.978409419332823,0.181212210718006,5.28267376710543,,,,,,,2,1,0,1,log_odds,log_odds,FALSE
Wald ratio,1,-0.044617659954228,0.239437707242334,0.852175398202514,PTP4A1,ENSG00000112245,BBJ_Graves,0.956363067838693,0.598148895945332,1.52910140556279,,,,,,,4,1,1,3,log_odds,log_odds,FALSE
Wald ratio,1,0.584757815695746,0.601003599773251,0.330568755598484,PTP4A2,ENSG00000184007,BBJ_Graves,1.79455631963367,0.552551167035191,5.82829713602257,,,,,,,1,1,0,0,log_odds,log_odds,FALSE
Wald ratio,1,-0.167336276116335,0.166075980465323,0.31365197082391,PTPN11,ENSG00000179295,BBJ_Graves,0.845915102457695,0.61088582819954,1.1713684088482,,,,,,,1,1,1,0,log_odds,log_odds,FALSE
Inverse variance weighted,2,-0.240774019184397,0.24986724108895,0.33524260137843,PTPN12,ENSG00000127947,BBJ_Graves,0.78601923158694,0.481661443205419,1.28269812985847,,,6.35425722923955,0.0117099958567084,,,3,2,0,1,log_odds,log_odds,FALSE
Wald ratio,1,0.295149355047816,0.266024171329199,0.267221777928148,PTPN13,ENSG00000163629,BBJ_Graves,1.34332697636906,0.797512300388521,2.26269533969788,,,,,,,1,1,0,0,log_odds,log_odds,FALSE
Inverse variance weighted,2,0.486790454868869,0.274617510741915,0.0762929253468152,PTPN2,ENSG00000175354,BBJ_Graves,1.62708562578329,0.949841769970849,2.78720910927286,,,0.000259370619004985,0.987150634665685,,,2,2,0,0,log_odds,log_odds,FALSE
Wald ratio,1,0.00978098919543484,0.153964600846157,0.949346446038217,PTPN22,ENSG00000134242,BBJ_Graves,1.00982897940655,0.746776281150998,1.36554225594517,,,,,,,2,1,0,1,log_odds,log_odds,FALSE
Inverse variance weighted,2,0.221282336812892,0.0763261540865002,0.00374154461668237,PTPN7,ENSG00000143851,BBJ_Graves,1.24767564560539,1.07431481267191,1.44901149856178,,,0.048971903577058,0.824861992535096,,,4,2,0,2,log_odds,log_odds,FALSE
Wald ratio,1,0.0395144552495613,0.21788972729585,0.856092310409741,PTPRA,ENSG00000132670,BBJ_Graves,1.04030553665242,0.678718097791801,1.59452888188885,,,,,,,1,1,0,0,log_odds,log_odds,FALSE
Inverse variance weighted,2,0.270449591334898,0.170062466065582,0.11176819019986,PTPRB,ENSG00000127329,BBJ_Graves,1.31055353181227,0.939062875310365,1.82900485675995,,,0.294727812999042,0.58720664439042,,,2,2,0,0,log_odds,log_odds,FALSE
Wald ratio,1,-0.555634056749176,2.93321360122491,0.849757041389426,PTPRC,ENSG00000081237,BBJ_Graves,0.573708382176875,0.00182763460250712,180.09141834396,,,,,,,2,1,0,1,log_odds,log_odds,FALSE
Wald ratio,1,-0.0459840975770777,0.417541024584743,0.912305697871506,PTPRF,ENSG00000142949,BBJ_Graves,0.955057149792665,0.421319213501886,2.16494793054579,,,,,,,1,1,0,0,log_odds,log_odds,FALSE
Wald ratio,1,0.526971669407193,0.72545606696224,0.467593268186478,PTPRG,ENSG00000144724,BBJ_Graves,1.69379516234783,0.40863938062448,7.02071848192559,,,,,,,2,1,0,1,log_odds,log_odds,FALSE
Wald ratio,1,0.216704243220864,0.146508311593862,0.139106660110649,PTPRJ,ENSG00000149177,BBJ_Graves,1.24197672477739,0.931972428859309,1.65509851699875,,,,,,,1,1,0,0,log_odds,log_odds,FALSE
Inverse variance weighted,2,0.0628811870658059,0.269729496894331,0.81566290853797,PTPRN,ENSG00000054356,BBJ_Graves,1.06490030778448,0.627639936259513,1.80678857415884,,,7.45601708588786,0.00632247444269886,,,2,2,0,0,log_odds,log_odds,FALSE
Wald ratio,1,-0.66596779583661,0.379369014547632,0.079180357022172,PVR,ENSG00000073008,BBJ_Graves,0.513776056691656,0.244257797490453,1.08068540346167,,,,,,,2,1,0,1,log_odds,log_odds,FALSE
Wald ratio,1,1.10086948585501,0.66681993626651,0.0987539568741224,PVRL1,ENSG00000110400,BBJ_Graves,3.00677923972281,0.813753658817024,11.1098995358999,,,,,,,1,1,0,0,log_odds,log_odds,FALSE
Inverse variance weighted,2,0.0428239745418549,0.061873921407347,0.488864042504285,PVRL2,ENSG00000130202,BBJ_Graves,1.04375415137664,0.924549292638712,1.17832844304785,,,1.57658055272394,0.209253925605163,,,5,2,0,3,log_odds,log_odds,FALSE
Inverse variance weighted,2,0.116169070656688,0.237970209632044,0.625431951785835,PVRL3,ENSG00000177707,BBJ_Graves,1.12318575383407,0.704510150101413,1.79067148632879,,,0.340182127740795,0.559724113202575,,,3,2,0,1,log_odds,log_odds,FALSE
Inverse variance weighted,2,0.0138129142041747,0.065385323901155,0.832689039853799,PXDN,ENSG00000130508,BBJ_Graves,1.01390875326743,0.891952569838997,1.15253993846094,,,1.06688560511457,0.301649974907483,,,6,2,0,4,log_odds,log_odds,FALSE
Wald ratio,1,0.512112445427043,0.81857980522122,0.53157019018068,PXDNL,ENSG00000147485,BBJ_Graves,1.66881274995217,0.335442751730627,8.30226910563666,,,,,,,1,1,0,0,log_odds,log_odds,FALSE
Wald ratio,1,-0.164044870355419,0.105862820495154,0.121237907526007,PYGL,ENSG00000100504,BBJ_Graves,0.84870393937842,0.689674178128473,1.04440386425816,,,,,,,2,1,0,1,log_odds,log_odds,FALSE
Inverse variance weighted,3,0.0410806720015088,0.0507513033517621,0.418256017673979,PZP,ENSG00000126838,BBJ_Graves,1.04193615723037,0.943280219921771,1.15091033694529,-0.000805390328322839,0.988546450317109,0.159880386894761,0.923171556443925,,,4,3,0,1,log_odds,log_odds,FALSE
MR Egger,3,0.0429066590489783,0.11346531637145,0.769844432641581,PZP,ENSG00000126838,BBJ_Graves,1.04384045724223,0.835700184635971,1.3038203415622,-0.000805390328322839,0.988546450317109,0.159880386894761,0.923171556443925,,,4,3,0,1,log_odds,log_odds,FALSE
Weighted median,3,0.0420204293972136,0.051482504978269,0.41438121568296,PZP,ENSG00000126838,BBJ_Graves,1.04291578467395,0.942814922341629,1.15364458935449,-0.000805390328322839,0.988546450317109,0.159880386894761,0.923171556443925,,,4,3,0,1,log_odds,log_odds,FALSE
Weighted mode,3,0.0410272683128406,0.131329542875088,0.78430031162306,PZP,ENSG00000126838,BBJ_Graves,1.04188051548197,0.805430279455283,1.34774546752218,-0.000805390328322839,0.988546450317109,0.159880386894761,0.923171556443925,,,4,3,0,1,log_odds,log_odds,FALSE
Inverse variance weighted,4,-0.0500287720317801,0.0690092100513883,0.468477858137869,QDPR,ENSG00000151552,BBJ_Graves,0.951202056091206,0.830865937602648,1.08896671600568,-0.0245674061703155,0.54157971177104,2.15936226143468,0.539997027463902,,,5,4,0,1,log_odds,log_odds,FALSE
MR Egger,4,0.0266951517794025,0.125796116628943,0.851606456367361,QDPR,ENSG00000151552,BBJ_Graves,1.02705465924996,0.802626955240705,1.31423604228532,-0.0245674061703155,0.54157971177104,2.15936226143468,0.539997027463902,,,5,4,0,1,log_odds,log_odds,FALSE
Weighted median,4,-0.0453012294794394,0.0734042785855692,0.537137777811009,QDPR,ENSG00000151552,BBJ_Graves,0.95570955057817,0.827642802595549,1.10359292946413,-0.0245674061703155,0.54157971177104,2.15936226143468,0.539997027463902,,,5,4,0,1,log_odds,log_odds,FALSE
Weighted mode,4,-0.0448045215218731,0.22264270145349,0.853383081420467,QDPR,ENSG00000151552,BBJ_Graves,0.956184377032341,0.618051052093561,1.47930912791703,-0.0245674061703155,0.54157971177104,2.15936226143468,0.539997027463902,,,5,4,0,1,log_odds,log_odds,FALSE
Inverse variance weighted,2,-0.132501918532131,0.156591164858381,0.39746086242995,QPCT,ENSG00000115828,BBJ_Graves,0.875901253659892,0.644409682843103,1.19055164220704,,,0.0946076592623803,0.758399215415353,,,2,2,0,0,log_odds,log_odds,FALSE
Inverse variance weighted,3,-0.0406738136580975,0.0859989374163832,0.63624373951936,QSOX1,ENSG00000116260,BBJ_Graves,0.960142264167825,0.811207232002736,1.13642128801708,-0.104820240427229,0.313041974785436,4.21137406528286,0.121761991063479,,,4,3,0,1,log_odds,log_odds,FALSE
MR Egger,3,0.310128191318092,0.197016768272085,0.360297614739173,QSOX1,ENSG00000116260,BBJ_Graves,1.36359990459775,0.926793338119482,2.00627758459273,-0.104820240427229,0.313041974785436,4.21137406528286,0.121761991063479,,,4,3,0,1,log_odds,log_odds,FALSE
Weighted median,3,-0.0254207320369922,0.0650968564559998,0.696162203548656,QSOX1,ENSG00000116260,BBJ_Graves,0.974899654212701,0.858120650835423,1.10757075343514,-0.104820240427229,0.313041974785436,4.21137406528286,0.121761991063479,,,4,3,0,1,log_odds,log_odds,FALSE
Weighted mode,3,0.000377056755499039,0.178589778983758,0.998507086502357,QSOX1,ENSG00000116260,BBJ_Graves,1.00037712785033,0.704928492739319,1.4196537779842,-0.104820240427229,0.313041974785436,4.21137406528286,0.121761991063479,,,4,3,0,1,log_odds,log_odds,FALSE
Wald ratio,1,-0.274928195903111,0.290147207578334,0.343359978433149,RAF1,ENSG00000132155,BBJ_Graves,0.759626665573458,0.430151966288166,1.34146235812784,,,,,,,1,1,0,0,log_odds,log_odds,FALSE
Inverse variance weighted,3,-0.231946545642239,0.12963407590845,0.0735760833027093,RAMP1,ENSG00000132329,BBJ_Graves,0.792988510865334,0.615063764508375,1.02238306765974,-0.0367621718439491,0.694291934186496,0.656685013155213,0.720116332881129,,,3,3,0,0,log_odds,log_odds,FALSE
MR Egger,3,-0.0156611667961335,0.435002445491203,0.977090004509991,RAMP1,ENSG00000132329,BBJ_Graves,0.984460831567348,0.419678658245182,2.30929810189223,-0.0367621718439491,0.694291934186496,0.656685013155213,0.720116332881129,,,3,3,0,0,log_odds,log_odds,FALSE
Weighted median,3,-0.215259105972589,0.139665864281115,0.123257533275961,RAMP1,ENSG00000132329,BBJ_Graves,0.806332487544643,0.6132367514165,1.06023012966544,-0.0367621718439491,0.694291934186496,0.656685013155213,0.720116332881129,,,3,3,0,0,log_odds,log_odds,FALSE
Weighted mode,3,-0.197677861632009,0.260057197449286,0.52656053190126,RAMP1,ENSG00000132329,BBJ_Graves,0.820634168314214,0.492929080300778,1.36620147830158,-0.0367621718439491,0.694291934186496,0.656685013155213,0.720116332881129,,,3,3,0,0,log_odds,log_odds,FALSE
Wald ratio,1,0.0597937335091898,0.094204018234245,0.525607176086296,RAMP3,ENSG00000122679,BBJ_Graves,1.06161754783391,0.882632692035984,1.27689788519973,,,,,,,1,1,0,0,log_odds,log_odds,FALSE
Wald ratio,1,0.579913719214413,0.206907912363538,0.00506669795321016,RARA,ENSG00000131759,BBJ_Graves,1.78588433659896,1.19050098101657,2.67902581733791,,,,,,,1,1,0,0,log_odds,log_odds,FALSE
Wald ratio,1,-0.486247102538786,0.45611204434639,0.286392262004324,RARB,ENSG00000077092,BBJ_Graves,0.614929837814178,0.251521524287146,1.50340495313823,,,,,,,1,1,1,0,log_odds,log_odds,FALSE
Wald ratio,1,0.396350985477738,0.354935642214139,0.264129421833321,RARG,ENSG00000172819,BBJ_Graves,1.48639092763709,0.741320018378103,2.9803026155905,,,,,,,1,1,1,0,log_odds,log_odds,FALSE
Inverse variance weighted,2,-0.0339348300124682,0.201143637093946,0.866025194589002,RASGRP3,ENSG00000152689,BBJ_Graves,0.966634498143033,0.651696472310005,1.43376908223582,,,3.84741991060206,0.0498225769233858,,,2,2,0,0,log_odds,log_odds,FALSE
Wald ratio,1,0.231465259453511,0.172352081696973,0.17927871159177,RB1,ENSG00000139687,BBJ_Graves,1.2604455372502,0.899114561329094,1.76698612246414,,,,,,,1,1,0,0,log_odds,log_odds,FALSE
Inverse variance weighted,2,0.338857706930736,0.291300172986924,0.244724213676894,RBBP9,ENSG00000089050,BBJ_Graves,1.40334364493061,0.792874260172204,2.48384073577998,,,3.3917696121661,0.0655225916529054,,,2,2,0,0,log_odds,log_odds,FALSE
Inverse variance weighted,2,-0.0767496894568603,0.242939185173301,0.752062162181249,RECQL,ENSG00000004700,BBJ_Graves,0.926121642607044,0.575273043636277,1.490946440813,,,0.168557988208961,0.681396561687818,,,2,2,1,0,log_odds,log_odds,FALSE
Wald ratio,1,4.87168404962161,3.30785113027339,0.140814683635803,RELA,ENSG00000173039,BBJ_Graves,130.540568687592,0.199547262546609,85397.5136306346,,,,,,,1,1,0,0,log_odds,log_odds,FALSE
Inverse variance weighted,2,-0.167731624547689,0.130988818400483,0.200368157199198,RELT,ENSG00000054967,BBJ_Graves,0.845580737348596,0.65411656555543,1.0930877171225,,,0.0040390207114134,0.949325925426401,,,3,2,0,1,log_odds,log_odds,FALSE
Wald ratio,1,-0.0896232290710412,0.20775795001499,0.666189974138772,RET,ENSG00000165731,BBJ_Graves,0.914275592850215,0.608457136003626,1.37380237689682,,,,,,,1,1,0,0,log_odds,log_odds,FALSE
Wald ratio,1,-0.0339689037129366,0.0374008192533869,0.363751666034644,RETN,ENSG00000104918,BBJ_Graves,0.966601561889814,0.898279053053684,1.04012063542129,,,,,,,3,1,0,2,log_odds,log_odds,FALSE
Wald ratio,1,0.027609931103783,0.267320007434366,0.917737421085709,RGS12,ENSG00000159788,BBJ_Graves,1.02799461747888,0.608756283012863,1.73595404771079,,,,,,,5,1,0,4,log_odds,log_odds,FALSE
Wald ratio,1,-1.06710517723655,0.319723110740355,0.000845078534440432,RHCE,ENSG00000188672,BBJ_Graves,0.344002904876297,0.183826578440765,0.64374803451756,,,,,,,1,1,0,0,log_odds,log_odds,FALSE
Wald ratio,1,0.219485698043922,0.118387167253334,0.0637441269709468,RIOK1,ENSG00000124784,BBJ_Graves,1.24543603565687,0.987525312353227,1.57070497283403,,,,,,,1,1,0,0,log_odds,log_odds,FALSE
Wald ratio,1,0.278132253140636,0.163587907424779,0.0890932054556716,RIOK2,ENSG00000058729,BBJ_Graves,1.32066084720459,0.958390421998586,1.81986905681089,,,,,,,2,1,0,1,log_odds,log_odds,FALSE
Wald ratio,1,0.15541546118943,0.323661445570254,0.631100047742113,RIOK3,ENSG00000101782,BBJ_Graves,1.168143178458,0.619426659125257,2.20293793506558,,,,,,,1,1,0,0,log_odds,log_odds,FALSE
Inverse variance weighted,2,-0.0318434789598335,0.063481337133816,0.615935173688994,RIPK1,ENSG00000137275,BBJ_Graves,0.968658185601094,0.855330872314117,1.09700083430102,,,0.0267118242138319,0.870173960277795,,,2,2,0,0,log_odds,log_odds,FALSE
Inverse variance weighted,2,-0.0946418674635107,0.27197886835724,0.727858901405716,RIPK2,ENSG00000104312,BBJ_Graves,0.909698668828422,0.533807255762118,1.5502817901692,,,5.38298874073613,0.0203340146050717,,,2,2,0,0,log_odds,log_odds,FALSE
Inverse variance weighted,2,-0.044102417010422,0.184304698701586,0.810880106269789,RIPK3,ENSG00000129465,BBJ_Graves,0.956855954128301,0.666750326343856,1.37318765477229,,,0.0290825676612212,0.864588532025866,,,2,2,0,0,log_odds,log_odds,FALSE
Inverse variance weighted,2,-0.0047941172483121,0.206546710107833,0.981482112693762,RIPK4,ENSG00000183421,BBJ_Graves,0.995217356189458,0.663898721460857,1.49188054449226,,,0.834536746572459,0.360963953371629,,,2,2,0,0,log_odds,log_odds,FALSE
Wald ratio,1,0.0896306685573795,0.143471669577622,0.532150053275593,RLN1,ENSG00000107018,BBJ_Graves,1.09377024535516,0.825658686097021,1.44894418210445,,,,,,,2,1,1,1,log_odds,log_odds,FALSE
Inverse variance weighted,2,0.0707414400674066,0.316667517645487,0.823229324291465,RNASE1,ENSG00000129538,BBJ_Graves,1.07330367666206,0.576991990116376,1.99652820501711,,,2.56815697910167,0.109034696686088,,,2,2,0,0,log_odds,log_odds,FALSE
Inverse variance weighted,4,-0.0669667907673585,0.0557433205860864,0.22961857490975,RNASE2,ENSG00000169385,BBJ_Graves,0.93522625896748,0.838430406216667,1.04319708466809,-0.0260740883915707,0.453029169165498,2.91593494094842,0.404768781565903,,,4,4,0,0,log_odds,log_odds,FALSE
MR Egger,4,0.00464999623852468,0.0958242668296358,0.965706913113686,RNASE2,ENSG00000169385,BBJ_Graves,1.00466082424793,0.832630288435508,1.21223475268364,-0.0260740883915707,0.453029169165498,2.91593494094842,0.404768781565903,,,4,4,0,0,log_odds,log_odds,FALSE
Weighted median,4,-0.0537776971631207,0.0546513525704187,0.325108619344921,RNASE2,ENSG00000169385,BBJ_Graves,0.94764274675892,0.851382016397175,1.05478710871179,-0.0260740883915707,0.453029169165498,2.91593494094842,0.404768781565903,,,4,4,0,0,log_odds,log_odds,FALSE
Weighted mode,4,-0.0541340695126558,0.196412591855874,0.800738692922414,RNASE2,ENSG00000169385,BBJ_Graves,0.947305093255497,0.644614542372674,1.39212952969497,-0.0260740883915707,0.453029169165498,2.91593494094842,0.404768781565903,,,4,4,0,0,log_odds,log_odds,FALSE
Inverse variance weighted,4,-0.0688743263875355,0.0710324098389388,0.332236774298263,RNASE3,ENSG00000169397,BBJ_Graves,0.93344398198442,0.812127566408053,1.0728827631805,-0.0512391413513529,0.449690079220498,3.86137135199097,0.276827862317919,,,4,4,0,0,log_odds,log_odds,FALSE
MR Egger,4,0.07858217310893,0.174079690734644,0.695916918257078,RNASE3,ENSG00000169397,BBJ_Graves,1.08175224245501,0.769038673017706,1.52162427601284,-0.0512391413513529,0.449690079220498,3.86137135199097,0.276827862317919,,,4,4,0,0,log_odds,log_odds,FALSE
Weighted median,4,-0.0601765209188823,0.0661098764626916,0.362690633954364,RNASE3,ENSG00000169397,BBJ_Graves,0.941598307115066,0.827164345505423,1.07186362272447,-0.0512391413513529,0.449690079220498,3.86137135199097,0.276827862317919,,,4,4,0,0,log_odds,log_odds,FALSE
Weighted mode,4,-0.0554805272529322,0.239784631306552,0.831905443021378,RNASE3,ENSG00000169397,BBJ_Graves,0.946030445302654,0.591284254802172,1.51360973367872,-0.0512391413513529,0.449690079220498,3.86137135199097,0.276827862317919,,,4,4,0,0,log_odds,log_odds,FALSE
Inverse variance weighted,2,-0.135884065384796,0.218285518829349,0.533609138874504,RNASE6,ENSG00000169413,BBJ_Graves,0.872943831029544,0.569086018000948,1.33904349786936,,,0.556668014971549,0.45560587389903,,,4,2,1,2,log_odds,log_odds,FALSE
Wald ratio,1,0.275651593947162,0.396547875397667,0.48697499021997,RNASEH1,ENSG00000171865,BBJ_Graves,1.31738879783012,0.605571740351502,2.86590857697706,,,,,,,1,1,0,0,log_odds,log_odds,FALSE
Inverse variance weighted,4,-0.174069040417745,0.157529203639875,0.269161596026702,RNASET2,ENSG00000026297,BBJ_Graves,0.840238885212212,0.617037006008548,1.14417997194301,-0.0692971057513798,0.602912329073239,33.510709345788,2.51303089006689e-07,,,7,4,0,3,log_odds,log_odds,FALSE
MR Egger,4,-0.0132079426350847,0.316969454203578,0.970548031663174,RNASET2,ENSG00000026297,BBJ_Graves,0.98687889948355,0.530217450363765,1.83685007269693,-0.0692971057513798,0.602912329073239,33.510709345788,2.51303089006689e-07,,,7,4,0,3,log_odds,log_odds,FALSE
Weighted median,4,-0.161665049812742,0.050505359415674,0.00136976055552225,RNASET2,ENSG00000026297,BBJ_Graves,0.850726107692464,0.770546285290109,0.939249106933382,-0.0692971057513798,0.602912329073239,33.510709345788,2.51303089006689e-07,,,7,4,0,3,log_odds,log_odds,FALSE
Weighted mode,4,-0.169466794510604,0.972426113553501,0.872748442600417,RNASET2,ENSG00000026297,BBJ_Graves,0.84411478325949,0.125503456736126,5.67737165053011,-0.0692971057513798,0.602912329073239,33.510709345788,2.51303089006689e-07,,,7,4,0,3,log_odds,log_odds,FALSE
Wald ratio,1,0.20222094430376,0.19479403334488,0.299210935557,RNLS,ENSG00000184719,BBJ_Graves,1.22411844023154,0.835624974992857,1.79322782415365,,,,,,,1,1,0,0,log_odds,log_odds,FALSE
Inverse variance weighted,4,0.0159505989172716,0.084068396935151,0.849517896366311,RNPEP,ENSG00000176393,BBJ_Graves,1.01607848878874,0.861721230533838,1.19808524937888,0.0959260617830999,0.433317072169792,5.92460439888772,0.115336560646853,,,6,4,0,2,log_odds,log_odds,FALSE
MR Egger,4,-0.328856447546619,0.364508012926911,0.462175016824826,RNPEP,ENSG00000176393,BBJ_Graves,0.719746330682995,0.352292968426955,1.47046585358983,0.0959260617830999,0.433317072169792,5.92460439888772,0.115336560646853,,,6,4,0,2,log_odds,log_odds,FALSE
Weighted median,4,-0.00509826571532282,0.0759296652169164,0.946466601779248,RNPEP,ENSG00000176393,BBJ_Graves,0.994914708383497,0.857340254400872,1.15456526376398,0.0959260617830999,0.433317072169792,5.92460439888772,0.115336560646853,,,6,4,0,2,log_odds,log_odds,FALSE
Weighted mode,4,-0.0307807841447514,0.243702301406362,0.9074802292915,RNPEP,ENSG00000176393,BBJ_Graves,0.969688120788984,0.601434709916435,1.56341999571311,0.0959260617830999,0.433317072169792,5.92460439888772,0.115336560646853,,,6,4,0,2,log_odds,log_odds,FALSE
Wald ratio,1,0.206648928911309,0.17730418809028,0.243814612000574,ROCK2,ENSG00000134318,BBJ_Graves,1.22955083624957,0.868604585469439,1.74048731058099,,,,,,,1,1,0,0,log_odds,log_odds,FALSE
Wald ratio,1,0.457075649805022,0.76265571850372,0.548958792522019,ROR1,ENSG00000185483,BBJ_Graves,1.57944836469088,0.354258091852877,7.04191998459901,,,,,,,1,1,0,0,log_odds,log_odds,FALSE
Wald ratio,1,0.0349111231818021,0.0535963116624365,0.514806543809408,ROR2,ENSG00000169071,BBJ_Graves,1.03552767030515,0.93226548689556,1.15022766694755,,,,,,,1,1,0,0,log_odds,log_odds,FALSE
Inverse variance weighted,2,0.211348546143069,0.403810049184106,0.600705630711298,RORA,ENSG00000069667,BBJ_Graves,1.2353428540198,0.559831658504916,2.72594795916561,,,0.00269400919237784,0.958605310029497,,,2,2,0,0,log_odds,log_odds,FALSE
Wald ratio,1,0.583018959991666,0.702258325726989,0.406422416521952,RORC,ENSG00000143365,BBJ_Graves,1.79143855659658,0.452301014991787,7.09539000729217,,,,,,,1,1,0,0,log_odds,log_odds,FALSE
Inverse variance weighted,3,0.342509802980592,0.232160535377587,0.140128011268546,RPN1,ENSG00000163902,BBJ_Graves,1.40847816087863,0.893575144743426,2.22008271082972,-0.0286173924213109,0.687941742025173,0.65370574812866,0.721189840951683,,,4,3,0,1,log_odds,log_odds,FALSE
MR Egger,3,0.568244854244947,0.482545153946608,0.448193609265406,RPN1,ENSG00000163902,BBJ_Graves,1.76516620703757,0.68554327868759,4.54502558092663,-0.0286173924213109,0.687941742025173,0.65370574812866,0.721189840951683,,,4,3,0,1,log_odds,log_odds,FALSE
Weighted median,3,0.356685680476736,0.242439117404444,0.141226721189464,RPN1,ENSG00000163902,BBJ_Graves,1.4285867665652,0.888256266132897,2.29760287365073,-0.0286173924213109,0.687941742025173,0.65370574812866,0.721189840951683,,,4,3,0,1,log_odds,log_odds,FALSE
Weighted mode,3,0.359881737478745,0.505243662741922,0.550167923406883,RPN1,ENSG00000163902,BBJ_Graves,1.43315991543288,0.532381020792467,3.85804013100657,-0.0286173924213109,0.687941742025173,0.65370574812866,0.721189840951683,,,4,3,0,1,log_odds,log_odds,FALSE
Wald ratio,1,0.156952249134503,0.210465916802367,0.455826223925283,RPN2,ENSG00000118705,BBJ_Graves,1.16993974693158,0.774481932153571,1.76732206992134,,,,,,,1,1,0,0,log_odds,log_odds,FALSE
Wald ratio,1,-0.329345047844356,0.120602347560383,0.00631741931076123,RPS6KA1,ENSG00000117676,BBJ_Graves,0.719394748310149,0.567947866353302,0.911225896875338,,,,,,,1,1,0,0,log_odds,log_odds,FALSE
Inverse variance weighted,4,-0.321464383378219,0.134375687351879,0.0167440242964626,RPS6KA2,ENSG00000071242,BBJ_Graves,0.725086454697561,0.557194598801618,0.943566875767697,0.0622104048388971,0.153349027791301,6.09863432387284,0.106908826846823,,,5,4,1,1,log_odds,log_odds,FALSE
MR Egger,4,-0.606388958117951,0.157854536575243,0.0615733593282572,RPS6KA2,ENSG00000071242,BBJ_Graves,0.545316478632695,0.400202804222061,0.743048421278328,0.0622104048388971,0.153349027791301,6.09863432387284,0.106908826846823,,,5,4,1,1,log_odds,log_odds,FALSE
Weighted median,4,-0.346483079695806,0.100240156065578,0.000547178842618719,RPS6KA2,ENSG00000071242,BBJ_Graves,0.707170784730836,0.581029478680977,0.860697326256331,0.0622104048388971,0.153349027791301,6.09863432387284,0.106908826846823,,,5,4,1,1,log_odds,log_odds,FALSE
Weighted mode,4,-0.384782113746569,0.584353445788641,0.55725680368277,RPS6KA2,ENSG00000071242,BBJ_Graves,0.680598913197528,0.216510795835398,2.13945396513999,0.0622104048388971,0.153349027791301,6.09863432387284,0.106908826846823,,,5,4,1,1,log_odds,log_odds,FALSE
Wald ratio,1,-0.141007292997993,0.66957612225327,0.833205750665605,RPS6KA4,ENSG00000162302,BBJ_Graves,0.868482977829958,0.233779598877841,3.22638368104363,,,,,,,4,1,1,3,log_odds,log_odds,FALSE
Wald ratio,1,-0.808377130348033,0.653285388129438,0.215937601475423,RPS6KA5,ENSG00000100784,BBJ_Graves,0.445580599007734,0.123833607303828,1.60329715442241,,,,,,,3,1,1,2,log_odds,log_odds,FALSE
Wald ratio,1,0.240955137141146,0.271830648277977,0.375393199912487,RPS6KB1,ENSG00000108443,BBJ_Graves,1.2724639476572,0.746893306413344,2.16786585739098,,,,,,,1,1,0,0,log_odds,log_odds,FALSE
Inverse variance weighted,2,0.0644409608150336,0.113645752852593,0.570691351087094,RPS6KB2,ENSG00000175634,BBJ_Graves,1.06656260739874,0.853589640959808,1.33267291555001,,,1.3096763147674,0.252453268689428,,,3,2,1,1,log_odds,log_odds,FALSE
Wald ratio,1,0.0463280106989138,0.130097709394109,0.721764431684649,RPS6KL1,ENSG00000198208,BBJ_Graves,1.04741791890035,0.811668316315924,1.35164115043087,,,,,,,1,1,0,0,log_odds,log_odds,FALSE
Inverse variance weighted,3,0.0656397864402073,0.0778223124985876,0.398972817140993,RRM1,ENSG00000167325,BBJ_Graves,1.06784199671246,0.916776151559366,1.24380038464494,-0.00877851415404696,0.876704701215356,0.0569570276725245,0.971923176822309,,,3,3,0,0,log_odds,log_odds,FALSE
MR Egger,3,0.096738870589888,0.176631526031988,0.681011471215555,RRM1,ENSG00000167325,BBJ_Graves,1.10157268303549,0.779222290286224,1.55727369601335,-0.00877851415404696,0.876704701215356,0.0569570276725245,0.971923176822309,,,3,3,0,0,log_odds,log_odds,FALSE
Weighted median,3,0.0664147323237285,0.0754347058476571,0.378628174748887,RRM1,ENSG00000167325,BBJ_Graves,1.06866983719642,0.921790512475835,1.2389531086255,-0.00877851415404696,0.876704701215356,0.0569570276725245,0.971923176822309,,,3,3,0,0,log_odds,log_odds,FALSE
Weighted mode,3,0.0699902370327771,0.172624312651365,0.724407173236648,RRM1,ENSG00000167325,BBJ_Graves,1.07249771044311,0.764637498398991,1.50430935092004,-0.00877851415404696,0.876704701215356,0.0569570276725245,0.971923176822309,,,3,3,0,0,log_odds,log_odds,FALSE
Inverse variance weighted,2,0.0117754883886423,0.152327334117977,0.93838183343425,RRM2B,ENSG00000048392,BBJ_Graves,1.01184509239077,0.750672290613395,1.36388475210493,,,0.0234360973348186,0.878328462749481,,,2,2,1,0,log_odds,log_odds,FALSE
Wald ratio,1,0.575208326970386,0.251279627895313,0.0220725879331585,RSPO4,ENSG00000101282,BBJ_Graves,1.77750078969921,1.08621617328753,2.90872952832105,,,,,,,2,1,1,1,log_odds,log_odds,FALSE
Wald ratio,1,1.00527034454474,0.648685491259225,0.121212635379943,RTN3,ENSG00000133318,BBJ_Graves,2.73264592889518,0.766321703978904,9.74441117083767,,,,,,,1,1,0,0,log_odds,log_odds,FALSE
Inverse variance weighted,3,0.0853968147881713,0.118673934606605,0.471776234738505,RTN4,ENSG00000115310,BBJ_Graves,1.08914917145771,0.863117799649502,1.37437313674765,0.0149922477625576,0.711748651117551,1.22207155297951,0.542788370380375,,,3,3,0,0,log_odds,log_odds,FALSE
MR Egger,3,0.00695822086191323,0.20019850128368,0.977882159440121,RTN4,ENSG00000115310,BBJ_Graves,1.00698248552768,0.680157532872048,1.49085127658251,0.0149922477625576,0.711748651117551,1.22207155297951,0.542788370380375,,,3,3,0,0,log_odds,log_odds,FALSE
Weighted median,3,0.0606955443912709,0.12477412455685,0.626652854302634,RTN4,ENSG00000115310,BBJ_Graves,1.06257535790802,0.83205083543905,1.35696803986451,0.0149922477625576,0.711748651117551,1.22207155297951,0.542788370380375,,,3,3,0,0,log_odds,log_odds,FALSE
Weighted mode,3,0.0571260668330617,0.300524354582166,0.866785489794621,RTN4,ENSG00000115310,BBJ_Graves,1.0587892801937,0.587486701979808,1.90818742973287,0.0149922477625576,0.711748651117551,1.22207155297951,0.542788370380375,,,3,3,0,0,log_odds,log_odds,FALSE
Inverse variance weighted,2,0.183357165147769,0.13922707457194,0.187850402764888,RXFP2,ENSG00000133105,BBJ_Graves,1.20124337373757,0.914362753121127,1.57813257158919,,,0.169341634213513,0.680697582127261,,,2,2,0,0,log_odds,log_odds,FALSE
Inverse variance weighted,2,0.572410915515758,0.299071840502914,0.0556255336801633,RXRA,ENSG00000186350,BBJ_Graves,1.77253533707462,0.986324479433629,3.18544412786185,,,0.00338098320107876,0.95363215635031,,,2,2,0,0,log_odds,log_odds,FALSE
Inverse variance weighted,2,-0.0515533575740399,0.0724257988214575,0.476582869456848,RYK,ENSG00000163785,BBJ_Graves,0.949752972095659,0.824063306898031,1.09461336338345,,,0.287045794221824,0.592119904113034,,,3,2,1,1,log_odds,log_odds,FALSE
Inverse variance weighted,2,-0.0507308868429906,0.231429024930781,0.826488720161806,RYR1,ENSG00000196218,BBJ_Graves,0.950534437439069,0.603908987283098,1.49611238743506,,,3.06306086639724,0.0800906674135781,,,2,2,1,0,log_odds,log_odds,FALSE
Wald ratio,1,0.257264389456799,0.327448810294842,0.432064990230497,RYR2,ENSG00000198626,BBJ_Graves,1.2933870394551,0.680766929582917,2.4573021413589,,,,,,,1,1,0,0,log_odds,log_odds,FALSE
Inverse variance weighted,2,0.070603604536806,0.0485574208846422,0.145939942484715,S100A12,ENSG00000163221,BBJ_Graves,1.07315574747548,0.975730419357073,1.18030885938608,,,1.14455713955039,0.284691436322793,,,5,2,1,3,log_odds,log_odds,FALSE
Inverse variance weighted,2,-0.169112610020185,0.0832003142824159,0.0420933753975308,S100A13,ENSG00000189171,BBJ_Graves,0.844413808575792,0.717354437844996,0.993978210067956,,,0.206081729791064,0.649855993389994,,,2,2,0,0,log_odds,log_odds,FALSE
Inverse variance weighted,2,0.0885450298782881,0.115738445765569,0.444245208675604,S100A8,ENSG00000143546,BBJ_Graves,1.09258345040258,0.870835377664838,1.37079708370902,,,0.00643505637204778,0.936063235636792,,,2,2,0,0,log_odds,log_odds,FALSE
Inverse variance weighted,2,0.0749111871040961,0.103111739844374,0.467529287715367,S100A9,ENSG00000163220,BBJ_Graves,1.07778842512265,0.880568266098662,1.31917982290564,,,0.00110857966042128,0.973439069905877,,,2,2,0,0,log_odds,log_odds,FALSE
Inverse variance weighted,4,0.056303205021729,0.0479820890289757,0.240626901917723,S100B,ENSG00000160307,BBJ_Graves,1.05791840128442,0.962961651897277,1.16223874706858,-0.0141081065137881,0.736256265835231,1.57986148350764,0.663964664574012,,,4,4,0,0,log_odds,log_odds,FALSE
MR Egger,4,0.0926371961235166,0.105505696360914,0.472531955513975,S100B,ENSG00000160307,BBJ_Graves,1.09706364411511,0.892120586621287,1.34908739613027,-0.0141081065137881,0.736256265835231,1.57986148350764,0.663964664574012,,,4,4,0,0,log_odds,log_odds,FALSE
Weighted median,4,0.0494328895776238,0.0561181335864644,0.378387132895992,S100B,ENSG00000160307,BBJ_Graves,1.05067507860045,0.941238561638238,1.17283562933362,-0.0141081065137881,0.736256265835231,1.57986148350764,0.663964664574012,,,4,4,0,0,log_odds,log_odds,FALSE
Weighted mode,4,0.0466642103429163,0.117545978393679,0.717933017963709,S100B,ENSG00000160307,BBJ_Graves,1.04777011963337,0.832163862603331,1.31923804064516,-0.0141081065137881,0.736256265835231,1.57986148350764,0.663964664574012,,,4,4,0,0,log_odds,log_odds,FALSE
Wald ratio,1,-0.105128661459843,0.274344528492079,0.701571915436592,S1PR1,ENSG00000170989,BBJ_Graves,0.900208692970421,0.525794967793156,1.54123896297598,,,,,,,1,1,0,0,log_odds,log_odds,FALSE
Wald ratio,1,0.219928615756418,0.177502145333256,0.215338284171859,S1PR2,ENSG00000267534,BBJ_Graves,1.24598778351727,0.879874857422495,1.76443904900537,,,,,,,1,1,0,0,log_odds,log_odds,FALSE
Wald ratio,1,0.00670060651033233,0.184551884756764,0.971037217471135,S1PR3,ENSG00000213694,BBJ_Graves,1.00672310579902,0.70115865729031,1.44545232553551,,,,,,,2,1,0,1,log_odds,log_odds,FALSE
Wald ratio,1,0.217104183873813,0.296457210122391,0.463967841287998,S1PR4,ENSG00000125910,BBJ_Graves,1.24247354110154,0.69492458648044,2.22145039961233,,,,,,,2,1,0,1,log_odds,log_odds,FALSE
Inverse variance weighted,2,-0.13278602865247,0.224740005349243,0.554625711072701,S1PR5,ENSG00000180739,BBJ_Graves,0.875652436596707,0.56367556117965,1.36029880045371,,,0.271926925144435,0.602042093964178,,,2,2,0,0,log_odds,log_odds,FALSE
Wald ratio,1,0.427264064354378,0.386584008374916,0.269060141523225,SAE1,ENSG00000142230,BBJ_Graves,1.53305743410025,0.718607051111883,3.27058451849802,,,,,,,2,1,0,1,log_odds,log_odds,FALSE
Wald ratio,1,-0.0801239066892641,0.103664676505437,0.43957312503936,SBK1,ENSG00000188322,BBJ_Graves,0.923001973182298,0.753288739387075,1.13095098592819,,,,,,,3,1,0,2,log_odds,log_odds,FALSE
Inverse variance weighted,3,0.0173798475151648,0.054911406870914,0.751617673297972,SCARB1,ENSG00000073060,BBJ_Graves,1.01753175583675,0.913705919904992,1.13315548425457,-0.038799600119464,0.515993163654055,0.955655318764095,0.620129061198824,,,3,3,0,0,log_odds,log_odds,FALSE
MR Egger,3,0.127840185474451,0.128480128654185,0.501589416103511,SCARB1,ENSG00000073060,BBJ_Graves,1.13637137953157,0.883396743026777,1.46178930634719,-0.038799600119464,0.515993163654055,0.955655318764095,0.620129061198824,,,3,3,0,0,log_odds,log_odds,FALSE
Weighted median,3,0.0288905402076159,0.0566083862475063,0.609800707645459,SCARB1,ENSG00000073060,BBJ_Graves,1.02931192003952,0.921214936640392,1.15009319388513,-0.038799600119464,0.515993163654055,0.955655318764095,0.620129061198824,,,3,3,0,0,log_odds,log_odds,FALSE
Weighted mode,3,0.0291543119458424,0.134697168344658,0.848713017278252,SCARB1,ENSG00000073060,BBJ_Graves,1.02958345924445,0.790687753650663,1.34065829988574,-0.038799600119464,0.515993163654055,0.955655318764095,0.620129061198824,,,3,3,0,0,log_odds,log_odds,FALSE
Wald ratio,1,-0.0369006389356114,0.236473985924077,0.8759973647801,SCD,ENSG00000099194,BBJ_Graves,0.96377189199275,0.60629437026244,1.53202191106149,,,,,,,2,1,1,1,log_odds,log_odds,FALSE
Inverse variance weighted,3,0.00398911003301826,0.0856853910752462,0.962867650006668,SCD5,ENSG00000145284,BBJ_Graves,1.00399707712279,0.848780847220555,1.18759763980534,-0.0743626637332014,0.248104121492029,6.59204484407068,0.0370301652290164,,,4,3,0,1,log_odds,log_odds,FALSE
MR Egger,3,0.148976081121446,0.0759853369681996,0.300265349952141,SCD5,ENSG00000145284,BBJ_Graves,1.16064522754483,1.00004482166824,1.34703696777852,-0.0743626637332014,0.248104121492029,6.59204484407068,0.0370301652290164,,,4,3,0,1,log_odds,log_odds,FALSE
Weighted median,3,0.0060112816395817,0.0475955926118634,0.899495149879614,SCD5,ENSG00000145284,BBJ_Graves,1.00602938565098,0.916424054462288,1.10439607064563,-0.0743626637332014,0.248104121492029,6.59204484407068,0.0370301652290164,,,4,3,0,1,log_odds,log_odds,FALSE
Weighted mode,3,0.0299203246808144,0.399978487161942,0.947178836071615,SCD5,ENSG00000145284,BBJ_Graves,1.03037243543027,0.470463212949165,2.25664265870928,-0.0743626637332014,0.248104121492029,6.59204484407068,0.0370301652290164,,,4,3,0,1,log_odds,log_odds,FALSE
Wald ratio,1,0.328179344817432,0.281256764713645,0.243278290963052,SCG5,ENSG00000166922,BBJ_Graves,1.38843795911379,0.800047711256989,2.40955625418799,,,,,,,1,1,0,0,log_odds,log_odds,FALSE
Wald ratio,1,-0.108657812454688,0.479544700849997,0.82074617113747,SCGB1C1,ENSG00000188076,BBJ_Graves,0.897037319984715,0.350440120924,2.29618672463553,,,,,,,2,1,1,1,log_odds,log_odds,FALSE
Inverse variance weighted,3,-0.174654460531933,0.122208586123509,0.152960984790693,SCGB3A1,ENSG00000161055,BBJ_Graves,0.839747136421946,0.660879807944253,1.06702496377124,-0.0117570705613966,0.874996292126455,0.108782601855594,0.947061447963744,,,5,3,0,2,log_odds,log_odds,FALSE
MR Egger,3,-0.1139921884994,0.328535960661657,0.787386107483787,SCGB3A1,ENSG00000161055,BBJ_Graves,0.892264925783189,0.468638933613924,1.6988274782111,-0.0117570705613966,0.874996292126455,0.108782601855594,0.947061447963744,,,5,3,0,2,log_odds,log_odds,FALSE
Weighted median,3,-0.178237593989515,0.127206265103649,0.161163263011423,SCGB3A1,ENSG00000161055,BBJ_Graves,0.836743594620584,0.652097053160442,1.07367429394948,-0.0117570705613966,0.874996292126455,0.108782601855594,0.947061447963744,,,5,3,0,2,log_odds,log_odds,FALSE
Weighted mode,3,-0.208616375870103,0.224256294937862,0.450443255106788,SCGB3A1,ENSG00000161055,BBJ_Graves,0.811706566147817,0.523007897866369,1.25976596570598,-0.0117570705613966,0.874996292126455,0.108782601855594,0.947061447963744,,,5,3,0,2,log_odds,log_odds,FALSE
Inverse variance weighted,4,-0.0636737451729985,0.0814074589973272,0.43411992055349,SCGB3A2,ENSG00000164265,BBJ_Graves,0.938311078116671,0.799928952360201,1.10063234580866,0.027740185168185,0.516068283830772,1.23638615267151,0.744291283434437,,,5,4,2,1,log_odds,log_odds,FALSE
MR Egger,4,-0.167688780783622,0.155937995056147,0.394719379360465,SCGB3A2,ENSG00000164265,BBJ_Graves,0.845616965986286,0.622926184543248,1.14791779653341,0.027740185168185,0.516068283830772,1.23638615267151,0.744291283434437,,,5,4,2,1,log_odds,log_odds,FALSE
Weighted median,4,-0.0695802284654856,0.0836194907259548,0.405349462939937,SCGB3A2,ENSG00000164265,BBJ_Graves,0.932785294449688,0.791777841012493,1.09890471856216,0.027740185168185,0.516068283830772,1.23638615267151,0.744291283434437,,,5,4,2,1,log_odds,log_odds,FALSE
Weighted mode,4,-0.0657455747320712,0.300306535735992,0.840754575835116,SCGB3A2,ENSG00000164265,BBJ_Graves,0.936369069939066,0.519781688808204,1.68683709722233,0.027740185168185,0.516068283830772,1.23638615267151,0.744291283434437,,,5,4,2,1,log_odds,log_odds,FALSE
Wald ratio,1,0.514840909066464,0.223344664932349,0.0211586867344268,SCN2B,ENSG00000149575,BBJ_Graves,1.67337226226459,1.08013427898289,2.59243205460834,,,,,,,1,1,0,0,log_odds,log_odds,FALSE
Wald ratio,1,-0.916862877677378,0.77684788484011,0.237906857243555,SCN3A,ENSG00000153253,BBJ_Graves,0.399771207136391,0.0872057742353714,1.83264261405369,,,,,,,1,1,0,0,log_odds,log_odds,FALSE
Wald ratio,1,-0.0407771106887219,0.451310307702249,0.92800693252039,SCN4A,ENSG00000007314,BBJ_Graves,0.960043089445274,0.39639451494855,2.32516520495057,,,,,,,1,1,0,0,log_odds,log_odds,FALSE
Wald ratio,1,0.619544207040297,4.13737360674767,0.880967101016254,SCN5A,ENSG00000183873,BBJ_Graves,1.85808094859651,0.000558806073292876,6178.28791872817,,,,,,,2,1,0,1,log_odds,log_odds,FALSE
Inverse variance weighted,3,-0.115339393375386,0.1418760113921,0.416241512852124,SCN9A,ENSG00000169432,BBJ_Graves,0.89106367147402,0.67474774052252,1.17672786278009,-0.0733092035779594,0.31481629834035,4.00802459174413,0.134793365931626,,,3,3,0,0,log_odds,log_odds,FALSE
MR Egger,3,0.178310236964522,0.187388195973795,0.515799962601996,SCN9A,ENSG00000169432,BBJ_Graves,1.1951960577207,0.827810821505593,1.72562810159091,-0.0733092035779594,0.31481629834035,4.00802459174413,0.134793365931626,,,3,3,0,0,log_odds,log_odds,FALSE
Weighted median,3,-0.105963447349511,0.0979931419965335,0.27954797345119,SCN9A,ENSG00000169432,BBJ_Graves,0.899457525031592,0.742279066838298,1.08991870507942,-0.0733092035779594,0.31481629834035,4.00802459174413,0.134793365931626,,,3,3,0,0,log_odds,log_odds,FALSE
Weighted mode,3,-0.0727018790440568,0.501581333572197,0.898042276563771,SCN9A,ENSG00000169432,BBJ_Graves,0.929878004827641,0.347913534957462,2.48531033427013,-0.0733092035779594,0.31481629834035,4.00802459174413,0.134793365931626,,,3,3,0,0,log_odds,log_odds,FALSE
Inverse variance weighted,2,-0.35161397822083,0.309247636332273,0.255539075505445,SCNN1A,ENSG00000111319,BBJ_Graves,0.703551655825899,0.383759453662861,1.28983124113528,,,0.0206539811933966,0.885725580913159,,,2,2,0,0,log_odds,log_odds,FALSE
Inverse variance weighted,3,0.125669895043441,0.0797346977200055,0.115002649340531,SCP2,ENSG00000116171,BBJ_Graves,1.1339077979113,0.969853633191051,1.32571230355,0.0407387339574166,0.516531098649479,2.3141242873038,0.314408512424554,,,5,3,0,2,log_odds,log_odds,FALSE
MR Egger,3,-0.027094845071295,0.18050002711462,0.905145277623498,SCP2,ENSG00000116171,BBJ_Graves,0.973268927385828,0.68326336173896,1.38636499197605,0.0407387339574166,0.516531098649479,2.3141242873038,0.314408512424554,,,5,3,0,2,log_odds,log_odds,FALSE
Weighted median,3,0.116651511592721,0.0760870379531312,0.12524320858437,SCP2,ENSG00000116171,BBJ_Graves,1.12372775535184,0.968042698366702,1.3044507956918,0.0407387339574166,0.516531098649479,2.3141242873038,0.314408512424554,,,5,3,0,2,log_odds,log_odds,FALSE
Weighted mode,3,0.102754382979663,0.198959164215723,0.656966562267951,SCP2,ENSG00000116171,BBJ_Graves,1.10821917815268,0.750357455332291,1.63675290769455,0.0407387339574166,0.516531098649479,2.3141242873038,0.314408512424554,,,5,3,0,2,log_odds,log_odds,FALSE
Wald ratio,1,-0.0312536284370809,0.217419740429031,0.885699554921373,SCPEP1,ENSG00000121064,BBJ_Graves,0.969229717680916,0.632929447954305,1.48421952663459,,,,,,,1,1,0,0,log_odds,log_odds,FALSE
Inverse variance weighted,2,-0.10945918215054,0.264617038998075,0.679129497684425,SDC2,ENSG00000169439,BBJ_Graves,0.896318749419224,0.533600109811666,1.50559807951313,,,1.20325312954554,0.272672450657988,,,2,2,0,0,log_odds,log_odds,FALSE
Wald ratio,1,-0.0865947753383694,0.308182710761229,0.778721764561283,SDC4,ENSG00000124145,BBJ_Graves,0.917048631071632,0.501258727806388,1.67773276573288,,,,,,,1,1,0,0,log_odds,log_odds,FALSE
Wald ratio,1,-0.0888617745762613,0.0938622471382977,0.343778717933428,SDR42E1,ENSG00000184860,BBJ_Graves,0.91497203723156,0.761220830213057,1.0997778774411,,,,,,,2,1,0,1,log_odds,log_odds,FALSE
Wald ratio,1,0.292848150445505,0.3518187139971,0.40519241954127,SECTM1,ENSG00000141574,BBJ_Graves,1.3402392602445,0.672524639854287,2.67089288370151,,,,,,,2,1,0,1,log_odds,log_odds,FALSE
Inverse variance weighted,5,0.0653651900398711,0.0637873751264791,0.305487990708905,SELL,ENSG00000188404,BBJ_Graves,1.06754881139969,0.942086610705675,1.20971941620869,0.0258344574581276,0.491207311945132,1.5315972943118,0.821030050563881,,,6,5,0,1,log_odds,log_odds,FALSE
MR Egger,5,-0.0180170411901791,0.124238540505074,0.893890328136022,SELL,ENSG00000188404,BBJ_Graves,0.982144295307972,0.769876951169674,1.25293712890153,0.0258344574581276,0.491207311945132,1.5315972943118,0.821030050563881,,,6,5,0,1,log_odds,log_odds,FALSE
Weighted median,5,0.0603526172659295,0.0656218059838947,0.357727622562635,SELL,ENSG00000188404,BBJ_Graves,1.06221103446684,0.934011878959138,1.20800635105464,0.0258344574581276,0.491207311945132,1.5315972943118,0.821030050563881,,,6,5,0,1,log_odds,log_odds,FALSE
Weighted mode,5,0.0541643999027136,0.270046007568618,0.850816600922927,SELL,ENSG00000188404,BBJ_Graves,1.05565813798524,0.621806843833167,1.79221910364412,0.0258344574581276,0.491207311945132,1.5315972943118,0.821030050563881,,,6,5,0,1,log_odds,log_odds,FALSE
Inverse variance weighted,2,-0.107145693327392,0.663425772807737,0.871696725516722,SELP,ENSG00000174175,BBJ_Graves,0.898394773331095,0.244764144398845,3.29751390151914,,,0.168682812539823,0.68128509661399,,,2,2,0,0,log_odds,log_odds,FALSE
Wald ratio,1,0.0486697946915761,0.083562106933254,0.560271303011557,SELPLG,ENSG00000110876,BBJ_Graves,1.04987361965457,0.89126637451273,1.2367061618915,,,,,,,3,1,0,2,log_odds,log_odds,FALSE
Wald ratio,1,0.13739479907828,0.421878428489191,0.744671082666445,SEMA3A,ENSG00000075213,BBJ_Graves,1.14728100460408,0.501833483365425,2.62288935903242,,,,,,,3,1,0,2,log_odds,log_odds,FALSE
Inverse variance weighted,2,0.111378989748133,0.108484934488807,0.304572571403727,SEMA3C,ENSG00000075223,BBJ_Graves,1.11781846832643,0.903705738715919,1.3826603888862,,,0.714357799309481,0.398000913027568,,,2,2,0,0,log_odds,log_odds,FALSE
Wald ratio,1,0.193456174011517,0.129251983640063,0.134461809913691,SEMA4B,ENSG00000185033,BBJ_Graves,1.21343620534499,0.941879705316318,1.56328607159823,,,,,,,2,1,0,1,log_odds,log_odds,FALSE
Inverse variance weighted,3,-0.15719936185814,0.0903534608316086,0.0818894560350227,SEMA4D,ENSG00000187764,BBJ_Graves,0.854533680412402,0.715844621186094,1.02009261416149,-0.320788780743768,0.8775928491303,1.69596609311682,0.4282778779351,,,7,3,0,4,log_odds,log_odds,FALSE
MR Egger,3,0.889646552593821,5.37845571915061,0.89564208028164,SEMA4D,ENSG00000187764,BBJ_Graves,2.43426911311737,6.42887015395809e-05,92172.7453373581,-0.320788780743768,0.8775928491303,1.69596609311682,0.4282778779351,,,7,3,0,4,log_odds,log_odds,FALSE
Weighted median,3,-0.145594760140108,0.0927132508047714,0.116327421314683,SEMA4D,ENSG00000187764,BBJ_Graves,0.864507965296497,0.720858272526944,1.03678358221679,-0.320788780743768,0.8775928491303,1.69596609311682,0.4282778779351,,,7,3,0,4,log_odds,log_odds,FALSE
Weighted mode,3,-0.143015161457174,0.74250230298538,0.865048365148506,SEMA4D,ENSG00000187764,BBJ_Graves,0.866740927740413,0.202236054885186,3.71466816956455,-0.320788780743768,0.8775928491303,1.69596609311682,0.4282778779351,,,7,3,0,4,log_odds,log_odds,FALSE
Inverse variance weighted,2,0.281057619983601,0.214891311182553,0.190905218286195,SEMG1,ENSG00000124233,BBJ_Graves,1.32452992112887,0.869245791240737,2.01827783308735,,,0.157380862869142,0.691579430017339,,,2,2,0,0,log_odds,log_odds,FALSE
Inverse variance weighted,2,-0.0913149137702178,0.111094682151863,0.411102076668103,SENP6,ENSG00000112701,BBJ_Graves,0.912730234317194,0.734136360196253,1.13477076712835,,,0.774219530134938,0.378914863915296,,,3,2,0,1,log_odds,log_odds,FALSE
Inverse variance weighted,5,0.0497381571965498,0.0572784429146728,0.385198732665523,SENP7,ENSG00000138468,BBJ_Graves,1.05099586464026,0.939387143903939,1.17586483342791,-0.0187371228031961,0.479080789669216,1.66827108346482,0.796472827055629,,,5,5,0,0,log_odds,log_odds,FALSE
MR Egger,5,0.108358567341852,0.0925583188172153,0.326250182715642,SENP7,ENSG00000138468,BBJ_Graves,1.11444727815065,0.929549017806404,1.33612398269034,-0.0187371228031961,0.479080789669216,1.66827108346482,0.796472827055629,,,5,5,0,0,log_odds,log_odds,FALSE
Weighted median,5,0.0585825485809683,0.0608428424766625,0.335622658528936,SENP7,ENSG00000138468,BBJ_Graves,1.06033251102614,0.941134306020412,1.19462761770223,-0.0187371228031961,0.479080789669216,1.66827108346482,0.796472827055629,,,5,5,0,0,log_odds,log_odds,FALSE
Weighted mode,5,0.0607030029725895,0.26177480364446,0.828003613581578,SENP7,ENSG00000138468,BBJ_Graves,1.06258328324229,0.636115192238393,1.77496662177316,-0.0187371228031961,0.479080789669216,1.66827108346482,0.796472827055629,,,5,5,0,0,log_odds,log_odds,FALSE
Wald ratio,1,-0.604736991512725,0.361440135356654,0.09430134863076,SEPP1,ENSG00000250722,BBJ_Graves,0.546218067737185,0.268968863053136,1.10925173321495,,,,,,,1,1,0,0,log_odds,log_odds,FALSE
Inverse variance weighted,2,0.00881842116273455,0.0775885032709098,0.909510266154171,SERPINA1,ENSG00000197249,BBJ_Graves,1.00885741798448,0.866533035576764,1.17455797763656,,,0.0391395291359769,0.843172496460059,,,4,2,1,2,log_odds,log_odds,FALSE
Inverse variance weighted,4,-0.0394858158959579,0.0799597600398641,0.621432536978508,SERPINB1,ENSG00000021355,BBJ_Graves,0.961283588840337,0.821842140485098,1.12438398161029,0.0314839016493736,0.345888438651782,2.76748610644048,0.428880288069955,,,4,4,0,0,log_odds,log_odds,FALSE
MR Egger,4,-0.168265115141258,0.132218451165645,0.331082488898537,SERPINB1,ENSG00000021355,BBJ_Graves,0.845129748289024,0.652193958178275,1.09514092010008,0.0314839016493736,0.345888438651782,2.76748610644048,0.428880288069955,,,4,4,0,0,log_odds,log_odds,FALSE
Weighted median,4,-0.0606000481653531,0.0793775724920705,0.44520077531886,SERPINB1,ENSG00000021355,BBJ_Graves,0.941199599014604,0.805590209866904,1.09963685548215,0.0314839016493736,0.345888438651782,2.76748610644048,0.428880288069955,,,4,4,0,0,log_odds,log_odds,FALSE
Weighted mode,4,-0.0697926928491836,0.313186990262408,0.837965527021785,SERPINB1,ENSG00000021355,BBJ_Graves,0.932587131848974,0.504776665650306,1.72297734359379,0.0314839016493736,0.345888438651782,2.76748610644048,0.428880288069955,,,4,4,0,0,log_odds,log_odds,FALSE
Inverse variance weighted,3,0.0513355118067603,0.0476702651765511,0.281530536407375,SERPINB10,ENSG00000242550,BBJ_Graves,1.05267601927408,0.958775616571199,1.15577282359103,-0.0768078633670799,0.344837515631565,3.0832354161845,0.214034575748642,,,4,3,0,1,log_odds,log_odds,FALSE
MR Egger,3,0.16496544691578,0.0784136641550746,0.282481376385512,SERPINB10,ENSG00000242550,BBJ_Graves,1.17935236774567,1.01133846375297,1.37527846231215,-0.0768078633670799,0.344837515631565,3.0832354161845,0.214034575748642,,,4,3,0,1,log_odds,log_odds,FALSE
Weighted median,3,0.0505759874123789,0.0402232669739295,0.208615564071377,SERPINB10,ENSG00000242550,BBJ_Graves,1.05187678971366,0.97213400785941,1.13816075951776,-0.0768078633670799,0.344837515631565,3.0832354161845,0.214034575748642,,,4,3,0,1,log_odds,log_odds,FALSE
Weighted mode,3,0.0820187495098741,0.146853575064288,0.632682793055663,SERPINB10,ENSG00000242550,BBJ_Graves,1.08547616178477,0.813984253618166,1.44752001352068,-0.0768078633670799,0.344837515631565,3.0832354161845,0.214034575748642,,,4,3,0,1,log_odds,log_odds,FALSE
Inverse variance weighted,2,-0.0425829532662839,0.153398090476754,0.781321217102331,SERPINB2,ENSG00000197632,BBJ_Graves,0.958310967198825,0.709465641010824,1.29443888014802,,,0.142103841363343,0.706198402810262,,,2,2,0,0,log_odds,log_odds,FALSE
Inverse variance weighted,3,-0.0255332988415167,0.0493794848274801,0.605098125704733,SERPINB6,ENSG00000124570,BBJ_Graves,0.974789919050279,0.884867742094242,1.07385018243873,0.0168848678032009,0.764364704106214,0.778845611730237,0.677447780558596,,,6,3,1,3,log_odds,log_odds,FALSE
MR Egger,3,-0.0645075795462653,0.111925896212911,0.667148355373408,SERPINB6,ENSG00000124570,BBJ_Graves,0.937529008190627,0.75285522335881,1.16750287960742,0.0168848678032009,0.764364704106214,0.778845611730237,0.677447780558596,,,6,3,1,3,log_odds,log_odds,FALSE
Weighted median,3,-0.041448232331594,0.0513866546796281,0.419899702819974,SERPINB6,ENSG00000124570,BBJ_Graves,0.959398999905248,0.867477177813053,1.06106127580172,0.0168848678032009,0.764364704106214,0.778845611730237,0.677447780558596,,,6,3,1,3,log_odds,log_odds,FALSE
Weighted mode,3,-0.0521215017638405,0.0959639553461185,0.641476422084987,SERPINB6,ENSG00000124570,BBJ_Graves,0.949213528718138,0.786462014730305,1.1456450613327,0.0168848678032009,0.764364704106214,0.778845611730237,0.677447780558596,,,6,3,1,3,log_odds,log_odds,FALSE
Inverse variance weighted,2,0.107114605580055,0.17085033737235,0.530692062258413,SERPINB8,ENSG00000166401,BBJ_Graves,1.11306181026429,0.796321678805299,1.55578659534613,,,3.9498405212002,0.0468758100695273,,,2,2,0,0,log_odds,log_odds,FALSE
Wald ratio,1,-0.00624274129249424,0.0837624531304967,0.940589377153105,SERPINB9,ENSG00000170542,BBJ_Graves,0.993776704131636,0.84331295569488,1.17108616795881,,,,,,,4,1,0,3,log_odds,log_odds,FALSE
Wald ratio,1,0.0308789058355703,0.0745603286462087,0.678766754333115,SERPINC1,ENSG00000117601,BBJ_Graves,1.03136060457375,0.891135008489019,1.1936515640546,,,,,,,1,1,0,0,log_odds,log_odds,FALSE
Wald ratio,1,0.18471305561494,0.31464210661225,0.557164989170994,SERPINE1,ENSG00000106366,BBJ_Graves,1.20287323288231,0.64921880759424,2.22868468605588,,,,,,,1,1,0,0,log_odds,log_odds,FALSE
Inverse variance weighted,4,0.109382423669628,0.0801399465798268,0.172286794238067,SERPINE2,ENSG00000135919,BBJ_Graves,1.11558889637515,0.953427519892111,1.30533109203346,-0.00844486029110115,0.807735669630072,0.5564734306283,0.906320365378845,,,4,4,0,0,log_odds,log_odds,FALSE
MR Egger,4,0.146260683247716,0.155364038156342,0.44587156110155,SERPINE2,ENSG00000135919,BBJ_Graves,1.15749788903383,0.853633929102632,1.56952683983193,-0.00844486029110115,0.807735669630072,0.5564734306283,0.906320365378845,,,4,4,0,0,log_odds,log_odds,FALSE
Weighted median,4,0.110196768218144,0.0858737486652583,0.199407439298808,SERPINE2,ENSG00000135919,BBJ_Graves,1.11649774011704,0.943540698757595,1.32115891272934,-0.00844486029110115,0.807735669630072,0.5564734306283,0.906320365378845,,,4,4,0,0,log_odds,log_odds,FALSE
Weighted mode,4,0.113312992964689,0.199869508185004,0.610405322083665,SERPINE2,ENSG00000135919,BBJ_Graves,1.11998242471451,0.756970312909475,1.65708035081079,-0.00844486029110115,0.807735669630072,0.5564734306283,0.906320365378845,,,4,4,0,0,log_odds,log_odds,FALSE
Wald ratio,1,-0.130043620456433,0.234356757815474,0.57896581855007,SERPINF1,ENSG00000132386,BBJ_Graves,0.878057128832456,0.55466948465468,1.38998871007567,,,,,,,1,1,0,0,log_odds,log_odds,FALSE
Inverse variance weighted,2,0.0244023557310541,0.0709026688505251,0.730720731085144,SERPINF2,ENSG00000167711,BBJ_Graves,1.02470252989266,0.891752300296313,1.17747414211268,,,0.27948356503028,0.597039906390061,,,2,2,0,0,log_odds,log_odds,FALSE
Inverse variance weighted,2,-0.414302286379334,0.154642816098338,0.00738221719876222,SERPING1,ENSG00000149131,BBJ_Graves,0.660801169878736,0.48801838193829,0.894757661338095,,,0.994059977302699,0.318752101012977,,,3,2,1,1,log_odds,log_odds,FALSE
Wald ratio,1,-0.459578553899463,0.57123248118737,0.421086013167302,SERPINI1,ENSG00000163536,BBJ_Graves,0.63154975360883,0.206141136318298,1.93486413438369,,,,,,,2,1,0,1,log_odds,log_odds,FALSE
Wald ratio,1,-0.164665020949889,0.150320530285742,0.273330037721743,SF3B3,ENSG00000189091,BBJ_Graves,0.848177778292304,0.631729956409127,1.13878649617648,,,,,,,1,1,0,0,log_odds,log_odds,FALSE
Wald ratio,1,-0.64178257626269,1.51524172069179,0.671893090015481,SFN,ENSG00000175793,BBJ_Graves,0.526353322343324,0.0270070766595276,10.2583416722416,,,,,,,1,1,0,0,log_odds,log_odds,FALSE
Wald ratio,1,0.263806285452533,0.689013560169636,0.701812213376624,SFRP1,ENSG00000104332,BBJ_Graves,1.30187597955642,0.337341235568142,5.02423329093317,,,,,,,2,1,0,1,log_odds,log_odds,FALSE
Wald ratio,1,0.258941324588601,0.20944801740254,0.216345757127666,SFRP2,ENSG00000145423,BBJ_Graves,1.29555778521179,0.859351890519713,1.95318122103366,,,,,,,1,1,0,0,log_odds,log_odds,FALSE
Wald ratio,1,0.117904268943554,0.139844676611094,0.399167631731011,SFRP5,ENSG00000120057,BBJ_Graves,1.12513639571575,0.85539553993476,1.4799374673625,,,,,,,1,1,0,0,log_odds,log_odds,FALSE
Wald ratio,1,-0.0307597488433483,0.234191949063266,0.895503046160999,SFTPB,ENSG00000168878,BBJ_Graves,0.969708518685409,0.612763656858602,1.5345796061597,,,,,,,1,1,0,0,log_odds,log_odds,FALSE
Wald ratio,1,-0.0522290011850289,0.665676287529531,0.937462100075419,SFTPD,ENSG00000133661,BBJ_Graves,0.949111494297636,0.257443622462478,3.49906756279885,,,,,,,4,1,0,3,log_odds,log_odds,FALSE
Wald ratio,1,-0.16093337519106,0.261356989773754,0.538052437958429,SGK1,ENSG00000118515,BBJ_Graves,0.851348790168168,0.510077259690664,1.42095094174627,,,,,,,4,1,1,3,log_odds,log_odds,FALSE
Wald ratio,1,-0.316657006549929,0.737243356516961,0.667548552918452,SGK3,ENSG00000104205,BBJ_Graves,0.72858061065115,0.171760539342437,3.09052188732648,,,,,,,1,1,0,0,log_odds,log_odds,FALSE
Wald ratio,1,-0.0754608538250671,1.57593456700563,0.96180929624208,SGSH,ENSG00000181523,BBJ_Graves,0.927316030699044,0.0422440144449923,20.3559020630286,,,,,,,2,1,0,1,log_odds,log_odds,FALSE
Inverse variance weighted,2,-0.0371278754834164,0.205062190794364,0.856323102120904,SHISA2,ENSG00000180730,BBJ_Graves,0.963552912676136,0.644648695026605,1.44021731943217,,,0.871308795664243,0.350593233363929,,,3,2,0,1,log_odds,log_odds,FALSE
Inverse variance weighted,8,0.00407880273811035,0.0097369975332373,0.675291133253252,SIDT2,ENSG00000149577,BBJ_Graves,1.00408713237513,0.98510631223906,1.02343367094033,-0.0402811725033213,0.184624034268509,6.41226034946856,0.492518272897413,,,20,8,1,12,log_odds,log_odds,FALSE
MR Egger,8,0.0204554699758881,0.0146364061625905,0.211732736849031,SIDT2,ENSG00000149577,BBJ_Graves,1.02066611694443,0.991801903091781,1.05037036028153,-0.0402811725033213,0.184624034268509,6.41226034946856,0.492518272897413,,,20,8,1,12,log_odds,log_odds,FALSE
Weighted median,8,0.00858052430996654,0.0108395365603233,0.428596789751317,SIDT2,ENSG00000149577,BBJ_Graves,1.00861744252569,0.98741489584027,1.03027526691437,-0.0402811725033213,0.184624034268509,6.41226034946856,0.492518272897413,,,20,8,1,12,log_odds,log_odds,FALSE
Weighted mode,8,0.00723817065193089,0.0772917130611575,0.928013301270761,SIDT2,ENSG00000149577,BBJ_Graves,1.0072644295263,0.865668198066601,1.17202137407256,-0.0402811725033213,0.184624034268509,6.41226034946856,0.492518272897413,,,20,8,1,12,log_odds,log_odds,FALSE
Inverse variance weighted,2,-0.0484368453238839,0.15818744971613,0.759453102906377,SIGLEC10,ENSG00000142512,BBJ_Graves,0.952717505971431,0.698734633081026,1.29902054830474,,,2.17300588922098,0.140451465420431,,,2,2,0,0,log_odds,log_odds,FALSE
Inverse variance weighted,3,0.073551510544913,0.077078053217439,0.339958566602723,SIGLEC11,ENSG00000161640,BBJ_Graves,1.07632397727856,0.925407152211011,1.25185255084412,-0.0589675263881525,0.332607535836979,3.02124392444014,0.220772623018271,,,4,3,2,1,log_odds,log_odds,FALSE
MR Egger,3,0.220816910576255,0.105469785534533,0.283675030719704,SIGLEC11,ENSG00000161640,BBJ_Graves,1.24709507974089,1.01419594985088,1.53347697566984,-0.0589675263881525,0.332607535836979,3.02124392444014,0.220772623018271,,,4,3,2,1,log_odds,log_odds,FALSE
Weighted median,3,0.0766222280384809,0.0632993013089811,0.226096640030009,SIGLEC11,ENSG00000161640,BBJ_Graves,1.07963414383647,0.953663492938913,1.22224442181952,-0.0589675263881525,0.332607535836979,3.02124392444014,0.220772623018271,,,4,3,2,1,log_odds,log_odds,FALSE
Weighted mode,3,0.097570102528352,0.445663365397491,0.847013845290925,SIGLEC11,ENSG00000161640,BBJ_Graves,1.10248872610155,0.460275482547103,2.64076935937303,-0.0589675263881525,0.332607535836979,3.02124392444014,0.220772623018271,,,4,3,2,1,log_odds,log_odds,FALSE
Inverse variance weighted,2,0.0880643003659571,0.171873305983293,0.608385672434961,SIGLEC12,ENSG00000254521,BBJ_Graves,1.09205833952155,0.779730151040287,1.52949249856177,,,4.56623054009621,0.032608240322675,,,2,2,0,0,log_odds,log_odds,FALSE
Inverse variance weighted,4,-0.0594604713905557,0.0557342309585951,0.28603627729493,SIGLEC5,ENSG00000105501,BBJ_Graves,0.942272779587778,0.844762662321564,1.05103839309378,0.014120108596741,0.801658003255192,2.20805226077195,0.530364068956849,,,6,4,0,2,log_odds,log_odds,FALSE
MR Egger,4,-0.0949609272653815,0.13668355913775,0.559071179836061,SIGLEC5,ENSG00000105501,BBJ_Graves,0.909408466849738,0.695683333229292,1.18879340653316,0.014120108596741,0.801658003255192,2.20805226077195,0.530364068956849,,,6,4,0,2,log_odds,log_odds,FALSE
Weighted median,4,-0.0599013968151672,0.0592688961444118,0.312173579863046,SIGLEC5,ENSG00000105501,BBJ_Graves,0.941857399144967,0.838560595939703,1.05787866090945,0.014120108596741,0.801658003255192,2.20805226077195,0.530364068956849,,,6,4,0,2,log_odds,log_odds,FALSE
Weighted mode,4,-0.0770032539933455,0.165307330708793,0.673080109747414,SIGLEC5,ENSG00000105501,BBJ_Graves,0.925886840771975,0.669646296153611,1.28017797879085,0.014120108596741,0.801658003255192,2.20805226077195,0.530364068956849,,,6,4,0,2,log_odds,log_odds,FALSE
Wald ratio,1,-0.127658656079172,0.217382995791912,0.557034297058601,SIGLEC6,ENSG00000105492,BBJ_Graves,0.880153763011022,0.574802182488674,1.34771695401091,,,,,,,1,1,0,0,log_odds,log_odds,FALSE
Inverse variance weighted,2,0.146505766189166,0.125508361217581,0.243089701396584,SIGLEC7,ENSG00000168995,BBJ_Graves,1.15778160678697,0.905298439900978,1.48068105492464,,,0.106301991417669,0.744394196227151,,,2,2,0,0,log_odds,log_odds,FALSE
Inverse variance weighted,2,0.142511636121288,0.117392433804041,0.224756762491821,SIGLEC9,ENSG00000129450,BBJ_Graves,1.15316649926455,0.916147836167403,1.45150479270801,,,0.0405601977379036,0.840389235935133,,,3,2,0,1,log_odds,log_odds,FALSE
Inverse variance weighted,3,-0.162360796386818,0.184742247544555,0.379482400158284,SIGMAR1,ENSG00000147955,BBJ_Graves,0.850134423772458,0.591877493851419,1.22107791897956,-0.00766338713677918,0.904220322990986,1.60092283387747,0.449121683947081,,,4,3,0,1,log_odds,log_odds,FALSE
MR Egger,3,-0.0908579299102268,0.525244530719394,0.890955238114582,SIGMAR1,ENSG00000147955,BBJ_Graves,0.913147432621988,0.326169788322924,2.55645453244305,-0.00766338713677918,0.904220322990986,1.60092283387747,0.449121683947081,,,4,3,0,1,log_odds,log_odds,FALSE
Weighted median,3,-0.123859295278894,0.196721581846877,0.528945055003664,SIGMAR1,ENSG00000147955,BBJ_Graves,0.8835041453418,0.600835798432806,1.29915623681574,-0.00766338713677918,0.904220322990986,1.60092283387747,0.449121683947081,,,4,3,0,1,log_odds,log_odds,FALSE
Weighted mode,3,-0.0779545606096168,0.432670208810343,0.873621450329838,SIGMAR1,ENSG00000147955,BBJ_Graves,0.925006457318127,0.396139772209714,2.15993698715832,-0.00766338713677918,0.904220322990986,1.60092283387747,0.449121683947081,,,4,3,0,1,log_odds,log_odds,FALSE
Inverse variance weighted,2,0.104150657482944,0.17388990305469,0.549208911834057,SIK1,ENSG00000142178,BBJ_Graves,1.1097676371205,0.789248894292927,1.56045097725905,,,0.557201446339097,0.455390025096648,,,2,2,0,0,log_odds,log_odds,FALSE
Wald ratio,1,0.0849821763254963,0.334423415412306,0.799406322349426,SIK2,ENSG00000170145,BBJ_Graves,1.08869766193271,0.565249689079481,2.09688323938394,,,,,,,1,1,0,0,log_odds,log_odds,FALSE
Wald ratio,1,0.617347005160325,0.195552257885324,0.00159433421091608,SIK3,ENSG00000160584,BBJ_Graves,1.85400285148508,1.26372610063152,2.71999333684498,,,,,,,1,1,0,0,log_odds,log_odds,FALSE
Inverse variance weighted,5,-0.189597200167248,0.115886502130351,0.101827157998231,SIRPA,ENSG00000198053,BBJ_Graves,0.827292300039327,0.659195752157983,1.03825388356012,0.0364992691982104,0.413937418844672,1.16264129431161,0.884210346060896,,,5,5,2,0,log_odds,log_odds,FALSE
MR Egger,5,-0.456013990362313,0.304534721329665,0.231205958687148,SIRPA,ENSG00000198053,BBJ_Graves,0.633804969875357,0.348923686446038,1.15127965066031,0.0364992691982104,0.413937418844672,1.16264129431161,0.884210346060896,,,5,5,2,0,log_odds,log_odds,FALSE
Weighted median,5,-0.224334593534403,0.131504727983728,0.0880257396008749,SIRPA,ENSG00000198053,BBJ_Graves,0.799047733431261,0.617495276203271,1.03397921394213,0.0364992691982104,0.413937418844672,1.16264129431161,0.884210346060896,,,5,5,2,0,log_odds,log_odds,FALSE
Weighted mode,5,-0.22839336211629,0.337249774103144,0.535409881649538,SIRPA,ENSG00000198053,BBJ_Graves,0.795811156297347,0.4109010205677,1.54128455464125,0.0364992691982104,0.413937418844672,1.16264129431161,0.884210346060896,,,5,5,2,0,log_odds,log_odds,FALSE
Inverse variance weighted,3,0.0419315490155883,0.0357015563734855,0.240194015226866,SIRPB1,ENSG00000101307,BBJ_Graves,1.04282309404026,0.972346067391665,1.11840839587173,0.0339226454513917,0.765171846969524,1.0742531132237,0.584425154574698,,,7,3,1,4,log_odds,log_odds,FALSE
MR Egger,3,-0.0125038808924928,0.145275109211567,0.945340615830439,SIRPB1,ENSG00000101307,BBJ_Graves,0.987573967818047,0.742863404070385,1.31289593291026,0.0339226454513917,0.765171846969524,1.0742531132237,0.584425154574698,,,7,3,1,4,log_odds,log_odds,FALSE
Weighted median,3,0.0393364290244014,0.0352400955459596,0.26431911596578,SIRPB1,ENSG00000101307,BBJ_Graves,1.04012035146912,0.970703552786243,1.11450127326203,0.0339226454513917,0.765171846969524,1.0742531132237,0.584425154574698,,,7,3,1,4,log_odds,log_odds,FALSE
Weighted mode,3,0.0360710954658863,0.0841870037692524,0.71004567534443,SIRPB1,ENSG00000101307,BBJ_Graves,1.03672955064128,0.879030721037561,1.22271967913046,0.0339226454513917,0.765171846969524,1.0742531132237,0.584425154574698,,,7,3,1,4,log_odds,log_odds,FALSE
Inverse variance weighted,2,-0.0683059120689466,0.0790951838384573,0.38781244901466,SIRPG,ENSG00000089012,BBJ_Graves,0.933974715733422,0.79984887741308,1.09059197838797,,,0.871898621010048,0.350430225846566,,,3,2,1,1,log_odds,log_odds,FALSE
Wald ratio,1,0.0632331931633619,0.0775784360380949,0.415022376123956,SIRT1,ENSG00000096717,BBJ_Graves,1.06527522516884,0.915009765147418,1.2402176988523,,,,,,,3,1,1,2,log_odds,log_odds,FALSE
Wald ratio,1,-0.177018597110318,0.36883598331097,0.631271107725979,SIRT2,ENSG00000068903,BBJ_Graves,0.837764204384792,0.406595223855642,1.72616110807457,,,,,,,1,1,0,0,log_odds,log_odds,FALSE
Inverse variance weighted,2,-0.145830141573546,0.159438047186342,0.360374967111886,SLAMF1,ENSG00000117090,BBJ_Graves,0.864304500119309,0.632339583129651,1.18136249707671,,,0.418685932640016,0.517593467616565,,,2,2,0,0,log_odds,log_odds,FALSE
Inverse variance weighted,2,-0.067917178358465,0.317433811853708,0.830580608664429,SLAMF6,ENSG00000162739,BBJ_Graves,0.934337853767589,0.501532208361421,1.74064040240846,,,4.06913267940404,0.0436736935637212,,,2,2,0,0,log_odds,log_odds,FALSE
Wald ratio,1,0.0118187971025264,0.225164818925718,0.958138632077949,SLAMF7,ENSG00000026751,BBJ_Graves,1.01188891504932,0.650831665864364,1.57324732354537,,,,,,,1,1,0,0,log_odds,log_odds,FALSE
Wald ratio,1,-0.126473897310842,0.994335506763834,0.898786546188352,SLAMF8,ENSG00000158714,BBJ_Graves,0.881197150858632,0.125509793127287,6.18683530052405,,,,,,,2,1,0,1,log_odds,log_odds,FALSE
Wald ratio,1,-0.00860326090417211,0.338173466188552,0.979703704310055,SLC11A2,ENSG00000110911,BBJ_Graves,0.991433641242827,0.510980804208496,1.92363520682656,,,,,,,1,1,1,0,log_odds,log_odds,FALSE
Inverse variance weighted,5,0.0232514505527154,0.0217917566217695,0.285979166615022,SLC12A1,ENSG00000074803,BBJ_Graves,1.0235238728361,0.980727738665943,1.06818750705516,0.0228116944092945,0.471074944680545,3.40492603372883,0.492480983541788,,,5,5,0,0,log_odds,log_odds,FALSE
MR Egger,5,-0.000657857989427743,0.0363303043455914,0.986689910796537,SLC12A1,ENSG00000074803,BBJ_Graves,0.999342358351696,0.930656289103613,1.07309772779577,0.0228116944092945,0.471074944680545,3.40492603372883,0.492480983541788,,,5,5,0,0,log_odds,log_odds,FALSE
Weighted median,5,0.0169188743513855,0.0223179860179316,0.448401603033855,SLC12A1,ENSG00000074803,BBJ_Graves,1.01706280909825,0.973532199946599,1.06253984994801,0.0228116944092945,0.471074944680545,3.40492603372883,0.492480983541788,,,5,5,0,0,log_odds,log_odds,FALSE
Weighted mode,5,0.0221367613885251,0.174491568175076,0.905169422219605,SLC12A1,ENSG00000074803,BBJ_Graves,1.02238359751011,0.726245830306706,1.43927603689824,0.0228116944092945,0.471074944680545,3.40492603372883,0.492480983541788,,,5,5,0,0,log_odds,log_odds,FALSE
Wald ratio,1,-0.0487641182697668,0.157439470593459,0.756764398233876,SLC12A2,ENSG00000064651,BBJ_Graves,0.952405758322726,0.699530781645693,1.29669308668924,,,,,,,1,1,0,0,log_odds,log_odds,FALSE
Inverse variance weighted,2,-0.425737627664343,0.265275230488656,0.108517962369761,SLC12A3,ENSG00000070915,BBJ_Graves,0.653287724262797,0.388416493034857,1.09878148411727,,,0.404833713034877,0.524603425138508,,,2,2,0,0,log_odds,log_odds,FALSE
Wald ratio,1,-0.703690415286649,0.249885926686406,0.00486186134101366,SLC12A4,ENSG00000124067,BBJ_Graves,0.494756075177838,0.303168406272327,0.807417820791976,,,,,,,1,1,0,0,log_odds,log_odds,FALSE
Wald ratio,1,0.0821657367926927,0.103884157082002,0.428981243171097,SLC12A6,ENSG00000140199,BBJ_Graves,1.08563572470293,0.88563780397097,1.33079789668721,,,,,,,2,1,0,1,log_odds,log_odds,FALSE
Inverse variance weighted,2,0.00797298041662727,0.0597618150074204,0.893867063980297,SLC12A7,ENSG00000113504,BBJ_Graves,1.00800484926525,0.896586793414964,1.13326872936885,,,0.0445650639112827,0.832805813899645,,,3,2,0,1,log_odds,log_odds,FALSE
Wald ratio,1,-0.0328903576804643,0.164174688979981,0.84121658416705,SLC12A9,ENSG00000146828,BBJ_Graves,0.967644648576761,0.701402941113022,1.33494759008768,,,,,,,2,1,0,1,log_odds,log_odds,FALSE
Wald ratio,1,-0.0458355286126804,0.120489504317016,0.703640376452333,SLC15A2,ENSG00000163406,BBJ_Graves,0.955199052185235,0.754277488289032,1.20964133685765,,,,,,,1,1,0,0,log_odds,log_odds,FALSE
Wald ratio,1,0.187647473045899,0.233917756072484,0.422440616443846,SLC16A1,ENSG00000155380,BBJ_Graves,1.20640814898729,0.76274513865063,1.90813490403587,,,,,,,1,1,0,0,log_odds,log_odds,FALSE
Wald ratio,1,-0.0698061470042783,0.132203758632425,0.597485883177532,SLC18A1,ENSG00000036565,BBJ_Graves,0.932574584761468,0.719696622128038,1.20841939423234,,,,,,,3,1,0,2,log_odds,log_odds,FALSE
Wald ratio,1,0.105404559645161,0.260767675928231,0.686059266941712,SLC18A2,ENSG00000165646,BBJ_Graves,1.11116004995254,0.666510033692627,1.85245021709594,,,,,,,2,1,1,1,log_odds,log_odds,FALSE
Wald ratio,1,-0.0344836057558402,0.228234229477866,0.879905771396638,SLC19A1,ENSG00000173638,BBJ_Graves,0.966104178104441,0.617656565325097,1.51112662820899,,,,,,,2,1,1,1,log_odds,log_odds,FALSE
Wald ratio,1,0.139533248959234,0.16898210781803,0.408958435223394,SLC1A3,ENSG00000079215,BBJ_Graves,1.14973703264228,0.825577875777435,1.60117571341683,,,,,,,1,1,1,0,log_odds,log_odds,FALSE
Inverse variance weighted,3,-0.0114108252001554,0.0916774799379382,0.900945490175408,SLC1A7,ENSG00000162383,BBJ_Graves,0.98865403134243,0.826051064553643,1.18326437145602,0.101507351038694,0.338314297986331,6.59019779759618,0.0370643792433716,,,4,3,0,1,log_odds,log_odds,FALSE
MR Egger,3,-0.236354610640257,0.147652345814204,0.355481151928881,SLC1A7,ENSG00000162383,BBJ_Graves,0.789500658953437,0.591109967635301,1.05447602750031,0.101507351038694,0.338314297986331,6.59019779759618,0.0370643792433716,,,4,3,0,1,log_odds,log_odds,FALSE
Weighted median,3,-0.0080321524098997,0.0530469285152208,0.879647588402846,SLC1A7,ENSG00000162383,BBJ_Graves,0.992000019133066,0.894040563049144,1.10069283053985,0.101507351038694,0.338314297986331,6.59019779759618,0.0370643792433716,,,4,3,0,1,log_odds,log_odds,FALSE
Weighted mode,3,-0.0769226797280025,0.254765065395554,0.791204872751043,SLC1A7,ENSG00000162383,BBJ_Graves,0.925961446429569,0.561995066327715,1.52564435463204,0.101507351038694,0.338314297986331,6.59019779759618,0.0370643792433716,,,4,3,0,1,log_odds,log_odds,FALSE
Wald ratio,1,-0.338179836397738,0.326020422695259,0.299597706434116,SLC22A1,ENSG00000175003,BBJ_Graves,0.713067040958903,0.376371020720996,1.35096640524513,,,,,,,3,1,1,2,log_odds,log_odds,FALSE
Wald ratio,1,-0.298856886686376,0.518309549350461,0.564210219964479,SLC22A14,ENSG00000144671,BBJ_Graves,0.741665544053801,0.268543167964736,2.04834024788466,,,,,,,1,1,0,0,log_odds,log_odds,FALSE
Wald ratio,1,0.00803501314232175,0.147056523401769,0.956426112284235,SLC22A15,ENSG00000163393,BBJ_Graves,1.00806738049304,0.755635794095541,1.34482756316545,,,,,,,6,1,0,5,log_odds,log_odds,FALSE
Inverse variance weighted,5,0.021446363252221,0.0257422431081492,0.40477736885328,SLC22A16,ENSG00000004809,BBJ_Graves,1.02167798938309,0.971408272313205,1.0745491301039,-0.00620193683677952,0.888986678107555,4.94351567866074,0.29314239692226,,,7,5,1,2,log_odds,log_odds,FALSE
MR Egger,5,0.0273139987185898,0.0486944455877746,0.614016092762325,SLC22A16,ENSG00000004809,BBJ_Graves,1.02769044558914,0.934141722947201,1.13060751491014,-0.00620193683677952,0.888986678107555,4.94351567866074,0.29314239692226,,,7,5,1,2,log_odds,log_odds,FALSE
Weighted median,5,0.0209005419714898,0.0254024764219732,0.410635520786188,SLC22A16,ENSG00000004809,BBJ_Graves,1.02112048795635,0.971524966266911,1.07324781876758,-0.00620193683677952,0.888986678107555,4.94351567866074,0.29314239692226,,,7,5,1,2,log_odds,log_odds,FALSE
Weighted mode,5,0.0183854712946309,0.118355429594315,0.884076139941532,SLC22A16,ENSG00000004809,BBJ_Graves,1.01855552464363,0.807678520169391,1.28449046356275,-0.00620193683677952,0.888986678107555,4.94351567866074,0.29314239692226,,,7,5,1,2,log_odds,log_odds,FALSE
Wald ratio,1,-0.0361164142580508,0.113627173620054,0.750598607036581,SLC22A17,ENSG00000092096,BBJ_Graves,0.964528002135355,0.771957583165211,1.2051365090407,,,,,,,2,1,0,1,log_odds,log_odds,FALSE
Inverse variance weighted,2,-0.484120254499126,0.421027598392682,0.250204023042137,SLC22A18,ENSG00000110628,BBJ_Graves,0.616239091933008,0.269999722611587,1.40648521692267,,,0.294568067043276,0.587307966973031,,,3,2,0,1,log_odds,log_odds,FALSE
Wald ratio,1,-0.000875981048375068,0.0437160905713392,0.984013095057976,SLC22A31,ENSG00000259803,BBJ_Graves,0.999124402511018,0.917080963814423,1.08850757030325,,,,,,,2,1,1,1,log_odds,log_odds,FALSE
Inverse variance weighted,2,0.0970958344868169,0.0712674389962656,0.173066923385262,SLC22A4,ENSG00000197208,BBJ_Graves,1.1019659749045,0.958305799348775,1.26716233030462,,,0.281943139950452,0.59543043329696,,,6,2,0,4,log_odds,log_odds,FALSE
Inverse variance weighted,2,-0.0352088442184135,0.201743658893594,0.861454707446873,SLC22A5,ENSG00000197375,BBJ_Graves,0.965403776205525,0.650101733248129,1.43362862063954,,,10.1950182844389,0.00140820564084508,,,4,2,1,2,log_odds,log_odds,FALSE
Inverse variance weighted,2,0.389465297476808,0.270954649703129,0.15060952120478,SLC24A1,ENSG00000074621,BBJ_Graves,1.47619125962724,0.867963326369008,2.51063676171199,,,0.413720811475338,0.520086984336602,,,2,2,0,0,log_odds,log_odds,FALSE
Wald ratio,1,-0.0218206055887309,0.109444069417563,0.841968026738818,SLC27A1,ENSG00000130304,BBJ_Graves,0.978415741624235,0.789519314279464,1.21250657981909,,,,,,,4,1,0,3,log_odds,log_odds,FALSE
Wald ratio,1,-0.0374049151861961,0.0984329255728192,0.703942372495151,SLC28A3,ENSG00000197506,BBJ_Graves,0.963286007237005,0.794268709989232,1.16826952902525,,,,,,,1,1,0,0,log_odds,log_odds,FALSE
Inverse variance weighted,2,-0.327833136221071,0.238356775339638,0.169011073260649,SLC29A1,ENSG00000112759,BBJ_Graves,0.720483232230249,0.451575628175922,1.14952193062713,,,0.239404032598054,0.624636885505251,,,2,2,1,0,log_odds,log_odds,FALSE
Wald ratio,1,0.563876514614364,0.503953060537068,0.263179894658016,SLC29A2,ENSG00000174669,BBJ_Graves,1.75747217883999,0.654507991227987,4.7191302486644,,,,,,,1,1,1,0,log_odds,log_odds,FALSE
Inverse variance weighted,3,-0.087680683296351,0.0733899450260974,0.232195124026461,SLC29A3,ENSG00000198246,BBJ_Graves,0.916053341159716,0.79332288158238,1.05777073034385,0.0298160729301324,0.597940595104647,0.553720227733299,0.758160545840179,,,3,3,0,0,log_odds,log_odds,FALSE
MR Egger,3,-0.186516730618367,0.153759878501258,0.438903827351105,SLC29A3,ENSG00000198246,BBJ_Graves,0.829844678020591,0.613922799483217,1.12170812066074,0.0298160729301324,0.597940595104647,0.553720227733299,0.758160545840179,,,3,3,0,0,log_odds,log_odds,FALSE
Weighted median,3,-0.0883185202473719,0.0729174396046889,0.225813942096576,SLC29A3,ENSG00000198246,BBJ_Graves,0.915469234791734,0.79355160865128,1.05611772531666,0.0298160729301324,0.597940595104647,0.553720227733299,0.758160545840179,,,3,3,0,0,log_odds,log_odds,FALSE
Weighted mode,3,-0.105073048487551,0.235992314914604,0.699699458694719,SLC29A3,ENSG00000198246,BBJ_Graves,0.90025875764363,0.566874134038195,1.42971037493033,0.0298160729301324,0.597940595104647,0.553720227733299,0.758160545840179,,,3,3,0,0,log_odds,log_odds,FALSE
Wald ratio,1,0.203938212198336,0.334059628245336,0.541540933590684,SLC2A1,ENSG00000117394,BBJ_Graves,1.22622238552992,0.637106365104964,2.36007897759262,,,,,,,1,1,0,0,log_odds,log_odds,FALSE
Wald ratio,1,-0.323045826127669,0.610620729308836,0.596774253640022,SLC2A4,ENSG00000181856,BBJ_Graves,0.723940678209809,0.218741971622328,2.39592841593178,,,,,,,1,1,0,0,log_odds,log_odds,FALSE
Wald ratio,1,-0.0288449871804737,0.135459756175664,0.83137268725285,SLC2A5,ENSG00000142583,BBJ_Graves,0.97156705814337,0.745018588963671,1.26700536396333,,,,,,,2,1,0,1,log_odds,log_odds,FALSE
Wald ratio,1,0.126133943254185,0.451094119540212,0.779770752699393,SLC39A6,ENSG00000141424,BBJ_Graves,1.13443410790323,0.468597760970731,2.74636554495737,,,,,,,1,1,0,0,log_odds,log_odds,FALSE
Wald ratio,1,-0.321612818916209,0.59799319639962,0.590701186701708,SLC3A2,ENSG00000168003,BBJ_Graves,0.724978834087127,0.224544924236861,2.34070893234669,,,,,,,1,1,0,0,log_odds,log_odds,FALSE
Inverse variance weighted,3,-0.0657769490780063,0.10436359644833,0.528519795615354,SLC40A1,ENSG00000138449,BBJ_Graves,0.936339692432795,0.763127927353446,1.14886638032718,-0.00646407222326322,0.904888223636826,0.150703126658659,0.927417383066068,,,5,3,1,2,log_odds,log_odds,FALSE
MR Egger,3,-0.0411419958864254,0.194106153252942,0.867032413033025,SLC40A1,ENSG00000138449,BBJ_Graves,0.959692847835654,0.65600290856341,1.40397298573545,-0.00646407222326322,0.904888223636826,0.150703126658659,0.927417383066068,,,5,3,1,2,log_odds,log_odds,FALSE
Weighted median,3,-0.0565112008153744,0.110337235284244,0.60853343871738,SLC40A1,ENSG00000138449,BBJ_Graves,0.94505589903922,0.761266198038821,1.17321727223633,-0.00646407222326322,0.904888223636826,0.150703126658659,0.927417383066068,,,5,3,1,2,log_odds,log_odds,FALSE
Weighted mode,3,-0.0342592197807561,0.219055397117923,0.890081962164225,SLC40A1,ENSG00000138449,BBJ_Graves,0.966320982655519,0.629010205073015,1.48451683929665,-0.00646407222326322,0.904888223636826,0.150703126658659,0.927417383066068,,,5,3,1,2,log_odds,log_odds,FALSE
Inverse variance weighted,2,-0.0275068181761937,0.130866611790987,0.83351959254984,SLC41A2,ENSG00000136052,BBJ_Graves,0.972868049345067,0.752762596875143,1.25733165458201,,,0.289720528043888,0.590399678131631,,,2,2,0,0,log_odds,log_odds,FALSE
Wald ratio,1,-0.054317183697214,0.313558746517509,0.862472142433597,SLC44A1,ENSG00000070214,BBJ_Graves,0.9471316441368,0.512275697661501,1.75112416111145,,,,,,,2,1,0,1,log_odds,log_odds,FALSE
Inverse variance weighted,2,-0.0626289829622466,0.0915022523457705,0.493689214670612,SLC47A1,ENSG00000142494,BBJ_Graves,0.939291902347847,0.785077062239514,1.12379958637369,,,0.0249214832367975,0.874562866124157,,,3,2,0,1,log_odds,log_odds,FALSE
Wald ratio,1,-0.039890554102019,0.157627115039501,0.800214806808545,SLC4A1,ENSG00000004939,BBJ_Graves,0.960894599369834,0.70550621414885,1.30873181919743,,,,,,,1,1,0,0,log_odds,log_odds,FALSE
Wald ratio,1,-1.33720965726013,1.55839680557232,0.39085518983351,SLC5A10,ENSG00000154025,BBJ_Graves,0.262577328056243,0.0123800695206276,5.56918142456932,,,,,,,1,1,1,0,log_odds,log_odds,FALSE
Inverse variance weighted,3,-0.199443876704213,0.141658820561162,0.159155617147713,SLC5A11,ENSG00000158865,BBJ_Graves,0.819186194951925,0.620583468654896,1.08134691930215,-0.0589687139299581,0.327049550356873,3.14359020000411,0.207672055449997,,,3,3,0,0,log_odds,log_odds,FALSE
MR Egger,3,0.0513211785809082,0.181076359095748,0.824178423764012,SLC5A11,ENSG00000158865,BBJ_Graves,1.05266093113908,0.738164569567846,1.50114904132465,-0.0589687139299581,0.327049550356873,3.14359020000411,0.207672055449997,,,3,3,0,0,log_odds,log_odds,FALSE
Weighted median,3,-0.179275099657488,0.110745345855677,0.105489264753761,SLC5A11,ENSG00000158865,BBJ_Graves,0.835875918585759,0.672780618787455,1.03850873785696,-0.0589687139299581,0.327049550356873,3.14359020000411,0.207672055449997,,,3,3,0,0,log_odds,log_odds,FALSE
Weighted mode,3,-0.149133831841716,0.374230174904066,0.728774650477264,SLC5A11,ENSG00000158865,BBJ_Graves,0.861453817232968,0.41369554483122,1.79383773525532,-0.0589687139299581,0.327049550356873,3.14359020000411,0.207672055449997,,,3,3,0,0,log_odds,log_odds,FALSE
Wald ratio,1,0.269364574653704,0.788103819621282,0.732510301189922,SLC5A2,ENSG00000140675,BBJ_Graves,1.30913233052164,0.279341868595452,6.13523302981486,,,,,,,1,1,1,0,log_odds,log_odds,FALSE
Wald ratio,1,-0.439226243230627,0.204023480309169,0.0313326680181338,SLC5A3,ENSG00000198743,BBJ_Graves,0.644534941465565,0.432093938287765,0.961423556220676,,,,,,,1,1,0,0,log_odds,log_odds,FALSE
Inverse variance weighted,3,0.00815067633479191,0.0792753629106331,0.918110001342384,SLC5A6,ENSG00000138074,BBJ_Graves,1.0081839835277,0.863096275547244,1.17766114098606,-0.0672710521893112,0.359974704090145,5.64078614938345,0.0595825177255697,,,3,3,0,0,log_odds,log_odds,FALSE
MR Egger,3,0.0751908044029524,0.0736073468538393,0.493225572185863,SLC5A6,ENSG00000138074,BBJ_Graves,1.07808983554864,0.933252394495672,1.24540553056002,-0.0672710521893112,0.359974704090145,5.64078614938345,0.0595825177255697,,,3,3,0,0,log_odds,log_odds,FALSE
Weighted median,3,0.0198544134161384,0.0482749475720274,0.680868858476519,SLC5A6,ENSG00000138074,BBJ_Graves,1.0200528232101,0.927962010657799,1.12128271436599,-0.0672710521893112,0.359974704090145,5.64078614938345,0.0595825177255697,,,3,3,0,0,log_odds,log_odds,FALSE
Weighted mode,3,0.0194171731062189,0.168091293191644,0.918589240495936,SLC5A6,ENSG00000138074,BBJ_Graves,1.01960691248972,0.733416326982559,1.41747356549037,-0.0672710521893112,0.359974704090145,5.64078614938345,0.0595825177255697,,,3,3,0,0,log_odds,log_odds,FALSE
Wald ratio,1,0.227222656477785,0.339296634267039,0.503057131280783,SLC5A9,ENSG00000117834,BBJ_Graves,1.25510929504587,0.645455669879613,2.4406003634678,,,,,,,1,1,0,0,log_odds,log_odds,FALSE
Inverse variance weighted,3,-0.115287630618241,0.131037785068875,0.378965236215604,SLC6A12,ENSG00000111181,BBJ_Graves,0.891109796580218,0.689270360556174,1.15205399071635,0.0500226624045591,0.537374087464213,1.52119401321713,0.467387310387905,,,3,3,0,0,log_odds,log_odds,FALSE
MR Egger,3,-0.384704497573943,0.330179988859397,0.451538594558631,SLC6A12,ENSG00000111181,BBJ_Graves,0.680651740730372,0.356344515564797,1.30010922554817,0.0500226624045591,0.537374087464213,1.52119401321713,0.467387310387905,,,3,3,0,0,log_odds,log_odds,FALSE
Weighted median,3,-0.1419710290748,0.134703974411765,0.291906573366187,SLC6A12,ENSG00000111181,BBJ_Graves,0.867646392640545,0.666316284898683,1.12980919080586,0.0500226624045591,0.537374087464213,1.52119401321713,0.467387310387905,,,3,3,0,0,log_odds,log_odds,FALSE
Weighted mode,3,-0.143673588936949,0.316711436943103,0.69455641168785,SLC6A12,ENSG00000111181,BBJ_Graves,0.866170429532203,0.465600175633423,1.61136368124287,0.0500226624045591,0.537374087464213,1.52119401321713,0.467387310387905,,,3,3,0,0,log_odds,log_odds,FALSE
Inverse variance weighted,2,-0.139248771368982,0.16742314498961,0.405568380679184,SLC6A16,ENSG00000063127,BBJ_Graves,0.870011567566039,0.626630556841052,1.20792087049581,,,0.0422065880897038,0.837226480358352,,,2,2,0,0,log_odds,log_odds,FALSE
Wald ratio,1,0.0711901128195953,0.274725430697895,0.795533500680157,SLC6A19,ENSG00000174358,BBJ_Graves,1.07378534682466,0.626709770581867,1.83979096094967,,,,,,,1,1,0,0,log_odds,log_odds,FALSE
Wald ratio,1,0.0362032342263497,0.620291343842426,0.95345798314248,SLC6A20,ENSG00000163817,BBJ_Graves,1.03686655185042,0.307411573266185,3.49724063711574,,,,,,,1,1,0,0,log_odds,log_odds,FALSE
Inverse variance weighted,2,0.0756631648612886,0.0711876997115952,0.287841581843991,SLC6A6,ENSG00000131389,BBJ_Graves,1.0785992028505,0.938131895263765,1.24009880301814,,,0.124507516147096,0.724196229246074,,,2,2,0,0,log_odds,log_odds,FALSE
Wald ratio,1,-0.804917635963123,0.375394666653459,0.0320176349333259,SLC6A9,ENSG00000196517,BBJ_Graves,0.447124752042354,0.214232976135775,0.933192207357619,,,,,,,1,1,0,0,log_odds,log_odds,FALSE
Inverse variance weighted,2,0.0648372483174481,0.160281489441778,0.68582954717517,SLC7A5,ENSG00000103257,BBJ_Graves,1.06698535659017,0.779334856642976,1.46080691948236,,,0.117782750229017,0.731451829281037,,,3,2,0,1,log_odds,log_odds,FALSE
Inverse variance weighted,3,0.0263903182173149,0.0676671154244509,0.696534982042642,SLC7A7,ENSG00000155465,BBJ_Graves,1.02674162623364,0.899211304658889,1.17235889003953,0.0499509425938164,0.447895013849799,2.04822624729746,0.359114814653383,,,3,3,0,0,log_odds,log_odds,FALSE
MR Egger,3,-0.142129058855969,0.157831968678935,0.533296544779972,SLC7A7,ENSG00000155465,BBJ_Graves,0.867509289504458,0.636685339828139,1.18201617078174,0.0499509425938164,0.447895013849799,2.04822624729746,0.359114814653383,,,3,3,0,0,log_odds,log_odds,FALSE
Weighted median,3,-0.00262508569496114,0.0697556384898616,0.96998061923838,SLC7A7,ENSG00000155465,BBJ_Graves,0.997378356829526,0.869926862347001,1.14350255145377,0.0499509425938164,0.447895013849799,2.04822624729746,0.359114814653383,,,3,3,0,0,log_odds,log_odds,FALSE
Weighted mode,3,-0.00811035707890875,0.188263413091817,0.969552078976169,SLC7A7,ENSG00000155465,BBJ_Graves,0.991922443133355,0.685842927084105,1.43459981044754,0.0499509425938164,0.447895013849799,2.04822624729746,0.359114814653383,,,3,3,0,0,log_odds,log_odds,FALSE
Inverse variance weighted,2,0.0362589383009185,0.067948930603656,0.59360416310691,SLC7A8,ENSG00000092068,BBJ_Graves,1.03692431115084,0.907627737037604,1.18463989494748,,,0.0243651832348199,0.875959315518274,,,4,2,0,2,log_odds,log_odds,FALSE
Wald ratio,1,0.674033280755919,0.323850575542885,0.0374055858059525,SLC9A1,ENSG00000090020,BBJ_Graves,1.96213522493998,1.04006805934699,3.70165645060526,,,,,,,1,1,0,0,log_odds,log_odds,FALSE
Wald ratio,1,-0.613267978901379,0.488371972746888,0.209210431471032,SLCO3A1,ENSG00000176463,BBJ_Graves,0.541578108148681,0.207945959010949,1.41049553749905,,,,,,,7,1,1,6,log_odds,log_odds,FALSE
Wald ratio,1,-0.176195922783306,0.361874552192814,0.626330759147302,SLCO4A1,ENSG00000101187,BBJ_Graves,0.838453695062082,0.412520224597832,1.70417001844848,,,,,,,1,1,0,0,log_odds,log_odds,FALSE
Inverse variance weighted,2,0.0334806437719249,0.0944747495569951,0.723048711539982,SLCO4C1,ENSG00000173930,BBJ_Graves,1.03404742827471,0.859254724077038,1.24439709664682,,,1.16322027848643,0.280798682848502,,,3,2,1,1,log_odds,log_odds,FALSE
Wald ratio,1,0.466725934301054,0.623739534001779,0.454296974515523,SLCO5A1,ENSG00000137571,BBJ_Graves,1.59476427333333,0.46963308830154,5.41544697520847,,,,,,,1,1,0,0,log_odds,log_odds,FALSE
Inverse variance weighted,3,-0.143972721469465,0.135823790464039,0.28914626208871,SLK,ENSG00000065613,BBJ_Graves,0.865911368526745,0.663525926391424,1.1300274312138,-0.0106632908719146,0.861679676577769,1.78624299779503,0.409375889857401,,,3,3,0,0,log_odds,log_odds,FALSE
MR Egger,3,-0.0754624354906905,0.357397872177666,0.867527272623304,SLK,ENSG00000065613,BBJ_Graves,0.927314563996316,0.460260675120891,1.86831581988579,-0.0106632908719146,0.861679676577769,1.78624299779503,0.409375889857401,,,3,3,0,0,log_odds,log_odds,FALSE
Weighted median,3,-0.124241547147447,0.137144577029782,0.364980004195689,SLK,ENSG00000065613,BBJ_Graves,0.883166488770408,0.674998427240889,1.15553313224046,-0.0106632908719146,0.861679676577769,1.78624299779503,0.409375889857401,,,3,3,0,0,log_odds,log_odds,FALSE
Weighted mode,3,-0.124792993775822,0.3729411941959,0.769746613395239,SLK,ENSG00000065613,BBJ_Graves,0.882679603845745,0.42496106143851,1.83339923052695,-0.0106632908719146,0.861679676577769,1.78624299779503,0.409375889857401,,,3,3,0,0,log_odds,log_odds,FALSE
Inverse variance weighted,2,-0.0256839158566301,0.0967062309547456,0.790557313798845,SLPI,ENSG00000124107,BBJ_Graves,0.974643110158545,0.806357466051535,1.17804972629696,,,0.517398331533313,0.471953594565045,,,3,2,0,1,log_odds,log_odds,FALSE
Inverse variance weighted,2,0.0963898288057003,0.177879888475511,0.587900110938834,SMAD3,ENSG00000166949,BBJ_Graves,1.10118825523538,0.777046758165208,1.5605438935639,,,3.18195296632412,0.0744556899792229,,,2,2,0,0,log_odds,log_odds,FALSE
Wald ratio,1,0.176951298239177,0.169340781766232,0.296049768345848,SMC3,ENSG00000108055,BBJ_Graves,1.19357296260667,0.856452317570116,1.66339256469936,,,,,,,1,1,0,0,log_odds,log_odds,FALSE
Wald ratio,1,-0.240450996071844,0.29236847887458,0.410835347971496,SMG1,ENSG00000157106,BBJ_Graves,0.786273174978237,0.443306792545152,1.39457711022416,,,,,,,2,1,1,1,log_odds,log_odds,FALSE
Wald ratio,1,0.0793746937335422,0.126457776441871,0.530215265263603,SMN2,ENSG00000205571,BBJ_Graves,1.08260989322595,0.844946009209839,1.38712316306073,,,,,,,5,1,0,4,log_odds,log_odds,FALSE
Wald ratio,1,0.0334817300653788,0.432670189489938,0.938318105310231,SMO,ENSG00000128602,BBJ_Graves,1.03404855155427,0.442837744469274,2.41455571555434,,,,,,,1,1,0,0,log_odds,log_odds,FALSE
Wald ratio,1,-2.94214938136308,2.67923733856897,0.272147974367214,SMPD1,ENSG00000166311,BBJ_Graves,0.0527522221544211,0.000276457193383977,10.0659234370665,,,,,,,1,1,1,0,log_odds,log_odds,FALSE
Inverse variance weighted,2,-0.0490705499591696,0.10345090800402,0.635259909749168,SMPD2,ENSG00000135587,BBJ_Graves,0.952113955728271,0.777373515146009,1.16613309693509,,,0.2895051881522,0.59053779191191,,,2,2,0,0,log_odds,log_odds,FALSE
Inverse variance weighted,3,-0.0179383650367008,0.0905615249270429,0.842983006574927,SMPDL3A,ENSG00000172594,BBJ_Graves,0.982221569683073,0.822473550839497,1.17299724831996,-0.106407504016262,0.285337080373138,4.42938262527545,0.1091872137599,,,4,3,1,1,log_odds,log_odds,FALSE
MR Egger,3,0.29128195732265,0.160658033571935,0.320879487768166,SMPDL3A,ENSG00000172594,BBJ_Graves,1.33814182965156,0.976668695362479,1.83339915036249,-0.106407504016262,0.285337080373138,4.42938262527545,0.1091872137599,,,4,3,1,1,log_odds,log_odds,FALSE
Weighted median,3,0.0189898715909488,0.0671064510516887,0.777191162279013,SMPDL3A,ENSG00000172594,BBJ_Graves,1.01917132598105,0.893562700803526,1.16243682817996,-0.106407504016262,0.285337080373138,4.42938262527545,0.1091872137599,,,4,3,1,1,log_odds,log_odds,FALSE
Weighted mode,3,0.0260447124993346,0.214888043288343,0.914610744477878,SMPDL3A,ENSG00000172594,BBJ_Graves,1.02638683976837,0.673588524451596,1.56396658584316,-0.106407504016262,0.285337080373138,4.42938262527545,0.1091872137599,,,4,3,1,1,log_odds,log_odds,FALSE
Wald ratio,1,-0.148157315463163,0.180518783406165,0.411799654610004,SMPDL3B,ENSG00000130768,BBJ_Graves,0.862295451862982,0.605334469877856,1.22833488476811,,,,,,,1,1,0,0,log_odds,log_odds,FALSE
Wald ratio,1,-2.62664929905126,2.19728246067599,0.231927614047312,SNAP23,ENSG00000092531,BBJ_Graves,0.072320380682414,0.000974756441291494,5.3656864838149,,,,,,,1,1,0,0,log_odds,log_odds,FALSE
Wald ratio,1,-0.0333595419141774,0.0569813995984805,0.558247754661878,SNAP29,ENSG00000099940,BBJ_Graves,0.967190751452825,0.864985024318084,1.08147300056825,,,,,,,4,1,1,3,log_odds,log_odds,FALSE
Inverse variance weighted,2,-0.035521891296833,0.0576642655023845,0.537886465071301,SNCA,ENSG00000145335,BBJ_Graves,0.965101606673001,0.861962207849514,1.08058230711366,,,0.200943869363995,0.653960058143249,,,3,2,0,1,log_odds,log_odds,FALSE
Wald ratio,1,0.348652729473732,0.192235248439844,0.0697274033381884,SNRK,ENSG00000163788,BBJ_Graves,1.41715696803369,0.972263561502237,2.06562700852779,,,,,,,1,1,0,0,log_odds,log_odds,FALSE
Inverse variance weighted,3,0.0417451116575656,0.0730799663020202,0.567847060407545,SOAT1,ENSG00000057252,BBJ_Graves,1.04262869098028,0.903488748473268,1.20319659662859,0.00123541915002009,0.985724070436383,0.0802430988934403,0.960672662824772,,,4,3,0,1,log_odds,log_odds,FALSE
MR Egger,3,0.0379719832015942,0.183417974794326,0.87004011572215,SOAT1,ENSG00000057252,BBJ_Graves,1.03870213136262,0.725040874282997,1.4880569578428,0.00123541915002009,0.985724070436383,0.0802430988934403,0.960672662824772,,,4,3,0,1,log_odds,log_odds,FALSE
Weighted median,3,0.044286770112955,0.0744818982497653,0.552112375475938,SOAT1,ENSG00000057252,BBJ_Graves,1.04528206756866,0.903302533190751,1.20957770030949,0.00123541915002009,0.985724070436383,0.0802430988934403,0.960672662824772,,,4,3,0,1,log_odds,log_odds,FALSE
Weighted mode,3,0.0449120307269429,0.209451572290705,0.85009072725548,SOAT1,ENSG00000057252,BBJ_Graves,1.04593584564556,0.693771203376584,1.57686249859014,0.00123541915002009,0.985724070436383,0.0802430988934403,0.960672662824772,,,4,3,0,1,log_odds,log_odds,FALSE
Wald ratio,1,0.0515148685989862,0.138094118867477,0.709117388141685,SOAT2,ENSG00000167780,BBJ_Graves,1.05286484080086,0.803201546694335,1.38013226886436,,,,,,,1,1,0,0,log_odds,log_odds,FALSE
Wald ratio,1,0.0137339202469717,0.118518673729363,0.907747804835874,SORD,ENSG00000140263,BBJ_Graves,1.0138286637661,0.80367310342473,1.2789386071199,,,,,,,1,1,0,0,log_odds,log_odds,FALSE
Wald ratio,1,0.29654844415831,0.315584841871743,0.347382247351919,SPACA3,ENSG00000141316,BBJ_Graves,1.34520772587482,0.724699751396487,2.49701179318229,,,,,,,1,1,0,0,log_odds,log_odds,FALSE
Inverse variance weighted,2,-0.103255814357254,0.308644693242761,0.737967666556213,SPARC,ENSG00000113140,BBJ_Graves,0.901896225965156,0.492530243017568,1.65150630634712,,,3.77315644443344,0.0520812636815354,,,2,2,0,0,log_odds,log_odds,FALSE
Wald ratio,1,-0.024144936181064,0.233898167305674,0.917781691524039,SPEG,ENSG00000072195,BBJ_Graves,0.976144220889186,0.617185690009221,1.54387497215161,,,,,,,1,1,0,0,log_odds,log_odds,FALSE
Inverse variance weighted,2,0.0497665613917752,0.0800190581919157,0.533985362130443,SPHK1,ENSG00000176170,BBJ_Graves,1.05102571775596,0.898462066215374,1.22949549115368,,,0.592366591249634,0.441505428973577,,,2,2,1,0,log_odds,log_odds,FALSE
Inverse variance weighted,2,-0.117715547004189,0.0725685516499234,0.104775745038425,SPINK2,ENSG00000128040,BBJ_Graves,0.888948880826315,0.771090210103433,1.02482187215988,,,0.193462611348792,0.66005020678114,,,3,2,0,1,log_odds,log_odds,FALSE
Wald ratio,1,-0.11043523755093,0.261719418213415,0.673053902194632,SPINT1,ENSG00000166145,BBJ_Graves,0.895444319478837,0.536115692358844,1.49561100470498,,,,,,,2,1,0,1,log_odds,log_odds,FALSE
Inverse variance weighted,3,0.037449075438741,0.0981455031857788,0.702782639509445,SPINT2,ENSG00000167642,BBJ_Graves,1.03815912793756,0.856487024476659,1.25836626139039,0.0131831679140723,0.756437024645534,0.278779333997815,0.869888995373329,,,3,3,0,0,log_odds,log_odds,FALSE
MR Egger,3,-0.01888097916609,0.170958463967277,0.929974287568277,SPINT2,ENSG00000167642,BBJ_Graves,0.981296149978664,0.701903345757378,1.37190133055129,0.0131831679140723,0.756437024645534,0.278779333997815,0.869888995373329,,,3,3,0,0,log_odds,log_odds,FALSE
Weighted median,3,0.0238955090235073,0.0999913536768671,0.811124384493546,SPINT2,ENSG00000167642,BBJ_Graves,1.02418329438669,0.841905466015917,1.24592541899583,0.0131831679140723,0.756437024645534,0.278779333997815,0.869888995373329,,,3,3,0,0,log_odds,log_odds,FALSE
Weighted mode,3,0.0230764164410911,0.293812885950368,0.944548435805275,SPINT2,ENSG00000167642,BBJ_Graves,1.0233447369222,0.575338428499405,1.82020598435909,0.0131831679140723,0.756437024645534,0.278779333997815,0.869888995373329,,,3,3,0,0,log_odds,log_odds,FALSE
Wald ratio,1,0.308486908580211,0.560843985202238,0.582291592330544,SPOCK1,ENSG00000152377,BBJ_Graves,1.36136368724742,0.453496692641445,4.08671357261959,,,,,,,1,1,0,0,log_odds,log_odds,FALSE
Inverse variance weighted,2,0.0490646948536292,0.29430261393398,0.867594209991796,SPOCK2,ENSG00000107742,BBJ_Graves,1.05028829678975,0.589919950469925,1.86992405578892,,,3.44401933032541,0.0634810836446558,,,3,2,0,1,log_odds,log_odds,FALSE
Inverse variance weighted,3,-0.101894403528888,0.07052152064305,0.148494507927494,SPP1,ENSG00000118785,BBJ_Graves,0.903124913437687,0.786536158198089,1.03699569405735,-0.214689727399057,0.544927750271362,1.01160128381522,0.603022576952088,,,5,3,0,2,log_odds,log_odds,FALSE
MR Egger,3,0.538901406500273,0.741642993483275,0.599962791318169,SPP1,ENSG00000118785,BBJ_Graves,1.7141227033524,0.400629242873682,7.33400443031202,-0.214689727399057,0.544927750271362,1.01160128381522,0.603022576952088,,,5,3,0,2,log_odds,log_odds,FALSE
Weighted median,3,-0.100418320055253,0.0706407998035275,0.15516148873772,SPP1,ENSG00000118785,BBJ_Graves,0.904458985555718,0.787513876354348,1.03877033931069,-0.214689727399057,0.544927750271362,1.01160128381522,0.603022576952088,,,5,3,0,2,log_odds,log_odds,FALSE
Weighted mode,3,-0.0971392748677138,0.202461900712104,0.678722910678606,SPP1,ENSG00000118785,BBJ_Graves,0.907429615192321,0.610202383711982,1.34943508663307,-0.214689727399057,0.544927750271362,1.01160128381522,0.603022576952088,,,5,3,0,2,log_odds,log_odds,FALSE
Wald ratio,1,0.420949217995862,0.248730281444451,0.0905711957664279,SQLE,ENSG00000104549,BBJ_Graves,1.52340691478818,0.935604781524055,2.48050103404134,,,,,,,1,1,0,0,log_odds,log_odds,FALSE
Inverse variance weighted,2,0.0388149047758785,0.322305299467139,0.904143320223253,SRC,ENSG00000197122,BBJ_Graves,1.03957804490975,0.552720139629186,1.95527977718239,,,1.22905295244111,0.267591295348197,,,3,2,0,1,log_odds,log_odds,FALSE
Wald ratio,1,0.0477284029585446,0.0687186893397699,0.487338840426939,SRD5A1,ENSG00000145545,BBJ_Graves,1.04888574237101,0.916713554304487,1.20011457819437,,,,,,,2,1,0,1,log_odds,log_odds,FALSE
Wald ratio,1,-0.0510442623463737,0.085375362268644,0.549919687197017,SRD5A3,ENSG00000128039,BBJ_Graves,0.950236609899618,0.803819954240355,1.12332321439674,,,,,,,6,1,1,5,log_odds,log_odds,FALSE
Inverse variance weighted,2,-0.0637052984404193,0.250370985346862,0.799152859999875,SRGN,ENSG00000122862,BBJ_Graves,0.93828147180339,0.574398180032483,1.53268612424877,,,0.0107943220236278,0.917252098366395,,,2,2,0,0,log_odds,log_odds,FALSE
Inverse variance weighted,3,0.0240613585227335,0.116012762910417,0.835695385858051,SRPK1,ENSG00000096063,BBJ_Graves,1.02435316875958,0.816014090186508,1.28588394118042,0.0402347107822523,0.606114651525085,1.00193559265058,0.605943945524701,,,4,3,0,1,log_odds,log_odds,FALSE
MR Egger,3,-0.124069125727311,0.238216078964068,0.694314758139179,SRPK1,ENSG00000096063,BBJ_Graves,0.883318778719266,0.553788385688849,1.40893540746173,0.0402347107822523,0.606114651525085,1.00193559265058,0.605943945524701,,,4,3,0,1,log_odds,log_odds,FALSE
Weighted median,3,0.0091109279099377,0.117396582027511,0.938139783823399,SRPK1,ENSG00000096063,BBJ_Graves,1.00915255874944,0.801727605466883,1.27024301007757,0.0402347107822523,0.606114651525085,1.00193559265058,0.605943945524701,,,4,3,0,1,log_odds,log_odds,FALSE
Weighted mode,3,0.0096610289414274,0.421071930518839,0.983778353025403,SRPK1,ENSG00000096063,BBJ_Graves,1.00970784733134,0.442356148786139,2.30472649642174,0.0402347107822523,0.606114651525085,1.00193559265058,0.605943945524701,,,4,3,0,1,log_odds,log_odds,FALSE
Wald ratio,1,0.131811184002661,0.530060975650924,0.803614712116211,SRPK2,ENSG00000135250,BBJ_Graves,1.14089288010168,0.403689876481517,3.22434779690668,,,,,,,1,1,0,0,log_odds,log_odds,FALSE
Inverse variance weighted,2,-0.0142013173252571,0.0860676175942431,0.868942514979273,SSR1,ENSG00000124783,BBJ_Graves,0.985899045724076,0.832856560592708,1.16706402320697,,,1.36953473056701,0.241891839505675,,,3,2,1,1,log_odds,log_odds,FALSE
Inverse variance weighted,2,-0.0313558053253501,1.12589667910953,0.977782082708554,SSTR3,ENSG00000183473,BBJ_Graves,0.969130689863609,0.106659549621599,8.80572154455567,,,15.1967386677219,9.68705769097622e-05,,,2,2,0,0,log_odds,log_odds,FALSE
Wald ratio,1,-0.00238098970791742,0.0611996901524536,0.968965924818283,ST14,ENSG00000149418,BBJ_Graves,0.997621842599733,0.884854209646917,1.12476081368164,,,,,,,3,1,0,2,log_odds,log_odds,FALSE
Wald ratio,1,-0.0638248176739987,0.113143803891878,0.572683684843254,ST3GAL1,ENSG00000008513,BBJ_Graves,0.938169335822335,0.75157319702451,1.17109245800927,,,,,,,4,1,0,3,log_odds,log_odds,FALSE
Wald ratio,1,0.0439046086208363,0.374858160892974,0.906762380355022,ST3GAL2,ENSG00000157350,BBJ_Graves,1.04488267733467,0.501166254954545,2.17847829657466,,,,,,,2,1,0,1,log_odds,log_odds,FALSE
Wald ratio,1,0.502695162906883,0.321922227040848,0.118395860177548,ST3GAL3,ENSG00000126091,BBJ_Graves,1.65317083657172,0.879613737883347,3.10701583796054,,,,,,,1,1,1,0,log_odds,log_odds,FALSE
Wald ratio,1,-0.206862413601784,0.162044905462096,0.201752466946074,ST3GAL4,ENSG00000110080,BBJ_Graves,0.813131518128483,0.5918687183067,1.11711067897884,,,,,,,1,1,0,0,log_odds,log_odds,FALSE
Inverse variance weighted,5,0.0023688971302885,0.0173993453145545,0.891703779559895,ST6GAL1,ENSG00000073849,BBJ_Graves,1.00237170518399,0.968764413778435,1.03714486315065,0.010037422814512,0.792929675852966,6.68263158977152,0.153640731531986,,,6,5,0,1,log_odds,log_odds,FALSE
MR Egger,5,-0.00171418163840479,0.0244039731305013,0.94842133910923,ST6GAL1,ENSG00000073849,BBJ_Graves,0.998287286731802,0.951661410232145,1.04719756011462,0.010037422814512,0.792929675852966,6.68263158977152,0.153640731531986,,,6,5,0,1,log_odds,log_odds,FALSE
Weighted median,5,0.00141112080530086,0.0151089934884771,0.925588902472833,ST6GAL1,ENSG00000073849,BBJ_Graves,1.00141211690475,0.972191471839378,1.03151103144971,0.010037422814512,0.792929675852966,6.68263158977152,0.153640731531986,,,6,5,0,1,log_odds,log_odds,FALSE
Weighted mode,5,0.000139820515385081,0.0982264461408198,0.998932412335045,ST6GAL1,ENSG00000073849,BBJ_Graves,1.00013983029073,0.824990000010245,1.21247491499478,0.010037422814512,0.792929675852966,6.68263158977152,0.153640731531986,,,6,5,0,1,log_odds,log_odds,FALSE
Wald ratio,1,0.671985825289938,0.436501132331901,0.123686563246799,STAT1,ENSG00000115415,BBJ_Graves,1.95812195035118,0.832304937342674,4.60677499365654,,,,,,,2,1,1,1,log_odds,log_odds,FALSE
Inverse variance weighted,2,-0.0438857832336916,0.304969764456483,0.885577793722878,STAT3,ENSG00000168610,BBJ_Graves,0.95706326390177,0.526435468659625,1.73994752565303,,,2.3499722374781,0.125285238609854,,,3,2,0,1,log_odds,log_odds,FALSE
Wald ratio,1,-0.0829798789988068,0.174165576673969,0.633759178044783,STAT5A,ENSG00000126561,BBJ_Graves,0.920369665792962,0.654198531059705,1.29483678347566,,,,,,,1,1,0,0,log_odds,log_odds,FALSE
Wald ratio,1,0.582966471889412,0.294579146034076,0.0478181688507136,STAT5B,ENSG00000173757,BBJ_Graves,1.7913445298541,1.0056070064104,3.1910231374508,,,,,,,1,1,0,0,log_odds,log_odds,FALSE
Inverse variance weighted,2,0.0520893426648094,0.113072333115916,0.645033408238102,STAT6,ENSG00000166888,BBJ_Graves,1.05346985811345,0.844059380986187,1.31483491203771,,,0.84961231063476,0.356662036335856,,,6,2,0,4,log_odds,log_odds,FALSE
Inverse variance weighted,3,-0.00926463765546397,0.108868552819043,0.932182446673472,STIM2,ENSG00000109689,BBJ_Graves,0.990778146870323,0.800397338747878,1.22644252897123,-0.00923957341528155,0.944420617552865,2.44728240708085,0.294157128556083,,,4,3,1,1,log_odds,log_odds,FALSE
MR Egger,3,0.0198200987697355,0.365985899785957,0.965557270935318,STIM2,ENSG00000109689,BBJ_Graves,1.02001782105871,0.497822214441277,2.0899757485613,-0.00923957341528155,0.944420617552865,2.44728240708085,0.294157128556083,,,4,3,1,1,log_odds,log_odds,FALSE
Weighted median,3,-0.0141053298047036,0.0970229090425884,0.884409721165885,STIM2,ENSG00000109689,BBJ_Graves,0.985993684270978,0.815242037316476,1.19250909658975,-0.00923957341528155,0.944420617552865,2.44728240708085,0.294157128556083,,,4,3,1,1,log_odds,log_odds,FALSE
Weighted mode,3,-0.0258284710149466,0.462970194346525,0.96058214307595,STIM2,ENSG00000109689,BBJ_Graves,0.974502230652129,0.39327347186981,2.41474359567368,-0.00923957341528155,0.944420617552865,2.44728240708085,0.294157128556083,,,4,3,1,1,log_odds,log_odds,FALSE
Inverse variance weighted,3,0.123399931937009,0.127587621602315,0.333455092386028,STK10,ENSG00000072786,BBJ_Graves,1.13133678819652,0.881022771186259,1.45276940640643,-0.0149337233983173,0.859031487828795,1.53191132090569,0.464889442163132,,,3,3,0,0,log_odds,log_odds,FALSE
MR Egger,3,0.201030362766758,0.377683257934356,0.688609564178375,STK10,ENSG00000072786,BBJ_Graves,1.22266189465768,0.583197827877458,2.56328476751806,-0.0149337233983173,0.859031487828795,1.53191132090569,0.464889442163132,,,3,3,0,0,log_odds,log_odds,FALSE
Weighted median,3,0.164597967104342,0.139103397057666,0.236699052534636,STK10,ENSG00000072786,BBJ_Graves,1.1789190591809,0.897587481336415,1.54842862339239,-0.0149337233983173,0.859031487828795,1.53191132090569,0.464889442163132,,,3,3,0,0,log_odds,log_odds,FALSE
Weighted mode,3,0.166517333909366,0.293005678442671,0.627126698023369,STK10,ENSG00000072786,BBJ_Graves,1.1811840102295,0.665129316826464,2.09763068733574,-0.0149337233983173,0.859031487828795,1.53191132090569,0.464889442163132,,,3,3,0,0,log_odds,log_odds,FALSE
Wald ratio,1,-2.04245187127188,0.890194817791716,0.0217682499548234,STK11,ENSG00000118046,BBJ_Graves,0.129710287743494,0.0226581942792981,0.742546318524246,,,,,,,2,1,1,1,log_odds,log_odds,FALSE
Wald ratio,1,-0.414800399903847,0.359428175414898,0.248477031208353,STK17A,ENSG00000164543,BBJ_Graves,0.660472097843424,0.326514923529168,1.33599832839103,,,,,,,1,1,0,0,log_odds,log_odds,FALSE
Inverse variance weighted,2,0.165239803148087,0.153834762938967,0.282760723066777,STK17B,ENSG00000081320,BBJ_Graves,1.17967597480762,0.872601471274944,1.59481212368921,,,0.174111496016904,0.676483345242555,,,2,2,0,0,log_odds,log_odds,FALSE
Inverse variance weighted,2,-0.126927202306868,0.175026762212099,0.468337072745044,STK24,ENSG00000102572,BBJ_Graves,0.880797790310568,0.625014983306567,1.2412578388308,,,0.263724956850015,0.607572531282783,,,2,2,0,0,log_odds,log_odds,FALSE
Wald ratio,1,-0.403707202149463,0.25242842200993,0.109755343655148,STK25,ENSG00000115694,BBJ_Graves,0.667839634654113,0.407193445947595,1.09532651385637,,,,,,,2,1,1,1,log_odds,log_odds,FALSE
Wald ratio,1,0.0546587633944426,0.560144704510793,0.922266028780983,STK3,ENSG00000104375,BBJ_Graves,1.05618014584859,0.352316676933823,3.16623246504528,,,,,,,1,1,0,0,log_odds,log_odds,FALSE
Wald ratio,1,-0.226081672481792,0.79368815155461,0.775759447533582,STK32B,ENSG00000152953,BBJ_Graves,0.797652952709016,0.168349946775521,3.77933135799439,,,,,,,2,1,0,1,log_odds,log_odds,FALSE
Inverse variance weighted,2,0.0170144247399453,0.0372707358385532,0.648024031451425,STK32C,ENSG00000165752,BBJ_Graves,1.01715999448782,0.945504891443448,1.09424548064154,,,0.149403803793125,0.699105756966368,,,6,2,1,4,log_odds,log_odds,FALSE
Inverse variance weighted,2,-0.0460004232340523,0.355160391597208,0.896946090667401,STK33,ENSG00000130413,BBJ_Graves,0.95504155798452,0.476105985574959,1.91575910640152,,,4.47122653715385,0.0344702387583871,,,3,2,1,1,log_odds,log_odds,FALSE
Wald ratio,1,-0.579038490729246,0.507413616213484,0.253804684387142,STK35,ENSG00000125834,BBJ_Graves,0.560436972931547,0.207303955535822,1.51511629296625,,,,,,,1,1,0,0,log_odds,log_odds,FALSE
Wald ratio,1,-0.00861415082054207,0.345922650669459,0.980133166609037,STK36,ENSG00000163482,BBJ_Graves,0.991422844672174,0.503272983111645,1.95305388908552,,,,,,,1,1,0,0,log_odds,log_odds,FALSE
Wald ratio,1,-0.137568545306868,0.183379809590745,0.453144070401873,STK38,ENSG00000112079,BBJ_Graves,0.871474612455079,0.608357259267258,1.2483914485848,,,,,,,1,1,0,0,log_odds,log_odds,FALSE
Wald ratio,1,-1.22205498125829,0.473477267737239,0.00985084625942222,STK38L,ENSG00000211455,BBJ_Graves,0.294624097408135,0.116475954546354,0.745247026406753,,,,,,,1,1,0,0,log_odds,log_odds,FALSE
Inverse variance weighted,2,-0.01102582064392,0.120308422039964,0.926979071362726,STK39,ENSG00000198648,BBJ_Graves,0.989034740931798,0.78127324260298,1.25204559100345,,,2.15491329401371,0.142114465624427,,,2,2,1,0,log_odds,log_odds,FALSE
Wald ratio,1,0.01223928963383,0.16675258317677,0.941489487649468,STK4,ENSG00000101109,BBJ_Graves,1.01231449625119,0.730083933981268,1.403647706274,,,,,,,1,1,0,0,log_odds,log_odds,FALSE
Wald ratio,1,0.474372606093501,0.574287139221289,0.40879280256098,STK40,ENSG00000196182,BBJ_Graves,1.60700565558632,0.52140395780731,4.95291057618092,,,,,,,1,1,0,0,log_odds,log_odds,FALSE
Wald ratio,1,-0.0194342064939299,0.179834419249559,0.913942367198429,STX1A,ENSG00000106089,BBJ_Graves,0.980753420272087,0.689416515930479,1.39520485678703,,,,,,,1,1,0,0,log_odds,log_odds,FALSE
Inverse variance weighted,2,0.128067034674351,0.229077049895544,0.576123098697964,STYK1,ENSG00000060140,BBJ_Graves,1.13662919371117,0.725478397497703,1.78079172095623,,,0.204650997035218,0.650992599401226,,,2,2,0,0,log_odds,log_odds,FALSE
Wald ratio,1,0.196785676655438,0.457982075580513,0.667428531729838,SUCNR1,ENSG00000198829,BBJ_Graves,1.21748307769652,0.49615882516776,2.98748096232331,,,,,,,1,1,1,0,log_odds,log_odds,FALSE
Inverse variance weighted,2,-0.106946145999039,0.0817568698128386,0.190839457364287,SULT1A1,ENSG00000196502,BBJ_Graves,0.898574063495762,0.76552790532007,1.05474319352172,,,0.00867268588127367,0.925802464063472,,,4,2,2,2,log_odds,log_odds,FALSE
Wald ratio,1,-0.338081587469689,0.283416006972893,0.232915956947248,SULT1B1,ENSG00000173597,BBJ_Graves,0.713137102472981,0.409189477053215,1.24285827335052,,,,,,,1,1,0,0,log_odds,log_odds,FALSE
Inverse variance weighted,2,0.0537127561878647,0.134922636891102,0.690556176966195,SULT2B1,ENSG00000088002,BBJ_Graves,1.05518146427363,0.809988189635638,1.37459772474892,,,0.345174988777633,0.556857243019562,,,2,2,0,0,log_odds,log_odds,FALSE
Inverse variance weighted,3,0.000538922271358702,0.0885995787207538,0.995146758997748,SUMF1,ENSG00000144455,BBJ_Graves,1.00053906751606,0.841039836580261,1.19028657393492,-0.272327761717094,0.387827534685223,2.06660039958128,0.355830708273988,,,6,3,1,3,log_odds,log_odds,FALSE
MR Egger,3,0.967087726054122,0.679995232827134,0.3901386006791,SUMF1,ENSG00000144455,BBJ_Graves,2.63027321823419,0.693708850491819,9.97296949239606,-0.272327761717094,0.387827534685223,2.06660039958128,0.355830708273988,,,6,3,1,3,log_odds,log_odds,FALSE
Weighted median,3,-0.0169670825456426,0.0979509400032833,0.862478337289337,SUMF1,ENSG00000144455,BBJ_Graves,0.983176047754928,0.811435055880567,1.19126618190043,-0.272327761717094,0.387827534685223,2.06660039958128,0.355830708273988,,,6,3,1,3,log_odds,log_odds,FALSE
Weighted mode,3,-0.0391849639944848,0.184668735240996,0.851619515876281,SUMF1,ENSG00000144455,BBJ_Graves,0.961572836344044,0.669559205688641,1.38094183716548,-0.272327761717094,0.387827534685223,2.06660039958128,0.355830708273988,,,6,3,1,3,log_odds,log_odds,FALSE
Inverse variance weighted,3,0.103754845627612,0.0815611079890052,0.203333409050594,SYK,ENSG00000165025,BBJ_Graves,1.1093284648536,0.945439929426627,1.30162647528622,-0.0121879218045824,0.886544648479246,1.61557979576363,0.445842335244275,,,4,3,2,1,log_odds,log_odds,FALSE
MR Egger,3,0.14710035145255,0.261374894993413,0.673660338350478,SYK,ENSG00000165025,BBJ_Graves,1.15847021136536,0.694061682505109,1.93362242067156,-0.0121879218045824,0.886544648479246,1.61557979576363,0.445842335244275,,,4,3,2,1,log_odds,log_odds,FALSE
Weighted median,3,0.106176235588562,0.0894542073390148,0.235253674932961,SYK,ENSG00000165025,BBJ_Graves,1.11201783635636,0.933182948761733,1.32512458571551,-0.0121879218045824,0.886544648479246,1.61557979576363,0.445842335244275,,,4,3,2,1,log_odds,log_odds,FALSE
Weighted mode,3,0.170335292549433,0.219519547837358,0.5189722683343,SYK,ENSG00000165025,BBJ_Graves,1.1857023418399,0.771110942704873,1.8232007427013,-0.0121879218045824,0.886544648479246,1.61557979576363,0.445842335244275,,,4,3,2,1,log_odds,log_odds,FALSE
Wald ratio,1,0.525863206824332,0.79788399761078,0.509849370107881,TAB1,ENSG00000100324,BBJ_Graves,1.69191869397696,0.354166042752652,8.08261809850561,,,,,,,1,1,0,0,log_odds,log_odds,FALSE
Wald ratio,1,0.123899562066811,0.111898654061839,0.26818671536344,TAC4,ENSG00000176358,BBJ_Graves,1.13190217937433,0.908989441944747,1.40948011555697,,,,,,,1,1,0,0,log_odds,log_odds,FALSE
Wald ratio,1,0.56510668272089,0.307416061423968,0.0660260025840504,TACR2,ENSG00000075073,BBJ_Graves,1.75963549541121,0.963263001849169,3.21440465456172,,,,,,,1,1,0,0,log_odds,log_odds,FALSE
Wald ratio,1,-0.0310908750750378,0.136769653065014,0.820172662391577,TAF1A,ENSG00000143498,BBJ_Graves,0.969387475913554,0.741441217931613,1.2674127843601,,,,,,,1,1,0,0,log_odds,log_odds,FALSE
Wald ratio,1,-0.20689461584121,0.303502303998196,0.49543472064395,TAOK3,ENSG00000135090,BBJ_Graves,0.813105333894249,0.44853923012944,1.47398541665238,,,,,,,1,1,0,0,log_odds,log_odds,FALSE
Inverse variance weighted,2,0.489763028941376,0.318263935010451,0.12383894629652,TAPBPL,ENSG00000139192,BBJ_Graves,1.6319294540807,0.874560080952186,3.04518100139734,,,0.000124594476985407,0.991094046181163,,,5,2,1,3,log_odds,log_odds,FALSE
Inverse variance weighted,2,0.106006661117643,0.138057216152062,0.442578768498245,TARS,ENSG00000113407,BBJ_Graves,1.11182928250751,0.848245243686764,1.4573195224395,,,0.480381037598844,0.488249772936072,,,2,2,0,0,log_odds,log_odds,FALSE
Wald ratio,1,-0.0988292962428651,0.0772404538331703,0.200720421967347,TAS1R3,ENSG00000169962,BBJ_Graves,0.905897334904125,0.778629009658073,1.05396789896998,,,,,,,1,1,1,0,log_odds,log_odds,FALSE
Inverse variance weighted,2,0.0506697751729963,0.28133962421956,0.857072642712781,TBK1,ENSG00000183735,BBJ_Graves,1.05197544750859,0.606072363517164,1.82594094167032,,,2.00032958194347,0.15726500829318,,,2,2,0,0,log_odds,log_odds,FALSE
Wald ratio,1,-0.254452935608111,0.273874033622037,0.35284375255355,TBXA2R,ENSG00000006638,BBJ_Graves,0.775340543163242,0.453279638007395,1.32622978723537,,,,,,,1,1,0,0,log_odds,log_odds,FALSE
Wald ratio,1,-1.41570110468568,0.893656074770494,0.113155557409691,TBXAS1,ENSG00000059377,BBJ_Graves,0.242755356853704,0.0421185502747887,1.39914984957218,,,,,,,5,1,1,4,log_odds,log_odds,FALSE
Inverse variance weighted,2,-0.0994622952204835,0.114413172657695,0.384669087101098,TCN1,ENSG00000134827,BBJ_Graves,0.905324084269977,0.723458486240883,1.13290771087365,,,0.0197129100275051,0.888341847595236,,,3,2,0,1,log_odds,log_odds,FALSE
Inverse variance weighted,2,-0.00587554189803672,0.0905524232263449,0.948265142368098,TCN2,ENSG00000185339,BBJ_Graves,0.994141685341958,0.832469835496631,1.18721141402672,,,1.32779074176776,0.24919862768259,,,3,2,0,1,log_odds,log_odds,FALSE
Inverse variance weighted,2,0.255303253204479,0.16796656274053,0.128519837236953,TDP1,ENSG00000042088,BBJ_Graves,1.29085301683772,0.928754154478197,1.79412549924497,,,0.0943413362443404,0.758728936494114,,,2,2,0,0,log_odds,log_odds,FALSE
Wald ratio,1,0.0642727801034595,0.269756366439624,0.811677637243509,TEC,ENSG00000135605,BBJ_Graves,1.06638324722337,0.628480864247254,1.80939992710944,,,,,,,1,1,0,0,log_odds,log_odds,FALSE
Wald ratio,1,-0.497024882569885,0.441162796318892,0.259901211050107,TECTA,ENSG00000109927,BBJ_Graves,0.608337846613869,0.256223808789581,1.4443424963943,,,,,,,1,1,0,0,log_odds,log_odds,FALSE
Inverse variance weighted,3,0.0205033624156203,0.0718399208933339,0.775335052482491,TEK,ENSG00000120156,BBJ_Graves,1.02071500030548,0.886651844684634,1.17504871624013,0.0491202643702814,0.515291441156806,0.95809183615768,0.619374043573659,,,5,3,0,2,log_odds,log_odds,FALSE
MR Egger,3,-0.11568817374702,0.159938640141221,0.60134125440759,TEK,ENSG00000120156,BBJ_Graves,0.890752940147177,0.651050603122313,1.21870834091183,0.0491202643702814,0.515291441156806,0.95809183615768,0.619374043573659,,,5,3,0,2,log_odds,log_odds,FALSE
Weighted median,3,0.0181120010524606,0.0764357669680075,0.812690037477033,TEK,ENSG00000120156,BBJ_Graves,1.018277018101,0.876602094018089,1.18284919996013,0.0491202643702814,0.515291441156806,0.95809183615768,0.619374043573659,,,5,3,0,2,log_odds,log_odds,FALSE
Weighted mode,3,-0.0100243026828049,0.173769788195384,0.959242842386023,TEK,ENSG00000120156,BBJ_Graves,0.990025773174467,0.704256186637991,1.39175352683629,0.0491202643702814,0.515291441156806,0.95809183615768,0.619374043573659,,,5,3,0,2,log_odds,log_odds,FALSE
Wald ratio,1,-0.777518769924932,1.17094365335947,0.506683651358483,TESK1,ENSG00000107140,BBJ_Graves,0.459544834343789,0.0463020829625685,4.56094934093535,,,,,,,1,1,0,0,log_odds,log_odds,FALSE
Inverse variance weighted,2,0.0809614971192851,0.0940361997938408,0.389259543607177,TESK2,ENSG00000070759,BBJ_Graves,1.08432914596724,0.901811776248883,1.30378614225322,,,0.00139254429170847,0.970232402566181,,,2,2,0,0,log_odds,log_odds,FALSE
Wald ratio,1,-0.181502736301221,0.126866470554934,0.152527791976373,TEX101,ENSG00000131126,BBJ_Graves,0.834015963181459,0.650404359099241,1.06946181573079,,,,,,,3,1,0,2,log_odds,log_odds,FALSE
Wald ratio,1,-0.108759086915991,0.293677662398695,0.711132975080683,TEX14,ENSG00000121101,BBJ_Graves,0.896946477613449,0.504409265748639,1.59496075574489,,,,,,,1,1,0,0,log_odds,log_odds,FALSE
Inverse variance weighted,2,-0.100871774144845,0.129369196410883,0.435555593311162,TF,ENSG00000091513,BBJ_Graves,0.904048947903501,0.701569438137554,1.16496594032818,,,0.61832042253681,0.431672112987658,,,2,2,0,0,log_odds,log_odds,FALSE
Inverse variance weighted,2,0.107610092585875,0.291132102482724,0.711660924781869,TFF3,ENSG00000160180,BBJ_Graves,1.11361345458296,0.629387076078134,1.97038511492129,,,0.272370071779477,0.601746321119493,,,3,2,0,1,log_odds,log_odds,FALSE
Inverse variance weighted,3,-0.0532481279026761,0.155988209603889,0.732832619277599,TFRC,ENSG00000072274,BBJ_Graves,0.948144722131119,0.698384813967249,1.28722503142409,0.0453157626603935,0.81722058047987,8.28113347170258,0.0159138300103529,,,4,3,0,1,log_odds,log_odds,FALSE
MR Egger,3,-0.216598265324757,0.592303429740885,0.776812662089844,TFRC,ENSG00000072274,BBJ_Graves,0.805253402547638,0.252205010717618,2.57105535084141,0.0453157626603935,0.81722058047987,8.28113347170258,0.0159138300103529,,,4,3,0,1,log_odds,log_odds,FALSE
Weighted median,3,-0.072684929697705,0.0796901461970122,0.361719068187202,TFRC,ENSG00000072274,BBJ_Graves,0.929893765785579,0.795425874754771,1.08709364768084,0.0453157626603935,0.81722058047987,8.28113347170258,0.0159138300103529,,,4,3,0,1,log_odds,log_odds,FALSE
Weighted mode,3,-0.0631707816943763,0.383552079969265,0.884321792652336,TFRC,ENSG00000072274,BBJ_Graves,0.938783133023788,0.442669047856632,1.99090895357877,0.0453157626603935,0.81722058047987,8.28113347170258,0.0159138300103529,,,4,3,0,1,log_odds,log_odds,FALSE
Inverse variance weighted,3,0.21522897522466,0.107227946143179,0.0447273376180995,TG,ENSG00000042832,BBJ_Graves,1.24014582712771,1.00507503537036,1.53019587435634,0.0139291521588758,0.709092772488845,0.462324627534991,0.793610641647369,,,3,3,0,0,log_odds,log_odds,FALSE
MR Egger,3,0.144445713597623,0.17951132513651,0.568641469305563,TG,ENSG00000042832,BBJ_Graves,1.1553989708078,0.812697364867628,1.64261241570674,0.0139291521588758,0.709092772488845,0.462324627534991,0.793610641647369,,,3,3,0,0,log_odds,log_odds,FALSE
Weighted median,3,0.201769000945068,0.109240778275714,0.0647454375104126,TG,ENSG00000042832,BBJ_Graves,1.2235653330282,0.987732936978798,1.51570537757672,0.0139291521588758,0.709092772488845,0.462324627534991,0.793610641647369,,,3,3,0,0,log_odds,log_odds,FALSE
Weighted mode,3,0.201975187716154,0.321158433688445,0.593669237984507,TG,ENSG00000042832,BBJ_Graves,1.22381764202392,0.652140439454984,2.29663662965098,0.0139291521588758,0.709092772488845,0.462324627534991,0.793610641647369,,,3,3,0,0,log_odds,log_odds,FALSE
Inverse variance weighted,2,-0.807021691515685,0.612498711283885,0.187641200441687,TGFA,ENSG00000163235,BBJ_Graves,0.446184965753118,0.134321491038282,1.48212339012357,,,0.512461997388418,0.474075014131023,,,2,2,1,0,log_odds,log_odds,FALSE
Wald ratio,1,0.628972432256193,0.363735302829301,0.0837726440044004,TGFB2,ENSG00000092969,BBJ_Graves,1.87568219813846,0.919478367774282,3.82628219620844,,,,,,,1,1,0,0,log_odds,log_odds,FALSE
Wald ratio,1,-0.795486305906534,0.464895605155863,0.0870612900770765,TGFB3,ENSG00000119699,BBJ_Graves,0.451361681690113,0.18146695789566,1.12266921791496,,,,,,,2,1,0,1,log_odds,log_odds,FALSE
Inverse variance weighted,2,0.0335817772071013,0.0780425838280662,0.666976929568812,TGFBI,ENSG00000120708,BBJ_Graves,1.03415201033154,0.887469000642683,1.20507914045256,,,1.67285705682845,0.195876291879747,,,6,2,0,4,log_odds,log_odds,FALSE
Wald ratio,1,-0.229456055664649,0.26120899602512,0.379705763523617,TGFBR1,ENSG00000106799,BBJ_Graves,0.794965902118466,0.476434184654375,1.3264597837149,,,,,,,2,1,0,1,log_odds,log_odds,FALSE
Wald ratio,1,0.0761453469190149,0.0713391033929369,0.285803979130247,TGFBR2,ENSG00000163513,BBJ_Graves,1.07911940944066,0.93830586998093,1.24106513354245,,,,,,,2,1,0,1,log_odds,log_odds,FALSE
Inverse variance weighted,2,0.275834597131447,0.229574778104452,0.229556460064607,TGFBR3,ENSG00000069702,BBJ_Graves,1.3176299062362,0.840186012713491,2.06638594732241,,,0.0100552800243976,0.920125195432471,,,2,2,0,0,log_odds,log_odds,FALSE
Wald ratio,1,-0.422180761425829,0.326610254226521,0.196144834248546,TGM1,ENSG00000092295,BBJ_Graves,0.655615518685825,0.345647136951793,1.24355639723303,,,,,,,2,1,0,1,log_odds,log_odds,FALSE
Wald ratio,1,-0.0552439108239294,0.241788374981859,0.819272771805231,TGM2,ENSG00000198959,BBJ_Graves,0.9462543181333,0.589106011599486,1.51992547513616,,,,,,,2,1,0,1,log_odds,log_odds,FALSE
Inverse variance weighted,2,-0.0789576699227402,0.198406329593733,0.690660090951325,TGM3,ENSG00000125780,BBJ_Graves,0.924079039954355,0.626357442814379,1.3633143213659,,,1.58504128488165,0.208036028938189,,,2,2,0,0,log_odds,log_odds,FALSE
Wald ratio,1,0.145025347740584,0.0672067422886227,0.0309357017476218,THBD,ENSG00000178726,BBJ_Graves,1.15606887363054,1.01338897304706,1.31883736267507,,,,,,,3,1,0,2,log_odds,log_odds,FALSE
Inverse variance weighted,2,0.0711551047142707,0.0693897861371425,0.305155334191021,THBS1,ENSG00000137801,BBJ_Graves,1.07374775629214,0.937209087354531,1.23017825979131,,,0.688067445535358,0.406822492956411,,,3,2,0,1,log_odds,log_odds,FALSE
Inverse variance weighted,2,0.185773669992173,0.180671400142177,0.30383666186317,THBS2,ENSG00000186340,BBJ_Graves,1.20414969432411,0.845064541315722,1.71581744997053,,,0.274455407207949,0.600358585468898,,,2,2,0,0,log_odds,log_odds,FALSE
Inverse variance weighted,2,0.0791971698144795,0.163369646490572,0.627837480662035,THBS3,ENSG00000169231,BBJ_Graves,1.08241772113296,0.7858358604482,1.49093237149351,,,0.292964076188927,0.588327311837406,,,5,2,1,3,log_odds,log_odds,FALSE
Wald ratio,1,-0.639537590901021,0.544498817564243,0.240177366582084,THBS4,ENSG00000113296,BBJ_Graves,0.527536305239846,0.181453605809523,1.53369536033492,,,,,,,1,1,0,0,log_odds,log_odds,FALSE
Wald ratio,1,-0.0374971042891763,0.0691668850634509,0.587732330556017,THNSL2,ENSG00000144115,BBJ_Graves,0.963197206857361,0.841083616372842,1.10303998465542,,,,,,,12,1,0,11,log_odds,log_odds,FALSE
Wald ratio,1,0.00599195355683584,0.0624457688166854,0.923556696350095,THRA,ENSG00000126351,BBJ_Graves,1.00600994121968,0.890117543770971,1.13699141075826,,,,,,,2,1,0,1,log_odds,log_odds,FALSE
Wald ratio,1,0.204691410103759,0.79770281686554,0.797486735603159,THRB,ENSG00000151090,BBJ_Graves,1.22714632157195,0.256967384435271,5.86023046409956,,,,,,,1,1,0,0,log_odds,log_odds,FALSE
Wald ratio,1,0.160271930811034,0.904351462383362,0.859333185410572,THSD1,ENSG00000136114,BBJ_Graves,1.17383002814708,0.199436989337608,6.90883340926942,,,,,,,1,1,0,0,log_odds,log_odds,FALSE
Wald ratio,1,1.16929096348838,0.680107967027795,0.0855647545274244,TIE1,ENSG00000066056,BBJ_Graves,3.21970893781689,0.848979149482243,12.210577433592,,,,,,,1,1,0,0,log_odds,log_odds,FALSE
Inverse variance weighted,2,-0.490213959392092,0.362849902529091,0.17669212999372,TIMP2,ENSG00000035862,BBJ_Graves,0.612495331035133,0.300772904722457,1.24728831836103,,,0.503445314438095,0.477990180101321,,,3,2,0,1,log_odds,log_odds,FALSE
Wald ratio,1,-0.0922073687344751,0.334046724608876,0.782523986593748,TIMP3,ENSG00000100234,BBJ_Graves,0.911916027064244,0.473814706169829,1.75509714997864,,,,,,,1,1,0,0,log_odds,log_odds,FALSE
Wald ratio,1,-0.572149782215491,0.393910459159568,0.146366268698978,TK1,ENSG00000167900,BBJ_Graves,0.564310988038951,0.260744498997811,1.22129859861078,,,,,,,1,1,1,0,log_odds,log_odds,FALSE
Inverse variance weighted,2,-0.0534798881565347,0.0745098435436455,0.472907740197524,TK2,ENSG00000166548,BBJ_Graves,0.947925005331417,0.819124508623767,1.09697830582833,,,0.00740111658930804,0.931442773795962,,,3,2,0,1,log_odds,log_odds,FALSE
Inverse variance weighted,3,0.00660470904763691,0.0789295888046138,0.933312057227584,TKT,ENSG00000163931,BBJ_Graves,1.00662656823647,0.862347217403969,1.1750453035959,0.00371568808821724,0.935557238935605,0.533337518247078,0.76592673569431,,,4,3,0,1,log_odds,log_odds,FALSE
MR Egger,3,-0.00330760686512993,0.12551175188713,0.983227063210785,TKT,ENSG00000163931,BBJ_Graves,0.996697857240426,0.779337841832047,1.27468033156504,0.00371568808821724,0.935557238935605,0.533337518247078,0.76592673569431,,,4,3,0,1,log_odds,log_odds,FALSE
Weighted median,3,0.0143797236103396,0.0816516882766894,0.860207093924648,TKT,ENSG00000163931,BBJ_Graves,1.01448360918725,0.864453654054626,1.19055196132535,0.00371568808821724,0.935557238935605,0.533337518247078,0.76592673569431,,,4,3,0,1,log_odds,log_odds,FALSE
Weighted mode,3,0.0149490873131878,0.181083777998187,0.941725110990901,TKT,ENSG00000163931,BBJ_Graves,1.0150613837978,0.711788033562983,1.44755118700141,0.00371568808821724,0.935557238935605,0.533337518247078,0.76592673569431,,,4,3,0,1,log_odds,log_odds,FALSE
Inverse variance weighted,2,0.244736166920256,0.112277597890429,0.0292766104571912,TLK1,ENSG00000198586,BBJ_Graves,1.27728427890143,1.02497894924242,1.59169622979533,,,0.0456948617783402,0.830731438997688,,,2,2,1,0,log_odds,log_odds,FALSE
Wald ratio,1,-0.0357701158430991,0.0592726045780026,0.546186225137929,TLR1,ENSG00000174125,BBJ_Graves,0.964862074494697,0.859036023935598,1.08372500903176,,,,,,,2,1,0,1,log_odds,log_odds,FALSE
Wald ratio,1,-0.220789886489719,0.192683949991527,0.251850817212832,TLR10,ENSG00000174123,BBJ_Graves,0.80188514949435,0.549662718214954,1.16984429118242,,,,,,,2,1,0,1,log_odds,log_odds,FALSE
Wald ratio,1,0.241244547995129,0.239216715904816,0.313225539961716,TLR3,ENSG00000164342,BBJ_Graves,1.27283226583002,0.79642667316788,2.03421360876055,,,,,,,2,1,1,1,log_odds,log_odds,FALSE
Inverse variance weighted,2,-0.195648949919622,0.270811437951399,0.470015071838485,TLR4,ENSG00000136869,BBJ_Graves,0.822300852795985,0.483627948988404,1.39813816369247,,,0.160443107098709,0.688748886204193,,,7,2,0,5,log_odds,log_odds,FALSE
Inverse variance weighted,2,0.202041323877863,0.283768331718495,0.476468547538827,TLR5,ENSG00000187554,BBJ_Graves,1.22389858330194,0.701773479158143,2.13448895789769,,,1.70544285845411,0.191577705470661,,,3,2,1,1,log_odds,log_odds,FALSE
Inverse variance weighted,2,0.0189920611255949,0.126829713515755,0.88096614151046,TLR6,ENSG00000174130,BBJ_Graves,1.01917355749442,0.794856107658791,1.30679594745182,,,2.4995069200171,0.113881948396607,,,2,2,0,0,log_odds,log_odds,FALSE
Wald ratio,1,-1.4544041677853,0.936648694090064,0.12047702693731,TLR9,ENSG00000239732,BBJ_Graves,0.233539472795551,0.0372450731176707,1.46437315833185,,,,,,,1,1,0,0,log_odds,log_odds,FALSE
Inverse variance weighted,2,-0.0410349465576128,0.198491122752832,0.836217277049612,TM2D1,ENSG00000162604,BBJ_Graves,0.959795587809905,0.650458651550802,1.41624308967688,,,2.38621346700409,0.122409807711762,,,2,2,0,0,log_odds,log_odds,FALSE
Wald ratio,1,-0.256715583606354,0.219393304951857,0.241954350643478,TM4SF1,ENSG00000169908,BBJ_Graves,0.77358820364665,0.503220688126531,1.18921722206854,,,,,,,2,1,0,1,log_odds,log_odds,FALSE
Wald ratio,1,-1.78825830225535,1.06083539038011,0.0918521282644276,TMED1,ENSG00000099203,BBJ_Graves,0.167251217202839,0.020910671182905,1.33773657531854,,,,,,,2,1,0,1,log_odds,log_odds,FALSE
Wald ratio,1,0.00486132174707269,0.254890758459183,0.984783526660445,TMED10,ENSG00000170348,BBJ_Graves,1.00487315714242,0.609738827685533,1.65606980578602,,,,,,,1,1,0,0,log_odds,log_odds,FALSE
Inverse variance weighted,2,0.0896718255555087,0.0842191450958174,0.286991813723143,TMED9,ENSG00000184840,BBJ_Graves,1.09381526258148,0.927374597185625,1.29012788606362,,,0.00537992376584352,0.941529225015005,,,4,2,1,2,log_odds,log_odds,FALSE
Wald ratio,1,-0.719109219831748,1.33739238866999,0.590787621694898,TMEM123,ENSG00000152558,BBJ_Graves,0.487186038390142,0.035422845934316,6.70048466581133,,,,,,,2,1,0,1,log_odds,log_odds,FALSE
Wald ratio,1,0.0419744993583881,0.0650600142864772,0.518819714726723,TMEM256-PLSCR3,ENSG00000187838,BBJ_Graves,1.04286788461151,0.918013549521613,1.18470302025588,,,,,,,1,1,0,0,log_odds,log_odds,FALSE
Wald ratio,1,0.0156649787011649,0.163094999163912,0.92348230309848,TMEM66,ENSG00000133872,BBJ_Graves,1.01578831767253,0.73785996651168,1.39840342768299,,,,,,,2,1,0,1,log_odds,log_odds,FALSE
Inverse variance weighted,2,0.0119644923045123,0.0772086239173113,0.876850360849177,TMEM9B,ENSG00000175348,BBJ_Graves,1.01203635314943,0.869910965937373,1.17738207724783,,,0.160009989252608,0.689147320087212,,,3,2,0,1,log_odds,log_odds,FALSE
Wald ratio,1,0.0869733201859208,0.201370618340218,0.665809221614521,TMIGD2,ENSG00000167664,BBJ_Graves,1.09086757518594,0.735126201519504,1.61875887994787,,,,,,,1,1,0,0,log_odds,log_odds,FALSE
Inverse variance weighted,2,-0.2975049915518,0.151401857845934,0.0494139769531475,TNFAIP2,ENSG00000185215,BBJ_Graves,0.742668876141365,0.551974939644794,0.999242936543487,,,0.203200396116234,0.652149886000044,,,2,2,0,0,log_odds,log_odds,FALSE
Wald ratio,1,0.106590536543034,0.0807600483716789,0.186887640047397,TNFAIP6,ENSG00000123610,BBJ_Graves,1.11247864185684,0.949614507550012,1.3032748749602,,,,,,,2,1,0,1,log_odds,log_odds,FALSE
Inverse variance weighted,2,-0.192885079684958,1.46413067020251,0.895189672878634,TNFRSF10A,ENSG00000104689,BBJ_Graves,0.824576729311866,0.0467668250777918,14.5386560107868,,,4.13635481560845,0.0419714576640314,,,3,2,0,1,log_odds,log_odds,FALSE
Wald ratio,1,-0.188754944848369,0.109657375357833,0.0851935801374279,TNFRSF10C,ENSG00000173535,BBJ_Graves,0.827989384899809,0.66785553049496,1.02651904521728,,,,,,,1,1,1,0,log_odds,log_odds,FALSE
Inverse variance weighted,2,0.155974821419992,0.283506410731272,0.582207375754261,TNFRSF10D,ENSG00000173530,BBJ_Graves,1.16879677407629,0.670522685173631,2.03734478981483,,,0.200972942931975,0.653936658041455,,,3,2,0,1,log_odds,log_odds,FALSE
Wald ratio,1,-0.122305242946087,0.446598607354646,0.784192645216043,TNFRSF11A,ENSG00000141655,BBJ_Graves,0.884878224438783,0.368749210126146,2.12342006595234,,,,,,,1,1,0,0,log_odds,log_odds,FALSE
Inverse variance weighted,2,-0.125296104676123,0.222151511326167,0.572746006899186,TNFRSF13C,ENSG00000159958,BBJ_Graves,0.88223562980903,0.570801898771667,1.36358990427236,,,2.88605747632466,0.0893493273569315,,,3,2,0,1,log_odds,log_odds,FALSE
Wald ratio,1,-0.244217918005829,0.0812102966618883,0.00263641515856716,TNFRSF14,ENSG00000157873,BBJ_Graves,0.783316916801892,0.668051441976862,0.91847027578046,,,,,,,2,1,0,1,log_odds,log_odds,FALSE
Wald ratio,1,-0.106017726362589,0.368073837988531,0.773320824002492,TNFRSF17,ENSG00000048462,BBJ_Graves,0.8994087046898,0.437165932018846,1.85040955578604,,,,,,,1,1,0,0,log_odds,log_odds,FALSE
Wald ratio,1,0.0764198462737334,0.0814521876450037,0.348132782957783,TNFRSF18,ENSG00000186891,BBJ_Graves,1.0794156676817,0.920142765110252,1.26625805018107,,,,,,,2,1,0,1,log_odds,log_odds,FALSE
Wald ratio,1,-0.958352970605729,0.837335722329036,0.252405331081793,TNFRSF19,ENSG00000127863,BBJ_Graves,0.38352404143629,0.0743084217052151,1.97946191002604,,,,,,,1,1,0,0,log_odds,log_odds,FALSE
Wald ratio,1,-0.082439447041427,0.114445695232216,0.471317645833306,TNFRSF1A,ENSG00000067182,BBJ_Graves,0.92086719740184,0.735832321913129,1.15243156626495,,,,,,,1,1,0,0,log_odds,log_odds,FALSE
Wald ratio,1,-0.14809341198241,0.238036793206865,0.533846496316954,TNFRSF1B,ENSG00000028137,BBJ_Graves,0.86235055730449,0.540832572059106,1.3750068359457,,,,,,,1,1,0,0,log_odds,log_odds,FALSE
Wald ratio,1,0.459352394736507,0.438973666200503,0.295365511270728,TNFRSF25,ENSG00000215788,BBJ_Graves,1.58304846244678,0.669625960085264,3.7424511351621,,,,,,,2,1,1,1,log_odds,log_odds,FALSE
Inverse variance weighted,2,0.145800152723988,0.341535210114541,0.66945478551461,TNFRSF4,ENSG00000186827,BBJ_Graves,1.15696494865185,0.592378873904587,2.25964826123186,,,11.0883880521028,0.000868699629154409,,,3,2,0,1,log_odds,log_odds,FALSE
Wald ratio,1,-0.447742174666072,0.422679174646807,0.289465194611991,TNFRSF8,ENSG00000120949,BBJ_Graves,0.639069431082494,0.279097706216599,1.46332172800857,,,,,,,1,1,0,0,log_odds,log_odds,FALSE
Inverse variance weighted,3,-0.0583435348571542,0.0660080805814497,0.376758438004854,TNFRSF9,ENSG00000049249,BBJ_Graves,0.943325826463516,0.828847271690936,1.07361590641139,-0.00769660920165771,0.855918030565078,0.0542002870167013,0.97326377059534,,,4,3,0,1,log_odds,log_odds,FALSE
MR Egger,3,-0.0374115600203569,0.112340205947673,0.795346653278542,TNFRSF9,ENSG00000049249,BBJ_Graves,0.963279606382503,0.772905596737186,1.20054454772948,-0.00769660920165771,0.855918030565078,0.0542002870167013,0.97326377059534,,,4,3,0,1,log_odds,log_odds,FALSE
Weighted median,3,-0.0575079272565996,0.0675838528306273,0.394818107855949,TNFRSF9,ENSG00000049249,BBJ_Graves,0.944114406119601,0.826982058556826,1.07783718234235,-0.00769660920165771,0.855918030565078,0.0542002870167013,0.97326377059534,,,4,3,0,1,log_odds,log_odds,FALSE
Weighted mode,3,-0.0566061448072505,0.279978002354006,0.858475624022443,TNFRSF9,ENSG00000049249,BBJ_Graves,0.944966175919023,0.545876221536047,1.63583068542225,-0.00769660920165771,0.855918030565078,0.0542002870167013,0.97326377059534,,,4,3,0,1,log_odds,log_odds,FALSE
Inverse variance weighted,2,-0.181580864893537,0.206209241516515,0.378552720825579,TNFSF10,ENSG00000121858,BBJ_Graves,0.833950805233669,0.556687644473865,1.24930731345257,,,1.8282187022511,0.176338088453422,,,2,2,0,0,log_odds,log_odds,FALSE
Wald ratio,1,-0.0948751216155076,0.134836785744515,0.481663620614218,TNFSF12,ENSG00000239697,BBJ_Graves,0.909486502582143,0.698265956927949,1.18459977917046,,,,,,,4,1,0,3,log_odds,log_odds,FALSE
Inverse variance weighted,3,0.00226902280863224,0.0316308533154848,0.942813215912055,TNFSF13,ENSG00000161955,BBJ_Graves,1.00227159898899,0.942021246782131,1.06637547886674,-0.014807200980521,0.858182961533853,1.11302621956508,0.573204283680372,,,4,3,0,1,log_odds,log_odds,FALSE
MR Egger,3,0.0208486568453802,0.0882414191107697,0.852295544099911,TNFSF13,ENSG00000161955,BBJ_Graves,1.02106750836549,0.858898500016829,1.21385571941189,-0.014807200980521,0.858182961533853,1.11302621956508,0.573204283680372,,,4,3,0,1,log_odds,log_odds,FALSE
Weighted median,3,0.00316856416914994,0.0322596814304449,0.921757152115209,TNFSF13,ENSG00000161955,BBJ_Graves,1.00317358937476,0.941707641956263,1.06865146419378,-0.014807200980521,0.858182961533853,1.11302621956508,0.573204283680372,,,4,3,0,1,log_odds,log_odds,FALSE
Weighted mode,3,0.00191407308528313,0.0780300526204217,0.982657316517807,TNFSF13,ENSG00000161955,BBJ_Graves,1.00191590609249,0.859826348862276,1.16748630023889,-0.014807200980521,0.858182961533853,1.11302621956508,0.573204283680372,,,4,3,0,1,log_odds,log_odds,FALSE
Wald ratio,1,0.0327979998372725,0.0859965224549877,0.70291572519592,TNFSF13B,ENSG00000102524,BBJ_Graves,1.0333417829493,0.873056344337275,1.22305421329868,,,,,,,3,1,0,2,log_odds,log_odds,FALSE
Wald ratio,1,-0.468069371744306,0.0972451628193332,1.4846405749442e-06,TNFSF14,ENSG00000125735,BBJ_Graves,0.626210080865111,0.517539260577418,0.757699164580441,,,,,,,1,1,0,0,log_odds,log_odds,FALSE
Inverse variance weighted,2,0.40776279974249,0.441533837659387,0.355739267368563,TNFSF4,ENSG00000117586,BBJ_Graves,1.50345050002597,0.632773005618106,3.57215523728032,,,9.64916481816501e-06,0.997521526810245,,,3,2,0,1,log_odds,log_odds,FALSE
Inverse variance weighted,2,0.213373864793569,0.0917995060673367,0.0201069280457188,TNFSF8,ENSG00000106952,BBJ_Graves,1.23784735228923,1.03401246682223,1.48186421028218,,,0.00164513068327668,0.967646505383216,,,3,2,0,1,log_odds,log_odds,FALSE
Inverse variance weighted,3,0.307502284047024,0.266033774240742,0.24773152824811,TNIK,ENSG00000154310,BBJ_Graves,1.36002391485699,0.807409815700967,2.2908627230115,-0.34570579335927,0.3328092686759,3.39219139362627,0.183398170107503,,,3,3,0,0,log_odds,log_odds,FALSE
MR Egger,3,3.23494113621486,1.69926876288283,0.307914554623113,TNIK,ENSG00000154310,BBJ_Graves,25.4048763076537,0.908804173200781,710.172509369181,-0.34570579335927,0.3328092686759,3.39219139362627,0.183398170107503,,,3,3,0,0,log_odds,log_odds,FALSE
Weighted median,3,0.303759326143544,0.229273779548503,0.185212284839907,TNIK,ENSG00000154310,BBJ_Graves,1.3549429175075,0.864488495385996,2.12364920933275,-0.34570579335927,0.3328092686759,3.39219139362627,0.183398170107503,,,3,3,0,0,log_odds,log_odds,FALSE
Weighted mode,3,0.409877561928697,0.651074701644186,0.593321827773421,TNIK,ENSG00000154310,BBJ_Graves,1.50663330454339,0.420534459820641,5.39775959222815,-0.34570579335927,0.3328092686759,3.39219139362627,0.183398170107503,,,3,3,0,0,log_odds,log_odds,FALSE
Wald ratio,1,-0.13831290849104,0.208258662804855,0.506600710432225,TNK1,ENSG00000174292,BBJ_Graves,0.870826160209557,0.578972737743962,1.30979949809084,,,,,,,1,1,0,0,log_odds,log_odds,FALSE
Wald ratio,1,-0.324171602901129,0.336429321047902,0.335263935870859,TNK2,ENSG00000061938,BBJ_Graves,0.723126141188375,0.373972478132996,1.39826176161559,,,,,,,3,1,0,2,log_odds,log_odds,FALSE
Wald ratio,1,-0.309287633394664,0.147334149512322,0.0357970093725099,TNKS2,ENSG00000107854,BBJ_Graves,0.73396962548665,0.549875952865157,0.979696253909685,,,,,,,2,1,2,1,log_odds,log_odds,FALSE
Wald ratio,1,0.814112893707668,0.447762178690055,0.0690364020648113,TNNC1,ENSG00000114854,BBJ_Graves,2.25717243207018,0.938473202857823,5.42884695330982,,,,,,,1,1,0,0,log_odds,log_odds,FALSE
Inverse variance weighted,2,0.132696118455642,0.0635351397957348,0.0367485305226152,TNXB,ENSG00000168477,BBJ_Graves,1.14190294237198,1.00820068738052,1.29333608488768,,,0.0119379550146617,0.91299551915271,,,2,2,0,0,log_odds,log_odds,FALSE
Wald ratio,1,0.175588270111208,0.24752127658446,0.478084617781208,TOP1MT,ENSG00000184428,BBJ_Graves,1.19194719731947,0.733774563312771,1.93620519466296,,,,,,,2,1,0,1,log_odds,log_odds,FALSE
Wald ratio,1,0.237384080319929,0.227359357284329,0.296442838498951,TOP2B,ENSG00000077097,BBJ_Graves,1.26792801046225,0.81201191932432,1.97982492800413,,,,,,,1,1,0,0,log_odds,log_odds,FALSE
Wald ratio,1,0.507248913287378,0.524835513192171,0.333798440293454,TOR2A,ENSG00000160404,BBJ_Graves,1.66071613055178,0.593671767348685,4.64562779967101,,,,,,,1,1,0,0,log_odds,log_odds,FALSE
Wald ratio,1,-0.423386356081458,1.25410190849427,0.7356637095988,TP53,ENSG00000141510,BBJ_Graves,0.654825588383903,0.0560547662873681,7.64960019642351,,,,,,,1,1,0,0,log_odds,log_odds,FALSE
Wald ratio,1,0.0747826385124771,0.724549433427742,0.91779423157654,TPCN1,ENSG00000186815,BBJ_Graves,1.07764988584324,0.26045263675316,4.45888853703016,,,,,,,1,1,0,0,log_odds,log_odds,FALSE
Inverse variance weighted,5,-0.0148524975950321,0.0169539716679998,0.381003791663312,TPCN2,ENSG00000162341,BBJ_Graves,0.985257256700364,0.953055364488369,1.01854718839115,0.00211361047187781,0.924251676037182,3.86780573761272,0.424191915603451,,,6,5,0,1,log_odds,log_odds,FALSE
MR Egger,5,-0.0159304622784058,0.0218675633437148,0.51902518422958,TPCN2,ENSG00000162341,BBJ_Graves,0.984195756406307,0.9429039225461,1.02729585036892,0.00211361047187781,0.924251676037182,3.86780573761272,0.424191915603451,,,6,5,0,1,log_odds,log_odds,FALSE
Weighted median,5,-0.0155799229195199,0.0181360998226816,0.390309695480878,TPCN2,ENSG00000162341,BBJ_Graves,0.984540816230767,0.950158298211923,1.02016750329759,0.00211361047187781,0.924251676037182,3.86780573761272,0.424191915603451,,,6,5,0,1,log_odds,log_odds,FALSE
Weighted mode,5,-0.016530565954615,0.388250591102933,0.96807926457766,TPCN2,ENSG00000162341,BBJ_Graves,0.983605314095798,0.459552667540006,2.10526340559925,0.00211361047187781,0.924251676037182,3.86780573761272,0.424191915603451,,,6,5,0,1,log_odds,log_odds,FALSE
Wald ratio,1,-0.246193199351875,0.593857635502112,0.678459623968471,TPH1,ENSG00000129167,BBJ_Graves,0.781771172650476,0.244105647720918,2.50369531427653,,,,,,,1,1,0,0,log_odds,log_odds,FALSE
Inverse variance weighted,4,-0.0308851733433566,0.0746489640987712,0.679065403344962,TPMT,ENSG00000137364,BBJ_Graves,0.96958690110637,0.83761463840148,1.12235235118521,0.0334313071838921,0.439069621140663,1.76347397036194,0.622915478367704,,,4,4,0,0,log_odds,log_odds,FALSE
MR Egger,4,-0.162389698699253,0.156226782635364,0.407762808242131,TPMT,ENSG00000137364,BBJ_Graves,0.850109853276804,0.625881518939822,1.15467023832636,0.0334313071838921,0.439069621140663,1.76347397036194,0.622915478367704,,,4,4,0,0,log_odds,log_odds,FALSE
Weighted median,4,-0.0508795034656134,0.078319018354595,0.515922013924402,TPMT,ENSG00000137364,BBJ_Graves,0.95039318271795,0.815148658391248,1.10807665872796,0.0334313071838921,0.439069621140663,1.76347397036194,0.622915478367704,,,4,4,0,0,log_odds,log_odds,FALSE
Weighted mode,4,-0.0525610169929291,0.280627555438882,0.863378338545586,TPMT,ENSG00000137364,BBJ_Graves,0.948796426584694,0.547391491675977,1.64455361983003,0.0334313071838921,0.439069621140663,1.76347397036194,0.622915478367704,,,4,4,0,0,log_odds,log_odds,FALSE
Inverse variance weighted,2,-0.57861193420315,0.376805449926123,0.124643362476333,TPO,ENSG00000115705,BBJ_Graves,0.560676081972952,0.267897558470512,1.17342491171356,,,2.8517815482093,0.0912727428398135,,,2,2,0,0,log_odds,log_odds,FALSE
Inverse variance weighted,2,-0.0526978001909224,0.0787189261836938,0.50321320431911,TPP1,ENSG00000166340,BBJ_Graves,0.948666656050638,0.813030304264471,1.10693097118499,,,0.296566587000468,0.586042911777696,,,3,2,0,1,log_odds,log_odds,FALSE
Wald ratio,1,0.287817707040651,0.341418468481077,0.399225269002699,TPSAB1,ENSG00000172236,BBJ_Graves,1.33351419171688,0.682930288538314,2.60386767047095,,,,,,,4,1,0,3,log_odds,log_odds,FALSE
Wald ratio,1,-0.00899399848020164,0.271035161834947,0.973527952368748,TRAC,ENSG00000229164,BBJ_Graves,0.991046326539186,0.582618363130679,1.68579104865343,,,,,,,2,1,0,1,log_odds,log_odds,FALSE
Wald ratio,1,0.154642967345765,0.0905908470215426,0.0878130426108919,TRAV8-4,ENSG00000211790,BBJ_Graves,1.16724114349721,0.97734546390111,1.3940330593385,,,,,,,2,1,1,1,log_odds,log_odds,FALSE
Inverse variance weighted,2,-0.0356427846445504,0.0316599574789017,0.260250123807864,TRBV7-1,ENSG00000211707,BBJ_Graves,0.964984939361176,0.906924293660109,1.02676258614248,,,0.503446989234178,0.477989447996028,,,2,2,0,0,log_odds,log_odds,FALSE
Inverse variance weighted,2,-0.106711787267548,0.0978858181300446,0.275640043352651,TREM1,ENSG00000124731,BBJ_Graves,0.898784676852009,0.741879839129731,1.08887430650708,,,0.376999262862778,0.539213571402996,,,3,2,1,1,log_odds,log_odds,FALSE
Inverse variance weighted,3,-0.012057785932759,0.03800477452415,0.751038516890231,TRGV3,ENSG00000211699,BBJ_Graves,0.98801461786603,0.917092312365485,1.0644216203264,0.0333549838765505,0.636901787504782,0.453371630825775,0.797171201854009,,,3,3,0,0,log_odds,log_odds,FALSE
MR Egger,3,-0.0554983659719472,0.0776559764322371,0.604975115557938,TRGV3,ENSG00000211699,BBJ_Graves,0.946013569481883,0.81244742076313,1.10153795897738,0.0333549838765505,0.636901787504782,0.453371630825775,0.797171201854009,,,3,3,0,0,log_odds,log_odds,FALSE
Weighted median,3,-0.0145069262694374,0.038371971367458,0.705385658786566,TRGV3,ENSG00000211699,BBJ_Graves,0.985597792192875,0.914190787593446,1.0625823637237,0.0333549838765505,0.636901787504782,0.453371630825775,0.797171201854009,,,3,3,0,0,log_odds,log_odds,FALSE
Weighted mode,3,-0.0147436586942602,0.143687711803056,0.927634676064404,TRGV3,ENSG00000211699,BBJ_Graves,0.985364496853005,0.743511107418077,1.30588928930743,0.0333549838765505,0.636901787504782,0.453371630825775,0.797171201854009,,,3,3,0,0,log_odds,log_odds,FALSE
Inverse variance weighted,3,0.110683247062727,0.0901710518777293,0.219641883173911,TRIB3,ENSG00000101255,BBJ_Graves,1.11704102478517,0.936082173069007,1.33298196136154,0.00574206567673816,0.918021815537447,0.587011514885522,0.745644929843738,,,4,3,0,1,log_odds,log_odds,FALSE
MR Egger,3,0.089877172800712,0.184252327508717,0.711079548800616,TRIB3,ENSG00000101255,BBJ_Graves,1.09403989759571,0.762420232478107,1.56989970431511,0.00574206567673816,0.918021815537447,0.587011514885522,0.745644929843738,,,4,3,0,1,log_odds,log_odds,FALSE
Weighted median,3,0.104455812869304,0.0906299924963696,0.249094161608539,TRIB3,ENSG00000101255,BBJ_Graves,1.11010634036851,0.929434471999474,1.32589883854347,0.00574206567673816,0.918021815537447,0.587011514885522,0.745644929843738,,,4,3,0,1,log_odds,log_odds,FALSE
Weighted mode,3,0.103499955346085,0.266014262605868,0.734737042776672,TRIB3,ENSG00000101255,BBJ_Graves,1.10904574384183,0.658435969544279,1.868036557579,0.00574206567673816,0.918021815537447,0.587011514885522,0.745644929843738,,,4,3,0,1,log_odds,log_odds,FALSE
Inverse variance weighted,2,-0.105401757648547,0.0926296920158919,0.255169314588668,TRPC3,ENSG00000138741,BBJ_Graves,0.899962882973746,0.750544786604931,1.07912706234911,,,0.538090682606197,0.463225088352164,,,2,2,0,0,log_odds,log_odds,FALSE
Inverse variance weighted,3,-0.227424195058073,0.153470627845984,0.138373717017572,TRPC6,ENSG00000137672,BBJ_Graves,0.796582804122019,0.589649712728461,1.07613749337161,-0.0660891115228181,0.405487308424199,2.68367163451442,0.261365408752743,,,3,3,1,0,log_odds,log_odds,FALSE
MR Egger,3,0.189145445415999,0.335448314917276,0.673146054394664,TRPC6,ENSG00000137672,BBJ_Graves,1.20821666928007,0.626044858300836,2.33176185471481,-0.0660891115228181,0.405487308424199,2.68367163451442,0.261365408752743,,,3,3,1,0,log_odds,log_odds,FALSE
Weighted median,3,-0.192085383661068,0.135002126282839,0.154784780188876,TRPC6,ENSG00000137672,BBJ_Graves,0.825236403778056,0.633376940670707,1.07521300254377,-0.0660891115228181,0.405487308424199,2.68367163451442,0.261365408752743,,,3,3,1,0,log_odds,log_odds,FALSE
Weighted mode,3,-0.154473846727508,0.404123202424594,0.739075353031826,TRPC6,ENSG00000137672,BBJ_Graves,0.856865901696471,0.388075518309404,1.89194921825687,-0.0660891115228181,0.405487308424199,2.68367163451442,0.261365408752743,,,3,3,1,0,log_odds,log_odds,FALSE
Inverse variance weighted,3,0.0380445325243183,0.0255606502251348,0.136644810403589,TRPM2,ENSG00000142185,BBJ_Graves,1.03877749123238,0.988018020609857,1.09214473196044,0.00531134177177921,0.892074472531763,0.281792025497869,0.868579628209572,,,3,3,1,0,log_odds,log_odds,FALSE
MR Egger,3,0.0352641679954296,0.0302850662404829,0.451735222584872,TRPM2,ENSG00000142185,BBJ_Graves,1.03589332252053,0.976193394753622,1.09924424956127,0.00531134177177921,0.892074472531763,0.281792025497869,0.868579628209572,,,3,3,1,0,log_odds,log_odds,FALSE
Weighted median,3,0.0372273084786428,0.0267475931098991,0.163982874990802,TRPM2,ENSG00000142185,BBJ_Graves,1.03792892407041,0.984916932339244,1.09379422370504,0.00531134177177921,0.892074472531763,0.281792025497869,0.868579628209572,,,3,3,1,0,log_odds,log_odds,FALSE
Weighted mode,3,0.037831777325355,0.107183627616351,0.757846078457211,TRPM2,ENSG00000142185,BBJ_Graves,1.0385565094289,0.84177027643459,1.28134676820102,0.00531134177177921,0.892074472531763,0.281792025497869,0.868579628209572,,,3,3,1,0,log_odds,log_odds,FALSE
Inverse variance weighted,3,0.17962090713439,0.120701479897422,0.136713524700152,TRPM4,ENSG00000130529,BBJ_Graves,1.19676359257689,0.944637527866735,1.51618272010848,-0.281891817102163,0.547865273882406,3.13665399829249,0.208393533439301,,,3,3,0,0,log_odds,log_odds,FALSE
MR Egger,3,1.39801350899213,1.42280490580777,0.505594931943464,TRPM4,ENSG00000130529,BBJ_Graves,4.04715234448657,0.248904968894431,65.8060068958695,-0.281891817102163,0.547865273882406,3.13665399829249,0.208393533439301,,,3,3,0,0,log_odds,log_odds,FALSE
Weighted median,3,0.245102310681515,0.107953124179083,0.0231802151790042,TRPM4,ENSG00000130529,BBJ_Graves,1.27775203419912,1.03408211444558,1.57884005350516,-0.281891817102163,0.547865273882406,3.13665399829249,0.208393533439301,,,3,3,0,0,log_odds,log_odds,FALSE
Weighted mode,3,0.253946891676947,0.14275572762568,0.217224591422089,TRPM4,ENSG00000130529,BBJ_Graves,1.28910334033317,0.974477026984015,1.70531205563802,-0.281891817102163,0.547865273882406,3.13665399829249,0.208393533439301,,,3,3,0,0,log_odds,log_odds,FALSE
Inverse variance weighted,3,0.0101744819585921,0.0750917441463275,0.892221295425291,TRPM6,ENSG00000119121,BBJ_Graves,1.01022641799145,0.871965572815937,1.17041021735759,-0.0223966370949498,0.680476600859857,1.9202018778591,0.382854239127588,,,3,3,0,0,log_odds,log_odds,FALSE
MR Egger,3,0.0899525913050957,0.17162443440027,0.692665109257974,TRPM6,ENSG00000119121,BBJ_Graves,1.09412241156003,0.781585054492529,1.531636057518,-0.0223966370949498,0.680476600859857,1.9202018778591,0.382854239127588,,,3,3,0,0,log_odds,log_odds,FALSE
Weighted median,3,0.0210287522184933,0.0779387370638317,0.787305426512517,TRPM6,ENSG00000119121,BBJ_Graves,1.02125141445921,0.876576611371196,1.18980410611627,-0.0223966370949498,0.680476600859857,1.9202018778591,0.382854239127588,,,3,3,0,0,log_odds,log_odds,FALSE
Weighted mode,3,0.0194328013099423,0.251504484963667,0.945445892907922,TRPM6,ENSG00000119121,BBJ_Graves,1.01962284723878,0.62280862571732,1.66926196536525,-0.0223966370949498,0.680476600859857,1.9202018778591,0.382854239127588,,,3,3,0,0,log_odds,log_odds,FALSE
Wald ratio,1,-0.501791631434238,0.428382834043473,0.241453057649617,TRPM7,ENSG00000092439,BBJ_Graves,0.605444953200242,0.261473592270072,1.40191438903331,,,,,,,2,1,0,1,log_odds,log_odds,FALSE
Wald ratio,1,-0.516466400653972,0.389297727282977,0.184620602222635,TRPV1,ENSG00000196689,BBJ_Graves,0.596625061453634,0.278179150627222,1.27961230434399,,,,,,,1,1,0,0,log_odds,log_odds,FALSE
Inverse variance weighted,2,-0.128946204445263,0.185489755420299,0.486951165165848,TRPV2,ENSG00000187688,BBJ_Graves,0.879021251709541,0.611092998063781,1.26442024929954,,,1.34582911058072,0.246008602910755,,,2,2,0,0,log_odds,log_odds,FALSE
Wald ratio,1,0.195547601870397,0.470278689189074,0.677547453375818,TRPV3,ENSG00000167723,BBJ_Graves,1.21597667530863,0.483744391288902,3.05657140738111,,,,,,,1,1,0,0,log_odds,log_odds,FALSE
Wald ratio,1,0.0625104697542481,0.121393340181774,0.6065938937169,TRPV5,ENSG00000127412,BBJ_Graves,1.06450560397159,0.839104122595765,1.3504547890689,,,,,,,3,1,0,2,log_odds,log_odds,FALSE
Wald ratio,1,0.302187469708945,0.419591489310925,0.471405269081877,TSG101,ENSG00000074319,BBJ_Graves,1.35281481473828,0.594394612524354,3.0789443316167,,,,,,,1,1,0,0,log_odds,log_odds,FALSE
Wald ratio,1,-2.09595290577662,0.271220127645136,1.09364048102808e-14,TSHR,ENSG00000165409,BBJ_Graves,0.122953025165817,0.0722556787862222,0.209221567790582,,,,,,,1,1,0,0,log_odds,log_odds,FALSE
Wald ratio,1,0.251279928491212,0.218144377570215,0.249363260997412,TSPEAR,ENSG00000175894,BBJ_Graves,1.28566992960697,0.838380644811148,1.97159509600549,,,,,,,2,1,0,1,log_odds,log_odds,FALSE
Wald ratio,1,-0.363672542802424,0.275452309133374,0.186743527811737,TSPO,ENSG00000100300,BBJ_Graves,0.6951187791262,0.405125222339381,1.19269324754389,,,,,,,3,1,0,2,log_odds,log_odds,FALSE
Wald ratio,1,-0.463909164688768,0.574204952378395,0.419139144084657,TSSK4,ENSG00000139908,BBJ_Graves,0.62882067099432,0.204058028664335,1.93775975813324,,,,,,,1,1,1,0,log_odds,log_odds,FALSE
Wald ratio,1,-0.104398787624642,0.267614802657003,0.6964563774482,TTBK2,ENSG00000128881,BBJ_Graves,0.900865971577691,0.533165284395651,1.52215367822856,,,,,,,1,1,0,0,log_odds,log_odds,FALSE
Wald ratio,1,0.0325113027958771,0.627174350653903,0.958657981412728,TTK,ENSG00000112742,BBJ_Graves,1.03304556938119,0.302174557238661,3.53167771029522,,,,,,,1,1,0,0,log_odds,log_odds,FALSE
Inverse variance weighted,2,0.197691944831283,0.207520835066435,0.340774221284172,TTL,ENSG00000114999,BBJ_Graves,1.21858694398836,0.81135556595933,1.83021378340223,,,0.0681036496322418,0.794118141203435,,,2,2,1,0,log_odds,log_odds,FALSE
Wald ratio,1,0.326144867962938,0.367422187991922,0.374725296081516,TTN,ENSG00000155657,BBJ_Graves,1.38561608571347,0.674352289097127,2.84707558353284,,,,,,,1,1,0,0,log_odds,log_odds,FALSE
Wald ratio,1,0.408612885573142,0.360734935403915,0.257330447545642,TUB,ENSG00000166402,BBJ_Graves,1.50472910537827,0.741984008585523,3.05156129292984,,,,,,,1,1,0,0,log_odds,log_odds,FALSE
Wald ratio,1,-0.329774157402511,0.328580593126959,0.315555790299245,TUBA1B,ENSG00000123416,BBJ_Graves,0.71908611537097,0.377648231956859,1.36922351956988,,,,,,,1,1,0,0,log_odds,log_odds,FALSE
Inverse variance weighted,2,0.0621426138842193,0.110982175907854,0.575524947043081,TUBA1C,ENSG00000167553,BBJ_Graves,1.06411409135101,0.856087703357721,1.32269018112345,,,1.66284026131238,0.197220273430298,,,3,2,0,1,log_odds,log_odds,FALSE
Wald ratio,1,0.139997301757198,0.373746941912455,0.707974496892618,TUBA4A,ENSG00000127824,BBJ_Graves,1.15027069514342,0.552917373080426,2.39298444310821,,,,,,,1,1,0,0,log_odds,log_odds,FALSE
Inverse variance weighted,2,0.39938891679693,0.0780799144675811,3.13524866484637e-07,TUBB,ENSG00000196230,BBJ_Graves,1.49091334711048,1.27935018933023,1.73746221099625,,,0.367607728049299,0.544311157668117,,,3,2,1,1,log_odds,log_odds,FALSE
Wald ratio,1,0.371317729063641,0.455699816915901,0.415169818027462,TUBB1,ENSG00000101162,BBJ_Graves,1.44964359412413,0.593419380187177,3.5412839892797,,,,,,,1,1,0,0,log_odds,log_odds,FALSE
Inverse variance weighted,3,-0.017028085188665,0.110198835394633,0.877198589978628,TUBB2A,ENSG00000137267,BBJ_Graves,0.983116073246779,0.79213947128662,1.22013515108181,0.0565373976346333,0.303043375752352,4.42057731148362,0.109668987363244,,,6,3,0,3,log_odds,log_odds,FALSE
MR Egger,3,-0.173764504394357,0.109654133419477,0.358377607226191,TUBB2A,ENSG00000137267,BBJ_Graves,0.840494807187763,0.677946701223518,1.04201631136293,0.0565373976346333,0.303043375752352,4.42057731148362,0.109668987363244,,,6,3,0,3,log_odds,log_odds,FALSE
Weighted median,3,-0.0230764924153932,0.0747481168993483,0.757531945981114,TUBB2A,ENSG00000137267,BBJ_Graves,0.977187733464372,0.844016865692278,1.13137059844179,0.0565373976346333,0.303043375752352,4.42057731148362,0.109668987363244,,,6,3,0,3,log_odds,log_odds,FALSE
Weighted mode,3,-0.0600388771826225,0.349960640216775,0.879572392908855,TUBB2A,ENSG00000137267,BBJ_Graves,0.941727921144188,0.474277952245868,1.86989817524304,0.0565373976346333,0.303043375752352,4.42057731148362,0.109668987363244,,,6,3,0,3,log_odds,log_odds,FALSE
Wald ratio,1,0.172380810921534,0.159024433413385,0.278369468734256,TUBB2B,ENSG00000137285,BBJ_Graves,1.1881302000317,0.869960841106685,1.62266311944754,,,,,,,2,1,0,1,log_odds,log_odds,FALSE
Wald ratio,1,-0.00444159435214716,0.0459690810535155,0.92302710645902,TUBB6,ENSG00000176014,BBJ_Graves,0.995568254940464,0.909790438624684,1.08943346529726,,,,,,,7,1,0,6,log_odds,log_odds,FALSE
Wald ratio,1,0.0285753190201502,0.188007449131427,0.87919454251319,TUBE1,ENSG00000074935,BBJ_Graves,1.02898751024692,0.711827778272651,1.48745992859889,,,,,,,1,1,0,0,log_odds,log_odds,FALSE
Inverse variance weighted,2,-0.507544762233985,0.336054924716341,0.13096612563134,TUFT1,ENSG00000143367,BBJ_Graves,0.601971749669356,0.311544711581428,1.16313958776756,,,0.171245694555933,0.679007084231638,,,2,2,0,0,log_odds,log_odds,FALSE
Wald ratio,1,-0.746455330956651,0.615539315395318,0.225250254373631,TULP2,ENSG00000104804,BBJ_Graves,0.474043906914051,0.141860316926478,1.58407672103822,,,,,,,1,1,0,0,log_odds,log_odds,FALSE
Wald ratio,1,-0.337061643070796,0.384420804855041,0.380593185677307,TULP3,ENSG00000078246,BBJ_Graves,0.713864833725912,0.33603954900062,1.51649709787458,,,,,,,1,1,1,0,log_odds,log_odds,FALSE
Wald ratio,1,-0.236820141509405,0.190746627950664,0.214405222004437,TWSG1,ENSG00000128791,BBJ_Graves,0.7891332075621,0.542979598111519,1.14687774907769,,,,,,,1,1,0,0,log_odds,log_odds,FALSE
Wald ratio,1,0.0277033710166675,0.062567706392558,0.657929010182727,TXK,ENSG00000074966,BBJ_Graves,1.02809067769425,0.909437198929759,1.16222477242593,,,,,,,2,1,0,1,log_odds,log_odds,FALSE
Inverse variance weighted,2,-0.00304214124965904,0.217586244637317,0.988844890164256,TXN,ENSG00000136810,BBJ_Graves,0.996962481373287,0.650827153828778,1.52718610988912,,,0.0493796937880885,0.82414618918489,,,3,2,0,1,log_odds,log_odds,FALSE
Wald ratio,1,0.222102351981905,0.423926062227742,0.600335808767477,TXNDC12,ENSG00000117862,BBJ_Graves,1.24869917815955,0.544007236413229,2.86622958881366,,,,,,,4,1,0,3,log_odds,log_odds,FALSE
Inverse variance weighted,3,-0.126629085459365,0.2584140521574,0.624116921513342,TXNRD2,ENSG00000184470,BBJ_Graves,0.881060410114852,0.530932370864838,1.46208347591857,0.127160604504836,0.335945407642764,3.48993716939045,0.174650475578548,,,3,3,0,0,log_odds,log_odds,FALSE
MR Egger,3,-1.04288137023082,0.568726063607624,0.317838327679085,TXNRD2,ENSG00000184470,BBJ_Graves,0.352437713994446,0.115604030792818,1.07446376561246,0.127160604504836,0.335945407642764,3.48993716939045,0.174650475578548,,,3,3,0,0,log_odds,log_odds,FALSE
Weighted median,3,0.103226662905158,0.252852180404852,0.68309083939399,TXNRD2,ENSG00000184470,BBJ_Graves,1.10874269143625,0.675458465385558,1.81996439279446,0.127160604504836,0.335945407642764,3.48993716939045,0.174650475578548,,,3,3,0,0,log_odds,log_odds,FALSE
Weighted mode,3,0.193672768476181,0.536310343916729,0.752587875443766,TXNRD2,ENSG00000184470,BBJ_Graves,1.21369905737541,0.424223217632011,3.47238279436123,0.127160604504836,0.335945407642764,3.48993716939045,0.174650475578548,,,3,3,0,0,log_odds,log_odds,FALSE
Wald ratio,1,-0.238183564089756,0.196764466034797,0.226086743939044,TXNRD3,ENSG00000197763,BBJ_Graves,0.788058018662974,0.53588166447555,1.15890406772324,,,,,,,1,1,1,0,log_odds,log_odds,FALSE
Inverse variance weighted,3,0.142504950292594,0.0879952158794973,0.105347793612892,TYK2,ENSG00000105397,BBJ_Graves,1.15315878941666,0.9704788467679,1.37022584061218,-0.0744136720542376,0.216762074526196,7.98160272045276,0.0184848951231945,,,3,3,2,0,log_odds,log_odds,FALSE
MR Egger,3,0.247813216474059,0.0577255653240381,0.145695975481503,TYK2,ENSG00000105397,BBJ_Graves,1.28122059894198,1.14416041775691,1.43469936354852,-0.0744136720542376,0.216762074526196,7.98160272045276,0.0184848951231945,,,3,3,2,0,log_odds,log_odds,FALSE
Weighted median,3,0.141008987240153,0.0510568364379058,0.00574829330550216,TYK2,ENSG00000105397,BBJ_Graves,1.15143499616107,1.04178708331538,1.2726233331337,-0.0744136720542376,0.216762074526196,7.98160272045276,0.0184848951231945,,,3,3,2,0,log_odds,log_odds,FALSE
Weighted mode,3,0.15233694198563,0.319088898604891,0.680152099073279,TYK2,ENSG00000105397,BBJ_Graves,1.16455255698469,0.623081905533445,2.17657204604344,-0.0744136720542376,0.216762074526196,7.98160272045276,0.0184848951231945,,,3,3,2,0,log_odds,log_odds,FALSE
Inverse variance weighted,2,0.0394252110265536,0.0670932962231731,0.556788901616745,TYMP,ENSG00000025708,BBJ_Graves,1.04021269953576,0.912034327721322,1.18640540973816,,,0.39871695261383,0.527752620870313,,,5,2,0,3,log_odds,log_odds,FALSE
Wald ratio,1,-0.146303697587996,0.454607628691358,0.747585944597022,UBE2N,ENSG00000177889,BBJ_Graves,0.863895300422098,0.354398019061274,2.10586699121011,,,,,,,1,1,0,0,log_odds,log_odds,FALSE
Wald ratio,1,0.636061111900789,0.828521748441813,0.442661874709295,UCHL1,ENSG00000154277,BBJ_Graves,1.88902554584023,0.372379599940862,9.58274167919961,,,,,,,1,1,1,0,log_odds,log_odds,FALSE
Wald ratio,1,0.154962583290189,0.567708773214858,0.784882885125473,UCHL3,ENSG00000118939,BBJ_Graves,1.16761427200339,0.383756664977913,3.55257175341692,,,,,,,1,1,0,0,log_odds,log_odds,FALSE
Wald ratio,1,-0.0768096330319098,0.737341130476902,0.917033571908552,UGCG,ENSG00000148154,BBJ_Graves,0.926066129228708,0.218275282561237,3.92897659158473,,,,,,,2,1,0,1,log_odds,log_odds,FALSE
Inverse variance weighted,2,0.0461285051714116,0.224350741688978,0.837096438944769,UGGT1,ENSG00000136731,BBJ_Graves,1.04720897407944,0.674624561159512,1.62556583102704,,,1.83504726273885,0.175532549437265,,,2,2,0,0,log_odds,log_odds,FALSE
Wald ratio,1,0.033293170967485,0.0659116295666062,0.613475741470288,UGT2B11,ENSG00000213759,BBJ_Graves,1.03385359067361,0.908560660901033,1.17642474844631,,,,,,,2,1,0,1,log_odds,log_odds,FALSE
Inverse variance weighted,2,-0.0488004828273123,0.191856534277602,0.799218035020279,UGT2B17,ENSG00000197888,BBJ_Graves,0.952371125138435,0.653874860907692,1.38713202513759,,,0.0215830743916759,0.88320164488434,,,2,2,0,0,log_odds,log_odds,FALSE
Wald ratio,1,0.0469431207127949,0.08635220253995,0.5867003129432,UGT2B28,ENSG00000135226,BBJ_Graves,1.04806239434231,0.884876495990652,1.24134247820065,,,,,,,1,1,1,0,log_odds,log_odds,FALSE
Wald ratio,1,0.116468709712996,0.158776389849363,0.463229613982272,UGT8,ENSG00000174607,BBJ_Graves,1.12352235458026,0.823054372396663,1.5336805484258,,,,,,,1,1,0,0,log_odds,log_odds,FALSE
Wald ratio,1,0.0538428474616026,0.120072719054591,0.653851079225791,UHMK1,ENSG00000152332,BBJ_Graves,1.05531874310354,0.834018510616906,1.33533924651367,,,,,,,2,1,0,1,log_odds,log_odds,FALSE
Wald ratio,1,0.354133073407822,0.319174683634227,0.267202708630142,ULBP2,ENSG00000131015,BBJ_Graves,1.42494479612359,0.762273924810172,2.66369818763686,,,,,,,1,1,0,0,log_odds,log_odds,FALSE
Wald ratio,1,0.127001224101188,0.310140995338766,0.682176347320256,ULK1,ENSG00000177169,BBJ_Graves,1.13541840764766,0.618242114777152,2.0852266929273,,,,,,,1,1,1,0,log_odds,log_odds,FALSE
Wald ratio,1,0.0689648352627808,0.149707328706844,0.645039407133847,ULK2,ENSG00000083290,BBJ_Graves,1.07139853303804,0.798946312370182,1.43676089221901,,,,,,,1,1,0,0,log_odds,log_odds,FALSE
Wald ratio,1,-0.375831415385967,0.277532890707149,0.175676745280444,ULK3,ENSG00000140474,BBJ_Graves,0.686718093389044,0.398600394626737,1.18309401130796,,,,,,,2,1,0,1,log_odds,log_odds,FALSE
Inverse variance weighted,2,-0.0246170932978858,0.0552023555165466,0.655638560627851,ULK4,ENSG00000168038,BBJ_Graves,0.975683436238185,0.875628197596181,1.08717166756726,,,0.00513653206815752,0.942864846815119,,,2,2,0,0,log_odds,log_odds,FALSE
Wald ratio,1,0.112685294777963,0.142085520899597,0.427730763996613,UMPS,ENSG00000114491,BBJ_Graves,1.11927963437054,0.847213689600013,1.47871418426691,,,,,,,1,1,0,0,log_odds,log_odds,FALSE
Inverse variance weighted,2,0.0190773532917982,0.0490765097725184,0.69747827473725,UPK3A,ENSG00000100373,BBJ_Graves,1.0192604887221,0.925785598851059,1.1221733683904,,,0.0258920360102866,0.872164266721834,,,4,2,0,2,log_odds,log_odds,FALSE
Inverse variance weighted,2,-0.0540697562274585,0.0769793000607842,0.482433828322718,UPP1,ENSG00000183696,BBJ_Graves,0.947366019517292,0.814688714298914,1.10165067857653,,,0.112268708486592,0.737575880603806,,,3,2,0,1,log_odds,log_odds,FALSE
Inverse variance weighted,2,0.103840989093634,0.135847915319716,0.444633984303993,USP47,ENSG00000170242,BBJ_Graves,1.10942403036863,0.850083307962265,1.44788359873784,,,0.266841226487066,0.605458618497646,,,2,2,1,0,log_odds,log_odds,FALSE
Wald ratio,1,0.285810204568873,0.238889540444074,0.231535997580967,UTP11L,ENSG00000183520,BBJ_Graves,1.33083984395887,0.833256888583529,2.12555661349438,,,,,,,2,1,1,1,log_odds,log_odds,FALSE
Inverse variance weighted,3,0.0251729201685939,0.0252060126422251,0.317946282058349,UTS2,ENSG00000049247,BBJ_Graves,1.02549243351799,0.976060345953378,1.07742798440956,-0.0265759297995646,0.70014516583624,2.07768051665161,0.35386483587371,,,3,3,0,0,log_odds,log_odds,FALSE
MR Egger,3,0.04944365497235,0.0572763528149607,0.546640977400791,UTS2,ENSG00000049247,BBJ_Graves,1.05068638959328,0.939114380197736,1.17551377399217,-0.0265759297995646,0.70014516583624,2.07768051665161,0.35386483587371,,,3,3,0,0,log_odds,log_odds,FALSE
Weighted median,3,0.0246749912702548,0.0248771467355639,0.321259067635616,UTS2,ENSG00000049247,BBJ_Graves,1.02498193830602,0.976203494018988,1.07619771931806,-0.0265759297995646,0.70014516583624,2.07768051665161,0.35386483587371,,,3,3,0,0,log_odds,log_odds,FALSE
Weighted mode,3,0.02727734361996,0.296509611705799,0.935087045554899,UTS2,ENSG00000049247,BBJ_Graves,1.02765277618489,0.574714722936538,1.83755554930708,-0.0265759297995646,0.70014516583624,2.07768051665161,0.35386483587371,,,3,3,0,0,log_odds,log_odds,FALSE
Wald ratio,1,-1.23243709914128,0.626167973453982,0.0490425885284836,UTS2B,ENSG00000188958,BBJ_Graves,0.291581099014963,0.0854583353968632,0.994865356409629,,,,,,,2,1,1,1,log_odds,log_odds,FALSE
Inverse variance weighted,3,0.0288376107845061,0.13058293868989,0.825218957238555,VAMP1,ENSG00000139190,BBJ_Graves,1.02925744059518,0.796837150601573,1.32946973948288,-0.0928111641448353,0.207855011767544,9.41237997945389,0.00903915131809394,,,3,3,0,0,log_odds,log_odds,FALSE
MR Egger,3,0.305566349289357,0.111372827615549,0.222508748274093,VAMP1,ENSG00000139190,BBJ_Graves,1.35739354422344,1.09119738009286,1.68852791210211,-0.0928111641448353,0.207855011767544,9.41237997945389,0.00903915131809394,,,3,3,0,0,log_odds,log_odds,FALSE
Weighted median,3,0.0374881880952001,0.0603227406239566,0.534296811948289,VAMP1,ENSG00000139190,BBJ_Graves,1.03819973389298,0.922429449473276,1.16849986529694,-0.0928111641448353,0.207855011767544,9.41237997945389,0.00903915131809394,,,3,3,0,0,log_odds,log_odds,FALSE
Weighted mode,3,0.0648596763679363,0.470581111814976,0.902999835678082,VAMP1,ENSG00000139190,BBJ_Graves,1.06700928725998,0.424230091296396,2.68370594744917,-0.0928111641448353,0.207855011767544,9.41237997945389,0.00903915131809394,,,3,3,0,0,log_odds,log_odds,FALSE
Inverse variance weighted,2,-0.178000898533491,0.148551477193551,0.230822086943018,VAMP2,ENSG00000220205,BBJ_Graves,0.836941671468308,0.625526368659855,1.1198110847683,,,0.529431134330044,0.466846120626099,,,2,2,0,0,log_odds,log_odds,FALSE
Inverse variance weighted,3,0.0269632713472456,0.138494930715686,0.845637374796252,VAMP8,ENSG00000118640,BBJ_Graves,1.02733006962116,0.783106330895539,1.34771873283272,0.0132887447157823,0.939224814003416,1.25763064408719,0.533223124657081,,,4,3,1,1,log_odds,log_odds,FALSE
MR Egger,3,-0.0235522495173183,0.54973004973898,0.97274177778972,VAMP8,ENSG00000118640,BBJ_Graves,0.976722940033417,0.332530681815782,2.86887121626876,0.0132887447157823,0.939224814003416,1.25763064408719,0.533223124657081,,,4,3,1,1,log_odds,log_odds,FALSE
Weighted median,3,0.0398048002544571,0.157789651863619,0.800836270118562,VAMP8,ENSG00000118640,BBJ_Graves,1.04060762802179,0.763789602302873,1.41775199902203,0.0132887447157823,0.939224814003416,1.25763064408719,0.533223124657081,,,4,3,1,1,log_odds,log_odds,FALSE
Weighted mode,3,0.151660073176616,0.286755595347404,0.649717129441842,VAMP8,ENSG00000118640,BBJ_Graves,1.16376457439291,0.663397518069271,2.04153308947185,0.0132887447157823,0.939224814003416,1.25763064408719,0.533223124657081,,,4,3,1,1,log_odds,log_odds,FALSE
Inverse variance weighted,7,-0.0570255477805139,0.0581510755235182,0.326767951057052,VASH1,ENSG00000071246,BBJ_Graves,0.944569937392825,0.842820177923243,1.05860347200603,-0.00672773749406303,0.785334380801439,10.3246926948028,0.111627748108334,,,7,7,0,0,log_odds,log_odds,FALSE
MR Egger,7,-0.0423222374556734,0.0812968294058339,0.624875920440023,VASH1,ENSG00000071246,BBJ_Graves,0.958560846591794,0.817369499092599,1.124141404394,-0.00672773749406303,0.785334380801439,10.3246926948028,0.111627748108334,,,7,7,0,0,log_odds,log_odds,FALSE
Weighted median,7,-0.0236329693390595,0.0605350833320427,0.696239898646106,VASH1,ENSG00000071246,BBJ_Graves,0.976644102313734,0.867376853662641,1.09967622326614,-0.00672773749406303,0.785334380801439,10.3246926948028,0.111627748108334,,,7,7,0,0,log_odds,log_odds,FALSE
Weighted mode,7,-0.0277433321577771,0.325782916964082,0.934905526256185,VASH1,ENSG00000071246,BBJ_Graves,0.972637979657583,0.513616783283625,1.84188809684979,-0.00672773749406303,0.785334380801439,10.3246926948028,0.111627748108334,,,7,7,0,0,log_odds,log_odds,FALSE
Wald ratio,1,0.179224639131661,0.123147887134294,0.145569331686063,VCAM1,ENSG00000162692,BBJ_Graves,1.1962894474088,0.939746407235764,1.52286662759502,,,,,,,2,1,0,1,log_odds,log_odds,FALSE
Wald ratio,1,0.0879828380341664,0.101961612848307,0.388191575392416,VCL,ENSG00000035403,BBJ_Graves,1.09196938152617,0.894167712839487,1.33352738313947,,,,,,,5,1,0,4,log_odds,log_odds,FALSE
Wald ratio,1,0.0744696339701707,0.191235875158602,0.696971050935713,VCP,ENSG00000165280,BBJ_Graves,1.07731262931812,0.740556993986039,1.56720213395243,,,,,,,1,1,0,0,log_odds,log_odds,FALSE
Inverse variance weighted,2,0.213112043695123,0.139959231847921,0.127840714575727,VDR,ENSG00000111424,BBJ_Graves,1.23752330015944,0.940627521177585,1.62813003442664,,,0.0502416627121137,0.822643295020295,,,3,2,1,1,log_odds,log_odds,FALSE
Inverse variance weighted,3,-0.12495863479181,0.132931374975999,0.34720543555659,VEGFA,ENSG00000112715,BBJ_Graves,0.882533408007719,0.680107687251678,1.14520866452359,0.00649189471763916,0.88257267402003,0.583751544259002,0.746861311200852,,,3,3,0,0,log_odds,log_odds,FALSE
MR Egger,3,-0.16077777352484,0.233512222674246,0.616131352064092,VEGFA,ENSG00000112715,BBJ_Graves,0.851481271765364,0.53877257819142,1.34568904490453,0.00649189471763916,0.88257267402003,0.583751544259002,0.746861311200852,,,3,3,0,0,log_odds,log_odds,FALSE
Weighted median,3,-0.141939855390395,0.137302569458131,0.301241730562158,VEGFA,ENSG00000112715,BBJ_Graves,0.867673440796957,0.662951866135992,1.13561366717685,0.00649189471763916,0.88257267402003,0.583751544259002,0.746861311200852,,,3,3,0,0,log_odds,log_odds,FALSE
Weighted mode,3,-0.144358774636526,0.383240214312363,0.742620601537403,VEGFA,ENSG00000112715,BBJ_Graves,0.865577145218665,0.408399427424773,1.83453683823516,0.00649189471763916,0.88257267402003,0.583751544259002,0.746861311200852,,,3,3,0,0,log_odds,log_odds,FALSE
Wald ratio,1,0.345496816048371,0.302545240087561,0.253467550250304,VEGFB,ENSG00000173511,BBJ_Graves,1.41269159320679,0.780756580419599,2.55610722671669,,,,,,,1,1,1,0,log_odds,log_odds,FALSE
Inverse variance weighted,2,-0.111684506308638,0.180362060737868,0.53576884125739,VIM,ENSG00000026025,BBJ_Graves,0.894326367322992,0.628013167513945,1.27357146738707,,,0.843774397402012,0.358319517738148,,,3,2,0,1,log_odds,log_odds,FALSE
Wald ratio,1,0.0399071806986807,0.205849176557937,0.846280714463,VIMP,ENSG00000131871,BBJ_Graves,1.0407141713469,0.695198956975592,1.55795110964225,,,,,,,1,1,0,0,log_odds,log_odds,FALSE
Wald ratio,1,0.106697979777015,0.156459327040781,0.495268378264506,VIPR1,ENSG00000114812,BBJ_Graves,1.11259817658134,0.818761618807931,1.51188657857996,,,,,,,6,1,0,5,log_odds,log_odds,FALSE
Inverse variance weighted,2,-0.0516857259593045,0.128140746471205,0.68668986915513,VIPR2,ENSG00000106018,BBJ_Graves,0.949627263148472,0.73871610782798,1.22075575360928,,,0.0543650383117317,0.815634746300568,,,2,2,0,0,log_odds,log_odds,FALSE
Wald ratio,1,0.14315973327139,0.135078342570441,0.289223113301342,VIT,ENSG00000205221,BBJ_Graves,1.15391410542086,0.885507972717117,1.50367676374901,,,,,,,1,1,0,0,log_odds,log_odds,FALSE
Wald ratio,1,-2.01705194881761,0.405018833540249,6.35371126709439e-07,VKORC1,ENSG00000167397,BBJ_Graves,0.133047117202399,0.0601515022051561,0.294282515763199,,,,,,,1,1,0,0,log_odds,log_odds,FALSE
Wald ratio,1,0.178459711330843,0.255528298566773,0.484930140626193,VKORC1L1,ENSG00000196715,BBJ_Graves,1.19537472224661,0.724425933341538,1.97248698703402,,,,,,,4,1,0,3,log_odds,log_odds,FALSE
Inverse variance weighted,2,-0.048250404214461,0.0833636937067211,0.562728192437702,VMO1,ENSG00000182853,BBJ_Graves,0.952895148239608,0.809253352160101,1.12203324350141,,,0.20227132614163,0.652893709674936,,,3,2,0,1,log_odds,log_odds,FALSE
Inverse variance weighted,2,-0.00344137903416533,0.310465084076658,0.991155955654802,VN1R1,ENSG00000178201,BBJ_Graves,0.996564535723743,0.542290770843331,1.83138074121715,,,1.49665028897515,0.221187489883611,,,2,2,1,0,log_odds,log_odds,FALSE
Wald ratio,1,0.0579466202040896,0.145751653164647,0.690946492846858,VRK1,ENSG00000100749,BBJ_Graves,1.05965842984984,0.79634193403924,1.4100425206247,,,,,,,1,1,0,0,log_odds,log_odds,FALSE
Wald ratio,1,-0.0944161798602645,0.0994242284473906,0.34230054600385,VRK2,ENSG00000028116,BBJ_Graves,0.909903999710112,0.748796769834729,1.10567422569303,,,,,,,1,1,0,0,log_odds,log_odds,FALSE
Wald ratio,1,0.308532858716423,0.324153469212103,0.341192809431994,VSIG2,ENSG00000019102,BBJ_Graves,1.36142624353151,0.721222246993025,2.56991714316077,,,,,,,1,1,0,0,log_odds,log_odds,FALSE
Inverse variance weighted,4,-0.00944470197757579,0.045021133268831,0.833836459751595,VSTM1,ENSG00000189068,BBJ_Graves,0.990599759136059,0.90693352449021,1.08198435310019,0.00898976710689505,0.797077490585017,0.352490587180214,0.94987209710218,,,4,4,0,0,log_odds,log_odds,FALSE
MR Egger,4,-0.0282596159017371,0.0784115629710673,0.753050778545166,VSTM1,ENSG00000189068,BBJ_Graves,0.972135952085416,0.83364612324527,1.13363246464588,0.00898976710689505,0.797077490585017,0.352490587180214,0.94987209710218,,,4,4,0,0,log_odds,log_odds,FALSE
Weighted median,4,-0.0133682953447315,0.0455708901757698,0.769253386259342,VSTM1,ENSG00000189068,BBJ_Graves,0.986720663465051,0.902409166760308,1.07890932802051,0.00898976710689505,0.797077490585017,0.352490587180214,0.94987209710218,,,4,4,0,0,log_odds,log_odds,FALSE
Weighted mode,4,-0.0135124546751217,0.169431941189271,0.941456948086468,VSTM1,ENSG00000189068,BBJ_Graves,0.986578428727402,0.707796214458385,1.37516558600845,0.00898976710689505,0.797077490585017,0.352490587180214,0.94987209710218,,,4,4,0,0,log_odds,log_odds,FALSE
Inverse variance weighted,3,-0.0592070399228532,0.0915386502742169,0.517762517220939,VWF,ENSG00000110799,BBJ_Graves,0.942511611423758,0.787711955653668,1.12773220120983,0.0366486743986585,0.503643470697931,0.977539775310598,0.6133804571706,,,4,3,0,1,log_odds,log_odds,FALSE
MR Egger,3,-0.202364106761483,0.171312147424665,0.447219080142732,VWF,ENSG00000110799,BBJ_Graves,0.816797472310289,0.583835557333232,1.14271579110364,0.0366486743986585,0.503643470697931,0.977539775310598,0.6133804571706,,,4,3,0,1,log_odds,log_odds,FALSE
Weighted median,3,-0.0686793179329794,0.0916438406570389,0.453606790096546,VWF,ENSG00000110799,BBJ_Graves,0.933626029202557,0.78012489866735,1.1173307811269,0.0366486743986585,0.503643470697931,0.977539775310598,0.6133804571706,,,4,3,0,1,log_odds,log_odds,FALSE
Weighted mode,3,-0.0820095287004749,0.310429521083633,0.81637238207615,VWF,ENSG00000110799,BBJ_Graves,0.921263180213622,0.501349713723118,1.69288188261746,0.0366486743986585,0.503643470697931,0.977539775310598,0.6133804571706,,,4,3,0,1,log_odds,log_odds,FALSE
Wald ratio,1,0.0427669380532944,0.142471261617956,0.764040316160069,WDR1,ENSG00000071127,BBJ_Graves,1.04369462100264,0.789404247800846,1.3798994177501,,,,,,,1,1,0,0,log_odds,log_odds,FALSE
Wald ratio,1,0.093055419350493,0.158246410070051,0.556504594595594,WDR5,ENSG00000196363,BBJ_Graves,1.09752255756999,0.80484340825969,1.49663369546578,,,,,,,1,1,0,0,log_odds,log_odds,FALSE
Wald ratio,1,0.0770899260136321,0.141860161538775,0.586839314187186,WEE1,ENSG00000166483,BBJ_Graves,1.0801392046382,0.817948428179378,1.4263744035713,,,,,,,2,1,0,1,log_odds,log_odds,FALSE
Inverse variance weighted,2,-0.0393921833293069,0.0766522128557015,0.607316332953683,WFIKKN1,ENSG00000127578,BBJ_Graves,0.961373600503985,0.827264734821942,1.1172230131929,,,0.926761715673121,0.33570580736743,,,2,2,0,0,log_odds,log_odds,FALSE
Wald ratio,1,-0.0443802923317966,0.193571812510076,0.818658736271466,WNK2,ENSG00000165238,BBJ_Graves,0.956590104410787,0.654567187075203,1.3979689876381,,,,,,,1,1,0,0,log_odds,log_odds,FALSE
Wald ratio,1,-0.754737607908676,0.5719759546055,0.186993052547906,WNT10A,ENSG00000135925,BBJ_Graves,0.470133957980121,0.153230726228655,1.44243875811326,,,,,,,1,1,0,0,log_odds,log_odds,FALSE
Wald ratio,1,0.609588956574926,0.239259141417539,0.0108398735278676,WNT10B,ENSG00000169884,BBJ_Graves,1.83967505701117,1.1510114060715,2.94037426348392,,,,,,,1,1,0,0,log_odds,log_odds,FALSE
Wald ratio,1,0.468364438633568,0.905319256758833,0.604913767460237,WNT11,ENSG00000085741,BBJ_Graves,1.59737944340319,0.270884891048985,9.41957698831448,,,,,,,1,1,0,0,log_odds,log_odds,FALSE
Wald ratio,1,0.130232353182453,0.220116392156809,0.554083494463947,WNT3,ENSG00000108379,BBJ_Graves,1.13909302446767,0.739932897873428,1.75358187495113,,,,,,,1,1,0,0,log_odds,log_odds,FALSE
Wald ratio,1,0.0670759392659464,0.0988148449323438,0.497261884129484,WNT5B,ENSG00000111186,BBJ_Graves,1.06937668277156,0.881085017293272,1.29790708865825,,,,,,,1,1,0,0,log_odds,log_odds,FALSE
Inverse variance weighted,2,-0.128334421724228,0.275986436744178,0.641929565943454,WNT7A,ENSG00000154764,BBJ_Graves,0.879559186255511,0.512083368681005,1.51073908945552,,,0.134216194240355,0.714099981814978,,,2,2,0,0,log_odds,log_odds,FALSE
Inverse variance weighted,3,0.0686669434942368,0.102364894499805,0.502344385635721,XBP1,ENSG00000100219,BBJ_Graves,1.07107941976719,0.876368819588343,1.3090505935477,-0.0650002593251749,0.674147211580779,2.75535907223407,0.252163009849043,,,5,3,0,2,log_odds,log_odds,FALSE
MR Egger,3,0.296502791808997,0.42474044063442,0.612020873106347,XBP1,ENSG00000100219,BBJ_Graves,1.3451463153836,0.585090658574793,3.09254400710751,-0.0650002593251749,0.674147211580779,2.75535907223407,0.252163009849043,,,5,3,0,2,log_odds,log_odds,FALSE
Weighted median,3,0.023308176819523,0.0876514463812779,0.790301663501734,XBP1,ENSG00000100219,BBJ_Graves,1.02358193517121,0.862009783954356,1.21543861509619,-0.0650002593251749,0.674147211580779,2.75535907223407,0.252163009849043,,,5,3,0,2,log_odds,log_odds,FALSE
Weighted mode,3,0.00766602575806943,0.241100157282548,0.977522498058104,XBP1,ENSG00000100219,BBJ_Graves,1.00769548496376,0.628204026374028,1.61643375047672,-0.0650002593251749,0.674147211580779,2.75535907223407,0.252163009849043,,,5,3,0,2,log_odds,log_odds,FALSE
Inverse variance weighted,3,0.120566139156778,0.119520230676725,0.31309411853663,XCL1,ENSG00000143184,BBJ_Graves,1.12813535241931,0.89253146328475,1.42593222281981,0.0276753115022758,0.681777493411809,4.46337170230877,0.107347305924849,,,4,3,0,1,log_odds,log_odds,FALSE
MR Egger,3,0.0346349393965526,0.216251781385862,0.898897453673026,XCL1,ENSG00000143184,BBJ_Graves,1.03524171384352,0.677586165937461,1.5816813564942,0.0276753115022758,0.681777493411809,4.46337170230877,0.107347305924849,,,4,3,0,1,log_odds,log_odds,FALSE
Weighted median,3,0.111179966819352,0.0836979402328372,0.18406326688611,XCL1,ENSG00000143184,BBJ_Graves,1.11759601895802,0.948505210665514,1.31683078547817,0.0276753115022758,0.681777493411809,4.46337170230877,0.107347305924849,,,4,3,0,1,log_odds,log_odds,FALSE
Weighted mode,3,0.0626086099149912,0.385237998718567,0.885832888583628,XCL1,ENSG00000143184,BBJ_Graves,1.06461007984923,0.50034477530867,2.26522725538079,0.0276753115022758,0.681777493411809,4.46337170230877,0.107347305924849,,,4,3,0,1,log_odds,log_odds,FALSE
Wald ratio,1,-0.0296728653635232,0.040009913683066,0.458306799641426,XCL2,ENSG00000143185,BBJ_Graves,0.970763051828128,0.897544752653269,1.04995422234808,,,,,,,2,1,0,1,log_odds,log_odds,FALSE
Wald ratio,1,0.387820947461478,0.178357222176146,0.02967468590092,XCR1,ENSG00000173578,BBJ_Graves,1.47376587914056,1.03898138116125,2.09049546594506,,,,,,,1,1,0,0,log_odds,log_odds,FALSE
Wald ratio,1,-0.0741514294958312,0.0606326964604902,0.221344387066641,XYLT1,ENSG00000103489,BBJ_Graves,0.928531076201994,0.824488970262439,1.04570223565077,,,,,,,9,1,0,8,log_odds,log_odds,FALSE
Wald ratio,1,0.581594972866857,0.43702980685778,0.183258061885911,YARS,ENSG00000134684,BBJ_Graves,1.78888938658049,0.759584695330503,4.21299330685951,,,,,,,1,1,0,0,log_odds,log_odds,FALSE
Wald ratio,1,0.0405650664173711,0.186641186933886,0.827941420653391,YES1,ENSG00000176105,BBJ_Graves,1.04139906760449,0.72234554530563,1.50137565747518,,,,,,,1,1,0,0,log_odds,log_odds,FALSE
Inverse variance weighted,3,-0.0290999681944091,0.132798318523424,0.826549528966083,YWHAG,ENSG00000170027,BBJ_Graves,0.971319358570464,0.748724136414509,1.26009200244537,-0.0260553408293322,0.734404974623099,3.1427118784788,0.207763276897223,,,3,3,0,0,log_odds,log_odds,FALSE
MR Egger,3,0.0910630750065533,0.320912396658345,0.823977980085957,YWHAG,ENSG00000170027,BBJ_Graves,1.09533809153694,0.583958580515585,2.05453875463648,-0.0260553408293322,0.734404974623099,3.1427118784788,0.207763276897223,,,3,3,0,0,log_odds,log_odds,FALSE
Weighted median,3,0.00446568327373012,0.103397143081033,0.965550379756337,YWHAG,ENSG00000170027,BBJ_Graves,1.00447566929655,0.820211769018656,1.23013520205391,-0.0260553408293322,0.734404974623099,3.1427118784788,0.207763276897223,,,3,3,0,0,log_odds,log_odds,FALSE
Weighted mode,3,0.00776871212818353,0.460436117348551,0.988070184112872,YWHAG,ENSG00000170027,BBJ_Graves,1.00779896686829,0.408735889742168,2.48487784682053,-0.0260553408293322,0.734404974623099,3.1427118784788,0.207763276897223,,,3,3,0,0,log_odds,log_odds,FALSE
Inverse variance weighted,2,-0.166712316765055,0.137722489389045,0.226089197638884,ZAP70,ENSG00000115085,BBJ_Graves,0.846443083798581,0.646198597504652,1.10873947556857,,,0.347962067043851,0.555269027682171,,,2,2,0,0,log_odds,log_odds,FALSE
Inverse variance weighted,2,0.0219268114671937,0.130463283725551,0.866529130481881,ZP3,ENSG00000188372,BBJ_Graves,1.02216897068547,0.791534965305516,1.3200041064881,,,1.73400354531093,0.187900414334799,,,3,2,0,1,log_odds,log_odds,FALSE
