gene_symbol,outcome,method,n_iv_preharm,n_iv_postharm,n_palindromic,n_removed
A2M,BBJ_Graves,Inverse variance weighted,2,2,0,0
A2M,UKB_hyperthyroid,Inverse variance weighted,2,2,0,0
A2M,FinnGen_GO,Inverse variance weighted,2,2,0,0
AATK,BBJ_Graves,Inverse variance weighted,3,3,0,0
AATK,BBJ_Graves,MR Egger,3,3,0,0
AATK,BBJ_Graves,Weighted median,3,3,0,0
AATK,BBJ_Graves,Weighted mode,3,3,0,0
AATK,UKB_hyperthyroid,Inverse variance weighted,3,3,0,0
AATK,UKB_hyperthyroid,MR Egger,3,3,0,0
AATK,UKB_hyperthyroid,Weighted median,3,3,0,0
AATK,UKB_hyperthyroid,Weighted mode,3,3,0,0
AATK,FinnGen_GO,Inverse variance weighted,3,3,0,0
AATK,FinnGen_GO,MR Egger,3,3,0,0
AATK,FinnGen_GO,Weighted median,3,3,0,0
AATK,FinnGen_GO,Weighted mode,3,3,0,0
ABAT,BBJ_Graves,Inverse variance weighted,5,4,0,1
ABAT,BBJ_Graves,MR Egger,5,4,0,1
ABAT,BBJ_Graves,Weighted median,5,4,0,1
ABAT,BBJ_Graves,Weighted mode,5,4,0,1
ABAT,UKB_hyperthyroid,Inverse variance weighted,5,5,0,0
ABAT,UKB_hyperthyroid,MR Egger,5,5,0,0
ABAT,UKB_hyperthyroid,Weighted median,5,5,0,0
ABAT,UKB_hyperthyroid,Weighted mode,5,5,0,0
ABAT,FinnGen_GO,Inverse variance weighted,5,4,0,1
ABAT,FinnGen_GO,MR Egger,5,4,0,1
ABAT,FinnGen_GO,Weighted median,5,4,0,1
ABAT,FinnGen_GO,Weighted mode,5,4,0,1
ABCA1,BBJ_Graves,Inverse variance weighted,3,3,0,0
ABCA1,BBJ_Graves,MR Egger,3,3,0,0
ABCA1,BBJ_Graves,Weighted median,3,3,0,0
ABCA1,BBJ_Graves,Weighted mode,3,3,0,0
ABCA1,UKB_hyperthyroid,Inverse variance weighted,3,3,0,0
ABCA1,UKB_hyperthyroid,MR Egger,3,3,0,0
ABCA1,UKB_hyperthyroid,Weighted median,3,3,0,0
ABCA1,UKB_hyperthyroid,Weighted mode,3,3,0,0
ABCA1,FinnGen_GO,Inverse variance weighted,3,3,0,0
ABCA1,FinnGen_GO,MR Egger,3,3,0,0
ABCA1,FinnGen_GO,Weighted median,3,3,0,0
ABCA1,FinnGen_GO,Weighted mode,3,3,0,0
ABCA13,BBJ_Graves,Wald ratio,1,1,1,0
ABCA13,UKB_hyperthyroid,Wald ratio,1,1,1,0
ABCA13,FinnGen_GO,Wald ratio,1,1,1,0
ABCA2,BBJ_Graves,Wald ratio,2,1,0,1
ABCA2,UKB_hyperthyroid,Inverse variance weighted,2,2,0,0
ABCA2,FinnGen_GO,Inverse variance weighted,2,2,0,0
ABCA3,BBJ_Graves,Wald ratio,1,1,0,0
ABCA3,UKB_hyperthyroid,Wald ratio,1,1,0,0
ABCA3,FinnGen_GO,Wald ratio,1,1,0,0
ABCA7,UKB_hyperthyroid,Inverse variance weighted,3,3,0,0
ABCA7,UKB_hyperthyroid,MR Egger,3,3,0,0
ABCA7,UKB_hyperthyroid,Weighted median,3,3,0,0
ABCA7,UKB_hyperthyroid,Weighted mode,3,3,0,0
ABCA7,FinnGen_GO,Inverse variance weighted,3,3,0,0
ABCA7,FinnGen_GO,MR Egger,3,3,0,0
ABCA7,FinnGen_GO,Weighted median,3,3,0,0
ABCA7,FinnGen_GO,Weighted mode,3,3,0,0
ABCB1,BBJ_Graves,Wald ratio,2,1,0,1
ABCB1,UKB_hyperthyroid,Inverse variance weighted,2,2,1,0
ABCB1,FinnGen_GO,Inverse variance weighted,2,2,1,0
ABCB4,BBJ_Graves,Wald ratio,2,1,0,1
ABCB4,UKB_hyperthyroid,Inverse variance weighted,2,2,0,0
ABCB4,FinnGen_GO,Inverse variance weighted,2,2,0,0
ABCB8,BBJ_Graves,Wald ratio,1,1,0,0
ABCB8,UKB_hyperthyroid,Wald ratio,1,1,0,0
ABCB8,FinnGen_GO,Wald ratio,1,1,0,0
ABCC1,BBJ_Graves,Inverse variance weighted,4,3,0,1
ABCC1,BBJ_Graves,MR Egger,4,3,0,1
ABCC1,BBJ_Graves,Weighted median,4,3,0,1
ABCC1,BBJ_Graves,Weighted mode,4,3,0,1
ABCC1,UKB_hyperthyroid,Inverse variance weighted,4,4,1,0
ABCC1,UKB_hyperthyroid,MR Egger,4,4,1,0
ABCC1,UKB_hyperthyroid,Weighted median,4,4,1,0
ABCC1,UKB_hyperthyroid,Weighted mode,4,4,1,0
ABCC1,FinnGen_GO,Inverse variance weighted,4,4,1,0
ABCC1,FinnGen_GO,MR Egger,4,4,1,0
ABCC1,FinnGen_GO,Weighted median,4,4,1,0
ABCC1,FinnGen_GO,Weighted mode,4,4,1,0
ABCC10,BBJ_Graves,Wald ratio,1,1,0,0
ABCC10,UKB_hyperthyroid,Wald ratio,1,1,0,0
ABCC10,FinnGen_GO,Wald ratio,1,1,0,0
ABCC2,BBJ_Graves,Wald ratio,1,1,0,0
ABCC2,UKB_hyperthyroid,Wald ratio,1,1,0,0
ABCC2,FinnGen_GO,Wald ratio,1,1,0,0
ABCC3,BBJ_Graves,Inverse variance weighted,4,2,0,2
ABCC3,UKB_hyperthyroid,Inverse variance weighted,4,4,0,0
ABCC3,UKB_hyperthyroid,MR Egger,4,4,0,0
ABCC3,UKB_hyperthyroid,Weighted median,4,4,0,0
ABCC3,UKB_hyperthyroid,Weighted mode,4,4,0,0
ABCC3,FinnGen_GO,Inverse variance weighted,4,4,0,0
ABCC3,FinnGen_GO,MR Egger,4,4,0,0
ABCC3,FinnGen_GO,Weighted median,4,4,0,0
ABCC3,FinnGen_GO,Weighted mode,4,4,0,0
ABCC4,BBJ_Graves,Inverse variance weighted,4,2,2,2
ABCC4,UKB_hyperthyroid,Inverse variance weighted,4,4,2,0
ABCC4,UKB_hyperthyroid,MR Egger,4,4,2,0
ABCC4,UKB_hyperthyroid,Weighted median,4,4,2,0
ABCC4,UKB_hyperthyroid,Weighted mode,4,4,2,0
ABCC4,FinnGen_GO,Inverse variance weighted,4,4,2,0
ABCC4,FinnGen_GO,MR Egger,4,4,2,0
ABCC4,FinnGen_GO,Weighted median,4,4,2,0
ABCC4,FinnGen_GO,Weighted mode,4,4,2,0
ABCC5,BBJ_Graves,Inverse variance weighted,6,3,0,3
ABCC5,BBJ_Graves,MR Egger,6,3,0,3
ABCC5,BBJ_Graves,Weighted median,6,3,0,3
ABCC5,BBJ_Graves,Weighted mode,6,3,0,3
ABCC5,UKB_hyperthyroid,Inverse variance weighted,6,6,0,0
ABCC5,UKB_hyperthyroid,MR Egger,6,6,0,0
ABCC5,UKB_hyperthyroid,Weighted median,6,6,0,0
ABCC5,UKB_hyperthyroid,Weighted mode,6,6,0,0
ABCC5,FinnGen_GO,Inverse variance weighted,6,6,0,0
ABCC5,FinnGen_GO,MR Egger,6,6,0,0
ABCC5,FinnGen_GO,Weighted median,6,6,0,0
ABCC5,FinnGen_GO,Weighted mode,6,6,0,0
ABCC6,UKB_hyperthyroid,Wald ratio,1,1,0,0
ABCC6,FinnGen_GO,Wald ratio,1,1,0,0
ABCG1,BBJ_Graves,Wald ratio,3,1,0,2
ABCG1,UKB_hyperthyroid,Inverse variance weighted,3,3,0,0
ABCG1,UKB_hyperthyroid,MR Egger,3,3,0,0
ABCG1,UKB_hyperthyroid,Weighted median,3,3,0,0
ABCG1,UKB_hyperthyroid,Weighted mode,3,3,0,0
ABCG1,FinnGen_GO,Inverse variance weighted,3,3,0,0
ABCG1,FinnGen_GO,MR Egger,3,3,0,0
ABCG1,FinnGen_GO,Weighted median,3,3,0,0
ABCG1,FinnGen_GO,Weighted mode,3,3,0,0
ABCG2,BBJ_Graves,Inverse variance weighted,2,2,0,0
ABCG2,UKB_hyperthyroid,Inverse variance weighted,2,2,0,0
ABCG2,FinnGen_GO,Inverse variance weighted,2,2,0,0
ABHD12,BBJ_Graves,Inverse variance weighted,6,3,0,3
ABHD12,BBJ_Graves,MR Egger,6,3,0,3
ABHD12,BBJ_Graves,Weighted median,6,3,0,3
ABHD12,BBJ_Graves,Weighted mode,6,3,0,3
ABHD12,UKB_hyperthyroid,Inverse variance weighted,6,2,0,4
ABHD12,FinnGen_GO,Inverse variance weighted,6,2,0,4
ABHD16A,BBJ_Graves,Wald ratio,1,1,0,0
ABHD16A,UKB_hyperthyroid,Wald ratio,1,1,0,0
ABHD16A,FinnGen_GO,Wald ratio,1,1,0,0
ABI3BP,UKB_hyperthyroid,Wald ratio,1,1,1,0
ABI3BP,FinnGen_GO,Wald ratio,1,1,1,0
ABL1,UKB_hyperthyroid,Wald ratio,1,1,0,0
ABL1,FinnGen_GO,Wald ratio,1,1,0,0
ABL2,BBJ_Graves,Wald ratio,1,1,0,0
ABL2,UKB_hyperthyroid,Wald ratio,1,1,0,0
ACACA,BBJ_Graves,Wald ratio,2,1,0,1
ACACA,UKB_hyperthyroid,Inverse variance weighted,2,2,0,0
ACACA,FinnGen_GO,Inverse variance weighted,2,2,0,0
ACACB,BBJ_Graves,Inverse variance weighted,4,3,1,1
ACACB,BBJ_Graves,MR Egger,4,3,1,1
ACACB,BBJ_Graves,Weighted median,4,3,1,1
ACACB,BBJ_Graves,Weighted mode,4,3,1,1
ACACB,UKB_hyperthyroid,Inverse variance weighted,4,4,1,0
ACACB,UKB_hyperthyroid,MR Egger,4,4,1,0
ACACB,UKB_hyperthyroid,Weighted median,4,4,1,0
ACACB,UKB_hyperthyroid,Weighted mode,4,4,1,0
ACACB,FinnGen_GO,Inverse variance weighted,4,4,1,0
ACACB,FinnGen_GO,MR Egger,4,4,1,0
ACACB,FinnGen_GO,Weighted median,4,4,1,0
ACACB,FinnGen_GO,Weighted mode,4,4,1,0
ACE,BBJ_Graves,Wald ratio,1,1,0,0
ACE,UKB_hyperthyroid,Wald ratio,1,1,0,0
ACE,FinnGen_GO,Wald ratio,1,1,0,0
ACKR2,BBJ_Graves,Wald ratio,1,1,0,0
ACKR2,UKB_hyperthyroid,Wald ratio,1,1,0,0
ACKR3,BBJ_Graves,Inverse variance weighted,5,2,0,3
ACKR3,UKB_hyperthyroid,Inverse variance weighted,5,4,0,1
ACKR3,UKB_hyperthyroid,MR Egger,5,4,0,1
ACKR3,UKB_hyperthyroid,Weighted median,5,4,0,1
ACKR3,UKB_hyperthyroid,Weighted mode,5,4,0,1
ACKR3,FinnGen_GO,Inverse variance weighted,5,4,0,1
ACKR3,FinnGen_GO,MR Egger,5,4,0,1
ACKR3,FinnGen_GO,Weighted median,5,4,0,1
ACKR3,FinnGen_GO,Weighted mode,5,4,0,1
ACLY,BBJ_Graves,Wald ratio,1,1,0,0
ACLY,UKB_hyperthyroid,Wald ratio,1,1,0,0
ACLY,FinnGen_GO,Wald ratio,1,1,0,0
ACP1,BBJ_Graves,Wald ratio,3,1,0,2
ACP1,UKB_hyperthyroid,Wald ratio,3,1,0,2
ACP1,FinnGen_GO,Wald ratio,3,1,0,2
ACP2,BBJ_Graves,Inverse variance weighted,11,3,0,8
ACP2,BBJ_Graves,MR Egger,11,3,0,8
ACP2,BBJ_Graves,Weighted median,11,3,0,8
ACP2,BBJ_Graves,Weighted mode,11,3,0,8
ACP2,UKB_hyperthyroid,Inverse variance weighted,11,4,0,7
ACP2,UKB_hyperthyroid,MR Egger,11,4,0,7
ACP2,UKB_hyperthyroid,Weighted median,11,4,0,7
ACP2,UKB_hyperthyroid,Weighted mode,11,4,0,7
ACP2,FinnGen_GO,Inverse variance weighted,11,6,0,5
ACP2,FinnGen_GO,MR Egger,11,6,0,5
ACP2,FinnGen_GO,Weighted median,11,6,0,5
ACP2,FinnGen_GO,Weighted mode,11,6,0,5
ACP5,BBJ_Graves,Inverse variance weighted,4,3,0,1
ACP5,BBJ_Graves,MR Egger,4,3,0,1
ACP5,BBJ_Graves,Weighted median,4,3,0,1
ACP5,BBJ_Graves,Weighted mode,4,3,0,1
ACP5,UKB_hyperthyroid,Inverse variance weighted,4,4,0,0
ACP5,UKB_hyperthyroid,MR Egger,4,4,0,0
ACP5,UKB_hyperthyroid,Weighted median,4,4,0,0
ACP5,UKB_hyperthyroid,Weighted mode,4,4,0,0
ACP5,FinnGen_GO,Inverse variance weighted,4,4,0,0
ACP5,FinnGen_GO,MR Egger,4,4,0,0
ACP5,FinnGen_GO,Weighted median,4,4,0,0
ACP5,FinnGen_GO,Weighted mode,4,4,0,0
ACP6,BBJ_Graves,Inverse variance weighted,3,2,1,1
ACP6,UKB_hyperthyroid,Inverse variance weighted,3,3,1,0
ACP6,UKB_hyperthyroid,MR Egger,3,3,1,0
ACP6,UKB_hyperthyroid,Weighted median,3,3,1,0
ACP6,UKB_hyperthyroid,Weighted mode,3,3,1,0
ACP6,FinnGen_GO,Inverse variance weighted,3,3,1,0
ACP6,FinnGen_GO,MR Egger,3,3,1,0
ACP6,FinnGen_GO,Weighted median,3,3,1,0
ACP6,FinnGen_GO,Weighted mode,3,3,1,0
ACPP,BBJ_Graves,Inverse variance weighted,11,3,0,8
ACPP,BBJ_Graves,MR Egger,11,3,0,8
ACPP,BBJ_Graves,Weighted median,11,3,0,8
ACPP,BBJ_Graves,Weighted mode,11,3,0,8
ACPP,UKB_hyperthyroid,Inverse variance weighted,11,5,0,6
ACPP,UKB_hyperthyroid,MR Egger,11,5,0,6
ACPP,UKB_hyperthyroid,Weighted median,11,5,0,6
ACPP,UKB_hyperthyroid,Weighted mode,11,5,0,6
ACPP,FinnGen_GO,Inverse variance weighted,11,9,0,2
ACPP,FinnGen_GO,MR Egger,11,9,0,2
ACPP,FinnGen_GO,Weighted median,11,9,0,2
ACPP,FinnGen_GO,Weighted mode,11,9,0,2
ACRBP,BBJ_Graves,Wald ratio,1,1,0,0
ACRBP,UKB_hyperthyroid,Wald ratio,1,1,0,0
ACRBP,FinnGen_GO,Wald ratio,1,1,0,0
ACTN1,BBJ_Graves,Inverse variance weighted,2,2,1,0
ACTN1,UKB_hyperthyroid,Inverse variance weighted,2,2,1,0
ACTN1,FinnGen_GO,Inverse variance weighted,2,2,1,0
ACTN4,BBJ_Graves,Wald ratio,2,1,1,1
ACTN4,UKB_hyperthyroid,Wald ratio,2,1,1,1
ACTN4,FinnGen_GO,Inverse variance weighted,2,2,1,0
ACVR1,UKB_hyperthyroid,Inverse variance weighted,2,2,0,0
ACVR1,FinnGen_GO,Inverse variance weighted,2,2,0,0
ACVR1B,BBJ_Graves,Wald ratio,1,1,0,0
ACVR1B,UKB_hyperthyroid,Wald ratio,1,1,0,0
ACVR1B,FinnGen_GO,Wald ratio,1,1,0,0
ACVR1C,BBJ_Graves,Wald ratio,1,1,0,0
ACVR1C,UKB_hyperthyroid,Wald ratio,1,1,0,0
ACVR1C,FinnGen_GO,Wald ratio,1,1,0,0
ACVR2A,BBJ_Graves,Wald ratio,1,1,0,0
ACVR2A,UKB_hyperthyroid,Wald ratio,1,1,0,0
ACVR2A,FinnGen_GO,Wald ratio,1,1,0,0
ACVR2B,BBJ_Graves,Wald ratio,2,1,1,1
ACVR2B,UKB_hyperthyroid,Inverse variance weighted,2,2,1,0
ACVR2B,FinnGen_GO,Inverse variance weighted,2,2,1,0
ACVRL1,BBJ_Graves,Inverse variance weighted,4,4,0,0
ACVRL1,BBJ_Graves,MR Egger,4,4,0,0
ACVRL1,BBJ_Graves,Weighted median,4,4,0,0
ACVRL1,BBJ_Graves,Weighted mode,4,4,0,0
ACVRL1,UKB_hyperthyroid,Inverse variance weighted,4,3,0,1
ACVRL1,UKB_hyperthyroid,MR Egger,4,3,0,1
ACVRL1,UKB_hyperthyroid,Weighted median,4,3,0,1
ACVRL1,UKB_hyperthyroid,Weighted mode,4,3,0,1
ACVRL1,FinnGen_GO,Inverse variance weighted,4,3,0,1
ACVRL1,FinnGen_GO,MR Egger,4,3,0,1
ACVRL1,FinnGen_GO,Weighted median,4,3,0,1
ACVRL1,FinnGen_GO,Weighted mode,4,3,0,1
ADA,BBJ_Graves,Inverse variance weighted,3,3,0,0
ADA,BBJ_Graves,MR Egger,3,3,0,0
ADA,BBJ_Graves,Weighted median,3,3,0,0
ADA,BBJ_Graves,Weighted mode,3,3,0,0
ADA,UKB_hyperthyroid,Inverse variance weighted,3,3,0,0
ADA,UKB_hyperthyroid,MR Egger,3,3,0,0
ADA,UKB_hyperthyroid,Weighted median,3,3,0,0
ADA,UKB_hyperthyroid,Weighted mode,3,3,0,0
ADA,FinnGen_GO,Inverse variance weighted,3,3,0,0
ADA,FinnGen_GO,MR Egger,3,3,0,0
ADA,FinnGen_GO,Weighted median,3,3,0,0
ADA,FinnGen_GO,Weighted mode,3,3,0,0
ADAM10,BBJ_Graves,Inverse variance weighted,3,2,0,1
ADAM10,UKB_hyperthyroid,Inverse variance weighted,3,3,0,0
ADAM10,UKB_hyperthyroid,MR Egger,3,3,0,0
ADAM10,UKB_hyperthyroid,Weighted median,3,3,0,0
ADAM10,UKB_hyperthyroid,Weighted mode,3,3,0,0
ADAM10,FinnGen_GO,Inverse variance weighted,3,3,0,0
ADAM10,FinnGen_GO,MR Egger,3,3,0,0
ADAM10,FinnGen_GO,Weighted median,3,3,0,0
ADAM10,FinnGen_GO,Weighted mode,3,3,0,0
ADAM12,BBJ_Graves,Inverse variance weighted,2,2,0,0
ADAM12,UKB_hyperthyroid,Inverse variance weighted,2,2,0,0
ADAM12,FinnGen_GO,Inverse variance weighted,2,2,0,0
ADAM17,BBJ_Graves,Inverse variance weighted,2,2,0,0
ADAM17,UKB_hyperthyroid,Inverse variance weighted,2,2,0,0
ADAM17,FinnGen_GO,Inverse variance weighted,2,2,0,0
ADAM23,BBJ_Graves,Inverse variance weighted,2,2,0,0
ADAM23,UKB_hyperthyroid,Inverse variance weighted,2,2,0,0
ADAM23,FinnGen_GO,Inverse variance weighted,2,2,0,0
ADAM28,BBJ_Graves,Inverse variance weighted,3,2,0,1
ADAM28,UKB_hyperthyroid,Inverse variance weighted,3,3,0,0
ADAM28,UKB_hyperthyroid,MR Egger,3,3,0,0
ADAM28,UKB_hyperthyroid,Weighted median,3,3,0,0
ADAM28,UKB_hyperthyroid,Weighted mode,3,3,0,0
ADAM28,FinnGen_GO,Inverse variance weighted,3,3,0,0
ADAM28,FinnGen_GO,MR Egger,3,3,0,0
ADAM28,FinnGen_GO,Weighted median,3,3,0,0
ADAM28,FinnGen_GO,Weighted mode,3,3,0,0
ADAM8,BBJ_Graves,Inverse variance weighted,2,2,0,0
ADAM8,UKB_hyperthyroid,Inverse variance weighted,2,2,0,0
ADAM8,FinnGen_GO,Inverse variance weighted,2,2,0,0
ADAM9,BBJ_Graves,Wald ratio,1,1,0,0
ADAM9,UKB_hyperthyroid,Wald ratio,1,1,0,0
ADAM9,FinnGen_GO,Wald ratio,1,1,0,0
ADAMDEC1,BBJ_Graves,Wald ratio,1,1,0,0
ADAMDEC1,UKB_hyperthyroid,Wald ratio,1,1,0,0
ADAMDEC1,FinnGen_GO,Wald ratio,1,1,0,0
ADAMTS1,BBJ_Graves,Inverse variance weighted,2,2,0,0
ADAMTS1,UKB_hyperthyroid,Inverse variance weighted,2,2,0,0
ADAMTS1,FinnGen_GO,Inverse variance weighted,2,2,0,0
ADAMTS10,UKB_hyperthyroid,Wald ratio,1,1,0,0
ADAMTS10,FinnGen_GO,Wald ratio,1,1,0,0
ADAMTS13,BBJ_Graves,Wald ratio,1,1,0,0
ADAMTS13,UKB_hyperthyroid,Wald ratio,1,1,0,0
ADAMTS13,FinnGen_GO,Wald ratio,1,1,0,0
ADAMTS17,BBJ_Graves,Inverse variance weighted,5,4,1,1
ADAMTS17,BBJ_Graves,MR Egger,5,4,1,1
ADAMTS17,BBJ_Graves,Weighted median,5,4,1,1
ADAMTS17,BBJ_Graves,Weighted mode,5,4,1,1
ADAMTS17,UKB_hyperthyroid,Inverse variance weighted,5,5,1,0
ADAMTS17,UKB_hyperthyroid,MR Egger,5,5,1,0
ADAMTS17,UKB_hyperthyroid,Weighted median,5,5,1,0
ADAMTS17,UKB_hyperthyroid,Weighted mode,5,5,1,0
ADAMTS17,FinnGen_GO,Inverse variance weighted,5,5,1,0
ADAMTS17,FinnGen_GO,MR Egger,5,5,1,0
ADAMTS17,FinnGen_GO,Weighted median,5,5,1,0
ADAMTS17,FinnGen_GO,Weighted mode,5,5,1,0
ADAMTS2,BBJ_Graves,Wald ratio,1,1,0,0
ADAMTS2,UKB_hyperthyroid,Wald ratio,1,1,0,0
ADAMTS2,FinnGen_GO,Wald ratio,1,1,0,0
ADAMTS4,FinnGen_GO,Wald ratio,1,1,0,0
ADAMTS5,BBJ_Graves,Inverse variance weighted,3,3,1,0
ADAMTS5,BBJ_Graves,MR Egger,3,3,1,0
ADAMTS5,BBJ_Graves,Weighted median,3,3,1,0
ADAMTS5,BBJ_Graves,Weighted mode,3,3,1,0
ADAMTS5,UKB_hyperthyroid,Inverse variance weighted,3,3,1,0
ADAMTS5,UKB_hyperthyroid,MR Egger,3,3,1,0
ADAMTS5,UKB_hyperthyroid,Weighted median,3,3,1,0
ADAMTS5,UKB_hyperthyroid,Weighted mode,3,3,1,0
ADAMTS5,FinnGen_GO,Inverse variance weighted,3,3,1,0
ADAMTS5,FinnGen_GO,MR Egger,3,3,1,0
ADAMTS5,FinnGen_GO,Weighted median,3,3,1,0
ADAMTS5,FinnGen_GO,Weighted mode,3,3,1,0
ADAMTS6,BBJ_Graves,Wald ratio,1,1,0,0
ADAMTS6,UKB_hyperthyroid,Wald ratio,1,1,0,0
ADAMTS6,FinnGen_GO,Wald ratio,1,1,0,0
ADAMTS8,BBJ_Graves,Wald ratio,1,1,0,0
ADAMTS8,UKB_hyperthyroid,Wald ratio,1,1,0,0
ADAMTS8,FinnGen_GO,Wald ratio,1,1,0,0
ADAMTSL4,UKB_hyperthyroid,Inverse variance weighted,3,3,0,0
ADAMTSL4,UKB_hyperthyroid,MR Egger,3,3,0,0
ADAMTSL4,UKB_hyperthyroid,Weighted median,3,3,0,0
ADAMTSL4,UKB_hyperthyroid,Weighted mode,3,3,0,0
ADAMTSL4,FinnGen_GO,Inverse variance weighted,3,3,0,0
ADAMTSL4,FinnGen_GO,MR Egger,3,3,0,0
ADAMTSL4,FinnGen_GO,Weighted median,3,3,0,0
ADAMTSL4,FinnGen_GO,Weighted mode,3,3,0,0
ADC,BBJ_Graves,Inverse variance weighted,2,2,0,0
ADC,UKB_hyperthyroid,Inverse variance weighted,2,2,0,0
ADC,FinnGen_GO,Inverse variance weighted,2,2,0,0
ADCK3,BBJ_Graves,Inverse variance weighted,5,3,2,2
ADCK3,BBJ_Graves,MR Egger,5,3,2,2
ADCK3,BBJ_Graves,Weighted median,5,3,2,2
ADCK3,BBJ_Graves,Weighted mode,5,3,2,2
ADCK3,UKB_hyperthyroid,Inverse variance weighted,5,4,2,1
ADCK3,UKB_hyperthyroid,MR Egger,5,4,2,1
ADCK3,UKB_hyperthyroid,Weighted median,5,4,2,1
ADCK3,UKB_hyperthyroid,Weighted mode,5,4,2,1
ADCK3,FinnGen_GO,Inverse variance weighted,5,4,2,1
ADCK3,FinnGen_GO,MR Egger,5,4,2,1
ADCK3,FinnGen_GO,Weighted median,5,4,2,1
ADCK3,FinnGen_GO,Weighted mode,5,4,2,1
ADCK4,UKB_hyperthyroid,Wald ratio,1,1,0,0
ADCK4,FinnGen_GO,Wald ratio,1,1,0,0
ADH5,BBJ_Graves,Wald ratio,3,1,0,2
ADH5,UKB_hyperthyroid,Inverse variance weighted,3,3,0,0
ADH5,UKB_hyperthyroid,MR Egger,3,3,0,0
ADH5,UKB_hyperthyroid,Weighted median,3,3,0,0
ADH5,UKB_hyperthyroid,Weighted mode,3,3,0,0
ADH5,FinnGen_GO,Inverse variance weighted,3,3,0,0
ADH5,FinnGen_GO,MR Egger,3,3,0,0
ADH5,FinnGen_GO,Weighted median,3,3,0,0
ADH5,FinnGen_GO,Weighted mode,3,3,0,0
ADHFE1,BBJ_Graves,Inverse variance weighted,4,2,0,2
ADHFE1,UKB_hyperthyroid,Inverse variance weighted,4,4,2,0
ADHFE1,UKB_hyperthyroid,MR Egger,4,4,2,0
ADHFE1,UKB_hyperthyroid,Weighted median,4,4,2,0
ADHFE1,UKB_hyperthyroid,Weighted mode,4,4,2,0
ADHFE1,FinnGen_GO,Inverse variance weighted,4,3,1,1
ADHFE1,FinnGen_GO,MR Egger,4,3,1,1
ADHFE1,FinnGen_GO,Weighted median,4,3,1,1
ADHFE1,FinnGen_GO,Weighted mode,4,3,1,1
ADK,BBJ_Graves,Inverse variance weighted,17,3,0,14
ADK,BBJ_Graves,MR Egger,17,3,0,14
ADK,BBJ_Graves,Weighted median,17,3,0,14
ADK,BBJ_Graves,Weighted mode,17,3,0,14
ADK,UKB_hyperthyroid,Inverse variance weighted,17,11,0,6
ADK,UKB_hyperthyroid,MR Egger,17,11,0,6
ADK,UKB_hyperthyroid,Weighted median,17,11,0,6
ADK,UKB_hyperthyroid,Weighted mode,17,11,0,6
ADK,FinnGen_GO,Inverse variance weighted,17,16,0,1
ADK,FinnGen_GO,MR Egger,17,16,0,1
ADK,FinnGen_GO,Weighted median,17,16,0,1
ADK,FinnGen_GO,Weighted mode,17,16,0,1
ADM,BBJ_Graves,Wald ratio,2,1,1,1
ADM,UKB_hyperthyroid,Wald ratio,2,1,1,1
ADM,FinnGen_GO,Wald ratio,2,1,1,1
ADM2,BBJ_Graves,Wald ratio,1,1,0,0
ADM2,UKB_hyperthyroid,Wald ratio,1,1,0,0
ADM2,FinnGen_GO,Wald ratio,1,1,0,0
ADORA1,BBJ_Graves,Inverse variance weighted,3,2,0,1
ADORA1,UKB_hyperthyroid,Inverse variance weighted,3,3,0,0
ADORA1,UKB_hyperthyroid,MR Egger,3,3,0,0
ADORA1,UKB_hyperthyroid,Weighted median,3,3,0,0
ADORA1,UKB_hyperthyroid,Weighted mode,3,3,0,0
ADORA1,FinnGen_GO,Inverse variance weighted,3,3,0,0
ADORA1,FinnGen_GO,MR Egger,3,3,0,0
ADORA1,FinnGen_GO,Weighted median,3,3,0,0
ADORA1,FinnGen_GO,Weighted mode,3,3,0,0
ADORA2A,BBJ_Graves,Wald ratio,1,1,0,0
ADORA2A,UKB_hyperthyroid,Wald ratio,1,1,0,0
ADORA2A,FinnGen_GO,Wald ratio,1,1,0,0
ADORA2B,BBJ_Graves,Inverse variance weighted,3,2,0,1
ADORA2B,UKB_hyperthyroid,Inverse variance weighted,3,3,0,0
ADORA2B,UKB_hyperthyroid,MR Egger,3,3,0,0
ADORA2B,UKB_hyperthyroid,Weighted median,3,3,0,0
ADORA2B,UKB_hyperthyroid,Weighted mode,3,3,0,0
ADORA2B,FinnGen_GO,Inverse variance weighted,3,3,0,0
ADORA2B,FinnGen_GO,MR Egger,3,3,0,0
ADORA2B,FinnGen_GO,Weighted median,3,3,0,0
ADORA2B,FinnGen_GO,Weighted mode,3,3,0,0
ADRA2A,BBJ_Graves,Wald ratio,1,1,1,0
ADRA2A,UKB_hyperthyroid,Wald ratio,1,1,1,0
ADRA2A,FinnGen_GO,Wald ratio,1,1,1,0
ADRB1,BBJ_Graves,Inverse variance weighted,3,2,0,1
ADRB1,UKB_hyperthyroid,Inverse variance weighted,3,3,0,0
ADRB1,UKB_hyperthyroid,MR Egger,3,3,0,0
ADRB1,UKB_hyperthyroid,Weighted median,3,3,0,0
ADRB1,UKB_hyperthyroid,Weighted mode,3,3,0,0
ADRB1,FinnGen_GO,Inverse variance weighted,3,3,0,0
ADRB1,FinnGen_GO,MR Egger,3,3,0,0
ADRB1,FinnGen_GO,Weighted median,3,3,0,0
ADRB1,FinnGen_GO,Weighted mode,3,3,0,0
ADRB2,BBJ_Graves,Inverse variance weighted,3,2,0,1
ADRB2,UKB_hyperthyroid,Inverse variance weighted,3,2,0,1
ADRB2,FinnGen_GO,Inverse variance weighted,3,3,0,0
ADRB2,FinnGen_GO,MR Egger,3,3,0,0
ADRB2,FinnGen_GO,Weighted median,3,3,0,0
ADRB2,FinnGen_GO,Weighted mode,3,3,0,0
ADRBK2,BBJ_Graves,Wald ratio,2,1,0,1
ADRBK2,UKB_hyperthyroid,Inverse variance weighted,2,2,1,0
ADRBK2,FinnGen_GO,Inverse variance weighted,2,2,1,0
AEBP1,BBJ_Graves,Inverse variance weighted,2,2,0,0
AEBP1,UKB_hyperthyroid,Inverse variance weighted,2,2,0,0
AEBP1,FinnGen_GO,Inverse variance weighted,2,2,0,0
AGA,BBJ_Graves,Inverse variance weighted,9,3,0,6
AGA,BBJ_Graves,MR Egger,9,3,0,6
AGA,BBJ_Graves,Weighted median,9,3,0,6
AGA,BBJ_Graves,Weighted mode,9,3,0,6
AGA,UKB_hyperthyroid,Inverse variance weighted,9,8,0,1
AGA,UKB_hyperthyroid,MR Egger,9,8,0,1
AGA,UKB_hyperthyroid,Weighted median,9,8,0,1
AGA,UKB_hyperthyroid,Weighted mode,9,8,0,1
AGA,FinnGen_GO,Inverse variance weighted,9,8,0,1
AGA,FinnGen_GO,MR Egger,9,8,0,1
AGA,FinnGen_GO,Weighted median,9,8,0,1
AGA,FinnGen_GO,Weighted mode,9,8,0,1
AGER,BBJ_Graves,Inverse variance weighted,3,3,2,0
AGER,BBJ_Graves,MR Egger,3,3,2,0
AGER,BBJ_Graves,Weighted median,3,3,2,0
AGER,BBJ_Graves,Weighted mode,3,3,2,0
AGER,UKB_hyperthyroid,Inverse variance weighted,3,3,2,0
AGER,UKB_hyperthyroid,MR Egger,3,3,2,0
AGER,UKB_hyperthyroid,Weighted median,3,3,2,0
AGER,UKB_hyperthyroid,Weighted mode,3,3,2,0
AGER,FinnGen_GO,Inverse variance weighted,3,2,2,1
AGGF1,BBJ_Graves,Wald ratio,1,1,0,0
AGGF1,UKB_hyperthyroid,Wald ratio,1,1,0,0
AGGF1,FinnGen_GO,Wald ratio,1,1,0,0
AGPAT2,UKB_hyperthyroid,Wald ratio,1,1,0,0
AGPAT2,FinnGen_GO,Wald ratio,1,1,0,0
AGRN,UKB_hyperthyroid,Wald ratio,1,1,0,0
AGRN,FinnGen_GO,Wald ratio,1,1,0,0
AGRP,BBJ_Graves,Inverse variance weighted,2,2,0,0
AGRP,UKB_hyperthyroid,Wald ratio,2,1,0,1
AGRP,FinnGen_GO,Wald ratio,2,1,0,1
AHCY,UKB_hyperthyroid,Wald ratio,1,1,0,0
AHCY,FinnGen_GO,Wald ratio,1,1,0,0
AHR,BBJ_Graves,Wald ratio,3,1,0,2
AHR,UKB_hyperthyroid,Inverse variance weighted,3,3,0,0
AHR,UKB_hyperthyroid,MR Egger,3,3,0,0
AHR,UKB_hyperthyroid,Weighted median,3,3,0,0
AHR,UKB_hyperthyroid,Weighted mode,3,3,0,0
AHR,FinnGen_GO,Inverse variance weighted,3,3,0,0
AHR,FinnGen_GO,MR Egger,3,3,0,0
AHR,FinnGen_GO,Weighted median,3,3,0,0
AHR,FinnGen_GO,Weighted mode,3,3,0,0
AIMP1,BBJ_Graves,Wald ratio,1,1,0,0
AIMP1,UKB_hyperthyroid,Wald ratio,1,1,0,0
AIMP1,FinnGen_GO,Wald ratio,1,1,0,0
AKR1A1,BBJ_Graves,Wald ratio,1,1,0,0
AKR1A1,UKB_hyperthyroid,Wald ratio,1,1,0,0
AKR1A1,FinnGen_GO,Wald ratio,1,1,0,0
AKR1B1,BBJ_Graves,Inverse variance weighted,3,3,0,0
AKR1B1,BBJ_Graves,MR Egger,3,3,0,0
AKR1B1,BBJ_Graves,Weighted median,3,3,0,0
AKR1B1,BBJ_Graves,Weighted mode,3,3,0,0
AKR1B1,UKB_hyperthyroid,Inverse variance weighted,3,3,0,0
AKR1B1,UKB_hyperthyroid,MR Egger,3,3,0,0
AKR1B1,UKB_hyperthyroid,Weighted median,3,3,0,0
AKR1B1,UKB_hyperthyroid,Weighted mode,3,3,0,0
AKR1B1,FinnGen_GO,Inverse variance weighted,3,3,0,0
AKR1B1,FinnGen_GO,MR Egger,3,3,0,0
AKR1B1,FinnGen_GO,Weighted median,3,3,0,0
AKR1B1,FinnGen_GO,Weighted mode,3,3,0,0
AKR1C1,BBJ_Graves,Wald ratio,3,1,0,2
AKR1C1,UKB_hyperthyroid,Inverse variance weighted,3,3,1,0
AKR1C1,UKB_hyperthyroid,MR Egger,3,3,1,0
AKR1C1,UKB_hyperthyroid,Weighted median,3,3,1,0
AKR1C1,UKB_hyperthyroid,Weighted mode,3,3,1,0
AKR1C1,FinnGen_GO,Inverse variance weighted,3,3,1,0
AKR1C1,FinnGen_GO,MR Egger,3,3,1,0
AKR1C1,FinnGen_GO,Weighted median,3,3,1,0
AKR1C1,FinnGen_GO,Weighted mode,3,3,1,0
AKR1C2,BBJ_Graves,Wald ratio,5,1,0,4
AKR1C2,UKB_hyperthyroid,Inverse variance weighted,5,3,0,2
AKR1C2,UKB_hyperthyroid,MR Egger,5,3,0,2
AKR1C2,UKB_hyperthyroid,Weighted median,5,3,0,2
AKR1C2,UKB_hyperthyroid,Weighted mode,5,3,0,2
AKR1C2,FinnGen_GO,Inverse variance weighted,5,4,0,1
AKR1C2,FinnGen_GO,MR Egger,5,4,0,1
AKR1C2,FinnGen_GO,Weighted median,5,4,0,1
AKR1C2,FinnGen_GO,Weighted mode,5,4,0,1
AKR1C3,BBJ_Graves,Inverse variance weighted,3,2,0,1
AKR1C3,UKB_hyperthyroid,Inverse variance weighted,3,3,0,0
AKR1C3,UKB_hyperthyroid,MR Egger,3,3,0,0
AKR1C3,UKB_hyperthyroid,Weighted median,3,3,0,0
AKR1C3,UKB_hyperthyroid,Weighted mode,3,3,0,0
AKR1C3,FinnGen_GO,Inverse variance weighted,3,3,0,0
AKR1C3,FinnGen_GO,MR Egger,3,3,0,0
AKR1C3,FinnGen_GO,Weighted median,3,3,0,0
AKR1C3,FinnGen_GO,Weighted mode,3,3,0,0
AKT1,BBJ_Graves,Wald ratio,2,1,1,1
AKT1,UKB_hyperthyroid,Inverse variance weighted,2,2,1,0
AKT1,FinnGen_GO,Inverse variance weighted,2,2,1,0
AKT2,BBJ_Graves,Wald ratio,1,1,1,0
AKT2,UKB_hyperthyroid,Wald ratio,1,1,1,0
AKT2,FinnGen_GO,Wald ratio,1,1,1,0
AKT3,BBJ_Graves,Inverse variance weighted,2,2,0,0
AKT3,UKB_hyperthyroid,Inverse variance weighted,2,2,0,0
AKT3,FinnGen_GO,Inverse variance weighted,2,2,0,0
ALB,BBJ_Graves,Wald ratio,1,1,0,0
ALB,UKB_hyperthyroid,Wald ratio,1,1,0,0
ALCAM,BBJ_Graves,Inverse variance weighted,4,3,0,1
ALCAM,BBJ_Graves,MR Egger,4,3,0,1
ALCAM,BBJ_Graves,Weighted median,4,3,0,1
ALCAM,BBJ_Graves,Weighted mode,4,3,0,1
ALCAM,UKB_hyperthyroid,Inverse variance weighted,4,4,0,0
ALCAM,UKB_hyperthyroid,MR Egger,4,4,0,0
ALCAM,UKB_hyperthyroid,Weighted median,4,4,0,0
ALCAM,UKB_hyperthyroid,Weighted mode,4,4,0,0
ALCAM,FinnGen_GO,Inverse variance weighted,4,4,0,0
ALCAM,FinnGen_GO,MR Egger,4,4,0,0
ALCAM,FinnGen_GO,Weighted median,4,4,0,0
ALCAM,FinnGen_GO,Weighted mode,4,4,0,0
ALDH16A1,BBJ_Graves,Wald ratio,2,1,0,1
ALDH16A1,UKB_hyperthyroid,Inverse variance weighted,2,2,0,0
ALDH16A1,FinnGen_GO,Inverse variance weighted,2,2,0,0
ALDH1A1,BBJ_Graves,Inverse variance weighted,3,3,1,0
ALDH1A1,BBJ_Graves,MR Egger,3,3,1,0
ALDH1A1,BBJ_Graves,Weighted median,3,3,1,0
ALDH1A1,BBJ_Graves,Weighted mode,3,3,1,0
ALDH1A1,UKB_hyperthyroid,Inverse variance weighted,3,3,1,0
ALDH1A1,UKB_hyperthyroid,MR Egger,3,3,1,0
ALDH1A1,UKB_hyperthyroid,Weighted median,3,3,1,0
ALDH1A1,UKB_hyperthyroid,Weighted mode,3,3,1,0
ALDH1A1,FinnGen_GO,Inverse variance weighted,3,3,1,0
ALDH1A1,FinnGen_GO,MR Egger,3,3,1,0
ALDH1A1,FinnGen_GO,Weighted median,3,3,1,0
ALDH1A1,FinnGen_GO,Weighted mode,3,3,1,0
ALDH1A2,BBJ_Graves,Wald ratio,2,1,1,1
ALDH1A2,UKB_hyperthyroid,Inverse variance weighted,2,2,1,0
ALDH1A2,FinnGen_GO,Inverse variance weighted,2,2,1,0
ALDH1B1,BBJ_Graves,Wald ratio,2,1,0,1
ALDH1B1,UKB_hyperthyroid,Inverse variance weighted,2,2,0,0
ALDH1B1,FinnGen_GO,Inverse variance weighted,2,2,0,0
ALDH2,BBJ_Graves,Wald ratio,4,1,1,3
ALDH2,UKB_hyperthyroid,Inverse variance weighted,4,3,2,1
ALDH2,UKB_hyperthyroid,MR Egger,4,3,2,1
ALDH2,UKB_hyperthyroid,Weighted median,4,3,2,1
ALDH2,UKB_hyperthyroid,Weighted mode,4,3,2,1
ALDH2,FinnGen_GO,Inverse variance weighted,4,3,2,1
ALDH2,FinnGen_GO,MR Egger,4,3,2,1
ALDH2,FinnGen_GO,Weighted median,4,3,2,1
ALDH2,FinnGen_GO,Weighted mode,4,3,2,1
ALDH3A2,BBJ_Graves,Wald ratio,1,1,0,0
ALDH3A2,UKB_hyperthyroid,Wald ratio,1,1,0,0
ALDH3A2,FinnGen_GO,Wald ratio,1,1,0,0
ALDH3B1,BBJ_Graves,Wald ratio,3,1,0,2
ALDH3B1,UKB_hyperthyroid,Wald ratio,3,1,0,2
ALDH3B1,FinnGen_GO,Inverse variance weighted,3,2,0,1
ALDH4A1,UKB_hyperthyroid,Wald ratio,1,1,0,0
ALDH4A1,FinnGen_GO,Wald ratio,1,1,0,0
ALDH5A1,BBJ_Graves,Inverse variance weighted,5,3,0,2
ALDH5A1,BBJ_Graves,MR Egger,5,3,0,2
ALDH5A1,BBJ_Graves,Weighted median,5,3,0,2
ALDH5A1,BBJ_Graves,Weighted mode,5,3,0,2
ALDH5A1,UKB_hyperthyroid,Inverse variance weighted,5,4,0,1
ALDH5A1,UKB_hyperthyroid,MR Egger,5,4,0,1
ALDH5A1,UKB_hyperthyroid,Weighted median,5,4,0,1
ALDH5A1,UKB_hyperthyroid,Weighted mode,5,4,0,1
ALDH5A1,FinnGen_GO,Inverse variance weighted,5,4,0,1
ALDH5A1,FinnGen_GO,MR Egger,5,4,0,1
ALDH5A1,FinnGen_GO,Weighted median,5,4,0,1
ALDH5A1,FinnGen_GO,Weighted mode,5,4,0,1
ALDH6A1,BBJ_Graves,Wald ratio,2,1,1,1
ALDH6A1,UKB_hyperthyroid,Wald ratio,2,1,1,1
ALDH6A1,FinnGen_GO,Inverse variance weighted,2,2,1,0
ALDH7A1,BBJ_Graves,Wald ratio,3,1,0,2
ALDH7A1,UKB_hyperthyroid,Inverse variance weighted,3,2,0,1
ALDH7A1,FinnGen_GO,Inverse variance weighted,3,2,0,1
ALDH8A1,BBJ_Graves,Wald ratio,2,1,0,1
ALDH8A1,UKB_hyperthyroid,Inverse variance weighted,2,2,0,0
ALDH8A1,FinnGen_GO,Inverse variance weighted,2,2,0,0
ALDH9A1,BBJ_Graves,Inverse variance weighted,4,3,0,1
ALDH9A1,BBJ_Graves,MR Egger,4,3,0,1
ALDH9A1,BBJ_Graves,Weighted median,4,3,0,1
ALDH9A1,BBJ_Graves,Weighted mode,4,3,0,1
ALDH9A1,UKB_hyperthyroid,Inverse variance weighted,4,3,0,1
ALDH9A1,UKB_hyperthyroid,MR Egger,4,3,0,1
ALDH9A1,UKB_hyperthyroid,Weighted median,4,3,0,1
ALDH9A1,UKB_hyperthyroid,Weighted mode,4,3,0,1
ALDH9A1,FinnGen_GO,Inverse variance weighted,4,3,0,1
ALDH9A1,FinnGen_GO,MR Egger,4,3,0,1
ALDH9A1,FinnGen_GO,Weighted median,4,3,0,1
ALDH9A1,FinnGen_GO,Weighted mode,4,3,0,1
ALOX12,BBJ_Graves,Inverse variance weighted,2,2,1,0
ALOX12,UKB_hyperthyroid,Inverse variance weighted,2,2,1,0
ALOX12,FinnGen_GO,Inverse variance weighted,2,2,1,0
ALOX15,BBJ_Graves,Wald ratio,2,1,0,1
ALOX15,UKB_hyperthyroid,Wald ratio,2,1,0,1
ALOX15,FinnGen_GO,Inverse variance weighted,2,2,0,0
ALOX15B,UKB_hyperthyroid,Inverse variance weighted,3,2,0,1
ALOX15B,FinnGen_GO,Inverse variance weighted,3,2,0,1
ALOX5,BBJ_Graves,Inverse variance weighted,4,2,0,2
ALOX5,UKB_hyperthyroid,Inverse variance weighted,4,4,0,0
ALOX5,UKB_hyperthyroid,MR Egger,4,4,0,0
ALOX5,UKB_hyperthyroid,Weighted median,4,4,0,0
ALOX5,UKB_hyperthyroid,Weighted mode,4,4,0,0
ALOX5,FinnGen_GO,Inverse variance weighted,4,4,0,0
ALOX5,FinnGen_GO,MR Egger,4,4,0,0
ALOX5,FinnGen_GO,Weighted median,4,4,0,0
ALOX5,FinnGen_GO,Weighted mode,4,4,0,0
ALOX5AP,BBJ_Graves,Inverse variance weighted,3,3,0,0
ALOX5AP,BBJ_Graves,MR Egger,3,3,0,0
ALOX5AP,BBJ_Graves,Weighted median,3,3,0,0
ALOX5AP,BBJ_Graves,Weighted mode,3,3,0,0
ALOX5AP,UKB_hyperthyroid,Inverse variance weighted,3,3,0,0
ALOX5AP,UKB_hyperthyroid,MR Egger,3,3,0,0
ALOX5AP,UKB_hyperthyroid,Weighted median,3,3,0,0
ALOX5AP,UKB_hyperthyroid,Weighted mode,3,3,0,0
ALOX5AP,FinnGen_GO,Inverse variance weighted,3,3,0,0
ALOX5AP,FinnGen_GO,MR Egger,3,3,0,0
ALOX5AP,FinnGen_GO,Weighted median,3,3,0,0
ALOX5AP,FinnGen_GO,Weighted mode,3,3,0,0
ALPL,UKB_hyperthyroid,Wald ratio,1,1,0,0
ALPL,FinnGen_GO,Wald ratio,1,1,0,0
AMD1,BBJ_Graves,Wald ratio,1,1,0,0
AMD1,UKB_hyperthyroid,Wald ratio,1,1,0,0
AMD1,FinnGen_GO,Wald ratio,1,1,0,0
AMH,BBJ_Graves,Wald ratio,1,1,0,0
AMH,UKB_hyperthyroid,Wald ratio,1,1,0,0
AMH,FinnGen_GO,Wald ratio,1,1,0,0
AMICA1,BBJ_Graves,Inverse variance weighted,6,2,0,4
AMICA1,UKB_hyperthyroid,Inverse variance weighted,6,5,0,1
AMICA1,UKB_hyperthyroid,MR Egger,6,5,0,1
AMICA1,UKB_hyperthyroid,Weighted median,6,5,0,1
AMICA1,UKB_hyperthyroid,Weighted mode,6,5,0,1
AMICA1,FinnGen_GO,Inverse variance weighted,6,6,0,0
AMICA1,FinnGen_GO,MR Egger,6,6,0,0
AMICA1,FinnGen_GO,Weighted median,6,6,0,0
AMICA1,FinnGen_GO,Weighted mode,6,6,0,0
AMPD3,BBJ_Graves,Inverse variance weighted,4,3,0,1
AMPD3,BBJ_Graves,MR Egger,4,3,0,1
AMPD3,BBJ_Graves,Weighted median,4,3,0,1
AMPD3,BBJ_Graves,Weighted mode,4,3,0,1
AMPD3,UKB_hyperthyroid,Inverse variance weighted,4,4,0,0
AMPD3,UKB_hyperthyroid,MR Egger,4,4,0,0
AMPD3,UKB_hyperthyroid,Weighted median,4,4,0,0
AMPD3,UKB_hyperthyroid,Weighted mode,4,4,0,0
AMPD3,FinnGen_GO,Inverse variance weighted,4,4,0,0
AMPD3,FinnGen_GO,MR Egger,4,4,0,0
AMPD3,FinnGen_GO,Weighted median,4,4,0,0
AMPD3,FinnGen_GO,Weighted mode,4,4,0,0
AMY2B,BBJ_Graves,Inverse variance weighted,4,2,1,2
AMY2B,UKB_hyperthyroid,Inverse variance weighted,4,4,1,0
AMY2B,UKB_hyperthyroid,MR Egger,4,4,1,0
AMY2B,UKB_hyperthyroid,Weighted median,4,4,1,0
AMY2B,UKB_hyperthyroid,Weighted mode,4,4,1,0
AMY2B,FinnGen_GO,Inverse variance weighted,4,4,1,0
AMY2B,FinnGen_GO,MR Egger,4,4,1,0
AMY2B,FinnGen_GO,Weighted median,4,4,1,0
AMY2B,FinnGen_GO,Weighted mode,4,4,1,0
ANG,BBJ_Graves,Wald ratio,6,1,1,5
ANG,UKB_hyperthyroid,Inverse variance weighted,6,5,1,1
ANG,UKB_hyperthyroid,MR Egger,6,5,1,1
ANG,UKB_hyperthyroid,Weighted median,6,5,1,1
ANG,UKB_hyperthyroid,Weighted mode,6,5,1,1
ANG,FinnGen_GO,Inverse variance weighted,6,5,1,1
ANG,FinnGen_GO,MR Egger,6,5,1,1
ANG,FinnGen_GO,Weighted median,6,5,1,1
ANG,FinnGen_GO,Weighted mode,6,5,1,1
ANGPT1,BBJ_Graves,Inverse variance weighted,6,2,0,4
ANGPT1,UKB_hyperthyroid,Inverse variance weighted,6,6,0,0
ANGPT1,UKB_hyperthyroid,MR Egger,6,6,0,0
ANGPT1,UKB_hyperthyroid,Weighted median,6,6,0,0
ANGPT1,UKB_hyperthyroid,Weighted mode,6,6,0,0
ANGPT1,FinnGen_GO,Inverse variance weighted,6,5,0,1
ANGPT1,FinnGen_GO,MR Egger,6,5,0,1
ANGPT1,FinnGen_GO,Weighted median,6,5,0,1
ANGPT1,FinnGen_GO,Weighted mode,6,5,0,1
ANGPT2,BBJ_Graves,Inverse variance weighted,2,2,1,0
ANGPT2,UKB_hyperthyroid,Inverse variance weighted,2,2,1,0
ANGPT2,FinnGen_GO,Inverse variance weighted,2,2,1,0
ANGPTL6,BBJ_Graves,Wald ratio,2,1,0,1
ANGPTL6,UKB_hyperthyroid,Inverse variance weighted,2,2,0,0
ANGPTL6,FinnGen_GO,Inverse variance weighted,2,2,0,0
ANKK1,BBJ_Graves,Wald ratio,4,1,0,3
ANKK1,UKB_hyperthyroid,Inverse variance weighted,4,4,0,0
ANKK1,UKB_hyperthyroid,MR Egger,4,4,0,0
ANKK1,UKB_hyperthyroid,Weighted median,4,4,0,0
ANKK1,UKB_hyperthyroid,Weighted mode,4,4,0,0
ANKK1,FinnGen_GO,Inverse variance weighted,4,4,0,0
ANKK1,FinnGen_GO,MR Egger,4,4,0,0
ANKK1,FinnGen_GO,Weighted median,4,4,0,0
ANKK1,FinnGen_GO,Weighted mode,4,4,0,0
ANPEP,BBJ_Graves,Inverse variance weighted,6,3,0,3
ANPEP,BBJ_Graves,MR Egger,6,3,0,3
ANPEP,BBJ_Graves,Weighted median,6,3,0,3
ANPEP,BBJ_Graves,Weighted mode,6,3,0,3
ANPEP,UKB_hyperthyroid,Inverse variance weighted,6,5,0,1
ANPEP,UKB_hyperthyroid,MR Egger,6,5,0,1
ANPEP,UKB_hyperthyroid,Weighted median,6,5,0,1
ANPEP,UKB_hyperthyroid,Weighted mode,6,5,0,1
ANPEP,FinnGen_GO,Inverse variance weighted,6,6,0,0
ANPEP,FinnGen_GO,MR Egger,6,6,0,0
ANPEP,FinnGen_GO,Weighted median,6,6,0,0
ANPEP,FinnGen_GO,Weighted mode,6,6,0,0
ANTXR2,BBJ_Graves,Inverse variance weighted,2,2,0,0
ANTXR2,UKB_hyperthyroid,Inverse variance weighted,2,2,0,0
ANTXR2,FinnGen_GO,Inverse variance weighted,2,2,0,0
ANXA1,BBJ_Graves,Inverse variance weighted,4,3,1,1
ANXA1,BBJ_Graves,MR Egger,4,3,1,1
ANXA1,BBJ_Graves,Weighted median,4,3,1,1
ANXA1,BBJ_Graves,Weighted mode,4,3,1,1
ANXA1,UKB_hyperthyroid,Inverse variance weighted,4,3,1,1
ANXA1,UKB_hyperthyroid,MR Egger,4,3,1,1
ANXA1,UKB_hyperthyroid,Weighted median,4,3,1,1
ANXA1,UKB_hyperthyroid,Weighted mode,4,3,1,1
ANXA1,FinnGen_GO,Inverse variance weighted,4,4,1,0
ANXA1,FinnGen_GO,MR Egger,4,4,1,0
ANXA1,FinnGen_GO,Weighted median,4,4,1,0
ANXA1,FinnGen_GO,Weighted mode,4,4,1,0
ANXA2,BBJ_Graves,Wald ratio,3,1,0,2
ANXA2,UKB_hyperthyroid,Inverse variance weighted,3,2,0,1
ANXA2,FinnGen_GO,Inverse variance weighted,3,3,0,0
ANXA2,FinnGen_GO,MR Egger,3,3,0,0
ANXA2,FinnGen_GO,Weighted median,3,3,0,0
ANXA2,FinnGen_GO,Weighted mode,3,3,0,0
AOAH,BBJ_Graves,Inverse variance weighted,6,4,0,2
AOAH,BBJ_Graves,MR Egger,6,4,0,2
AOAH,BBJ_Graves,Weighted median,6,4,0,2
AOAH,BBJ_Graves,Weighted mode,6,4,0,2
AOAH,UKB_hyperthyroid,Inverse variance weighted,6,5,0,1
AOAH,UKB_hyperthyroid,MR Egger,6,5,0,1
AOAH,UKB_hyperthyroid,Weighted median,6,5,0,1
AOAH,UKB_hyperthyroid,Weighted mode,6,5,0,1
AOAH,FinnGen_GO,Inverse variance weighted,6,6,0,0
AOAH,FinnGen_GO,MR Egger,6,6,0,0
AOAH,FinnGen_GO,Weighted median,6,6,0,0
AOAH,FinnGen_GO,Weighted mode,6,6,0,0
AOC1,BBJ_Graves,Inverse variance weighted,4,3,0,1
AOC1,BBJ_Graves,MR Egger,4,3,0,1
AOC1,BBJ_Graves,Weighted median,4,3,0,1
AOC1,BBJ_Graves,Weighted mode,4,3,0,1
AOC1,UKB_hyperthyroid,Inverse variance weighted,4,4,0,0
AOC1,UKB_hyperthyroid,MR Egger,4,4,0,0
AOC1,UKB_hyperthyroid,Weighted median,4,4,0,0
AOC1,UKB_hyperthyroid,Weighted mode,4,4,0,0
AOC1,FinnGen_GO,Inverse variance weighted,4,4,0,0
AOC1,FinnGen_GO,MR Egger,4,4,0,0
AOC1,FinnGen_GO,Weighted median,4,4,0,0
AOC1,FinnGen_GO,Weighted mode,4,4,0,0
APAF1,BBJ_Graves,Wald ratio,3,1,1,2
APAF1,UKB_hyperthyroid,Inverse variance weighted,3,3,1,0
APAF1,UKB_hyperthyroid,MR Egger,3,3,1,0
APAF1,UKB_hyperthyroid,Weighted median,3,3,1,0
APAF1,UKB_hyperthyroid,Weighted mode,3,3,1,0
APAF1,FinnGen_GO,Inverse variance weighted,3,3,1,0
APAF1,FinnGen_GO,MR Egger,3,3,1,0
APAF1,FinnGen_GO,Weighted median,3,3,1,0
APAF1,FinnGen_GO,Weighted mode,3,3,1,0
APEX1,BBJ_Graves,Inverse variance weighted,2,2,0,0
APEX1,UKB_hyperthyroid,Inverse variance weighted,2,2,0,0
APEX1,FinnGen_GO,Inverse variance weighted,2,2,0,0
APH1A,UKB_hyperthyroid,Wald ratio,1,1,0,0
APH1A,FinnGen_GO,Wald ratio,1,1,0,0
APH1B,UKB_hyperthyroid,Inverse variance weighted,5,3,0,2
APH1B,UKB_hyperthyroid,MR Egger,5,3,0,2
APH1B,UKB_hyperthyroid,Weighted median,5,3,0,2
APH1B,UKB_hyperthyroid,Weighted mode,5,3,0,2
APH1B,FinnGen_GO,Inverse variance weighted,5,5,0,0
APH1B,FinnGen_GO,MR Egger,5,5,0,0
APH1B,FinnGen_GO,Weighted median,5,5,0,0
APH1B,FinnGen_GO,Weighted mode,5,5,0,0
APOA1BP,BBJ_Graves,Wald ratio,2,1,0,1
APOA1BP,UKB_hyperthyroid,Inverse variance weighted,2,2,0,0
APOA1BP,FinnGen_GO,Inverse variance weighted,2,2,0,0
APOA2,BBJ_Graves,Wald ratio,1,1,0,0
APOA2,UKB_hyperthyroid,Wald ratio,1,1,0,0
APOA2,FinnGen_GO,Wald ratio,1,1,0,0
APOBEC3A,BBJ_Graves,Inverse variance weighted,4,4,1,0
APOBEC3A,BBJ_Graves,MR Egger,4,4,1,0
APOBEC3A,BBJ_Graves,Weighted median,4,4,1,0
APOBEC3A,BBJ_Graves,Weighted mode,4,4,1,0
APOBEC3A,UKB_hyperthyroid,Inverse variance weighted,4,3,1,1
APOBEC3A,UKB_hyperthyroid,MR Egger,4,3,1,1
APOBEC3A,UKB_hyperthyroid,Weighted median,4,3,1,1
APOBEC3A,UKB_hyperthyroid,Weighted mode,4,3,1,1
APOBEC3A,FinnGen_GO,Inverse variance weighted,4,3,1,1
APOBEC3A,FinnGen_GO,MR Egger,4,3,1,1
APOBEC3A,FinnGen_GO,Weighted median,4,3,1,1
APOBEC3A,FinnGen_GO,Weighted mode,4,3,1,1
APOBEC3G,BBJ_Graves,Inverse variance weighted,5,2,0,3
APOBEC3G,UKB_hyperthyroid,Inverse variance weighted,5,5,0,0
APOBEC3G,UKB_hyperthyroid,MR Egger,5,5,0,0
APOBEC3G,UKB_hyperthyroid,Weighted median,5,5,0,0
APOBEC3G,UKB_hyperthyroid,Weighted mode,5,5,0,0
APOBEC3G,FinnGen_GO,Inverse variance weighted,5,5,0,0
APOBEC3G,FinnGen_GO,MR Egger,5,5,0,0
APOBEC3G,FinnGen_GO,Weighted median,5,5,0,0
APOBEC3G,FinnGen_GO,Weighted mode,5,5,0,0
APOD,BBJ_Graves,Wald ratio,1,1,0,0
APOD,UKB_hyperthyroid,Wald ratio,1,1,0,0
APOD,FinnGen_GO,Wald ratio,1,1,0,0
APOL1,BBJ_Graves,Wald ratio,1,1,1,0
APOL1,UKB_hyperthyroid,Wald ratio,1,1,1,0
APOL1,FinnGen_GO,Wald ratio,1,1,1,0
APOM,UKB_hyperthyroid,Wald ratio,1,1,0,0
APOM,FinnGen_GO,Wald ratio,1,1,0,0
APP,BBJ_Graves,Inverse variance weighted,2,2,1,0
APP,UKB_hyperthyroid,Inverse variance weighted,2,2,1,0
APP,FinnGen_GO,Inverse variance weighted,2,2,1,0
AQP1,BBJ_Graves,Wald ratio,1,1,0,0
AQP1,UKB_hyperthyroid,Wald ratio,1,1,0,0
AQP1,FinnGen_GO,Wald ratio,1,1,0,0
ARNT,BBJ_Graves,Inverse variance weighted,2,2,1,0
ARNT,UKB_hyperthyroid,Inverse variance weighted,2,2,1,0
ARNT,FinnGen_GO,Inverse variance weighted,2,2,1,0
ARSA,BBJ_Graves,Inverse variance weighted,3,2,1,1
ARSA,UKB_hyperthyroid,Inverse variance weighted,3,3,1,0
ARSA,UKB_hyperthyroid,MR Egger,3,3,1,0
ARSA,UKB_hyperthyroid,Weighted median,3,3,1,0
ARSA,UKB_hyperthyroid,Weighted mode,3,3,1,0
ARSA,FinnGen_GO,Inverse variance weighted,3,3,1,0
ARSA,FinnGen_GO,MR Egger,3,3,1,0
ARSA,FinnGen_GO,Weighted median,3,3,1,0
ARSA,FinnGen_GO,Weighted mode,3,3,1,0
ARSG,BBJ_Graves,Inverse variance weighted,3,2,0,1
ARSG,UKB_hyperthyroid,Inverse variance weighted,3,3,0,0
ARSG,UKB_hyperthyroid,MR Egger,3,3,0,0
ARSG,UKB_hyperthyroid,Weighted median,3,3,0,0
ARSG,UKB_hyperthyroid,Weighted mode,3,3,0,0
ARSG,FinnGen_GO,Inverse variance weighted,3,3,0,0
ARSG,FinnGen_GO,MR Egger,3,3,0,0
ARSG,FinnGen_GO,Weighted median,3,3,0,0
ARSG,FinnGen_GO,Weighted mode,3,3,0,0
ASGR1,BBJ_Graves,Inverse variance weighted,2,2,0,0
ASGR1,UKB_hyperthyroid,Inverse variance weighted,2,2,0,0
ASGR1,FinnGen_GO,Inverse variance weighted,2,2,0,0
ASIC1,BBJ_Graves,Inverse variance weighted,5,2,0,3
ASIC1,UKB_hyperthyroid,Wald ratio,5,1,0,4
ASIC1,FinnGen_GO,Inverse variance weighted,5,3,0,2
ASIC1,FinnGen_GO,MR Egger,5,3,0,2
ASIC1,FinnGen_GO,Weighted median,5,3,0,2
ASIC1,FinnGen_GO,Weighted mode,5,3,0,2
ASIC3,BBJ_Graves,Wald ratio,1,1,0,0
ASIC3,UKB_hyperthyroid,Wald ratio,1,1,0,0
ASIC3,FinnGen_GO,Wald ratio,1,1,0,0
ATF1,UKB_hyperthyroid,Inverse variance weighted,2,2,0,0
ATF1,FinnGen_GO,Inverse variance weighted,2,2,0,0
ATG4B,BBJ_Graves,Inverse variance weighted,2,2,1,0
ATG4B,UKB_hyperthyroid,Inverse variance weighted,2,2,1,0
ATG4B,FinnGen_GO,Inverse variance weighted,2,2,1,0
ATG4C,BBJ_Graves,Inverse variance weighted,2,2,0,0
ATG4C,UKB_hyperthyroid,Inverse variance weighted,2,2,0,0
ATG4C,FinnGen_GO,Inverse variance weighted,2,2,0,0
ATIC,BBJ_Graves,Wald ratio,2,1,0,1
ATIC,UKB_hyperthyroid,Inverse variance weighted,2,2,0,0
ATIC,FinnGen_GO,Inverse variance weighted,2,2,0,0
ATM,UKB_hyperthyroid,Wald ratio,1,1,0,0
ATM,FinnGen_GO,Wald ratio,1,1,0,0
ATP1A4,BBJ_Graves,Inverse variance weighted,3,2,0,1
ATP1A4,UKB_hyperthyroid,Inverse variance weighted,3,3,0,0
ATP1A4,UKB_hyperthyroid,MR Egger,3,3,0,0
ATP1A4,UKB_hyperthyroid,Weighted median,3,3,0,0
ATP1A4,UKB_hyperthyroid,Weighted mode,3,3,0,0
ATP1A4,FinnGen_GO,Inverse variance weighted,3,3,0,0
ATP1A4,FinnGen_GO,MR Egger,3,3,0,0
ATP1A4,FinnGen_GO,Weighted median,3,3,0,0
ATP1A4,FinnGen_GO,Weighted mode,3,3,0,0
ATP1B1,BBJ_Graves,Inverse variance weighted,5,4,0,1
ATP1B1,BBJ_Graves,MR Egger,5,4,0,1
ATP1B1,BBJ_Graves,Weighted median,5,4,0,1
ATP1B1,BBJ_Graves,Weighted mode,5,4,0,1
ATP1B1,UKB_hyperthyroid,Inverse variance weighted,5,4,0,1
ATP1B1,UKB_hyperthyroid,MR Egger,5,4,0,1
ATP1B1,UKB_hyperthyroid,Weighted median,5,4,0,1
ATP1B1,UKB_hyperthyroid,Weighted mode,5,4,0,1
ATP1B1,FinnGen_GO,Inverse variance weighted,5,5,0,0
ATP1B1,FinnGen_GO,MR Egger,5,5,0,0
ATP1B1,FinnGen_GO,Weighted median,5,5,0,0
ATP1B1,FinnGen_GO,Weighted mode,5,5,0,0
ATP1B2,BBJ_Graves,Wald ratio,1,1,0,0
ATP1B2,UKB_hyperthyroid,Wald ratio,1,1,0,0
ATP1B2,FinnGen_GO,Wald ratio,1,1,0,0
ATP1B3,BBJ_Graves,Inverse variance weighted,2,2,0,0
ATP1B3,UKB_hyperthyroid,Inverse variance weighted,2,2,0,0
ATP1B3,FinnGen_GO,Inverse variance weighted,2,2,0,0
ATP2A1,BBJ_Graves,Wald ratio,1,1,0,0
ATP2A1,UKB_hyperthyroid,Wald ratio,1,1,0,0
ATP2A1,FinnGen_GO,Wald ratio,1,1,0,0
ATP2A2,UKB_hyperthyroid,Inverse variance weighted,3,2,1,1
ATP2A2,FinnGen_GO,Inverse variance weighted,3,2,1,1
ATP2A3,BBJ_Graves,Wald ratio,2,1,1,1
ATP2A3,UKB_hyperthyroid,Inverse variance weighted,2,2,1,0
ATP2A3,FinnGen_GO,Inverse variance weighted,2,2,1,0
ATP2B2,BBJ_Graves,Wald ratio,1,1,0,0
ATP2B2,UKB_hyperthyroid,Wald ratio,1,1,0,0
ATP2B2,FinnGen_GO,Wald ratio,1,1,0,0
ATP2B4,BBJ_Graves,Wald ratio,1,1,0,0
ATP2B4,UKB_hyperthyroid,Wald ratio,1,1,0,0
ATP2B4,FinnGen_GO,Wald ratio,1,1,0,0
ATP2C1,BBJ_Graves,Wald ratio,1,1,0,0
ATP2C1,UKB_hyperthyroid,Wald ratio,1,1,0,0
ATP2C1,FinnGen_GO,Wald ratio,1,1,0,0
ATP2C2,BBJ_Graves,Wald ratio,1,1,1,0
ATP2C2,UKB_hyperthyroid,Wald ratio,1,1,1,0
ATP2C2,FinnGen_GO,Wald ratio,1,1,1,0
ATP7B,BBJ_Graves,Wald ratio,3,1,0,2
ATP7B,UKB_hyperthyroid,Inverse variance weighted,3,3,0,0
ATP7B,UKB_hyperthyroid,MR Egger,3,3,0,0
ATP7B,UKB_hyperthyroid,Weighted median,3,3,0,0
ATP7B,UKB_hyperthyroid,Weighted mode,3,3,0,0
ATP7B,FinnGen_GO,Inverse variance weighted,3,3,0,0
ATP7B,FinnGen_GO,MR Egger,3,3,0,0
ATP7B,FinnGen_GO,Weighted median,3,3,0,0
ATP7B,FinnGen_GO,Weighted mode,3,3,0,0
ATR,BBJ_Graves,Wald ratio,1,1,0,0
ATR,UKB_hyperthyroid,Wald ratio,1,1,0,0
ATR,FinnGen_GO,Wald ratio,1,1,0,0
ATRAID,BBJ_Graves,Wald ratio,3,1,0,2
ATRAID,UKB_hyperthyroid,Inverse variance weighted,3,3,1,0
ATRAID,UKB_hyperthyroid,MR Egger,3,3,1,0
ATRAID,UKB_hyperthyroid,Weighted median,3,3,1,0
ATRAID,UKB_hyperthyroid,Weighted mode,3,3,1,0
ATRAID,FinnGen_GO,Inverse variance weighted,3,3,1,0
ATRAID,FinnGen_GO,MR Egger,3,3,1,0
ATRAID,FinnGen_GO,Weighted median,3,3,1,0
ATRAID,FinnGen_GO,Weighted mode,3,3,1,0
ATRN,BBJ_Graves,Inverse variance weighted,2,2,0,0
ATRN,UKB_hyperthyroid,Inverse variance weighted,2,2,0,0
ATRN,FinnGen_GO,Inverse variance weighted,2,2,0,0
AURKA,UKB_hyperthyroid,Wald ratio,2,1,0,1
AURKA,FinnGen_GO,Wald ratio,2,1,0,1
AURKAIP1,FinnGen_GO,Wald ratio,1,1,0,0
AURKB,BBJ_Graves,Wald ratio,1,1,0,0
AURKB,UKB_hyperthyroid,Wald ratio,1,1,0,0
AURKB,FinnGen_GO,Wald ratio,1,1,0,0
AURKC,BBJ_Graves,Inverse variance weighted,2,2,1,0
AURKC,UKB_hyperthyroid,Inverse variance weighted,2,2,1,0
AURKC,FinnGen_GO,Inverse variance weighted,2,2,1,0
AXIN2,BBJ_Graves,Inverse variance weighted,4,3,0,1
AXIN2,BBJ_Graves,MR Egger,4,3,0,1
AXIN2,BBJ_Graves,Weighted median,4,3,0,1
AXIN2,BBJ_Graves,Weighted mode,4,3,0,1
AXIN2,UKB_hyperthyroid,Inverse variance weighted,4,4,0,0
AXIN2,UKB_hyperthyroid,MR Egger,4,4,0,0
AXIN2,UKB_hyperthyroid,Weighted median,4,4,0,0
AXIN2,UKB_hyperthyroid,Weighted mode,4,4,0,0
AXIN2,FinnGen_GO,Inverse variance weighted,4,4,0,0
AXIN2,FinnGen_GO,MR Egger,4,4,0,0
AXIN2,FinnGen_GO,Weighted median,4,4,0,0
AXIN2,FinnGen_GO,Weighted mode,4,4,0,0
AXL,BBJ_Graves,Wald ratio,1,1,0,0
AXL,UKB_hyperthyroid,Wald ratio,1,1,0,0
AXL,FinnGen_GO,Wald ratio,1,1,0,0
AZIN1,BBJ_Graves,Inverse variance weighted,3,3,1,0
AZIN1,BBJ_Graves,MR Egger,3,3,1,0
AZIN1,BBJ_Graves,Weighted median,3,3,1,0
AZIN1,BBJ_Graves,Weighted mode,3,3,1,0
AZIN1,UKB_hyperthyroid,Inverse variance weighted,3,3,1,0
AZIN1,UKB_hyperthyroid,MR Egger,3,3,1,0
AZIN1,UKB_hyperthyroid,Weighted median,3,3,1,0
AZIN1,UKB_hyperthyroid,Weighted mode,3,3,1,0
AZIN1,FinnGen_GO,Inverse variance weighted,3,3,1,0
AZIN1,FinnGen_GO,MR Egger,3,3,1,0
AZIN1,FinnGen_GO,Weighted median,3,3,1,0
AZIN1,FinnGen_GO,Weighted mode,3,3,1,0
B2M,BBJ_Graves,Wald ratio,1,1,1,0
B2M,UKB_hyperthyroid,Wald ratio,1,1,1,0
B2M,FinnGen_GO,Wald ratio,1,1,1,0
B4GALT1,BBJ_Graves,Inverse variance weighted,2,2,0,0
B4GALT1,UKB_hyperthyroid,Inverse variance weighted,2,2,0,0
B4GALT1,FinnGen_GO,Inverse variance weighted,2,2,0,0
BACE1,BBJ_Graves,Inverse variance weighted,2,2,0,0
BACE1,UKB_hyperthyroid,Inverse variance weighted,2,2,0,0
BACE1,FinnGen_GO,Inverse variance weighted,2,2,0,0
BACE2,BBJ_Graves,Inverse variance weighted,3,2,1,1
BACE2,UKB_hyperthyroid,Inverse variance weighted,3,3,1,0
BACE2,UKB_hyperthyroid,MR Egger,3,3,1,0
BACE2,UKB_hyperthyroid,Weighted median,3,3,1,0
BACE2,UKB_hyperthyroid,Weighted mode,3,3,1,0
BACE2,FinnGen_GO,Inverse variance weighted,3,3,1,0
BACE2,FinnGen_GO,MR Egger,3,3,1,0
BACE2,FinnGen_GO,Weighted median,3,3,1,0
BACE2,FinnGen_GO,Weighted mode,3,3,1,0
BAD,BBJ_Graves,Inverse variance weighted,2,2,0,0
BAD,UKB_hyperthyroid,Wald ratio,2,1,0,1
BAD,FinnGen_GO,Wald ratio,2,1,0,1
BAMBI,BBJ_Graves,Inverse variance weighted,3,2,0,1
BAMBI,UKB_hyperthyroid,Inverse variance weighted,3,2,0,1
BAMBI,FinnGen_GO,Inverse variance weighted,3,2,0,1
BCAM,BBJ_Graves,Wald ratio,1,1,0,0
BCAM,UKB_hyperthyroid,Wald ratio,1,1,0,0
BCAM,FinnGen_GO,Wald ratio,1,1,0,0
BCAT1,BBJ_Graves,Inverse variance weighted,5,4,0,1
BCAT1,BBJ_Graves,MR Egger,5,4,0,1
BCAT1,BBJ_Graves,Weighted median,5,4,0,1
BCAT1,BBJ_Graves,Weighted mode,5,4,0,1
BCAT1,UKB_hyperthyroid,Inverse variance weighted,5,5,0,0
BCAT1,UKB_hyperthyroid,MR Egger,5,5,0,0
BCAT1,UKB_hyperthyroid,Weighted median,5,5,0,0
BCAT1,UKB_hyperthyroid,Weighted mode,5,5,0,0
BCAT1,FinnGen_GO,Inverse variance weighted,5,5,0,0
BCAT1,FinnGen_GO,MR Egger,5,5,0,0
BCAT1,FinnGen_GO,Weighted median,5,5,0,0
BCAT1,FinnGen_GO,Weighted mode,5,5,0,0
BCL2,BBJ_Graves,Wald ratio,2,1,0,1
BCL2,UKB_hyperthyroid,Inverse variance weighted,2,2,0,0
BCL2,FinnGen_GO,Inverse variance weighted,2,2,0,0
BCL2A1,BBJ_Graves,Wald ratio,2,1,0,1
BCL2A1,UKB_hyperthyroid,Inverse variance weighted,2,2,1,0
BCL2A1,FinnGen_GO,Inverse variance weighted,2,2,1,0
BCL2L1,UKB_hyperthyroid,Wald ratio,1,1,0,0
BCL2L1,FinnGen_GO,Wald ratio,1,1,0,0
BCL2L2,UKB_hyperthyroid,Wald ratio,1,1,0,0
BCL2L2,FinnGen_GO,Wald ratio,1,1,0,0
BCR,BBJ_Graves,Inverse variance weighted,2,2,0,0
BCR,UKB_hyperthyroid,Inverse variance weighted,2,2,0,0
BCR,FinnGen_GO,Inverse variance weighted,2,2,0,0
BGLAP,UKB_hyperthyroid,Wald ratio,1,1,0,0
BICD1,BBJ_Graves,Inverse variance weighted,2,2,0,0
BICD1,UKB_hyperthyroid,Inverse variance weighted,2,2,0,0
BICD1,FinnGen_GO,Inverse variance weighted,2,2,0,0
BIRC2,UKB_hyperthyroid,Wald ratio,1,1,0,0
BIRC2,FinnGen_GO,Wald ratio,1,1,0,0
BIRC3,UKB_hyperthyroid,Inverse variance weighted,2,2,0,0
BIRC3,FinnGen_GO,Inverse variance weighted,2,2,0,0
BIRC5,BBJ_Graves,Wald ratio,1,1,0,0
BIRC5,UKB_hyperthyroid,Wald ratio,1,1,0,0
BIRC5,FinnGen_GO,Wald ratio,1,1,0,0
BLK,BBJ_Graves,Wald ratio,3,1,0,2
BLK,UKB_hyperthyroid,Inverse variance weighted,3,3,1,0
BLK,UKB_hyperthyroid,MR Egger,3,3,1,0
BLK,UKB_hyperthyroid,Weighted median,3,3,1,0
BLK,UKB_hyperthyroid,Weighted mode,3,3,1,0
BLK,FinnGen_GO,Inverse variance weighted,3,3,1,0
BLK,FinnGen_GO,MR Egger,3,3,1,0
BLK,FinnGen_GO,Weighted median,3,3,1,0
BLK,FinnGen_GO,Weighted mode,3,3,1,0
BLM,BBJ_Graves,Wald ratio,4,1,0,3
BLM,UKB_hyperthyroid,Inverse variance weighted,4,4,0,0
BLM,UKB_hyperthyroid,MR Egger,4,4,0,0
BLM,UKB_hyperthyroid,Weighted median,4,4,0,0
BLM,UKB_hyperthyroid,Weighted mode,4,4,0,0
BLM,FinnGen_GO,Inverse variance weighted,4,4,0,0
BLM,FinnGen_GO,MR Egger,4,4,0,0
BLM,FinnGen_GO,Weighted median,4,4,0,0
BLM,FinnGen_GO,Weighted mode,4,4,0,0
BMP1,BBJ_Graves,Inverse variance weighted,3,2,0,1
BMP1,UKB_hyperthyroid,Inverse variance weighted,3,3,0,0
BMP1,UKB_hyperthyroid,MR Egger,3,3,0,0
BMP1,UKB_hyperthyroid,Weighted median,3,3,0,0
BMP1,UKB_hyperthyroid,Weighted mode,3,3,0,0
BMP1,FinnGen_GO,Inverse variance weighted,3,3,0,0
BMP1,FinnGen_GO,MR Egger,3,3,0,0
BMP1,FinnGen_GO,Weighted median,3,3,0,0
BMP1,FinnGen_GO,Weighted mode,3,3,0,0
BMP2,BBJ_Graves,Inverse variance weighted,3,3,0,0
BMP2,BBJ_Graves,MR Egger,3,3,0,0
BMP2,BBJ_Graves,Weighted median,3,3,0,0
BMP2,BBJ_Graves,Weighted mode,3,3,0,0
BMP2,UKB_hyperthyroid,Inverse variance weighted,3,2,0,1
BMP2,FinnGen_GO,Inverse variance weighted,3,3,0,0
BMP2,FinnGen_GO,MR Egger,3,3,0,0
BMP2,FinnGen_GO,Weighted median,3,3,0,0
BMP2,FinnGen_GO,Weighted mode,3,3,0,0
BMP2K,BBJ_Graves,Inverse variance weighted,2,2,0,0
BMP2K,UKB_hyperthyroid,Inverse variance weighted,2,2,0,0
BMP2K,FinnGen_GO,Inverse variance weighted,2,2,0,0
BMP6,BBJ_Graves,Inverse variance weighted,2,2,0,0
BMP6,UKB_hyperthyroid,Inverse variance weighted,2,2,0,0
BMP6,FinnGen_GO,Inverse variance weighted,2,2,0,0
BMP8A,BBJ_Graves,Wald ratio,3,1,0,2
BMP8A,UKB_hyperthyroid,Inverse variance weighted,3,3,1,0
BMP8A,UKB_hyperthyroid,MR Egger,3,3,1,0
BMP8A,UKB_hyperthyroid,Weighted median,3,3,1,0
BMP8A,UKB_hyperthyroid,Weighted mode,3,3,1,0
BMP8A,FinnGen_GO,Inverse variance weighted,3,3,1,0
BMP8A,FinnGen_GO,MR Egger,3,3,1,0
BMP8A,FinnGen_GO,Weighted median,3,3,1,0
BMP8A,FinnGen_GO,Weighted mode,3,3,1,0
BMP8B,UKB_hyperthyroid,Wald ratio,1,1,0,0
BMP8B,FinnGen_GO,Wald ratio,1,1,0,0
BMPR1A,BBJ_Graves,Wald ratio,1,1,1,0
BMPR1A,UKB_hyperthyroid,Wald ratio,1,1,1,0
BMPR2,BBJ_Graves,Inverse variance weighted,2,2,0,0
BMPR2,UKB_hyperthyroid,Inverse variance weighted,2,2,0,0
BMPR2,FinnGen_GO,Inverse variance weighted,2,2,0,0
BOLA1,BBJ_Graves,Wald ratio,1,1,0,0
BOLA1,UKB_hyperthyroid,Wald ratio,1,1,0,0
BOLA1,FinnGen_GO,Wald ratio,1,1,0,0
BOLA3,BBJ_Graves,Wald ratio,1,1,0,0
BOLA3,UKB_hyperthyroid,Wald ratio,1,1,0,0
BOLA3,FinnGen_GO,Wald ratio,1,1,0,0
BPHL,BBJ_Graves,Inverse variance weighted,2,2,0,0
BPHL,UKB_hyperthyroid,Inverse variance weighted,2,2,0,0
BPHL,FinnGen_GO,Inverse variance weighted,2,2,0,0
BPI,BBJ_Graves,Inverse variance weighted,6,5,0,1
BPI,BBJ_Graves,MR Egger,6,5,0,1
BPI,BBJ_Graves,Weighted median,6,5,0,1
BPI,BBJ_Graves,Weighted mode,6,5,0,1
BPI,UKB_hyperthyroid,Inverse variance weighted,6,6,0,0
BPI,UKB_hyperthyroid,MR Egger,6,6,0,0
BPI,UKB_hyperthyroid,Weighted median,6,6,0,0
BPI,UKB_hyperthyroid,Weighted mode,6,6,0,0
BPI,FinnGen_GO,Inverse variance weighted,6,6,0,0
BPI,FinnGen_GO,MR Egger,6,6,0,0
BPI,FinnGen_GO,Weighted median,6,6,0,0
BPI,FinnGen_GO,Weighted mode,6,6,0,0
BPNT1,BBJ_Graves,Wald ratio,1,1,1,0
BPNT1,UKB_hyperthyroid,Wald ratio,1,1,1,0
BPNT1,FinnGen_GO,Wald ratio,1,1,1,0
BRAF,BBJ_Graves,Wald ratio,1,1,0,0
BRAF,UKB_hyperthyroid,Wald ratio,1,1,0,0
BRAF,FinnGen_GO,Wald ratio,1,1,0,0
BRCA1,BBJ_Graves,Wald ratio,1,1,0,0
BRCA1,UKB_hyperthyroid,Wald ratio,1,1,0,0
BRCA1,FinnGen_GO,Wald ratio,1,1,0,0
BRD2,BBJ_Graves,Wald ratio,2,1,0,1
BRD2,UKB_hyperthyroid,Inverse variance weighted,2,2,0,0
BRD2,FinnGen_GO,Inverse variance weighted,2,2,0,0
BRD3,BBJ_Graves,Wald ratio,2,1,0,1
BRD3,UKB_hyperthyroid,Inverse variance weighted,2,2,0,0
BRD3,FinnGen_GO,Wald ratio,2,1,0,1
BRPF3,BBJ_Graves,Inverse variance weighted,2,2,0,0
BRPF3,UKB_hyperthyroid,Inverse variance weighted,2,2,0,0
BRPF3,FinnGen_GO,Inverse variance weighted,2,2,0,0
BRSK1,BBJ_Graves,Wald ratio,1,1,0,0
BRSK1,UKB_hyperthyroid,Wald ratio,1,1,0,0
BRSK1,FinnGen_GO,Wald ratio,1,1,0,0
BRSK2,UKB_hyperthyroid,Wald ratio,1,1,0,0
BRSK2,FinnGen_GO,Wald ratio,1,1,0,0
BSG,BBJ_Graves,Wald ratio,2,1,0,1
BSG,UKB_hyperthyroid,Inverse variance weighted,2,2,0,0
BSG,FinnGen_GO,Inverse variance weighted,2,2,0,0
BST1,BBJ_Graves,Inverse variance weighted,5,3,0,2
BST1,BBJ_Graves,MR Egger,5,3,0,2
BST1,BBJ_Graves,Weighted median,5,3,0,2
BST1,BBJ_Graves,Weighted mode,5,3,0,2
BST1,UKB_hyperthyroid,Inverse variance weighted,5,4,0,1
BST1,UKB_hyperthyroid,MR Egger,5,4,0,1
BST1,UKB_hyperthyroid,Weighted median,5,4,0,1
BST1,UKB_hyperthyroid,Weighted mode,5,4,0,1
BST1,FinnGen_GO,Inverse variance weighted,5,5,0,0
BST1,FinnGen_GO,MR Egger,5,5,0,0
BST1,FinnGen_GO,Weighted median,5,5,0,0
BST1,FinnGen_GO,Weighted mode,5,5,0,0
BST2,UKB_hyperthyroid,Wald ratio,1,1,0,0
BST2,FinnGen_GO,Wald ratio,1,1,0,0
BTD,BBJ_Graves,Wald ratio,1,1,0,0
BTD,UKB_hyperthyroid,Wald ratio,1,1,0,0
BTD,FinnGen_GO,Wald ratio,1,1,0,0
BTLA,UKB_hyperthyroid,Inverse variance weighted,2,2,1,0
BTLA,FinnGen_GO,Wald ratio,2,1,0,1
BTN3A1,BBJ_Graves,Inverse variance weighted,5,4,2,1
BTN3A1,BBJ_Graves,MR Egger,5,4,2,1
BTN3A1,BBJ_Graves,Weighted median,5,4,2,1
BTN3A1,BBJ_Graves,Weighted mode,5,4,2,1
BTN3A1,UKB_hyperthyroid,Inverse variance weighted,5,2,2,3
BTN3A1,FinnGen_GO,Inverse variance weighted,5,3,2,2
BTN3A1,FinnGen_GO,MR Egger,5,3,2,2
BTN3A1,FinnGen_GO,Weighted median,5,3,2,2
BTN3A1,FinnGen_GO,Weighted mode,5,3,2,2
BTN3A2,BBJ_Graves,Inverse variance weighted,16,5,0,11
BTN3A2,BBJ_Graves,MR Egger,16,5,0,11
BTN3A2,BBJ_Graves,Weighted median,16,5,0,11
BTN3A2,BBJ_Graves,Weighted mode,16,5,0,11
BTN3A2,UKB_hyperthyroid,Inverse variance weighted,16,9,0,7
BTN3A2,UKB_hyperthyroid,MR Egger,16,9,0,7
BTN3A2,UKB_hyperthyroid,Weighted median,16,9,0,7
BTN3A2,UKB_hyperthyroid,Weighted mode,16,9,0,7
BTN3A2,FinnGen_GO,Inverse variance weighted,16,10,0,6
BTN3A2,FinnGen_GO,MR Egger,16,10,0,6
BTN3A2,FinnGen_GO,Weighted median,16,10,0,6
BTN3A2,FinnGen_GO,Weighted mode,16,10,0,6
BTN3A3,BBJ_Graves,Inverse variance weighted,7,6,0,1
BTN3A3,BBJ_Graves,MR Egger,7,6,0,1
BTN3A3,BBJ_Graves,Weighted median,7,6,0,1
BTN3A3,BBJ_Graves,Weighted mode,7,6,0,1
BTN3A3,UKB_hyperthyroid,Inverse variance weighted,7,2,0,5
BTN3A3,FinnGen_GO,Inverse variance weighted,7,6,0,1
BTN3A3,FinnGen_GO,MR Egger,7,6,0,1
BTN3A3,FinnGen_GO,Weighted median,7,6,0,1
BTN3A3,FinnGen_GO,Weighted mode,7,6,0,1
BTNL8,BBJ_Graves,Wald ratio,4,1,0,3
BTNL8,UKB_hyperthyroid,Inverse variance weighted,4,3,0,1
BTNL8,UKB_hyperthyroid,MR Egger,4,3,0,1
BTNL8,UKB_hyperthyroid,Weighted median,4,3,0,1
BTNL8,UKB_hyperthyroid,Weighted mode,4,3,0,1
BTNL8,FinnGen_GO,Inverse variance weighted,4,3,0,1
BTNL8,FinnGen_GO,MR Egger,4,3,0,1
BTNL8,FinnGen_GO,Weighted median,4,3,0,1
BTNL8,FinnGen_GO,Weighted mode,4,3,0,1
C10orf54,BBJ_Graves,Inverse variance weighted,2,2,0,0
C10orf54,UKB_hyperthyroid,Inverse variance weighted,2,2,0,0
C10orf54,FinnGen_GO,Inverse variance weighted,2,2,0,0
C11orf83,BBJ_Graves,Wald ratio,1,1,0,0
C11orf83,UKB_hyperthyroid,Wald ratio,1,1,0,0
C11orf83,FinnGen_GO,Wald ratio,1,1,0,0
C12orf39,BBJ_Graves,Inverse variance weighted,3,2,0,1
C12orf39,UKB_hyperthyroid,Inverse variance weighted,3,3,0,0
C12orf39,UKB_hyperthyroid,MR Egger,3,3,0,0
C12orf39,UKB_hyperthyroid,Weighted median,3,3,0,0
C12orf39,UKB_hyperthyroid,Weighted mode,3,3,0,0
C12orf39,FinnGen_GO,Inverse variance weighted,3,3,0,0
C12orf39,FinnGen_GO,MR Egger,3,3,0,0
C12orf39,FinnGen_GO,Weighted median,3,3,0,0
C12orf39,FinnGen_GO,Weighted mode,3,3,0,0
C17orf72,UKB_hyperthyroid,Wald ratio,1,1,0,0
C17orf99,UKB_hyperthyroid,Wald ratio,2,1,2,1
C17orf99,FinnGen_GO,Wald ratio,2,1,2,1
C19orf10,BBJ_Graves,Wald ratio,1,1,0,0
C19orf10,UKB_hyperthyroid,Wald ratio,1,1,0,0
C19orf10,FinnGen_GO,Wald ratio,1,1,0,0
C1QA,BBJ_Graves,Inverse variance weighted,2,2,0,0
C1QA,UKB_hyperthyroid,Inverse variance weighted,2,2,0,0
C1QA,FinnGen_GO,Inverse variance weighted,2,2,0,0
C1QB,BBJ_Graves,Inverse variance weighted,3,2,2,1
C1QB,UKB_hyperthyroid,Inverse variance weighted,3,3,2,0
C1QB,UKB_hyperthyroid,MR Egger,3,3,2,0
C1QB,UKB_hyperthyroid,Weighted median,3,3,2,0
C1QB,UKB_hyperthyroid,Weighted mode,3,3,2,0
C1QB,FinnGen_GO,Inverse variance weighted,3,3,2,0
C1QB,FinnGen_GO,MR Egger,3,3,2,0
C1QB,FinnGen_GO,Weighted median,3,3,2,0
C1QB,FinnGen_GO,Weighted mode,3,3,2,0
C1QC,BBJ_Graves,Inverse variance weighted,3,2,2,1
C1QC,UKB_hyperthyroid,Inverse variance weighted,3,3,2,0
C1QC,UKB_hyperthyroid,MR Egger,3,3,2,0
C1QC,UKB_hyperthyroid,Weighted median,3,3,2,0
C1QC,UKB_hyperthyroid,Weighted mode,3,3,2,0
C1QC,FinnGen_GO,Inverse variance weighted,3,3,2,0
C1QC,FinnGen_GO,MR Egger,3,3,2,0
C1QC,FinnGen_GO,Weighted median,3,3,2,0
C1QC,FinnGen_GO,Weighted mode,3,3,2,0
C1QTNF6,BBJ_Graves,Wald ratio,3,1,0,2
C1QTNF6,UKB_hyperthyroid,Inverse variance weighted,3,2,0,1
C1QTNF6,FinnGen_GO,Inverse variance weighted,3,3,0,0
C1QTNF6,FinnGen_GO,MR Egger,3,3,0,0
C1QTNF6,FinnGen_GO,Weighted median,3,3,0,0
C1QTNF6,FinnGen_GO,Weighted mode,3,3,0,0
C1R,BBJ_Graves,Wald ratio,1,1,0,0
C1R,UKB_hyperthyroid,Wald ratio,1,1,0,0
C1R,FinnGen_GO,Wald ratio,1,1,0,0
C1RL,BBJ_Graves,Inverse variance weighted,6,2,1,4
C1RL,UKB_hyperthyroid,Inverse variance weighted,6,4,1,2
C1RL,UKB_hyperthyroid,MR Egger,6,4,1,2
C1RL,UKB_hyperthyroid,Weighted median,6,4,1,2
C1RL,UKB_hyperthyroid,Weighted mode,6,4,1,2
C1RL,FinnGen_GO,Inverse variance weighted,6,6,1,0
C1RL,FinnGen_GO,MR Egger,6,6,1,0
C1RL,FinnGen_GO,Weighted median,6,6,1,0
C1RL,FinnGen_GO,Weighted mode,6,6,1,0
C1S,BBJ_Graves,Wald ratio,1,1,0,0
C1S,UKB_hyperthyroid,Wald ratio,1,1,0,0
C1S,FinnGen_GO,Wald ratio,1,1,0,0
C2,BBJ_Graves,Wald ratio,2,1,0,1
C2,UKB_hyperthyroid,Inverse variance weighted,2,2,1,0
C2,FinnGen_GO,Inverse variance weighted,2,2,1,0
C2orf40,BBJ_Graves,Inverse variance weighted,3,2,1,1
C2orf40,UKB_hyperthyroid,Inverse variance weighted,3,2,1,1
C2orf40,FinnGen_GO,Inverse variance weighted,3,3,1,0
C2orf40,FinnGen_GO,MR Egger,3,3,1,0
C2orf40,FinnGen_GO,Weighted median,3,3,1,0
C2orf40,FinnGen_GO,Weighted mode,3,3,1,0
C3,BBJ_Graves,Wald ratio,1,1,0,0
C3,UKB_hyperthyroid,Wald ratio,1,1,0,0
C3,FinnGen_GO,Wald ratio,1,1,0,0
C3AR1,BBJ_Graves,Inverse variance weighted,6,2,0,4
C3AR1,UKB_hyperthyroid,Inverse variance weighted,6,4,1,2
C3AR1,UKB_hyperthyroid,MR Egger,6,4,1,2
C3AR1,UKB_hyperthyroid,Weighted median,6,4,1,2
C3AR1,UKB_hyperthyroid,Weighted mode,6,4,1,2
C3AR1,FinnGen_GO,Inverse variance weighted,6,4,0,2
C3AR1,FinnGen_GO,MR Egger,6,4,0,2
C3AR1,FinnGen_GO,Weighted median,6,4,0,2
C3AR1,FinnGen_GO,Weighted mode,6,4,0,2
C4A,BBJ_Graves,Wald ratio,5,1,0,4
C4A,UKB_hyperthyroid,Inverse variance weighted,5,3,1,2
C4A,UKB_hyperthyroid,MR Egger,5,3,1,2
C4A,UKB_hyperthyroid,Weighted median,5,3,1,2
C4A,UKB_hyperthyroid,Weighted mode,5,3,1,2
C4A,FinnGen_GO,Inverse variance weighted,5,3,2,2
C4A,FinnGen_GO,MR Egger,5,3,2,2
C4A,FinnGen_GO,Weighted median,5,3,2,2
C4A,FinnGen_GO,Weighted mode,5,3,2,2
C4B,BBJ_Graves,Wald ratio,3,1,0,2
C4B,UKB_hyperthyroid,Inverse variance weighted,3,2,0,1
C4B,FinnGen_GO,Inverse variance weighted,3,2,0,1
C4BPA,BBJ_Graves,Inverse variance weighted,4,2,0,2
C4BPA,UKB_hyperthyroid,Inverse variance weighted,4,4,0,0
C4BPA,UKB_hyperthyroid,MR Egger,4,4,0,0
C4BPA,UKB_hyperthyroid,Weighted median,4,4,0,0
C4BPA,UKB_hyperthyroid,Weighted mode,4,4,0,0
C4BPA,FinnGen_GO,Inverse variance weighted,4,4,0,0
C4BPA,FinnGen_GO,MR Egger,4,4,0,0
C4BPA,FinnGen_GO,Weighted median,4,4,0,0
C4BPA,FinnGen_GO,Weighted mode,4,4,0,0
C4BPB,BBJ_Graves,Wald ratio,2,1,0,1
C4BPB,UKB_hyperthyroid,Inverse variance weighted,2,2,0,0
C4BPB,FinnGen_GO,Inverse variance weighted,2,2,0,0
C5,BBJ_Graves,Inverse variance weighted,4,4,0,0
C5,BBJ_Graves,MR Egger,4,4,0,0
C5,BBJ_Graves,Weighted median,4,4,0,0
C5,BBJ_Graves,Weighted mode,4,4,0,0
C5,UKB_hyperthyroid,Inverse variance weighted,4,4,0,0
C5,UKB_hyperthyroid,MR Egger,4,4,0,0
C5,UKB_hyperthyroid,Weighted median,4,4,0,0
C5,UKB_hyperthyroid,Weighted mode,4,4,0,0
C5,FinnGen_GO,Inverse variance weighted,4,4,0,0
C5,FinnGen_GO,MR Egger,4,4,0,0
C5,FinnGen_GO,Weighted median,4,4,0,0
C5,FinnGen_GO,Weighted mode,4,4,0,0
C5AR1,BBJ_Graves,Wald ratio,1,1,0,0
C5AR1,UKB_hyperthyroid,Wald ratio,1,1,0,0
C5AR1,FinnGen_GO,Wald ratio,1,1,0,0
C6orf120,BBJ_Graves,Inverse variance weighted,3,3,0,0
C6orf120,BBJ_Graves,MR Egger,3,3,0,0
C6orf120,BBJ_Graves,Weighted median,3,3,0,0
C6orf120,BBJ_Graves,Weighted mode,3,3,0,0
C6orf120,UKB_hyperthyroid,Inverse variance weighted,3,2,0,1
C6orf120,FinnGen_GO,Inverse variance weighted,3,3,0,0
C6orf120,FinnGen_GO,MR Egger,3,3,0,0
C6orf120,FinnGen_GO,Weighted median,3,3,0,0
C6orf120,FinnGen_GO,Weighted mode,3,3,0,0
C9orf96,FinnGen_GO,Wald ratio,1,1,0,0
CA11,BBJ_Graves,Wald ratio,1,1,0,0
CA11,UKB_hyperthyroid,Wald ratio,1,1,0,0
CA11,FinnGen_GO,Wald ratio,1,1,0,0
CA13,BBJ_Graves,Wald ratio,1,1,0,0
CA13,UKB_hyperthyroid,Wald ratio,1,1,0,0
CA13,FinnGen_GO,Wald ratio,1,1,0,0
CA14,UKB_hyperthyroid,Wald ratio,1,1,0,0
CA14,FinnGen_GO,Wald ratio,1,1,0,0
CA2,BBJ_Graves,Inverse variance weighted,3,3,1,0
CA2,BBJ_Graves,MR Egger,3,3,1,0
CA2,BBJ_Graves,Weighted median,3,3,1,0
CA2,BBJ_Graves,Weighted mode,3,3,1,0
CA2,UKB_hyperthyroid,Wald ratio,3,1,1,2
CA2,FinnGen_GO,Inverse variance weighted,3,2,1,1
CA4,BBJ_Graves,Wald ratio,1,1,0,0
CA4,UKB_hyperthyroid,Wald ratio,1,1,0,0
CA4,FinnGen_GO,Wald ratio,1,1,0,0
CA6,BBJ_Graves,Wald ratio,2,1,1,1
CA6,UKB_hyperthyroid,Wald ratio,2,1,1,1
CA6,FinnGen_GO,Inverse variance weighted,2,2,1,0
CA8,BBJ_Graves,Wald ratio,2,1,0,1
CA8,UKB_hyperthyroid,Inverse variance weighted,2,2,0,0
CA8,FinnGen_GO,Inverse variance weighted,2,2,0,0
CACNA1A,BBJ_Graves,Wald ratio,1,1,0,0
CACNA1A,UKB_hyperthyroid,Wald ratio,1,1,0,0
CACNA1A,FinnGen_GO,Wald ratio,1,1,0,0
CACNA1C,BBJ_Graves,Wald ratio,1,1,0,0
CACNA1C,UKB_hyperthyroid,Wald ratio,1,1,0,0
CACNA1C,FinnGen_GO,Wald ratio,1,1,0,0
CACNA1D,BBJ_Graves,Wald ratio,1,1,0,0
CACNA1D,UKB_hyperthyroid,Wald ratio,1,1,0,0
CACNA1D,FinnGen_GO,Wald ratio,1,1,0,0
CACNA1E,BBJ_Graves,Inverse variance weighted,2,2,0,0
CACNA1E,UKB_hyperthyroid,Inverse variance weighted,2,2,0,0
CACNA1E,FinnGen_GO,Inverse variance weighted,2,2,0,0
CACNA1H,UKB_hyperthyroid,Wald ratio,1,1,0,0
CACNA1H,FinnGen_GO,Wald ratio,1,1,0,0
CACNA1I,BBJ_Graves,Wald ratio,1,1,0,0
CACNA1I,UKB_hyperthyroid,Wald ratio,1,1,0,0
CACNA1I,FinnGen_GO,Wald ratio,1,1,0,0
CACNA2D2,UKB_hyperthyroid,Wald ratio,1,1,0,0
CACNA2D2,FinnGen_GO,Wald ratio,1,1,0,0
CACNA2D3,BBJ_Graves,Inverse variance weighted,2,2,0,0
CACNA2D3,UKB_hyperthyroid,Inverse variance weighted,2,2,0,0
CACNA2D3,FinnGen_GO,Inverse variance weighted,2,2,0,0
CACNA2D4,BBJ_Graves,Wald ratio,1,1,0,0
CACNA2D4,UKB_hyperthyroid,Wald ratio,1,1,0,0
CACNA2D4,FinnGen_GO,Wald ratio,1,1,0,0
CACNB2,BBJ_Graves,Wald ratio,1,1,0,0
CACNB2,UKB_hyperthyroid,Wald ratio,1,1,0,0
CACNB2,FinnGen_GO,Wald ratio,1,1,0,0
CACNB3,BBJ_Graves,Wald ratio,3,1,0,2
CACNB3,UKB_hyperthyroid,Inverse variance weighted,3,3,0,0
CACNB3,UKB_hyperthyroid,MR Egger,3,3,0,0
CACNB3,UKB_hyperthyroid,Weighted median,3,3,0,0
CACNB3,UKB_hyperthyroid,Weighted mode,3,3,0,0
CACNB3,FinnGen_GO,Inverse variance weighted,3,3,0,0
CACNB3,FinnGen_GO,MR Egger,3,3,0,0
CACNB3,FinnGen_GO,Weighted median,3,3,0,0
CACNB3,FinnGen_GO,Weighted mode,3,3,0,0
CACNB4,BBJ_Graves,Inverse variance weighted,2,2,1,0
CACNB4,UKB_hyperthyroid,Inverse variance weighted,2,2,1,0
CACNB4,FinnGen_GO,Inverse variance weighted,2,2,1,0
CACNG6,BBJ_Graves,Wald ratio,2,1,0,1
CACNG6,UKB_hyperthyroid,Inverse variance weighted,2,2,0,0
CACNG6,FinnGen_GO,Inverse variance weighted,2,2,0,0
CACNG8,UKB_hyperthyroid,Wald ratio,1,1,0,0
CACNG8,FinnGen_GO,Wald ratio,1,1,0,0
CAD,BBJ_Graves,Inverse variance weighted,2,2,0,0
CAD,UKB_hyperthyroid,Inverse variance weighted,2,2,0,0
CAD,FinnGen_GO,Inverse variance weighted,2,2,0,0
CALCRL,BBJ_Graves,Inverse variance weighted,2,2,0,0
CALCRL,UKB_hyperthyroid,Inverse variance weighted,2,2,0,0
CALCRL,FinnGen_GO,Inverse variance weighted,2,2,0,0
CALM1,BBJ_Graves,Wald ratio,1,1,0,0
CALM1,UKB_hyperthyroid,Wald ratio,1,1,0,0
CALM1,FinnGen_GO,Wald ratio,1,1,0,0
CALM2,BBJ_Graves,Inverse variance weighted,3,3,1,0
CALM2,BBJ_Graves,MR Egger,3,3,1,0
CALM2,BBJ_Graves,Weighted median,3,3,1,0
CALM2,BBJ_Graves,Weighted mode,3,3,1,0
CALM2,UKB_hyperthyroid,Inverse variance weighted,3,3,1,0
CALM2,UKB_hyperthyroid,MR Egger,3,3,1,0
CALM2,UKB_hyperthyroid,Weighted median,3,3,1,0
CALM2,UKB_hyperthyroid,Weighted mode,3,3,1,0
CALM2,FinnGen_GO,Inverse variance weighted,3,3,1,0
CALM2,FinnGen_GO,MR Egger,3,3,1,0
CALM2,FinnGen_GO,Weighted median,3,3,1,0
CALM2,FinnGen_GO,Weighted mode,3,3,1,0
CALM3,BBJ_Graves,Inverse variance weighted,2,2,0,0
CALM3,UKB_hyperthyroid,Inverse variance weighted,2,2,0,0
CALM3,FinnGen_GO,Inverse variance weighted,2,2,0,0
CALU,BBJ_Graves,Inverse variance weighted,2,2,0,0
CALU,UKB_hyperthyroid,Inverse variance weighted,2,2,0,0
CALU,FinnGen_GO,Inverse variance weighted,2,2,0,0
CAMK1,BBJ_Graves,Wald ratio,2,1,1,1
CAMK1,UKB_hyperthyroid,Inverse variance weighted,2,2,1,0
CAMK1,FinnGen_GO,Inverse variance weighted,2,2,1,0
CAMK1D,BBJ_Graves,Inverse variance weighted,4,3,1,1
CAMK1D,BBJ_Graves,MR Egger,4,3,1,1
CAMK1D,BBJ_Graves,Weighted median,4,3,1,1
CAMK1D,BBJ_Graves,Weighted mode,4,3,1,1
CAMK1D,UKB_hyperthyroid,Inverse variance weighted,4,4,1,0
CAMK1D,UKB_hyperthyroid,MR Egger,4,4,1,0
CAMK1D,UKB_hyperthyroid,Weighted median,4,4,1,0
CAMK1D,UKB_hyperthyroid,Weighted mode,4,4,1,0
CAMK1D,FinnGen_GO,Inverse variance weighted,4,4,1,0
CAMK1D,FinnGen_GO,MR Egger,4,4,1,0
CAMK1D,FinnGen_GO,Weighted median,4,4,1,0
CAMK1D,FinnGen_GO,Weighted mode,4,4,1,0
CAMK2D,BBJ_Graves,Inverse variance weighted,4,2,0,2
CAMK2D,UKB_hyperthyroid,Inverse variance weighted,4,4,0,0
CAMK2D,UKB_hyperthyroid,MR Egger,4,4,0,0
CAMK2D,UKB_hyperthyroid,Weighted median,4,4,0,0
CAMK2D,UKB_hyperthyroid,Weighted mode,4,4,0,0
CAMK2D,FinnGen_GO,Inverse variance weighted,4,4,0,0
CAMK2D,FinnGen_GO,MR Egger,4,4,0,0
CAMK2D,FinnGen_GO,Weighted median,4,4,0,0
CAMK2D,FinnGen_GO,Weighted mode,4,4,0,0
CAMK2G,UKB_hyperthyroid,Wald ratio,1,1,0,0
CAMK2G,FinnGen_GO,Wald ratio,1,1,0,0
CAMK4,UKB_hyperthyroid,Wald ratio,1,1,0,0
CAMK4,FinnGen_GO,Wald ratio,1,1,0,0
CAMKK1,UKB_hyperthyroid,Wald ratio,1,1,0,0
CAMKK1,FinnGen_GO,Wald ratio,1,1,0,0
CAMKK2,BBJ_Graves,Inverse variance weighted,5,2,0,3
CAMKK2,UKB_hyperthyroid,Inverse variance weighted,5,4,1,1
CAMKK2,UKB_hyperthyroid,MR Egger,5,4,1,1
CAMKK2,UKB_hyperthyroid,Weighted median,5,4,1,1
CAMKK2,UKB_hyperthyroid,Weighted mode,5,4,1,1
CAMKK2,FinnGen_GO,Inverse variance weighted,5,5,1,0
CAMKK2,FinnGen_GO,MR Egger,5,5,1,0
CAMKK2,FinnGen_GO,Weighted median,5,5,1,0
CAMKK2,FinnGen_GO,Weighted mode,5,5,1,0
CAPN1,BBJ_Graves,Inverse variance weighted,5,4,1,1
CAPN1,BBJ_Graves,MR Egger,5,4,1,1
CAPN1,BBJ_Graves,Weighted median,5,4,1,1
CAPN1,BBJ_Graves,Weighted mode,5,4,1,1
CAPN1,UKB_hyperthyroid,Inverse variance weighted,5,5,1,0
CAPN1,UKB_hyperthyroid,MR Egger,5,5,1,0
CAPN1,UKB_hyperthyroid,Weighted median,5,5,1,0
CAPN1,UKB_hyperthyroid,Weighted mode,5,5,1,0
CAPN1,FinnGen_GO,Inverse variance weighted,5,5,1,0
CAPN1,FinnGen_GO,MR Egger,5,5,1,0
CAPN1,FinnGen_GO,Weighted median,5,5,1,0
CAPN1,FinnGen_GO,Weighted mode,5,5,1,0
CAPN2,BBJ_Graves,Inverse variance weighted,3,2,0,1
CAPN2,UKB_hyperthyroid,Wald ratio,3,1,0,2
CAPN2,FinnGen_GO,Inverse variance weighted,3,3,0,0
CAPN2,FinnGen_GO,MR Egger,3,3,0,0
CAPN2,FinnGen_GO,Weighted median,3,3,0,0
CAPN2,FinnGen_GO,Weighted mode,3,3,0,0
CAPNS1,BBJ_Graves,Wald ratio,3,1,0,2
CAPNS1,UKB_hyperthyroid,Inverse variance weighted,3,3,0,0
CAPNS1,UKB_hyperthyroid,MR Egger,3,3,0,0
CAPNS1,UKB_hyperthyroid,Weighted median,3,3,0,0
CAPNS1,UKB_hyperthyroid,Weighted mode,3,3,0,0
CAPNS1,FinnGen_GO,Inverse variance weighted,3,3,0,0
CAPNS1,FinnGen_GO,MR Egger,3,3,0,0
CAPNS1,FinnGen_GO,Weighted median,3,3,0,0
CAPNS1,FinnGen_GO,Weighted mode,3,3,0,0
CAPZA1,BBJ_Graves,Wald ratio,1,1,0,0
CAPZA1,UKB_hyperthyroid,Wald ratio,1,1,0,0
CAPZA1,FinnGen_GO,Wald ratio,1,1,0,0
CAPZA2,BBJ_Graves,Wald ratio,4,1,1,3
CAPZA2,UKB_hyperthyroid,Inverse variance weighted,4,3,1,1
CAPZA2,UKB_hyperthyroid,MR Egger,4,3,1,1
CAPZA2,UKB_hyperthyroid,Weighted median,4,3,1,1
CAPZA2,UKB_hyperthyroid,Weighted mode,4,3,1,1
CAPZA2,FinnGen_GO,Inverse variance weighted,4,3,1,1
CAPZA2,FinnGen_GO,MR Egger,4,3,1,1
CAPZA2,FinnGen_GO,Weighted median,4,3,1,1
CAPZA2,FinnGen_GO,Weighted mode,4,3,1,1
CARM1,BBJ_Graves,Inverse variance weighted,2,2,0,0
CARM1,UKB_hyperthyroid,Inverse variance weighted,2,2,0,0
CARM1,FinnGen_GO,Inverse variance weighted,2,2,0,0
CASP1,BBJ_Graves,Wald ratio,3,1,1,2
CASP1,UKB_hyperthyroid,Inverse variance weighted,3,3,1,0
CASP1,UKB_hyperthyroid,MR Egger,3,3,1,0
CASP1,UKB_hyperthyroid,Weighted median,3,3,1,0
CASP1,UKB_hyperthyroid,Weighted mode,3,3,1,0
CASP1,FinnGen_GO,Inverse variance weighted,3,3,1,0
CASP1,FinnGen_GO,MR Egger,3,3,1,0
CASP1,FinnGen_GO,Weighted median,3,3,1,0
CASP1,FinnGen_GO,Weighted mode,3,3,1,0
CASP2,UKB_hyperthyroid,Inverse variance weighted,2,2,0,0
CASP2,FinnGen_GO,Inverse variance weighted,2,2,0,0
CASP3,BBJ_Graves,Inverse variance weighted,4,2,0,2
CASP3,UKB_hyperthyroid,Inverse variance weighted,4,4,0,0
CASP3,UKB_hyperthyroid,MR Egger,4,4,0,0
CASP3,UKB_hyperthyroid,Weighted median,4,4,0,0
CASP3,UKB_hyperthyroid,Weighted mode,4,4,0,0
CASP3,FinnGen_GO,Inverse variance weighted,4,4,0,0
CASP3,FinnGen_GO,MR Egger,4,4,0,0
CASP3,FinnGen_GO,Weighted median,4,4,0,0
CASP3,FinnGen_GO,Weighted mode,4,4,0,0
CASP6,BBJ_Graves,Wald ratio,1,1,0,0
CASP6,UKB_hyperthyroid,Wald ratio,1,1,0,0
CASP6,FinnGen_GO,Wald ratio,1,1,0,0
CASP7,BBJ_Graves,Inverse variance weighted,4,3,1,1
CASP7,BBJ_Graves,MR Egger,4,3,1,1
CASP7,BBJ_Graves,Weighted median,4,3,1,1
CASP7,BBJ_Graves,Weighted mode,4,3,1,1
CASP7,UKB_hyperthyroid,Inverse variance weighted,4,2,1,2
CASP7,FinnGen_GO,Inverse variance weighted,4,4,1,0
CASP7,FinnGen_GO,MR Egger,4,4,1,0
CASP7,FinnGen_GO,Weighted median,4,4,1,0
CASP7,FinnGen_GO,Weighted mode,4,4,1,0
CASP8,BBJ_Graves,Inverse variance weighted,3,2,0,1
CASP8,UKB_hyperthyroid,Inverse variance weighted,3,3,0,0
CASP8,UKB_hyperthyroid,MR Egger,3,3,0,0
CASP8,UKB_hyperthyroid,Weighted median,3,3,0,0
CASP8,UKB_hyperthyroid,Weighted mode,3,3,0,0
CASP8,FinnGen_GO,Inverse variance weighted,3,3,0,0
CASP8,FinnGen_GO,MR Egger,3,3,0,0
CASP8,FinnGen_GO,Weighted median,3,3,0,0
CASP8,FinnGen_GO,Weighted mode,3,3,0,0
CASP9,BBJ_Graves,Inverse variance weighted,3,2,0,1
CASP9,UKB_hyperthyroid,Inverse variance weighted,3,3,0,0
CASP9,UKB_hyperthyroid,MR Egger,3,3,0,0
CASP9,UKB_hyperthyroid,Weighted median,3,3,0,0
CASP9,UKB_hyperthyroid,Weighted mode,3,3,0,0
CASP9,FinnGen_GO,Inverse variance weighted,3,2,0,1
CAT,BBJ_Graves,Inverse variance weighted,3,2,0,1
CAT,UKB_hyperthyroid,Inverse variance weighted,3,3,0,0
CAT,UKB_hyperthyroid,MR Egger,3,3,0,0
CAT,UKB_hyperthyroid,Weighted median,3,3,0,0
CAT,UKB_hyperthyroid,Weighted mode,3,3,0,0
CAT,FinnGen_GO,Inverse variance weighted,3,3,0,0
CAT,FinnGen_GO,MR Egger,3,3,0,0
CAT,FinnGen_GO,Weighted median,3,3,0,0
CAT,FinnGen_GO,Weighted mode,3,3,0,0
CATSPER1,BBJ_Graves,Inverse variance weighted,2,2,1,0
CATSPER1,UKB_hyperthyroid,Inverse variance weighted,2,2,1,0
CATSPER1,FinnGen_GO,Wald ratio,2,1,1,1
CATSPER2,BBJ_Graves,Wald ratio,2,1,0,1
CATSPER2,UKB_hyperthyroid,Inverse variance weighted,2,2,0,0
CATSPER2,FinnGen_GO,Inverse variance weighted,2,2,0,0
CBLN3,BBJ_Graves,Inverse variance weighted,5,4,0,1
CBLN3,BBJ_Graves,MR Egger,5,4,0,1
CBLN3,BBJ_Graves,Weighted median,5,4,0,1
CBLN3,BBJ_Graves,Weighted mode,5,4,0,1
CBLN3,UKB_hyperthyroid,Inverse variance weighted,5,5,0,0
CBLN3,UKB_hyperthyroid,MR Egger,5,5,0,0
CBLN3,UKB_hyperthyroid,Weighted median,5,5,0,0
CBLN3,UKB_hyperthyroid,Weighted mode,5,5,0,0
CBLN3,FinnGen_GO,Inverse variance weighted,5,5,0,0
CBLN3,FinnGen_GO,MR Egger,5,5,0,0
CBLN3,FinnGen_GO,Weighted median,5,5,0,0
CBLN3,FinnGen_GO,Weighted mode,5,5,0,0
CBR1,BBJ_Graves,Wald ratio,4,1,0,3
CBR1,UKB_hyperthyroid,Inverse variance weighted,4,4,0,0
CBR1,UKB_hyperthyroid,MR Egger,4,4,0,0
CBR1,UKB_hyperthyroid,Weighted median,4,4,0,0
CBR1,UKB_hyperthyroid,Weighted mode,4,4,0,0
CBR1,FinnGen_GO,Inverse variance weighted,4,4,0,0
CBR1,FinnGen_GO,MR Egger,4,4,0,0
CBR1,FinnGen_GO,Weighted median,4,4,0,0
CBR1,FinnGen_GO,Weighted mode,4,4,0,0
CBR3,BBJ_Graves,Inverse variance weighted,4,4,0,0
CBR3,BBJ_Graves,MR Egger,4,4,0,0
CBR3,BBJ_Graves,Weighted median,4,4,0,0
CBR3,BBJ_Graves,Weighted mode,4,4,0,0
CBR3,UKB_hyperthyroid,Inverse variance weighted,4,4,0,0
CBR3,UKB_hyperthyroid,MR Egger,4,4,0,0
CBR3,UKB_hyperthyroid,Weighted median,4,4,0,0
CBR3,UKB_hyperthyroid,Weighted mode,4,4,0,0
CBR3,FinnGen_GO,Inverse variance weighted,4,4,0,0
CBR3,FinnGen_GO,MR Egger,4,4,0,0
CBR3,FinnGen_GO,Weighted median,4,4,0,0
CBR3,FinnGen_GO,Weighted mode,4,4,0,0
CCDC3,BBJ_Graves,Inverse variance weighted,4,2,0,2
CCDC3,UKB_hyperthyroid,Inverse variance weighted,4,3,0,1
CCDC3,UKB_hyperthyroid,MR Egger,4,3,0,1
CCDC3,UKB_hyperthyroid,Weighted median,4,3,0,1
CCDC3,UKB_hyperthyroid,Weighted mode,4,3,0,1
CCDC3,FinnGen_GO,Inverse variance weighted,4,3,0,1
CCDC3,FinnGen_GO,MR Egger,4,3,0,1
CCDC3,FinnGen_GO,Weighted median,4,3,0,1
CCDC3,FinnGen_GO,Weighted mode,4,3,0,1
CCL2,UKB_hyperthyroid,Wald ratio,1,1,1,0
CCL2,FinnGen_GO,Wald ratio,1,1,1,0
CCL23,BBJ_Graves,Inverse variance weighted,4,2,0,2
CCL23,UKB_hyperthyroid,Inverse variance weighted,4,4,0,0
CCL23,UKB_hyperthyroid,MR Egger,4,4,0,0
CCL23,UKB_hyperthyroid,Weighted median,4,4,0,0
CCL23,UKB_hyperthyroid,Weighted mode,4,4,0,0
CCL23,FinnGen_GO,Inverse variance weighted,4,4,0,0
CCL23,FinnGen_GO,MR Egger,4,4,0,0
CCL23,FinnGen_GO,Weighted median,4,4,0,0
CCL23,FinnGen_GO,Weighted mode,4,4,0,0
CCL25,BBJ_Graves,Wald ratio,1,1,0,0
CCL25,UKB_hyperthyroid,Wald ratio,1,1,0,0
CCL25,FinnGen_GO,Wald ratio,1,1,0,0
CCL28,BBJ_Graves,Wald ratio,1,1,0,0
CCL28,UKB_hyperthyroid,Wald ratio,1,1,0,0
CCL28,FinnGen_GO,Wald ratio,1,1,0,0
CCL3,BBJ_Graves,Wald ratio,2,1,0,1
CCL3,UKB_hyperthyroid,Inverse variance weighted,2,2,0,0
CCL3,FinnGen_GO,Wald ratio,2,1,0,1
CCL3L1,BBJ_Graves,Wald ratio,3,1,0,2
CCL3L1,UKB_hyperthyroid,Inverse variance weighted,3,3,0,0
CCL3L1,UKB_hyperthyroid,MR Egger,3,3,0,0
CCL3L1,UKB_hyperthyroid,Weighted median,3,3,0,0
CCL3L1,UKB_hyperthyroid,Weighted mode,3,3,0,0
CCL3L1,FinnGen_GO,Inverse variance weighted,3,3,0,0
CCL3L1,FinnGen_GO,MR Egger,3,3,0,0
CCL3L1,FinnGen_GO,Weighted median,3,3,0,0
CCL3L1,FinnGen_GO,Weighted mode,3,3,0,0
CCL3L3,BBJ_Graves,Wald ratio,2,1,0,1
CCL3L3,UKB_hyperthyroid,Inverse variance weighted,2,2,0,0
CCL3L3,FinnGen_GO,Inverse variance weighted,2,2,0,0
CCL4,BBJ_Graves,Wald ratio,1,1,1,0
CCL4,UKB_hyperthyroid,Wald ratio,1,1,1,0
CCL4,FinnGen_GO,Wald ratio,1,1,1,0
CCL4L1,UKB_hyperthyroid,Inverse variance weighted,3,3,0,0
CCL4L1,UKB_hyperthyroid,MR Egger,3,3,0,0
CCL4L1,UKB_hyperthyroid,Weighted median,3,3,0,0
CCL4L1,UKB_hyperthyroid,Weighted mode,3,3,0,0
CCL4L1,FinnGen_GO,Inverse variance weighted,3,2,0,1
CCL4L2,BBJ_Graves,Wald ratio,2,1,0,1
CCL4L2,UKB_hyperthyroid,Inverse variance weighted,2,2,0,0
CCL4L2,FinnGen_GO,Wald ratio,2,1,0,1
CCL5,BBJ_Graves,Inverse variance weighted,2,2,0,0
CCL5,UKB_hyperthyroid,Inverse variance weighted,2,2,0,0
CCL5,FinnGen_GO,Inverse variance weighted,2,2,0,0
CCL8,BBJ_Graves,Wald ratio,1,1,0,0
CCL8,UKB_hyperthyroid,Wald ratio,1,1,0,0
CCL8,FinnGen_GO,Wald ratio,1,1,0,0
CCNA1,BBJ_Graves,Wald ratio,1,1,0,0
CCNA1,UKB_hyperthyroid,Wald ratio,1,1,0,0
CCNA1,FinnGen_GO,Wald ratio,1,1,0,0
CCNA2,UKB_hyperthyroid,Wald ratio,1,1,1,0
CCNB1,BBJ_Graves,Wald ratio,1,1,0,0
CCNB1,UKB_hyperthyroid,Wald ratio,1,1,0,0
CCNB1,FinnGen_GO,Wald ratio,1,1,0,0
CCND1,UKB_hyperthyroid,Wald ratio,1,1,0,0
CCND2,BBJ_Graves,Inverse variance weighted,2,2,0,0
CCND2,UKB_hyperthyroid,Inverse variance weighted,2,2,0,0
CCND2,FinnGen_GO,Inverse variance weighted,2,2,0,0
CCND3,BBJ_Graves,Wald ratio,1,1,0,0
CCND3,UKB_hyperthyroid,Wald ratio,1,1,0,0
CCND3,FinnGen_GO,Wald ratio,1,1,0,0
CCNE1,BBJ_Graves,Wald ratio,2,1,0,1
CCNE1,UKB_hyperthyroid,Wald ratio,2,1,1,1
CCNE1,FinnGen_GO,Wald ratio,2,1,1,1
CCNE2,BBJ_Graves,Wald ratio,1,1,0,0
CCNE2,UKB_hyperthyroid,Wald ratio,1,1,0,0
CCNE2,FinnGen_GO,Wald ratio,1,1,0,0
CCNH,BBJ_Graves,Wald ratio,1,1,0,0
CCNH,UKB_hyperthyroid,Wald ratio,1,1,0,0
CCNH,FinnGen_GO,Wald ratio,1,1,0,0
CCNT1,BBJ_Graves,Wald ratio,2,1,0,1
CCNT1,UKB_hyperthyroid,Inverse variance weighted,2,2,0,0
CCNT1,FinnGen_GO,Wald ratio,2,1,0,1
CCR1,BBJ_Graves,Inverse variance weighted,6,4,1,2
CCR1,BBJ_Graves,MR Egger,6,4,1,2
CCR1,BBJ_Graves,Weighted median,6,4,1,2
CCR1,BBJ_Graves,Weighted mode,6,4,1,2
CCR1,UKB_hyperthyroid,Inverse variance weighted,6,4,1,2
CCR1,UKB_hyperthyroid,MR Egger,6,4,1,2
CCR1,UKB_hyperthyroid,Weighted median,6,4,1,2
CCR1,UKB_hyperthyroid,Weighted mode,6,4,1,2
CCR1,FinnGen_GO,Inverse variance weighted,6,6,1,0
CCR1,FinnGen_GO,MR Egger,6,6,1,0
CCR1,FinnGen_GO,Weighted median,6,6,1,0
CCR1,FinnGen_GO,Weighted mode,6,6,1,0
CCR10,UKB_hyperthyroid,Wald ratio,1,1,0,0
CCR10,FinnGen_GO,Wald ratio,1,1,0,0
CCR2,BBJ_Graves,Inverse variance weighted,4,4,1,0
CCR2,BBJ_Graves,MR Egger,4,4,1,0
CCR2,BBJ_Graves,Weighted median,4,4,1,0
CCR2,BBJ_Graves,Weighted mode,4,4,1,0
CCR2,UKB_hyperthyroid,Inverse variance weighted,4,4,1,0
CCR2,UKB_hyperthyroid,MR Egger,4,4,1,0
CCR2,UKB_hyperthyroid,Weighted median,4,4,1,0
CCR2,UKB_hyperthyroid,Weighted mode,4,4,1,0
CCR2,FinnGen_GO,Inverse variance weighted,4,4,1,0
CCR2,FinnGen_GO,MR Egger,4,4,1,0
CCR2,FinnGen_GO,Weighted median,4,4,1,0
CCR2,FinnGen_GO,Weighted mode,4,4,1,0
CCR3,BBJ_Graves,Inverse variance weighted,4,2,0,2
CCR3,UKB_hyperthyroid,Inverse variance weighted,4,3,0,1
CCR3,UKB_hyperthyroid,MR Egger,4,3,0,1
CCR3,UKB_hyperthyroid,Weighted median,4,3,0,1
CCR3,UKB_hyperthyroid,Weighted mode,4,3,0,1
CCR3,FinnGen_GO,Inverse variance weighted,4,3,0,1
CCR3,FinnGen_GO,MR Egger,4,3,0,1
CCR3,FinnGen_GO,Weighted median,4,3,0,1
CCR3,FinnGen_GO,Weighted mode,4,3,0,1
CCR4,BBJ_Graves,Inverse variance weighted,2,2,0,0
CCR4,UKB_hyperthyroid,Inverse variance weighted,2,2,0,0
CCR4,FinnGen_GO,Inverse variance weighted,2,2,0,0
CCR5,BBJ_Graves,Inverse variance weighted,2,2,0,0
CCR5,UKB_hyperthyroid,Inverse variance weighted,2,2,0,0
CCR5,FinnGen_GO,Inverse variance weighted,2,2,0,0
CCR6,BBJ_Graves,Inverse variance weighted,2,2,0,0
CCR6,UKB_hyperthyroid,Inverse variance weighted,2,2,0,0
CCR6,FinnGen_GO,Inverse variance weighted,2,2,0,0
CCR7,BBJ_Graves,Wald ratio,1,1,0,0
CCR7,UKB_hyperthyroid,Wald ratio,1,1,0,0
CCR7,FinnGen_GO,Wald ratio,1,1,0,0
CCR8,BBJ_Graves,Wald ratio,2,1,0,1
CCR8,UKB_hyperthyroid,Inverse variance weighted,2,2,0,0
CCR8,FinnGen_GO,Inverse variance weighted,2,2,0,0
CCR9,BBJ_Graves,Wald ratio,1,1,0,0
CCR9,UKB_hyperthyroid,Wald ratio,1,1,0,0
CCR9,FinnGen_GO,Wald ratio,1,1,0,0
CCRL2,BBJ_Graves,Inverse variance weighted,2,2,0,0
CCRL2,UKB_hyperthyroid,Inverse variance weighted,2,2,0,0
CCRL2,FinnGen_GO,Inverse variance weighted,2,2,0,0
CD101,BBJ_Graves,Wald ratio,7,1,0,6
CD101,UKB_hyperthyroid,Inverse variance weighted,7,5,0,2
CD101,UKB_hyperthyroid,MR Egger,7,5,0,2
CD101,UKB_hyperthyroid,Weighted median,7,5,0,2
CD101,UKB_hyperthyroid,Weighted mode,7,5,0,2
CD101,FinnGen_GO,Inverse variance weighted,7,7,0,0
CD101,FinnGen_GO,MR Egger,7,7,0,0
CD101,FinnGen_GO,Weighted median,7,7,0,0
CD101,FinnGen_GO,Weighted mode,7,7,0,0
CD109,BBJ_Graves,Wald ratio,2,1,0,1
CD109,UKB_hyperthyroid,Inverse variance weighted,2,2,0,0
CD109,FinnGen_GO,Wald ratio,2,1,0,1
CD14,BBJ_Graves,Inverse variance weighted,3,2,0,1
CD14,UKB_hyperthyroid,Inverse variance weighted,3,3,0,0
CD14,UKB_hyperthyroid,MR Egger,3,3,0,0
CD14,UKB_hyperthyroid,Weighted median,3,3,0,0
CD14,UKB_hyperthyroid,Weighted mode,3,3,0,0
CD14,FinnGen_GO,Inverse variance weighted,3,3,0,0
CD14,FinnGen_GO,MR Egger,3,3,0,0
CD14,FinnGen_GO,Weighted median,3,3,0,0
CD14,FinnGen_GO,Weighted mode,3,3,0,0
CD151,BBJ_Graves,Inverse variance weighted,6,4,0,2
CD151,BBJ_Graves,MR Egger,6,4,0,2
CD151,BBJ_Graves,Weighted median,6,4,0,2
CD151,BBJ_Graves,Weighted mode,6,4,0,2
CD151,UKB_hyperthyroid,Inverse variance weighted,6,5,0,1
CD151,UKB_hyperthyroid,MR Egger,6,5,0,1
CD151,UKB_hyperthyroid,Weighted median,6,5,0,1
CD151,UKB_hyperthyroid,Weighted mode,6,5,0,1
CD151,FinnGen_GO,Inverse variance weighted,6,5,0,1
CD151,FinnGen_GO,MR Egger,6,5,0,1
CD151,FinnGen_GO,Weighted median,6,5,0,1
CD151,FinnGen_GO,Weighted mode,6,5,0,1
CD160,BBJ_Graves,Wald ratio,1,1,0,0
CD160,UKB_hyperthyroid,Wald ratio,1,1,0,0
CD160,FinnGen_GO,Wald ratio,1,1,0,0
CD163,BBJ_Graves,Inverse variance weighted,2,2,0,0
CD163,UKB_hyperthyroid,Inverse variance weighted,2,2,0,0
CD163,FinnGen_GO,Inverse variance weighted,2,2,0,0
CD163L1,BBJ_Graves,Inverse variance weighted,2,2,0,0
CD163L1,UKB_hyperthyroid,Inverse variance weighted,2,2,0,0
CD163L1,FinnGen_GO,Inverse variance weighted,2,2,0,0
CD164,BBJ_Graves,Inverse variance weighted,2,2,0,0
CD164,UKB_hyperthyroid,Inverse variance weighted,2,2,0,0
CD164,FinnGen_GO,Inverse variance weighted,2,2,0,0
CD164L2,UKB_hyperthyroid,Wald ratio,1,1,0,0
CD164L2,FinnGen_GO,Wald ratio,1,1,0,0
CD177,UKB_hyperthyroid,Inverse variance weighted,3,3,0,0
CD177,UKB_hyperthyroid,MR Egger,3,3,0,0
CD177,UKB_hyperthyroid,Weighted median,3,3,0,0
CD177,UKB_hyperthyroid,Weighted mode,3,3,0,0
CD177,FinnGen_GO,Inverse variance weighted,3,3,0,0
CD177,FinnGen_GO,MR Egger,3,3,0,0
CD177,FinnGen_GO,Weighted median,3,3,0,0
CD177,FinnGen_GO,Weighted mode,3,3,0,0
CD180,BBJ_Graves,Wald ratio,1,1,1,0
CD180,UKB_hyperthyroid,Wald ratio,1,1,1,0
CD180,FinnGen_GO,Wald ratio,1,1,1,0
CD1A,UKB_hyperthyroid,Inverse variance weighted,4,2,0,2
CD1A,FinnGen_GO,Inverse variance weighted,4,3,0,1
CD1A,FinnGen_GO,MR Egger,4,3,0,1
CD1A,FinnGen_GO,Weighted median,4,3,0,1
CD1A,FinnGen_GO,Weighted mode,4,3,0,1
CD1B,BBJ_Graves,Inverse variance weighted,3,3,1,0
CD1B,BBJ_Graves,MR Egger,3,3,1,0
CD1B,BBJ_Graves,Weighted median,3,3,1,0
CD1B,BBJ_Graves,Weighted mode,3,3,1,0
CD1B,UKB_hyperthyroid,Inverse variance weighted,3,3,1,0
CD1B,UKB_hyperthyroid,MR Egger,3,3,1,0
CD1B,UKB_hyperthyroid,Weighted median,3,3,1,0
CD1B,UKB_hyperthyroid,Weighted mode,3,3,1,0
CD1B,FinnGen_GO,Inverse variance weighted,3,3,1,0
CD1B,FinnGen_GO,MR Egger,3,3,1,0
CD1B,FinnGen_GO,Weighted median,3,3,1,0
CD1B,FinnGen_GO,Weighted mode,3,3,1,0
CD1C,BBJ_Graves,Inverse variance weighted,2,2,0,0
CD1C,UKB_hyperthyroid,Inverse variance weighted,2,2,0,0
CD1C,FinnGen_GO,Inverse variance weighted,2,2,0,0
CD1D,UKB_hyperthyroid,Wald ratio,1,1,0,0
CD1D,FinnGen_GO,Wald ratio,1,1,0,0
CD1E,BBJ_Graves,Inverse variance weighted,3,3,1,0
CD1E,BBJ_Graves,MR Egger,3,3,1,0
CD1E,BBJ_Graves,Weighted median,3,3,1,0
CD1E,BBJ_Graves,Weighted mode,3,3,1,0
CD1E,UKB_hyperthyroid,Inverse variance weighted,3,3,1,0
CD1E,UKB_hyperthyroid,MR Egger,3,3,1,0
CD1E,UKB_hyperthyroid,Weighted median,3,3,1,0
CD1E,UKB_hyperthyroid,Weighted mode,3,3,1,0
CD1E,FinnGen_GO,Inverse variance weighted,3,3,1,0
CD1E,FinnGen_GO,MR Egger,3,3,1,0
CD1E,FinnGen_GO,Weighted median,3,3,1,0
CD1E,FinnGen_GO,Weighted mode,3,3,1,0
CD2,BBJ_Graves,Wald ratio,1,1,0,0
CD2,UKB_hyperthyroid,Wald ratio,1,1,0,0
CD2,FinnGen_GO,Wald ratio,1,1,0,0
CD200,BBJ_Graves,Wald ratio,1,1,0,0
CD200,UKB_hyperthyroid,Wald ratio,1,1,0,0
CD200,FinnGen_GO,Wald ratio,1,1,0,0
CD200R1,BBJ_Graves,Inverse variance weighted,4,3,0,1
CD200R1,BBJ_Graves,MR Egger,4,3,0,1
CD200R1,BBJ_Graves,Weighted median,4,3,0,1
CD200R1,BBJ_Graves,Weighted mode,4,3,0,1
CD200R1,UKB_hyperthyroid,Inverse variance weighted,4,4,0,0
CD200R1,UKB_hyperthyroid,MR Egger,4,4,0,0
CD200R1,UKB_hyperthyroid,Weighted median,4,4,0,0
CD200R1,UKB_hyperthyroid,Weighted mode,4,4,0,0
CD200R1,FinnGen_GO,Inverse variance weighted,4,4,0,0
CD200R1,FinnGen_GO,MR Egger,4,4,0,0
CD200R1,FinnGen_GO,Weighted median,4,4,0,0
CD200R1,FinnGen_GO,Weighted mode,4,4,0,0
CD207,BBJ_Graves,Wald ratio,1,1,0,0
CD207,UKB_hyperthyroid,Wald ratio,1,1,0,0
CD207,FinnGen_GO,Wald ratio,1,1,0,0
CD209,BBJ_Graves,Wald ratio,2,1,0,1
CD209,UKB_hyperthyroid,Inverse variance weighted,2,2,0,0
CD209,FinnGen_GO,Inverse variance weighted,2,2,0,0
CD22,BBJ_Graves,Wald ratio,1,1,0,0
CD22,UKB_hyperthyroid,Wald ratio,1,1,0,0
CD22,FinnGen_GO,Wald ratio,1,1,0,0
CD226,BBJ_Graves,Wald ratio,2,1,0,1
CD226,UKB_hyperthyroid,Inverse variance weighted,2,2,0,0
CD226,FinnGen_GO,Inverse variance weighted,2,2,0,0
CD244,BBJ_Graves,Inverse variance weighted,6,2,0,4
CD244,UKB_hyperthyroid,Inverse variance weighted,6,4,0,2
CD244,UKB_hyperthyroid,MR Egger,6,4,0,2
CD244,UKB_hyperthyroid,Weighted median,6,4,0,2
CD244,UKB_hyperthyroid,Weighted mode,6,4,0,2
CD244,FinnGen_GO,Inverse variance weighted,6,5,0,1
CD244,FinnGen_GO,MR Egger,6,5,0,1
CD244,FinnGen_GO,Weighted median,6,5,0,1
CD244,FinnGen_GO,Weighted mode,6,5,0,1
CD247,BBJ_Graves,Inverse variance weighted,2,2,0,0
CD247,UKB_hyperthyroid,Inverse variance weighted,2,2,0,0
CD247,FinnGen_GO,Inverse variance weighted,2,2,0,0
CD27,BBJ_Graves,Wald ratio,2,1,0,1
CD27,UKB_hyperthyroid,Inverse variance weighted,2,2,0,0
CD27,FinnGen_GO,Inverse variance weighted,2,2,0,0
CD274,BBJ_Graves,Wald ratio,1,1,0,0
CD274,UKB_hyperthyroid,Wald ratio,1,1,0,0
CD274,FinnGen_GO,Wald ratio,1,1,0,0
CD28,UKB_hyperthyroid,Wald ratio,1,1,1,0
CD28,FinnGen_GO,Wald ratio,1,1,1,0
CD300A,BBJ_Graves,Inverse variance weighted,4,2,0,2
CD300A,UKB_hyperthyroid,Inverse variance weighted,4,3,0,1
CD300A,UKB_hyperthyroid,MR Egger,4,3,0,1
CD300A,UKB_hyperthyroid,Weighted median,4,3,0,1
CD300A,UKB_hyperthyroid,Weighted mode,4,3,0,1
CD300A,FinnGen_GO,Inverse variance weighted,4,4,0,0
CD300A,FinnGen_GO,MR Egger,4,4,0,0
CD300A,FinnGen_GO,Weighted median,4,4,0,0
CD300A,FinnGen_GO,Weighted mode,4,4,0,0
CD300C,BBJ_Graves,Inverse variance weighted,8,6,2,2
CD300C,BBJ_Graves,MR Egger,8,6,2,2
CD300C,BBJ_Graves,Weighted median,8,6,2,2
CD300C,BBJ_Graves,Weighted mode,8,6,2,2
CD300C,UKB_hyperthyroid,Inverse variance weighted,8,5,1,3
CD300C,UKB_hyperthyroid,MR Egger,8,5,1,3
CD300C,UKB_hyperthyroid,Weighted median,8,5,1,3
CD300C,UKB_hyperthyroid,Weighted mode,8,5,1,3
CD300C,FinnGen_GO,Inverse variance weighted,8,7,1,1
CD300C,FinnGen_GO,MR Egger,8,7,1,1
CD300C,FinnGen_GO,Weighted median,8,7,1,1
CD300C,FinnGen_GO,Weighted mode,8,7,1,1
CD300E,BBJ_Graves,Inverse variance weighted,4,2,0,2
CD300E,UKB_hyperthyroid,Inverse variance weighted,4,4,0,0
CD300E,UKB_hyperthyroid,MR Egger,4,4,0,0
CD300E,UKB_hyperthyroid,Weighted median,4,4,0,0
CD300E,UKB_hyperthyroid,Weighted mode,4,4,0,0
CD300E,FinnGen_GO,Inverse variance weighted,4,4,0,0
CD300E,FinnGen_GO,MR Egger,4,4,0,0
CD300E,FinnGen_GO,Weighted median,4,4,0,0
CD300E,FinnGen_GO,Weighted mode,4,4,0,0
CD300LB,BBJ_Graves,Inverse variance weighted,6,2,0,4
CD300LB,UKB_hyperthyroid,Inverse variance weighted,6,6,0,0
CD300LB,UKB_hyperthyroid,MR Egger,6,6,0,0
CD300LB,UKB_hyperthyroid,Weighted median,6,6,0,0
CD300LB,UKB_hyperthyroid,Weighted mode,6,6,0,0
CD300LB,FinnGen_GO,Inverse variance weighted,6,6,0,0
CD300LB,FinnGen_GO,MR Egger,6,6,0,0
CD300LB,FinnGen_GO,Weighted median,6,6,0,0
CD300LB,FinnGen_GO,Weighted mode,6,6,0,0
CD300LD,BBJ_Graves,Inverse variance weighted,3,2,0,1
CD300LD,UKB_hyperthyroid,Inverse variance weighted,3,3,0,0
CD300LD,UKB_hyperthyroid,MR Egger,3,3,0,0
CD300LD,UKB_hyperthyroid,Weighted median,3,3,0,0
CD300LD,UKB_hyperthyroid,Weighted mode,3,3,0,0
CD300LD,FinnGen_GO,Inverse variance weighted,3,3,0,0
CD300LD,FinnGen_GO,MR Egger,3,3,0,0
CD300LD,FinnGen_GO,Weighted median,3,3,0,0
CD300LD,FinnGen_GO,Weighted mode,3,3,0,0
CD300LF,BBJ_Graves,Inverse variance weighted,3,3,0,0
CD300LF,BBJ_Graves,MR Egger,3,3,0,0
CD300LF,BBJ_Graves,Weighted median,3,3,0,0
CD300LF,BBJ_Graves,Weighted mode,3,3,0,0
CD300LF,UKB_hyperthyroid,Inverse variance weighted,3,3,0,0
CD300LF,UKB_hyperthyroid,MR Egger,3,3,0,0
CD300LF,UKB_hyperthyroid,Weighted median,3,3,0,0
CD300LF,UKB_hyperthyroid,Weighted mode,3,3,0,0
CD300LF,FinnGen_GO,Inverse variance weighted,3,3,0,0
CD300LF,FinnGen_GO,MR Egger,3,3,0,0
CD300LF,FinnGen_GO,Weighted median,3,3,0,0
CD300LF,FinnGen_GO,Weighted mode,3,3,0,0
CD302,BBJ_Graves,Inverse variance weighted,4,2,0,2
CD302,UKB_hyperthyroid,Inverse variance weighted,4,4,0,0
CD302,UKB_hyperthyroid,MR Egger,4,4,0,0
CD302,UKB_hyperthyroid,Weighted median,4,4,0,0
CD302,UKB_hyperthyroid,Weighted mode,4,4,0,0
CD302,FinnGen_GO,Inverse variance weighted,4,4,0,0
CD302,FinnGen_GO,MR Egger,4,4,0,0
CD302,FinnGen_GO,Weighted median,4,4,0,0
CD302,FinnGen_GO,Weighted mode,4,4,0,0
CD320,BBJ_Graves,Inverse variance weighted,5,4,0,1
CD320,BBJ_Graves,MR Egger,5,4,0,1
CD320,BBJ_Graves,Weighted median,5,4,0,1
CD320,BBJ_Graves,Weighted mode,5,4,0,1
CD320,UKB_hyperthyroid,Inverse variance weighted,5,5,0,0
CD320,UKB_hyperthyroid,MR Egger,5,5,0,0
CD320,UKB_hyperthyroid,Weighted median,5,5,0,0
CD320,UKB_hyperthyroid,Weighted mode,5,5,0,0
CD320,FinnGen_GO,Inverse variance weighted,5,5,0,0
CD320,FinnGen_GO,MR Egger,5,5,0,0
CD320,FinnGen_GO,Weighted median,5,5,0,0
CD320,FinnGen_GO,Weighted mode,5,5,0,0
CD33,BBJ_Graves,Wald ratio,3,1,0,2
CD33,UKB_hyperthyroid,Inverse variance weighted,3,3,0,0
CD33,UKB_hyperthyroid,MR Egger,3,3,0,0
CD33,UKB_hyperthyroid,Weighted median,3,3,0,0
CD33,UKB_hyperthyroid,Weighted mode,3,3,0,0
CD33,FinnGen_GO,Inverse variance weighted,3,3,0,0
CD33,FinnGen_GO,MR Egger,3,3,0,0
CD33,FinnGen_GO,Weighted median,3,3,0,0
CD33,FinnGen_GO,Weighted mode,3,3,0,0
CD34,BBJ_Graves,Wald ratio,1,1,0,0
CD34,UKB_hyperthyroid,Wald ratio,1,1,0,0
CD34,FinnGen_GO,Wald ratio,1,1,0,0
CD36,BBJ_Graves,Wald ratio,6,1,1,5
CD36,UKB_hyperthyroid,Inverse variance weighted,6,5,1,1
CD36,UKB_hyperthyroid,MR Egger,6,5,1,1
CD36,UKB_hyperthyroid,Weighted median,6,5,1,1
CD36,UKB_hyperthyroid,Weighted mode,6,5,1,1
CD36,FinnGen_GO,Inverse variance weighted,6,5,1,1
CD36,FinnGen_GO,MR Egger,6,5,1,1
CD36,FinnGen_GO,Weighted median,6,5,1,1
CD36,FinnGen_GO,Weighted mode,6,5,1,1
CD37,BBJ_Graves,Inverse variance weighted,3,2,0,1
CD37,UKB_hyperthyroid,Inverse variance weighted,3,3,0,0
CD37,UKB_hyperthyroid,MR Egger,3,3,0,0
CD37,UKB_hyperthyroid,Weighted median,3,3,0,0
CD37,UKB_hyperthyroid,Weighted mode,3,3,0,0
CD37,FinnGen_GO,Inverse variance weighted,3,3,0,0
CD37,FinnGen_GO,MR Egger,3,3,0,0
CD37,FinnGen_GO,Weighted median,3,3,0,0
CD37,FinnGen_GO,Weighted mode,3,3,0,0
CD38,BBJ_Graves,Wald ratio,1,1,0,0
CD38,UKB_hyperthyroid,Wald ratio,1,1,0,0
CD38,FinnGen_GO,Wald ratio,1,1,0,0
CD3D,BBJ_Graves,Wald ratio,1,1,1,0
CD3D,UKB_hyperthyroid,Wald ratio,1,1,1,0
CD3D,FinnGen_GO,Wald ratio,1,1,1,0
CD3E,BBJ_Graves,Wald ratio,1,1,0,0
CD3E,UKB_hyperthyroid,Wald ratio,1,1,0,0
CD3E,FinnGen_GO,Wald ratio,1,1,0,0
CD3G,UKB_hyperthyroid,Wald ratio,1,1,1,0
CD3G,FinnGen_GO,Wald ratio,1,1,1,0
CD4,BBJ_Graves,Inverse variance weighted,3,2,1,1
CD4,UKB_hyperthyroid,Inverse variance weighted,3,3,1,0
CD4,UKB_hyperthyroid,MR Egger,3,3,1,0
CD4,UKB_hyperthyroid,Weighted median,3,3,1,0
CD4,UKB_hyperthyroid,Weighted mode,3,3,1,0
CD4,FinnGen_GO,Inverse variance weighted,3,3,1,0
CD4,FinnGen_GO,MR Egger,3,3,1,0
CD4,FinnGen_GO,Weighted median,3,3,1,0
CD4,FinnGen_GO,Weighted mode,3,3,1,0
CD40,BBJ_Graves,Inverse variance weighted,3,2,2,1
CD40,UKB_hyperthyroid,Inverse variance weighted,3,2,2,1
CD40,FinnGen_GO,Inverse variance weighted,3,2,2,1
CD44,BBJ_Graves,Inverse variance weighted,3,2,0,1
CD44,UKB_hyperthyroid,Inverse variance weighted,3,3,1,0
CD44,UKB_hyperthyroid,MR Egger,3,3,1,0
CD44,UKB_hyperthyroid,Weighted median,3,3,1,0
CD44,UKB_hyperthyroid,Weighted mode,3,3,1,0
CD44,FinnGen_GO,Inverse variance weighted,3,3,1,0
CD44,FinnGen_GO,MR Egger,3,3,1,0
CD44,FinnGen_GO,Weighted median,3,3,1,0
CD44,FinnGen_GO,Weighted mode,3,3,1,0
CD46,BBJ_Graves,Wald ratio,1,1,0,0
CD46,UKB_hyperthyroid,Wald ratio,1,1,0,0
CD46,FinnGen_GO,Wald ratio,1,1,0,0
CD47,BBJ_Graves,Inverse variance weighted,5,3,1,2
CD47,BBJ_Graves,MR Egger,5,3,1,2
CD47,BBJ_Graves,Weighted median,5,3,1,2
CD47,BBJ_Graves,Weighted mode,5,3,1,2
CD47,UKB_hyperthyroid,Inverse variance weighted,5,5,1,0
CD47,UKB_hyperthyroid,MR Egger,5,5,1,0
CD47,UKB_hyperthyroid,Weighted median,5,5,1,0
CD47,UKB_hyperthyroid,Weighted mode,5,5,1,0
CD47,FinnGen_GO,Inverse variance weighted,5,5,1,0
CD47,FinnGen_GO,MR Egger,5,5,1,0
CD47,FinnGen_GO,Weighted median,5,5,1,0
CD47,FinnGen_GO,Weighted mode,5,5,1,0
CD48,BBJ_Graves,Inverse variance weighted,4,4,1,0
CD48,BBJ_Graves,MR Egger,4,4,1,0
CD48,BBJ_Graves,Weighted median,4,4,1,0
CD48,BBJ_Graves,Weighted mode,4,4,1,0
CD48,UKB_hyperthyroid,Inverse variance weighted,4,4,1,0
CD48,UKB_hyperthyroid,MR Egger,4,4,1,0
CD48,UKB_hyperthyroid,Weighted median,4,4,1,0
CD48,UKB_hyperthyroid,Weighted mode,4,4,1,0
CD48,FinnGen_GO,Inverse variance weighted,4,4,1,0
CD48,FinnGen_GO,MR Egger,4,4,1,0
CD48,FinnGen_GO,Weighted median,4,4,1,0
CD48,FinnGen_GO,Weighted mode,4,4,1,0
CD5,BBJ_Graves,Wald ratio,2,1,0,1
CD5,UKB_hyperthyroid,Inverse variance weighted,2,2,0,0
CD5,FinnGen_GO,Inverse variance weighted,2,2,0,0
CD52,BBJ_Graves,Inverse variance weighted,4,2,0,2
CD52,UKB_hyperthyroid,Inverse variance weighted,4,4,0,0
CD52,UKB_hyperthyroid,MR Egger,4,4,0,0
CD52,UKB_hyperthyroid,Weighted median,4,4,0,0
CD52,UKB_hyperthyroid,Weighted mode,4,4,0,0
CD52,FinnGen_GO,Inverse variance weighted,4,4,0,0
CD52,FinnGen_GO,MR Egger,4,4,0,0
CD52,FinnGen_GO,Weighted median,4,4,0,0
CD52,FinnGen_GO,Weighted mode,4,4,0,0
CD53,BBJ_Graves,Wald ratio,2,1,0,1
CD53,UKB_hyperthyroid,Inverse variance weighted,2,2,0,0
CD53,FinnGen_GO,Inverse variance weighted,2,2,0,0
CD55,BBJ_Graves,Inverse variance weighted,5,4,1,1
CD55,BBJ_Graves,MR Egger,5,4,1,1
CD55,BBJ_Graves,Weighted median,5,4,1,1
CD55,BBJ_Graves,Weighted mode,5,4,1,1
CD55,UKB_hyperthyroid,Inverse variance weighted,5,5,1,0
CD55,UKB_hyperthyroid,MR Egger,5,5,1,0
CD55,UKB_hyperthyroid,Weighted median,5,5,1,0
CD55,UKB_hyperthyroid,Weighted mode,5,5,1,0
CD55,FinnGen_GO,Inverse variance weighted,5,5,1,0
CD55,FinnGen_GO,MR Egger,5,5,1,0
CD55,FinnGen_GO,Weighted median,5,5,1,0
CD55,FinnGen_GO,Weighted mode,5,5,1,0
CD58,BBJ_Graves,Wald ratio,1,1,0,0
CD58,UKB_hyperthyroid,Wald ratio,1,1,0,0
CD58,FinnGen_GO,Wald ratio,1,1,0,0
CD59,BBJ_Graves,Inverse variance weighted,3,3,0,0
CD59,BBJ_Graves,MR Egger,3,3,0,0
CD59,BBJ_Graves,Weighted median,3,3,0,0
CD59,BBJ_Graves,Weighted mode,3,3,0,0
CD59,UKB_hyperthyroid,Inverse variance weighted,3,3,0,0
CD59,UKB_hyperthyroid,MR Egger,3,3,0,0
CD59,UKB_hyperthyroid,Weighted median,3,3,0,0
CD59,UKB_hyperthyroid,Weighted mode,3,3,0,0
CD59,FinnGen_GO,Inverse variance weighted,3,3,0,0
CD59,FinnGen_GO,MR Egger,3,3,0,0
CD59,FinnGen_GO,Weighted median,3,3,0,0
CD59,FinnGen_GO,Weighted mode,3,3,0,0
CD6,BBJ_Graves,Inverse variance weighted,3,3,0,0
CD6,BBJ_Graves,MR Egger,3,3,0,0
CD6,BBJ_Graves,Weighted median,3,3,0,0
CD6,BBJ_Graves,Weighted mode,3,3,0,0
CD6,UKB_hyperthyroid,Inverse variance weighted,3,3,0,0
CD6,UKB_hyperthyroid,MR Egger,3,3,0,0
CD6,UKB_hyperthyroid,Weighted median,3,3,0,0
CD6,UKB_hyperthyroid,Weighted mode,3,3,0,0
CD6,FinnGen_GO,Inverse variance weighted,3,3,0,0
CD6,FinnGen_GO,MR Egger,3,3,0,0
CD6,FinnGen_GO,Weighted median,3,3,0,0
CD6,FinnGen_GO,Weighted mode,3,3,0,0
CD63,BBJ_Graves,Inverse variance weighted,2,2,0,0
CD63,UKB_hyperthyroid,Inverse variance weighted,2,2,0,0
CD63,FinnGen_GO,Inverse variance weighted,2,2,0,0
CD68,BBJ_Graves,Inverse variance weighted,3,2,1,1
CD68,UKB_hyperthyroid,Inverse variance weighted,3,3,1,0
CD68,UKB_hyperthyroid,MR Egger,3,3,1,0
CD68,UKB_hyperthyroid,Weighted median,3,3,1,0
CD68,UKB_hyperthyroid,Weighted mode,3,3,1,0
CD68,FinnGen_GO,Inverse variance weighted,3,3,2,0
CD68,FinnGen_GO,MR Egger,3,3,2,0
CD68,FinnGen_GO,Weighted median,3,3,2,0
CD68,FinnGen_GO,Weighted mode,3,3,2,0
CD69,BBJ_Graves,Inverse variance weighted,2,2,0,0
CD69,UKB_hyperthyroid,Inverse variance weighted,2,2,0,0
CD69,FinnGen_GO,Inverse variance weighted,2,2,0,0
CD7,UKB_hyperthyroid,Inverse variance weighted,2,2,0,0
CD7,FinnGen_GO,Inverse variance weighted,2,2,0,0
CD70,BBJ_Graves,Wald ratio,1,1,0,0
CD70,UKB_hyperthyroid,Wald ratio,1,1,0,0
CD70,FinnGen_GO,Wald ratio,1,1,0,0
CD72,BBJ_Graves,Wald ratio,1,1,0,0
CD72,UKB_hyperthyroid,Wald ratio,1,1,0,0
CD72,FinnGen_GO,Wald ratio,1,1,0,0
CD79B,BBJ_Graves,Wald ratio,1,1,0,0
CD79B,UKB_hyperthyroid,Wald ratio,1,1,0,0
CD79B,FinnGen_GO,Wald ratio,1,1,0,0
CD81,BBJ_Graves,Inverse variance weighted,2,2,0,0
CD81,UKB_hyperthyroid,Inverse variance weighted,2,2,0,0
CD81,FinnGen_GO,Inverse variance weighted,2,2,0,0
CD82,BBJ_Graves,Wald ratio,3,1,1,2
CD82,UKB_hyperthyroid,Wald ratio,3,1,1,2
CD82,FinnGen_GO,Inverse variance weighted,3,3,1,0
CD82,FinnGen_GO,MR Egger,3,3,1,0
CD82,FinnGen_GO,Weighted median,3,3,1,0
CD82,FinnGen_GO,Weighted mode,3,3,1,0
CD83,BBJ_Graves,Wald ratio,2,1,0,1
CD83,UKB_hyperthyroid,Inverse variance weighted,2,2,0,0
CD83,FinnGen_GO,Inverse variance weighted,2,2,0,0
CD84,BBJ_Graves,Inverse variance weighted,3,3,0,0
CD84,BBJ_Graves,MR Egger,3,3,0,0
CD84,BBJ_Graves,Weighted median,3,3,0,0
CD84,BBJ_Graves,Weighted mode,3,3,0,0
CD84,UKB_hyperthyroid,Inverse variance weighted,3,3,0,0
CD84,UKB_hyperthyroid,MR Egger,3,3,0,0
CD84,UKB_hyperthyroid,Weighted median,3,3,0,0
CD84,UKB_hyperthyroid,Weighted mode,3,3,0,0
CD84,FinnGen_GO,Inverse variance weighted,3,3,0,0
CD84,FinnGen_GO,MR Egger,3,3,0,0
CD84,FinnGen_GO,Weighted median,3,3,0,0
CD84,FinnGen_GO,Weighted mode,3,3,0,0
CD86,BBJ_Graves,Inverse variance weighted,3,3,0,0
CD86,BBJ_Graves,MR Egger,3,3,0,0
CD86,BBJ_Graves,Weighted median,3,3,0,0
CD86,BBJ_Graves,Weighted mode,3,3,0,0
CD86,UKB_hyperthyroid,Inverse variance weighted,3,3,0,0
CD86,UKB_hyperthyroid,MR Egger,3,3,0,0
CD86,UKB_hyperthyroid,Weighted median,3,3,0,0
CD86,UKB_hyperthyroid,Weighted mode,3,3,0,0
CD86,FinnGen_GO,Inverse variance weighted,3,3,0,0
CD86,FinnGen_GO,MR Egger,3,3,0,0
CD86,FinnGen_GO,Weighted median,3,3,0,0
CD86,FinnGen_GO,Weighted mode,3,3,0,0
CD8A,BBJ_Graves,Inverse variance weighted,2,2,0,0
CD8A,UKB_hyperthyroid,Inverse variance weighted,2,2,0,0
CD8A,FinnGen_GO,Inverse variance weighted,2,2,0,0
CD8B,BBJ_Graves,Wald ratio,1,1,0,0
CD8B,UKB_hyperthyroid,Wald ratio,1,1,0,0
CD8B,FinnGen_GO,Wald ratio,1,1,0,0
CD9,BBJ_Graves,Inverse variance weighted,5,2,0,3
CD9,UKB_hyperthyroid,Inverse variance weighted,5,4,0,1
CD9,UKB_hyperthyroid,MR Egger,5,4,0,1
CD9,UKB_hyperthyroid,Weighted median,5,4,0,1
CD9,UKB_hyperthyroid,Weighted mode,5,4,0,1
CD9,FinnGen_GO,Inverse variance weighted,5,5,0,0
CD9,FinnGen_GO,MR Egger,5,5,0,0
CD9,FinnGen_GO,Weighted median,5,5,0,0
CD9,FinnGen_GO,Weighted mode,5,5,0,0
CD93,BBJ_Graves,Inverse variance weighted,4,4,0,0
CD93,BBJ_Graves,MR Egger,4,4,0,0
CD93,BBJ_Graves,Weighted median,4,4,0,0
CD93,BBJ_Graves,Weighted mode,4,4,0,0
CD93,UKB_hyperthyroid,Inverse variance weighted,4,4,0,0
CD93,UKB_hyperthyroid,MR Egger,4,4,0,0
CD93,UKB_hyperthyroid,Weighted median,4,4,0,0
CD93,UKB_hyperthyroid,Weighted mode,4,4,0,0
CD93,FinnGen_GO,Inverse variance weighted,4,4,0,0
CD93,FinnGen_GO,MR Egger,4,4,0,0
CD93,FinnGen_GO,Weighted median,4,4,0,0
CD93,FinnGen_GO,Weighted mode,4,4,0,0
CD96,BBJ_Graves,Inverse variance weighted,6,3,0,3
CD96,BBJ_Graves,MR Egger,6,3,0,3
CD96,BBJ_Graves,Weighted median,6,3,0,3
CD96,BBJ_Graves,Weighted mode,6,3,0,3
CD96,UKB_hyperthyroid,Inverse variance weighted,6,4,1,2
CD96,UKB_hyperthyroid,MR Egger,6,4,1,2
CD96,UKB_hyperthyroid,Weighted median,6,4,1,2
CD96,UKB_hyperthyroid,Weighted mode,6,4,1,2
CD96,FinnGen_GO,Inverse variance weighted,6,4,1,2
CD96,FinnGen_GO,MR Egger,6,4,1,2
CD96,FinnGen_GO,Weighted median,6,4,1,2
CD96,FinnGen_GO,Weighted mode,6,4,1,2
CD97,BBJ_Graves,Wald ratio,1,1,0,0
CD97,UKB_hyperthyroid,Wald ratio,1,1,0,0
CD97,FinnGen_GO,Wald ratio,1,1,0,0
CDA,BBJ_Graves,Inverse variance weighted,7,3,0,4
CDA,BBJ_Graves,MR Egger,7,3,0,4
CDA,BBJ_Graves,Weighted median,7,3,0,4
CDA,BBJ_Graves,Weighted mode,7,3,0,4
CDA,UKB_hyperthyroid,Inverse variance weighted,7,6,0,1
CDA,UKB_hyperthyroid,MR Egger,7,6,0,1
CDA,UKB_hyperthyroid,Weighted median,7,6,0,1
CDA,UKB_hyperthyroid,Weighted mode,7,6,0,1
CDA,FinnGen_GO,Inverse variance weighted,7,6,0,1
CDA,FinnGen_GO,MR Egger,7,6,0,1
CDA,FinnGen_GO,Weighted median,7,6,0,1
CDA,FinnGen_GO,Weighted mode,7,6,0,1
CDC25A,BBJ_Graves,Wald ratio,1,1,0,0
CDC25A,UKB_hyperthyroid,Wald ratio,1,1,0,0
CDC25A,FinnGen_GO,Wald ratio,1,1,0,0
CDC25B,BBJ_Graves,Inverse variance weighted,3,3,0,0
CDC25B,BBJ_Graves,MR Egger,3,3,0,0
CDC25B,BBJ_Graves,Weighted median,3,3,0,0
CDC25B,BBJ_Graves,Weighted mode,3,3,0,0
CDC25B,UKB_hyperthyroid,Inverse variance weighted,3,3,0,0
CDC25B,UKB_hyperthyroid,MR Egger,3,3,0,0
CDC25B,UKB_hyperthyroid,Weighted median,3,3,0,0
CDC25B,UKB_hyperthyroid,Weighted mode,3,3,0,0
CDC25B,FinnGen_GO,Inverse variance weighted,3,3,0,0
CDC25B,FinnGen_GO,MR Egger,3,3,0,0
CDC25B,FinnGen_GO,Weighted median,3,3,0,0
CDC25B,FinnGen_GO,Weighted mode,3,3,0,0
CDC42,BBJ_Graves,Inverse variance weighted,4,2,1,2
CDC42,UKB_hyperthyroid,Inverse variance weighted,4,3,1,1
CDC42,UKB_hyperthyroid,MR Egger,4,3,1,1
CDC42,UKB_hyperthyroid,Weighted median,4,3,1,1
CDC42,UKB_hyperthyroid,Weighted mode,4,3,1,1
CDC42,FinnGen_GO,Inverse variance weighted,4,3,1,1
CDC42,FinnGen_GO,MR Egger,4,3,1,1
CDC42,FinnGen_GO,Weighted median,4,3,1,1
CDC42,FinnGen_GO,Weighted mode,4,3,1,1
CDC42BPA,UKB_hyperthyroid,Inverse variance weighted,2,2,0,0
CDC42BPA,FinnGen_GO,Inverse variance weighted,2,2,0,0
CDC42BPB,BBJ_Graves,Wald ratio,4,1,0,3
CDC42BPB,UKB_hyperthyroid,Inverse variance weighted,4,4,0,0
CDC42BPB,UKB_hyperthyroid,MR Egger,4,4,0,0
CDC42BPB,UKB_hyperthyroid,Weighted median,4,4,0,0
CDC42BPB,UKB_hyperthyroid,Weighted mode,4,4,0,0
CDC42BPB,FinnGen_GO,Inverse variance weighted,4,4,0,0
CDC42BPB,FinnGen_GO,MR Egger,4,4,0,0
CDC42BPB,FinnGen_GO,Weighted median,4,4,0,0
CDC42BPB,FinnGen_GO,Weighted mode,4,4,0,0
CDC42BPG,BBJ_Graves,Wald ratio,1,1,0,0
CDC42BPG,UKB_hyperthyroid,Wald ratio,1,1,0,0
CDC42BPG,FinnGen_GO,Wald ratio,1,1,0,0
CDC7,BBJ_Graves,Inverse variance weighted,5,3,1,2
CDC7,BBJ_Graves,MR Egger,5,3,1,2
CDC7,BBJ_Graves,Weighted median,5,3,1,2
CDC7,BBJ_Graves,Weighted mode,5,3,1,2
CDC7,UKB_hyperthyroid,Inverse variance weighted,5,5,1,0
CDC7,UKB_hyperthyroid,MR Egger,5,5,1,0
CDC7,UKB_hyperthyroid,Weighted median,5,5,1,0
CDC7,UKB_hyperthyroid,Weighted mode,5,5,1,0
CDC7,FinnGen_GO,Inverse variance weighted,5,5,1,0
CDC7,FinnGen_GO,MR Egger,5,5,1,0
CDC7,FinnGen_GO,Weighted median,5,5,1,0
CDC7,FinnGen_GO,Weighted mode,5,5,1,0
CDCP1,BBJ_Graves,Inverse variance weighted,2,2,0,0
CDCP1,UKB_hyperthyroid,Inverse variance weighted,2,2,0,0
CDCP1,FinnGen_GO,Inverse variance weighted,2,2,0,0
CDH1,BBJ_Graves,Inverse variance weighted,4,3,0,1
CDH1,BBJ_Graves,MR Egger,4,3,0,1
CDH1,BBJ_Graves,Weighted median,4,3,0,1
CDH1,BBJ_Graves,Weighted mode,4,3,0,1
CDH1,UKB_hyperthyroid,Inverse variance weighted,4,3,0,1
CDH1,UKB_hyperthyroid,MR Egger,4,3,0,1
CDH1,UKB_hyperthyroid,Weighted median,4,3,0,1
CDH1,UKB_hyperthyroid,Weighted mode,4,3,0,1
CDH1,FinnGen_GO,Inverse variance weighted,4,3,0,1
CDH1,FinnGen_GO,MR Egger,4,3,0,1
CDH1,FinnGen_GO,Weighted median,4,3,0,1
CDH1,FinnGen_GO,Weighted mode,4,3,0,1
CDH13,BBJ_Graves,Inverse variance weighted,2,2,0,0
CDH13,UKB_hyperthyroid,Inverse variance weighted,2,2,0,0
CDH13,FinnGen_GO,Inverse variance weighted,2,2,0,0
CDH2,BBJ_Graves,Inverse variance weighted,5,2,0,3
CDH2,UKB_hyperthyroid,Inverse variance weighted,5,5,1,0
CDH2,UKB_hyperthyroid,MR Egger,5,5,1,0
CDH2,UKB_hyperthyroid,Weighted median,5,5,1,0
CDH2,UKB_hyperthyroid,Weighted mode,5,5,1,0
CDH2,FinnGen_GO,Inverse variance weighted,5,5,1,0
CDH2,FinnGen_GO,MR Egger,5,5,1,0
CDH2,FinnGen_GO,Weighted median,5,5,1,0
CDH2,FinnGen_GO,Weighted mode,5,5,1,0
CDK10,UKB_hyperthyroid,Inverse variance weighted,5,3,0,2
CDK10,UKB_hyperthyroid,MR Egger,5,3,0,2
CDK10,UKB_hyperthyroid,Weighted median,5,3,0,2
CDK10,UKB_hyperthyroid,Weighted mode,5,3,0,2
CDK10,FinnGen_GO,Inverse variance weighted,5,4,0,1
CDK10,FinnGen_GO,MR Egger,5,4,0,1
CDK10,FinnGen_GO,Weighted median,5,4,0,1
CDK10,FinnGen_GO,Weighted mode,5,4,0,1
CDK11A,BBJ_Graves,Wald ratio,2,1,1,1
CDK11A,UKB_hyperthyroid,Inverse variance weighted,2,2,1,0
CDK11A,FinnGen_GO,Inverse variance weighted,2,2,1,0
CDK11B,UKB_hyperthyroid,Inverse variance weighted,2,2,0,0
CDK11B,FinnGen_GO,Inverse variance weighted,2,2,0,0
CDK12,BBJ_Graves,Wald ratio,3,1,0,2
CDK12,UKB_hyperthyroid,Inverse variance weighted,3,3,0,0
CDK12,UKB_hyperthyroid,MR Egger,3,3,0,0
CDK12,UKB_hyperthyroid,Weighted median,3,3,0,0
CDK12,UKB_hyperthyroid,Weighted mode,3,3,0,0
CDK12,FinnGen_GO,Inverse variance weighted,3,3,0,0
CDK12,FinnGen_GO,MR Egger,3,3,0,0
CDK12,FinnGen_GO,Weighted median,3,3,0,0
CDK12,FinnGen_GO,Weighted mode,3,3,0,0
CDK13,BBJ_Graves,Wald ratio,2,1,0,1
CDK13,UKB_hyperthyroid,Inverse variance weighted,2,2,0,0
CDK13,FinnGen_GO,Inverse variance weighted,2,2,0,0
CDK14,BBJ_Graves,Wald ratio,1,1,0,0
CDK14,UKB_hyperthyroid,Wald ratio,1,1,0,0
CDK14,FinnGen_GO,Wald ratio,1,1,0,0
CDK15,UKB_hyperthyroid,Wald ratio,1,1,0,0
CDK15,FinnGen_GO,Wald ratio,1,1,0,0
CDK17,BBJ_Graves,Wald ratio,1,1,0,0
CDK17,UKB_hyperthyroid,Wald ratio,1,1,0,0
CDK17,FinnGen_GO,Wald ratio,1,1,0,0
CDK18,BBJ_Graves,Wald ratio,1,1,0,0
CDK18,UKB_hyperthyroid,Wald ratio,1,1,0,0
CDK18,FinnGen_GO,Wald ratio,1,1,0,0
CDK19,BBJ_Graves,Wald ratio,2,1,1,1
CDK19,UKB_hyperthyroid,Inverse variance weighted,2,2,1,0
CDK19,FinnGen_GO,Inverse variance weighted,2,2,1,0
CDK2,UKB_hyperthyroid,Wald ratio,1,1,1,0
CDK2,FinnGen_GO,Wald ratio,1,1,1,0
CDK20,UKB_hyperthyroid,Wald ratio,1,1,0,0
CDK20,FinnGen_GO,Wald ratio,1,1,0,0
CDK3,BBJ_Graves,Wald ratio,1,1,0,0
CDK3,UKB_hyperthyroid,Wald ratio,1,1,0,0
CDK3,FinnGen_GO,Wald ratio,1,1,0,0
CDK4,UKB_hyperthyroid,Wald ratio,1,1,0,0
CDK4,FinnGen_GO,Wald ratio,1,1,0,0
CDK5R1,BBJ_Graves,Inverse variance weighted,5,2,0,3
CDK5R1,UKB_hyperthyroid,Inverse variance weighted,5,5,0,0
CDK5R1,UKB_hyperthyroid,MR Egger,5,5,0,0
CDK5R1,UKB_hyperthyroid,Weighted median,5,5,0,0
CDK5R1,UKB_hyperthyroid,Weighted mode,5,5,0,0
CDK5R1,FinnGen_GO,Inverse variance weighted,5,5,0,0
CDK5R1,FinnGen_GO,MR Egger,5,5,0,0
CDK5R1,FinnGen_GO,Weighted median,5,5,0,0
CDK5R1,FinnGen_GO,Weighted mode,5,5,0,0
CDK6,BBJ_Graves,Wald ratio,1,1,0,0
CDK6,UKB_hyperthyroid,Wald ratio,1,1,0,0
CDK6,FinnGen_GO,Wald ratio,1,1,0,0
CDK7,BBJ_Graves,Wald ratio,1,1,0,0
CDK7,UKB_hyperthyroid,Wald ratio,1,1,0,0
CDK7,FinnGen_GO,Wald ratio,1,1,0,0
CDK8,UKB_hyperthyroid,Wald ratio,1,1,0,0
CDK9,BBJ_Graves,Wald ratio,2,1,0,1
CDK9,UKB_hyperthyroid,Wald ratio,2,1,0,1
CDK9,FinnGen_GO,Inverse variance weighted,2,2,0,0
CDKL1,BBJ_Graves,Wald ratio,2,1,0,1
CDKL1,UKB_hyperthyroid,Inverse variance weighted,2,2,0,0
CDKL1,FinnGen_GO,Inverse variance weighted,2,2,0,0
CDKL3,BBJ_Graves,Wald ratio,1,1,1,0
CDKL3,UKB_hyperthyroid,Wald ratio,1,1,1,0
CDKL3,FinnGen_GO,Wald ratio,1,1,1,0
CDKN1A,BBJ_Graves,Inverse variance weighted,2,2,0,0
CDKN1A,UKB_hyperthyroid,Inverse variance weighted,2,2,0,0
CDKN1A,FinnGen_GO,Inverse variance weighted,2,2,0,0
CEACAM3,UKB_hyperthyroid,Wald ratio,1,1,0,0
CEACAM3,FinnGen_GO,Wald ratio,1,1,0,0
CECR1,BBJ_Graves,Inverse variance weighted,3,3,0,0
CECR1,BBJ_Graves,MR Egger,3,3,0,0
CECR1,BBJ_Graves,Weighted median,3,3,0,0
CECR1,BBJ_Graves,Weighted mode,3,3,0,0
CECR1,UKB_hyperthyroid,Inverse variance weighted,3,3,0,0
CECR1,UKB_hyperthyroid,MR Egger,3,3,0,0
CECR1,UKB_hyperthyroid,Weighted median,3,3,0,0
CECR1,UKB_hyperthyroid,Weighted mode,3,3,0,0
CECR1,FinnGen_GO,Inverse variance weighted,3,3,0,0
CECR1,FinnGen_GO,MR Egger,3,3,0,0
CECR1,FinnGen_GO,Weighted median,3,3,0,0
CECR1,FinnGen_GO,Weighted mode,3,3,0,0
CEL,BBJ_Graves,Wald ratio,1,1,0,0
CEL,UKB_hyperthyroid,Wald ratio,1,1,0,0
CEL,FinnGen_GO,Wald ratio,1,1,0,0
CELA1,BBJ_Graves,Inverse variance weighted,2,2,1,0
CELA1,UKB_hyperthyroid,Inverse variance weighted,2,2,1,0
CELA1,FinnGen_GO,Inverse variance weighted,2,2,1,0
CELSR1,UKB_hyperthyroid,Inverse variance weighted,2,2,1,0
CELSR1,FinnGen_GO,Inverse variance weighted,2,2,1,0
CELSR2,BBJ_Graves,Wald ratio,1,1,0,0
CELSR2,UKB_hyperthyroid,Wald ratio,1,1,0,0
CELSR2,FinnGen_GO,Wald ratio,1,1,0,0
CELSR3,BBJ_Graves,Wald ratio,1,1,0,0
CELSR3,UKB_hyperthyroid,Wald ratio,1,1,0,0
CELSR3,FinnGen_GO,Wald ratio,1,1,0,0
CES1,UKB_hyperthyroid,Inverse variance weighted,4,4,0,0
CES1,UKB_hyperthyroid,MR Egger,4,4,0,0
CES1,UKB_hyperthyroid,Weighted median,4,4,0,0
CES1,UKB_hyperthyroid,Weighted mode,4,4,0,0
CES1,FinnGen_GO,Inverse variance weighted,4,4,0,0
CES1,FinnGen_GO,MR Egger,4,4,0,0
CES1,FinnGen_GO,Weighted median,4,4,0,0
CES1,FinnGen_GO,Weighted mode,4,4,0,0
CES2,BBJ_Graves,Wald ratio,1,1,1,0
CES2,UKB_hyperthyroid,Wald ratio,1,1,1,0
CES2,FinnGen_GO,Wald ratio,1,1,1,0
CES4A,BBJ_Graves,Wald ratio,1,1,0,0
CES4A,UKB_hyperthyroid,Wald ratio,1,1,0,0
CES4A,FinnGen_GO,Wald ratio,1,1,0,0
CETP,BBJ_Graves,Inverse variance weighted,3,2,0,1
CETP,UKB_hyperthyroid,Inverse variance weighted,3,3,0,0
CETP,UKB_hyperthyroid,MR Egger,3,3,0,0
CETP,UKB_hyperthyroid,Weighted median,3,3,0,0
CETP,UKB_hyperthyroid,Weighted mode,3,3,0,0
CETP,FinnGen_GO,Inverse variance weighted,3,3,0,0
CETP,FinnGen_GO,MR Egger,3,3,0,0
CETP,FinnGen_GO,Weighted median,3,3,0,0
CETP,FinnGen_GO,Weighted mode,3,3,0,0
CFD,BBJ_Graves,Wald ratio,6,1,0,5
CFD,UKB_hyperthyroid,Inverse variance weighted,6,5,0,1
CFD,UKB_hyperthyroid,MR Egger,6,5,0,1
CFD,UKB_hyperthyroid,Weighted median,6,5,0,1
CFD,UKB_hyperthyroid,Weighted mode,6,5,0,1
CFD,FinnGen_GO,Inverse variance weighted,6,6,0,0
CFD,FinnGen_GO,MR Egger,6,6,0,0
CFD,FinnGen_GO,Weighted median,6,6,0,0
CFD,FinnGen_GO,Weighted mode,6,6,0,0
CFH,BBJ_Graves,Wald ratio,1,1,1,0
CFH,UKB_hyperthyroid,Wald ratio,1,1,1,0
CGREF1,BBJ_Graves,Wald ratio,1,1,0,0
CGREF1,UKB_hyperthyroid,Wald ratio,1,1,0,0
CGREF1,FinnGen_GO,Wald ratio,1,1,0,0
CHADL,UKB_hyperthyroid,Wald ratio,1,1,0,0
CHADL,FinnGen_GO,Wald ratio,1,1,0,0
CHEK1,BBJ_Graves,Wald ratio,1,1,1,0
CHEK1,UKB_hyperthyroid,Wald ratio,1,1,1,0
CHEK1,FinnGen_GO,Wald ratio,1,1,1,0
CHEK2,BBJ_Graves,Wald ratio,1,1,0,0
CHEK2,UKB_hyperthyroid,Wald ratio,1,1,0,0
CHEK2,FinnGen_GO,Wald ratio,1,1,0,0
CHGB,BBJ_Graves,Wald ratio,2,1,0,1
CHGB,UKB_hyperthyroid,Inverse variance weighted,2,2,0,0
CHGB,FinnGen_GO,Inverse variance weighted,2,2,0,0
CHI3L1,BBJ_Graves,Inverse variance weighted,3,3,0,0
CHI3L1,BBJ_Graves,MR Egger,3,3,0,0
CHI3L1,BBJ_Graves,Weighted median,3,3,0,0
CHI3L1,BBJ_Graves,Weighted mode,3,3,0,0
CHI3L1,UKB_hyperthyroid,Inverse variance weighted,3,3,0,0
CHI3L1,UKB_hyperthyroid,MR Egger,3,3,0,0
CHI3L1,UKB_hyperthyroid,Weighted median,3,3,0,0
CHI3L1,UKB_hyperthyroid,Weighted mode,3,3,0,0
CHI3L1,FinnGen_GO,Inverse variance weighted,3,3,0,0
CHI3L1,FinnGen_GO,MR Egger,3,3,0,0
CHI3L1,FinnGen_GO,Weighted median,3,3,0,0
CHI3L1,FinnGen_GO,Weighted mode,3,3,0,0
CHI3L2,BBJ_Graves,Inverse variance weighted,5,3,0,2
CHI3L2,BBJ_Graves,MR Egger,5,3,0,2
CHI3L2,BBJ_Graves,Weighted median,5,3,0,2
CHI3L2,BBJ_Graves,Weighted mode,5,3,0,2
CHI3L2,UKB_hyperthyroid,Inverse variance weighted,5,5,0,0
CHI3L2,UKB_hyperthyroid,MR Egger,5,5,0,0
CHI3L2,UKB_hyperthyroid,Weighted median,5,5,0,0
CHI3L2,UKB_hyperthyroid,Weighted mode,5,5,0,0
CHI3L2,FinnGen_GO,Inverse variance weighted,5,5,0,0
CHI3L2,FinnGen_GO,MR Egger,5,5,0,0
CHI3L2,FinnGen_GO,Weighted median,5,5,0,0
CHI3L2,FinnGen_GO,Weighted mode,5,5,0,0
CHID1,BBJ_Graves,Wald ratio,1,1,0,0
CHID1,UKB_hyperthyroid,Wald ratio,1,1,0,0
CHID1,FinnGen_GO,Wald ratio,1,1,0,0
CHIT1,BBJ_Graves,Inverse variance weighted,2,2,0,0
CHIT1,UKB_hyperthyroid,Inverse variance weighted,2,2,0,0
CHIT1,FinnGen_GO,Inverse variance weighted,2,2,0,0
CHL1,BBJ_Graves,Wald ratio,1,1,0,0
CHL1,UKB_hyperthyroid,Wald ratio,1,1,0,0
CHL1,FinnGen_GO,Wald ratio,1,1,0,0
CHRFAM7A,BBJ_Graves,Wald ratio,3,1,0,2
CHRFAM7A,UKB_hyperthyroid,Inverse variance weighted,3,3,0,0
CHRFAM7A,UKB_hyperthyroid,MR Egger,3,3,0,0
CHRFAM7A,UKB_hyperthyroid,Weighted median,3,3,0,0
CHRFAM7A,UKB_hyperthyroid,Weighted mode,3,3,0,0
CHRFAM7A,FinnGen_GO,Inverse variance weighted,3,3,0,0
CHRFAM7A,FinnGen_GO,MR Egger,3,3,0,0
CHRFAM7A,FinnGen_GO,Weighted median,3,3,0,0
CHRFAM7A,FinnGen_GO,Weighted mode,3,3,0,0
CHRNA10,BBJ_Graves,Wald ratio,1,1,0,0
CHRNA10,UKB_hyperthyroid,Wald ratio,1,1,0,0
CHRNA10,FinnGen_GO,Wald ratio,1,1,0,0
CHRNA2,BBJ_Graves,Inverse variance weighted,2,2,0,0
CHRNA2,UKB_hyperthyroid,Inverse variance weighted,2,2,0,0
CHRNA2,FinnGen_GO,Inverse variance weighted,2,2,0,0
CHRNB1,BBJ_Graves,Wald ratio,2,1,0,1
CHRNB1,UKB_hyperthyroid,Inverse variance weighted,2,2,0,0
CHRNB1,FinnGen_GO,Inverse variance weighted,2,2,0,0
CHRNB2,BBJ_Graves,Wald ratio,1,1,0,0
CHRNB2,UKB_hyperthyroid,Wald ratio,1,1,0,0
CHRNB2,FinnGen_GO,Wald ratio,1,1,0,0
CHRNE,BBJ_Graves,Wald ratio,1,1,0,0
CHRNE,UKB_hyperthyroid,Wald ratio,1,1,0,0
CHRNE,FinnGen_GO,Wald ratio,1,1,0,0
CHST10,BBJ_Graves,Wald ratio,1,1,0,0
CHST10,UKB_hyperthyroid,Wald ratio,1,1,0,0
CHST10,FinnGen_GO,Wald ratio,1,1,0,0
CHST11,BBJ_Graves,Inverse variance weighted,3,2,0,1
CHST11,UKB_hyperthyroid,Inverse variance weighted,3,3,0,0
CHST11,UKB_hyperthyroid,MR Egger,3,3,0,0
CHST11,UKB_hyperthyroid,Weighted median,3,3,0,0
CHST11,UKB_hyperthyroid,Weighted mode,3,3,0,0
CHST11,FinnGen_GO,Inverse variance weighted,3,3,0,0
CHST11,FinnGen_GO,MR Egger,3,3,0,0
CHST11,FinnGen_GO,Weighted median,3,3,0,0
CHST11,FinnGen_GO,Weighted mode,3,3,0,0
CHST12,BBJ_Graves,Inverse variance weighted,4,2,0,2
CHST12,UKB_hyperthyroid,Wald ratio,4,1,1,3
CHST12,FinnGen_GO,Inverse variance weighted,4,2,1,2
CHST13,BBJ_Graves,Wald ratio,7,1,1,6
CHST13,UKB_hyperthyroid,Inverse variance weighted,7,4,2,3
CHST13,UKB_hyperthyroid,MR Egger,7,4,2,3
CHST13,UKB_hyperthyroid,Weighted median,7,4,2,3
CHST13,UKB_hyperthyroid,Weighted mode,7,4,2,3
CHST13,FinnGen_GO,Inverse variance weighted,7,6,2,1
CHST13,FinnGen_GO,MR Egger,7,6,2,1
CHST13,FinnGen_GO,Weighted median,7,6,2,1
CHST13,FinnGen_GO,Weighted mode,7,6,2,1
CHST2,BBJ_Graves,Inverse variance weighted,3,3,0,0
CHST2,BBJ_Graves,MR Egger,3,3,0,0
CHST2,BBJ_Graves,Weighted median,3,3,0,0
CHST2,BBJ_Graves,Weighted mode,3,3,0,0
CHST2,UKB_hyperthyroid,Inverse variance weighted,3,3,0,0
CHST2,UKB_hyperthyroid,MR Egger,3,3,0,0
CHST2,UKB_hyperthyroid,Weighted median,3,3,0,0
CHST2,UKB_hyperthyroid,Weighted mode,3,3,0,0
CHST2,FinnGen_GO,Inverse variance weighted,3,3,0,0
CHST2,FinnGen_GO,MR Egger,3,3,0,0
CHST2,FinnGen_GO,Weighted median,3,3,0,0
CHST2,FinnGen_GO,Weighted mode,3,3,0,0
CHST8,BBJ_Graves,Wald ratio,1,1,0,0
CHST8,UKB_hyperthyroid,Wald ratio,1,1,0,0
CHST8,FinnGen_GO,Wald ratio,1,1,0,0
CHSY1,BBJ_Graves,Inverse variance weighted,4,2,1,2
CHSY1,UKB_hyperthyroid,Inverse variance weighted,4,3,1,1
CHSY1,UKB_hyperthyroid,MR Egger,4,3,1,1
CHSY1,UKB_hyperthyroid,Weighted median,4,3,1,1
CHSY1,UKB_hyperthyroid,Weighted mode,4,3,1,1
CHSY1,FinnGen_GO,Inverse variance weighted,4,3,1,1
CHSY1,FinnGen_GO,MR Egger,4,3,1,1
CHSY1,FinnGen_GO,Weighted median,4,3,1,1
CHSY1,FinnGen_GO,Weighted mode,4,3,1,1
CHUK,BBJ_Graves,Wald ratio,2,1,0,1
CHUK,UKB_hyperthyroid,Inverse variance weighted,2,2,0,0
CHUK,FinnGen_GO,Inverse variance weighted,2,2,0,0
CILP,BBJ_Graves,Wald ratio,1,1,0,0
CILP,UKB_hyperthyroid,Wald ratio,1,1,0,0
CILP,FinnGen_GO,Wald ratio,1,1,0,0
CISD1,BBJ_Graves,Inverse variance weighted,6,6,0,0
CISD1,BBJ_Graves,MR Egger,6,6,0,0
CISD1,BBJ_Graves,Weighted median,6,6,0,0
CISD1,BBJ_Graves,Weighted mode,6,6,0,0
CISD1,UKB_hyperthyroid,Inverse variance weighted,6,6,0,0
CISD1,UKB_hyperthyroid,MR Egger,6,6,0,0
CISD1,UKB_hyperthyroid,Weighted median,6,6,0,0
CISD1,UKB_hyperthyroid,Weighted mode,6,6,0,0
CISD1,FinnGen_GO,Inverse variance weighted,6,5,0,1
CISD1,FinnGen_GO,MR Egger,6,5,0,1
CISD1,FinnGen_GO,Weighted median,6,5,0,1
CISD1,FinnGen_GO,Weighted mode,6,5,0,1
CKLF,BBJ_Graves,Wald ratio,2,1,0,1
CKLF,UKB_hyperthyroid,Wald ratio,2,1,0,1
CKLF,FinnGen_GO,Wald ratio,2,1,0,1
CLCF1,BBJ_Graves,Inverse variance weighted,2,2,0,0
CLCF1,UKB_hyperthyroid,Inverse variance weighted,2,2,0,0
CLCF1,FinnGen_GO,Inverse variance weighted,2,2,0,0
CLCN1,BBJ_Graves,Inverse variance weighted,3,2,0,1
CLCN1,UKB_hyperthyroid,Inverse variance weighted,3,3,0,0
CLCN1,UKB_hyperthyroid,MR Egger,3,3,0,0
CLCN1,UKB_hyperthyroid,Weighted median,3,3,0,0
CLCN1,UKB_hyperthyroid,Weighted mode,3,3,0,0
CLCN1,FinnGen_GO,Inverse variance weighted,3,3,0,0
CLCN1,FinnGen_GO,MR Egger,3,3,0,0
CLCN1,FinnGen_GO,Weighted median,3,3,0,0
CLCN1,FinnGen_GO,Weighted mode,3,3,0,0
CLCN2,BBJ_Graves,Wald ratio,1,1,0,0
CLCN2,UKB_hyperthyroid,Wald ratio,1,1,0,0
CLCN2,FinnGen_GO,Wald ratio,1,1,0,0
CLCN3,BBJ_Graves,Wald ratio,1,1,0,0
CLCN3,UKB_hyperthyroid,Wald ratio,1,1,0,0
CLCN3,FinnGen_GO,Wald ratio,1,1,0,0
CLEC10A,BBJ_Graves,Inverse variance weighted,3,3,0,0
CLEC10A,BBJ_Graves,MR Egger,3,3,0,0
CLEC10A,BBJ_Graves,Weighted median,3,3,0,0
CLEC10A,BBJ_Graves,Weighted mode,3,3,0,0
CLEC10A,UKB_hyperthyroid,Inverse variance weighted,3,3,0,0
CLEC10A,UKB_hyperthyroid,MR Egger,3,3,0,0
CLEC10A,UKB_hyperthyroid,Weighted median,3,3,0,0
CLEC10A,UKB_hyperthyroid,Weighted mode,3,3,0,0
CLEC10A,FinnGen_GO,Inverse variance weighted,3,3,0,0
CLEC10A,FinnGen_GO,MR Egger,3,3,0,0
CLEC10A,FinnGen_GO,Weighted median,3,3,0,0
CLEC10A,FinnGen_GO,Weighted mode,3,3,0,0
CLEC11A,UKB_hyperthyroid,Inverse variance weighted,3,2,1,1
CLEC11A,FinnGen_GO,Inverse variance weighted,3,3,1,0
CLEC11A,FinnGen_GO,MR Egger,3,3,1,0
CLEC11A,FinnGen_GO,Weighted median,3,3,1,0
CLEC11A,FinnGen_GO,Weighted mode,3,3,1,0
CLEC3B,BBJ_Graves,Wald ratio,1,1,1,0
CLEC4C,BBJ_Graves,Inverse variance weighted,4,4,2,0
CLEC4C,BBJ_Graves,MR Egger,4,4,2,0
CLEC4C,BBJ_Graves,Weighted median,4,4,2,0
CLEC4C,BBJ_Graves,Weighted mode,4,4,2,0
CLEC4C,UKB_hyperthyroid,Inverse variance weighted,4,4,2,0
CLEC4C,UKB_hyperthyroid,MR Egger,4,4,2,0
CLEC4C,UKB_hyperthyroid,Weighted median,4,4,2,0
CLEC4C,UKB_hyperthyroid,Weighted mode,4,4,2,0
CLEC4C,FinnGen_GO,Inverse variance weighted,4,4,2,0
CLEC4C,FinnGen_GO,MR Egger,4,4,2,0
CLEC4C,FinnGen_GO,Weighted median,4,4,2,0
CLEC4C,FinnGen_GO,Weighted mode,4,4,2,0
CLK2,FinnGen_GO,Wald ratio,1,1,0,0
CLK4,BBJ_Graves,Inverse variance weighted,3,3,0,0
CLK4,BBJ_Graves,MR Egger,3,3,0,0
CLK4,BBJ_Graves,Weighted median,3,3,0,0
CLK4,BBJ_Graves,Weighted mode,3,3,0,0
CLK4,UKB_hyperthyroid,Inverse variance weighted,3,3,0,0
CLK4,UKB_hyperthyroid,MR Egger,3,3,0,0
CLK4,UKB_hyperthyroid,Weighted median,3,3,0,0
CLK4,UKB_hyperthyroid,Weighted mode,3,3,0,0
CLK4,FinnGen_GO,Inverse variance weighted,3,3,0,0
CLK4,FinnGen_GO,MR Egger,3,3,0,0
CLK4,FinnGen_GO,Weighted median,3,3,0,0
CLK4,FinnGen_GO,Weighted mode,3,3,0,0
CLSTN1,BBJ_Graves,Inverse variance weighted,3,2,0,1
CLSTN1,UKB_hyperthyroid,Inverse variance weighted,3,2,0,1
CLSTN1,FinnGen_GO,Inverse variance weighted,3,3,0,0
CLSTN1,FinnGen_GO,MR Egger,3,3,0,0
CLSTN1,FinnGen_GO,Weighted median,3,3,0,0
CLSTN1,FinnGen_GO,Weighted mode,3,3,0,0
CLU,BBJ_Graves,Wald ratio,1,1,1,0
CLU,UKB_hyperthyroid,Wald ratio,1,1,1,0
CLU,FinnGen_GO,Wald ratio,1,1,1,0
CMKLR1,BBJ_Graves,Inverse variance weighted,3,3,0,0
CMKLR1,BBJ_Graves,MR Egger,3,3,0,0
CMKLR1,BBJ_Graves,Weighted median,3,3,0,0
CMKLR1,BBJ_Graves,Weighted mode,3,3,0,0
CMKLR1,UKB_hyperthyroid,Inverse variance weighted,3,3,0,0
CMKLR1,UKB_hyperthyroid,MR Egger,3,3,0,0
CMKLR1,UKB_hyperthyroid,Weighted median,3,3,0,0
CMKLR1,UKB_hyperthyroid,Weighted mode,3,3,0,0
CMKLR1,FinnGen_GO,Inverse variance weighted,3,3,0,0
CMKLR1,FinnGen_GO,MR Egger,3,3,0,0
CMKLR1,FinnGen_GO,Weighted median,3,3,0,0
CMKLR1,FinnGen_GO,Weighted mode,3,3,0,0
CNDP1,BBJ_Graves,Wald ratio,1,1,0,0
CNDP1,UKB_hyperthyroid,Wald ratio,1,1,0,0
CNDP1,FinnGen_GO,Wald ratio,1,1,0,0
CNGA1,BBJ_Graves,Inverse variance weighted,2,2,1,0
CNGA1,UKB_hyperthyroid,Inverse variance weighted,2,2,1,0
CNGA1,FinnGen_GO,Inverse variance weighted,2,2,1,0
CNGA4,UKB_hyperthyroid,Wald ratio,1,1,0,0
CNGA4,FinnGen_GO,Wald ratio,1,1,0,0
CNP,BBJ_Graves,Wald ratio,1,1,0,0
CNP,UKB_hyperthyroid,Wald ratio,1,1,0,0
CNP,FinnGen_GO,Wald ratio,1,1,0,0
CNR1,BBJ_Graves,Inverse variance weighted,3,3,0,0
CNR1,BBJ_Graves,MR Egger,3,3,0,0
CNR1,BBJ_Graves,Weighted median,3,3,0,0
CNR1,BBJ_Graves,Weighted mode,3,3,0,0
CNR1,UKB_hyperthyroid,Inverse variance weighted,3,3,0,0
CNR1,UKB_hyperthyroid,MR Egger,3,3,0,0
CNR1,UKB_hyperthyroid,Weighted median,3,3,0,0
CNR1,UKB_hyperthyroid,Weighted mode,3,3,0,0
CNR1,FinnGen_GO,Inverse variance weighted,3,3,0,0
CNR1,FinnGen_GO,MR Egger,3,3,0,0
CNR1,FinnGen_GO,Weighted median,3,3,0,0
CNR1,FinnGen_GO,Weighted mode,3,3,0,0
CNR2,BBJ_Graves,Wald ratio,1,1,0,0
CNR2,UKB_hyperthyroid,Wald ratio,1,1,0,0
CNR2,FinnGen_GO,Wald ratio,1,1,0,0
CNTNAP3,UKB_hyperthyroid,Wald ratio,1,1,0,0
CNTNAP3,FinnGen_GO,Wald ratio,1,1,0,0
COCH,BBJ_Graves,Inverse variance weighted,3,3,1,0
COCH,BBJ_Graves,MR Egger,3,3,1,0
COCH,BBJ_Graves,Weighted median,3,3,1,0
COCH,BBJ_Graves,Weighted mode,3,3,1,0
COCH,UKB_hyperthyroid,Inverse variance weighted,3,3,1,0
COCH,UKB_hyperthyroid,MR Egger,3,3,1,0
COCH,UKB_hyperthyroid,Weighted median,3,3,1,0
COCH,UKB_hyperthyroid,Weighted mode,3,3,1,0
COCH,FinnGen_GO,Inverse variance weighted,3,3,1,0
COCH,FinnGen_GO,MR Egger,3,3,1,0
COCH,FinnGen_GO,Weighted median,3,3,1,0
COCH,FinnGen_GO,Weighted mode,3,3,1,0
COL10A1,BBJ_Graves,Wald ratio,1,1,0,0
COL10A1,UKB_hyperthyroid,Wald ratio,1,1,0,0
COL10A1,FinnGen_GO,Wald ratio,1,1,0,0
COL11A2,BBJ_Graves,Inverse variance weighted,5,3,1,2
COL11A2,BBJ_Graves,MR Egger,5,3,1,2
COL11A2,BBJ_Graves,Weighted median,5,3,1,2
COL11A2,BBJ_Graves,Weighted mode,5,3,1,2
COL11A2,UKB_hyperthyroid,Inverse variance weighted,5,4,1,1
COL11A2,UKB_hyperthyroid,MR Egger,5,4,1,1
COL11A2,UKB_hyperthyroid,Weighted median,5,4,1,1
COL11A2,UKB_hyperthyroid,Weighted mode,5,4,1,1
COL11A2,FinnGen_GO,Inverse variance weighted,5,4,1,1
COL11A2,FinnGen_GO,MR Egger,5,4,1,1
COL11A2,FinnGen_GO,Weighted median,5,4,1,1
COL11A2,FinnGen_GO,Weighted mode,5,4,1,1
COL13A1,BBJ_Graves,Wald ratio,1,1,0,0
COL13A1,UKB_hyperthyroid,Wald ratio,1,1,0,0
COL13A1,FinnGen_GO,Wald ratio,1,1,0,0
COL15A1,BBJ_Graves,Wald ratio,1,1,0,0
COL15A1,UKB_hyperthyroid,Wald ratio,1,1,0,0
COL15A1,FinnGen_GO,Wald ratio,1,1,0,0
COL17A1,BBJ_Graves,Wald ratio,1,1,0,0
COL17A1,UKB_hyperthyroid,Wald ratio,1,1,0,0
COL17A1,FinnGen_GO,Wald ratio,1,1,0,0
COL18A1,BBJ_Graves,Inverse variance weighted,8,2,0,6
COL18A1,UKB_hyperthyroid,Inverse variance weighted,8,4,0,4
COL18A1,UKB_hyperthyroid,MR Egger,8,4,0,4
COL18A1,UKB_hyperthyroid,Weighted median,8,4,0,4
COL18A1,UKB_hyperthyroid,Weighted mode,8,4,0,4
COL18A1,FinnGen_GO,Inverse variance weighted,8,6,0,2
COL18A1,FinnGen_GO,MR Egger,8,6,0,2
COL18A1,FinnGen_GO,Weighted median,8,6,0,2
COL18A1,FinnGen_GO,Weighted mode,8,6,0,2
COL19A1,BBJ_Graves,Wald ratio,1,1,0,0
COL19A1,UKB_hyperthyroid,Wald ratio,1,1,0,0
COL19A1,FinnGen_GO,Wald ratio,1,1,0,0
COL1A1,UKB_hyperthyroid,Wald ratio,1,1,0,0
COL1A1,FinnGen_GO,Wald ratio,1,1,0,0
COL23A1,BBJ_Graves,Inverse variance weighted,4,4,0,0
COL23A1,BBJ_Graves,MR Egger,4,4,0,0
COL23A1,BBJ_Graves,Weighted median,4,4,0,0
COL23A1,BBJ_Graves,Weighted mode,4,4,0,0
COL23A1,UKB_hyperthyroid,Inverse variance weighted,4,4,0,0
COL23A1,UKB_hyperthyroid,MR Egger,4,4,0,0
COL23A1,UKB_hyperthyroid,Weighted median,4,4,0,0
COL23A1,UKB_hyperthyroid,Weighted mode,4,4,0,0
COL23A1,FinnGen_GO,Inverse variance weighted,4,4,0,0
COL23A1,FinnGen_GO,MR Egger,4,4,0,0
COL23A1,FinnGen_GO,Weighted median,4,4,0,0
COL23A1,FinnGen_GO,Weighted mode,4,4,0,0
COL24A1,UKB_hyperthyroid,Wald ratio,1,1,0,0
COL24A1,FinnGen_GO,Wald ratio,1,1,0,0
COL26A1,BBJ_Graves,Wald ratio,4,1,0,3
COL26A1,UKB_hyperthyroid,Inverse variance weighted,4,4,0,0
COL26A1,UKB_hyperthyroid,MR Egger,4,4,0,0
COL26A1,UKB_hyperthyroid,Weighted median,4,4,0,0
COL26A1,UKB_hyperthyroid,Weighted mode,4,4,0,0
COL26A1,FinnGen_GO,Inverse variance weighted,4,4,0,0
COL26A1,FinnGen_GO,MR Egger,4,4,0,0
COL26A1,FinnGen_GO,Weighted median,4,4,0,0
COL26A1,FinnGen_GO,Weighted mode,4,4,0,0
COL27A1,BBJ_Graves,Inverse variance weighted,2,2,1,0
COL27A1,UKB_hyperthyroid,Inverse variance weighted,2,2,1,0
COL27A1,FinnGen_GO,Inverse variance weighted,2,2,1,0
COL4A1,BBJ_Graves,Inverse variance weighted,2,2,0,0
COL4A1,UKB_hyperthyroid,Inverse variance weighted,2,2,0,0
COL4A1,FinnGen_GO,Inverse variance weighted,2,2,0,0
COL4A2,BBJ_Graves,Wald ratio,1,1,0,0
COL4A2,UKB_hyperthyroid,Wald ratio,1,1,0,0
COL4A2,FinnGen_GO,Wald ratio,1,1,0,0
COL4A3,UKB_hyperthyroid,Wald ratio,1,1,1,0
COL4A3,FinnGen_GO,Wald ratio,1,1,1,0
COL4A4,UKB_hyperthyroid,Wald ratio,1,1,1,0
COL5A1,BBJ_Graves,Wald ratio,1,1,0,0
COL5A1,UKB_hyperthyroid,Wald ratio,1,1,0,0
COL5A1,FinnGen_GO,Wald ratio,1,1,0,0
COL5A2,BBJ_Graves,Wald ratio,2,1,0,1
COL5A2,UKB_hyperthyroid,Wald ratio,2,1,0,1
COL5A2,FinnGen_GO,Inverse variance weighted,2,2,0,0
COL5A3,BBJ_Graves,Wald ratio,3,1,1,2
COL5A3,UKB_hyperthyroid,Inverse variance weighted,3,2,1,1
COL5A3,FinnGen_GO,Inverse variance weighted,3,2,1,1
COL6A1,BBJ_Graves,Inverse variance weighted,4,3,0,1
COL6A1,BBJ_Graves,MR Egger,4,3,0,1
COL6A1,BBJ_Graves,Weighted median,4,3,0,1
COL6A1,BBJ_Graves,Weighted mode,4,3,0,1
COL6A1,UKB_hyperthyroid,Inverse variance weighted,4,4,0,0
COL6A1,UKB_hyperthyroid,MR Egger,4,4,0,0
COL6A1,UKB_hyperthyroid,Weighted median,4,4,0,0
COL6A1,UKB_hyperthyroid,Weighted mode,4,4,0,0
COL6A1,FinnGen_GO,Inverse variance weighted,4,4,0,0
COL6A1,FinnGen_GO,MR Egger,4,4,0,0
COL6A1,FinnGen_GO,Weighted median,4,4,0,0
COL6A1,FinnGen_GO,Weighted mode,4,4,0,0
COL6A2,BBJ_Graves,Inverse variance weighted,5,3,0,2
COL6A2,BBJ_Graves,MR Egger,5,3,0,2
COL6A2,BBJ_Graves,Weighted median,5,3,0,2
COL6A2,BBJ_Graves,Weighted mode,5,3,0,2
COL6A2,UKB_hyperthyroid,Inverse variance weighted,5,5,0,0
COL6A2,UKB_hyperthyroid,MR Egger,5,5,0,0
COL6A2,UKB_hyperthyroid,Weighted median,5,5,0,0
COL6A2,UKB_hyperthyroid,Weighted mode,5,5,0,0
COL6A2,FinnGen_GO,Inverse variance weighted,5,4,0,1
COL6A2,FinnGen_GO,MR Egger,5,4,0,1
COL6A2,FinnGen_GO,Weighted median,5,4,0,1
COL6A2,FinnGen_GO,Weighted mode,5,4,0,1
COL6A3,BBJ_Graves,Inverse variance weighted,3,3,1,0
COL6A3,BBJ_Graves,MR Egger,3,3,1,0
COL6A3,BBJ_Graves,Weighted median,3,3,1,0
COL6A3,BBJ_Graves,Weighted mode,3,3,1,0
COL6A3,UKB_hyperthyroid,Wald ratio,3,1,1,2
COL6A3,FinnGen_GO,Inverse variance weighted,3,2,1,1
COL7A1,UKB_hyperthyroid,Wald ratio,1,1,0,0
COL7A1,FinnGen_GO,Wald ratio,1,1,0,0
COL8A2,UKB_hyperthyroid,Wald ratio,1,1,0,0
COL8A2,FinnGen_GO,Wald ratio,1,1,0,0
COL9A2,BBJ_Graves,Wald ratio,2,1,0,1
COL9A2,UKB_hyperthyroid,Inverse variance weighted,2,2,0,0
COL9A2,FinnGen_GO,Wald ratio,2,1,0,1
COL9A3,BBJ_Graves,Inverse variance weighted,2,2,0,0
COL9A3,UKB_hyperthyroid,Inverse variance weighted,2,2,0,0
COL9A3,FinnGen_GO,Inverse variance weighted,2,2,0,0
COLQ,BBJ_Graves,Inverse variance weighted,4,3,0,1
COLQ,BBJ_Graves,MR Egger,4,3,0,1
COLQ,BBJ_Graves,Weighted median,4,3,0,1
COLQ,BBJ_Graves,Weighted mode,4,3,0,1
COLQ,UKB_hyperthyroid,Inverse variance weighted,4,3,0,1
COLQ,UKB_hyperthyroid,MR Egger,4,3,0,1
COLQ,UKB_hyperthyroid,Weighted median,4,3,0,1
COLQ,UKB_hyperthyroid,Weighted mode,4,3,0,1
COLQ,FinnGen_GO,Inverse variance weighted,4,4,0,0
COLQ,FinnGen_GO,MR Egger,4,4,0,0
COLQ,FinnGen_GO,Weighted median,4,4,0,0
COLQ,FinnGen_GO,Weighted mode,4,4,0,0
COMT,BBJ_Graves,Inverse variance weighted,3,3,0,0
COMT,BBJ_Graves,MR Egger,3,3,0,0
COMT,BBJ_Graves,Weighted median,3,3,0,0
COMT,BBJ_Graves,Weighted mode,3,3,0,0
COMT,UKB_hyperthyroid,Inverse variance weighted,3,3,0,0
COMT,UKB_hyperthyroid,MR Egger,3,3,0,0
COMT,UKB_hyperthyroid,Weighted median,3,3,0,0
COMT,UKB_hyperthyroid,Weighted mode,3,3,0,0
COMT,FinnGen_GO,Inverse variance weighted,3,3,0,0
COMT,FinnGen_GO,MR Egger,3,3,0,0
COMT,FinnGen_GO,Weighted median,3,3,0,0
COMT,FinnGen_GO,Weighted mode,3,3,0,0
COPA,BBJ_Graves,Wald ratio,2,1,1,1
COPA,UKB_hyperthyroid,Wald ratio,2,1,1,1
COPA,FinnGen_GO,Wald ratio,2,1,1,1
CORIN,BBJ_Graves,Wald ratio,2,1,0,1
CORIN,UKB_hyperthyroid,Inverse variance weighted,2,2,0,0
CORIN,FinnGen_GO,Inverse variance weighted,2,2,0,0
CPA3,BBJ_Graves,Wald ratio,1,1,0,0
CPA3,UKB_hyperthyroid,Wald ratio,1,1,0,0
CPA3,FinnGen_GO,Wald ratio,1,1,0,0
CPA5,BBJ_Graves,Wald ratio,6,1,1,5
CPA5,UKB_hyperthyroid,Inverse variance weighted,6,6,1,0
CPA5,UKB_hyperthyroid,MR Egger,6,6,1,0
CPA5,UKB_hyperthyroid,Weighted median,6,6,1,0
CPA5,UKB_hyperthyroid,Weighted mode,6,6,1,0
CPA5,FinnGen_GO,Inverse variance weighted,6,6,1,0
CPA5,FinnGen_GO,MR Egger,6,6,1,0
CPA5,FinnGen_GO,Weighted median,6,6,1,0
CPA5,FinnGen_GO,Weighted mode,6,6,1,0
CPAMD8,BBJ_Graves,Inverse variance weighted,2,2,1,0
CPAMD8,UKB_hyperthyroid,Inverse variance weighted,2,2,1,0
CPAMD8,FinnGen_GO,Inverse variance weighted,2,2,1,0
CPM,BBJ_Graves,Wald ratio,2,1,0,1
CPM,UKB_hyperthyroid,Inverse variance weighted,2,2,0,0
CPM,FinnGen_GO,Inverse variance weighted,2,2,0,0
CPQ,BBJ_Graves,Inverse variance weighted,5,4,1,1
CPQ,BBJ_Graves,MR Egger,5,4,1,1
CPQ,BBJ_Graves,Weighted median,5,4,1,1
CPQ,BBJ_Graves,Weighted mode,5,4,1,1
CPQ,UKB_hyperthyroid,Inverse variance weighted,5,4,1,1
CPQ,UKB_hyperthyroid,MR Egger,5,4,1,1
CPQ,UKB_hyperthyroid,Weighted median,5,4,1,1
CPQ,UKB_hyperthyroid,Weighted mode,5,4,1,1
CPQ,FinnGen_GO,Inverse variance weighted,5,5,1,0
CPQ,FinnGen_GO,MR Egger,5,5,1,0
CPQ,FinnGen_GO,Weighted median,5,5,1,0
CPQ,FinnGen_GO,Weighted mode,5,5,1,0
CPT1A,BBJ_Graves,Inverse variance weighted,2,2,0,0
CPT1A,UKB_hyperthyroid,Inverse variance weighted,2,2,0,0
CPT1A,FinnGen_GO,Wald ratio,2,1,0,1
CPT1B,BBJ_Graves,Inverse variance weighted,4,2,1,2
CPT1B,UKB_hyperthyroid,Inverse variance weighted,4,4,1,0
CPT1B,UKB_hyperthyroid,MR Egger,4,4,1,0
CPT1B,UKB_hyperthyroid,Weighted median,4,4,1,0
CPT1B,UKB_hyperthyroid,Weighted mode,4,4,1,0
CPT1B,FinnGen_GO,Inverse variance weighted,4,4,1,0
CPT1B,FinnGen_GO,MR Egger,4,4,1,0
CPT1B,FinnGen_GO,Weighted median,4,4,1,0
CPT1B,FinnGen_GO,Weighted mode,4,4,1,0
CPT2,BBJ_Graves,Inverse variance weighted,2,2,0,0
CPT2,UKB_hyperthyroid,Inverse variance weighted,2,2,0,0
CPT2,FinnGen_GO,Inverse variance weighted,2,2,0,0
CPXM1,BBJ_Graves,Inverse variance weighted,2,2,1,0
CPXM1,UKB_hyperthyroid,Inverse variance weighted,2,2,1,0
CPXM1,FinnGen_GO,Inverse variance weighted,2,2,1,0
CR1,BBJ_Graves,Inverse variance weighted,3,2,0,1
CR1,UKB_hyperthyroid,Inverse variance weighted,3,3,0,0
CR1,UKB_hyperthyroid,MR Egger,3,3,0,0
CR1,UKB_hyperthyroid,Weighted median,3,3,0,0
CR1,UKB_hyperthyroid,Weighted mode,3,3,0,0
CR1,FinnGen_GO,Inverse variance weighted,3,3,0,0
CR1,FinnGen_GO,MR Egger,3,3,0,0
CR1,FinnGen_GO,Weighted median,3,3,0,0
CR1,FinnGen_GO,Weighted mode,3,3,0,0
CR1L,BBJ_Graves,Wald ratio,1,1,0,0
CR1L,UKB_hyperthyroid,Wald ratio,1,1,0,0
CR1L,FinnGen_GO,Wald ratio,1,1,0,0
CR2,BBJ_Graves,Wald ratio,1,1,0,0
CR2,UKB_hyperthyroid,Wald ratio,1,1,0,0
CR2,FinnGen_GO,Wald ratio,1,1,0,0
CRB2,BBJ_Graves,Wald ratio,1,1,0,0
CRB2,UKB_hyperthyroid,Wald ratio,1,1,0,0
CRB2,FinnGen_GO,Wald ratio,1,1,0,0
CREG1,BBJ_Graves,Inverse variance weighted,3,2,0,1
CREG1,UKB_hyperthyroid,Inverse variance weighted,3,3,0,0
CREG1,UKB_hyperthyroid,MR Egger,3,3,0,0
CREG1,UKB_hyperthyroid,Weighted median,3,3,0,0
CREG1,UKB_hyperthyroid,Weighted mode,3,3,0,0
CREG1,FinnGen_GO,Inverse variance weighted,3,3,0,0
CREG1,FinnGen_GO,MR Egger,3,3,0,0
CREG1,FinnGen_GO,Weighted median,3,3,0,0
CREG1,FinnGen_GO,Weighted mode,3,3,0,0
CRELD2,BBJ_Graves,Inverse variance weighted,5,3,0,2
CRELD2,BBJ_Graves,MR Egger,5,3,0,2
CRELD2,BBJ_Graves,Weighted median,5,3,0,2
CRELD2,BBJ_Graves,Weighted mode,5,3,0,2
CRELD2,UKB_hyperthyroid,Inverse variance weighted,5,5,0,0
CRELD2,UKB_hyperthyroid,MR Egger,5,5,0,0
CRELD2,UKB_hyperthyroid,Weighted median,5,5,0,0
CRELD2,UKB_hyperthyroid,Weighted mode,5,5,0,0
CRELD2,FinnGen_GO,Inverse variance weighted,5,5,0,0
CRELD2,FinnGen_GO,MR Egger,5,5,0,0
CRELD2,FinnGen_GO,Weighted median,5,5,0,0
CRELD2,FinnGen_GO,Weighted mode,5,5,0,0
CRHR2,BBJ_Graves,Wald ratio,1,1,0,0
CRHR2,UKB_hyperthyroid,Wald ratio,1,1,0,0
CRHR2,FinnGen_GO,Wald ratio,1,1,0,0
CRIM1,BBJ_Graves,Inverse variance weighted,3,2,0,1
CRIM1,UKB_hyperthyroid,Inverse variance weighted,3,2,0,1
CRIM1,FinnGen_GO,Inverse variance weighted,3,3,0,0
CRIM1,FinnGen_GO,MR Egger,3,3,0,0
CRIM1,FinnGen_GO,Weighted median,3,3,0,0
CRIM1,FinnGen_GO,Weighted mode,3,3,0,0
CRISP2,BBJ_Graves,Wald ratio,2,1,0,1
CRISP2,UKB_hyperthyroid,Inverse variance weighted,2,2,0,0
CRISP2,FinnGen_GO,Inverse variance weighted,2,2,0,0
CRISP3,BBJ_Graves,Inverse variance weighted,2,2,0,0
CRISP3,UKB_hyperthyroid,Inverse variance weighted,2,2,0,0
CRISP3,FinnGen_GO,Inverse variance weighted,2,2,0,0
CRISPLD2,BBJ_Graves,Inverse variance weighted,4,3,0,1
CRISPLD2,BBJ_Graves,MR Egger,4,3,0,1
CRISPLD2,BBJ_Graves,Weighted median,4,3,0,1
CRISPLD2,BBJ_Graves,Weighted mode,4,3,0,1
CRISPLD2,UKB_hyperthyroid,Inverse variance weighted,4,4,0,0
CRISPLD2,UKB_hyperthyroid,MR Egger,4,4,0,0
CRISPLD2,UKB_hyperthyroid,Weighted median,4,4,0,0
CRISPLD2,UKB_hyperthyroid,Weighted mode,4,4,0,0
CRISPLD2,FinnGen_GO,Inverse variance weighted,4,4,0,0
CRISPLD2,FinnGen_GO,MR Egger,4,4,0,0
CRISPLD2,FinnGen_GO,Weighted median,4,4,0,0
CRISPLD2,FinnGen_GO,Weighted mode,4,4,0,0
CRTAM,BBJ_Graves,Inverse variance weighted,2,2,0,0
CRTAM,UKB_hyperthyroid,Inverse variance weighted,2,2,0,0
CRTAM,FinnGen_GO,Inverse variance weighted,2,2,0,0
CRTAP,BBJ_Graves,Wald ratio,1,1,0,0
CRTAP,UKB_hyperthyroid,Wald ratio,1,1,0,0
CRTAP,FinnGen_GO,Wald ratio,1,1,0,0
CRY2,BBJ_Graves,Wald ratio,2,1,0,1
CRY2,UKB_hyperthyroid,Inverse variance weighted,2,2,0,0
CRY2,FinnGen_GO,Inverse variance weighted,2,2,0,0
CSF1,BBJ_Graves,Wald ratio,1,1,1,0
CSF1,UKB_hyperthyroid,Wald ratio,1,1,1,0
CSF1,FinnGen_GO,Wald ratio,1,1,1,0
CSF1R,BBJ_Graves,Inverse variance weighted,3,3,0,0
CSF1R,BBJ_Graves,MR Egger,3,3,0,0
CSF1R,BBJ_Graves,Weighted median,3,3,0,0
CSF1R,BBJ_Graves,Weighted mode,3,3,0,0
CSF1R,UKB_hyperthyroid,Inverse variance weighted,3,3,0,0
CSF1R,UKB_hyperthyroid,MR Egger,3,3,0,0
CSF1R,UKB_hyperthyroid,Weighted median,3,3,0,0
CSF1R,UKB_hyperthyroid,Weighted mode,3,3,0,0
CSF1R,FinnGen_GO,Inverse variance weighted,3,3,0,0
CSF1R,FinnGen_GO,MR Egger,3,3,0,0
CSF1R,FinnGen_GO,Weighted median,3,3,0,0
CSF1R,FinnGen_GO,Weighted mode,3,3,0,0
CSF2RB,BBJ_Graves,Inverse variance weighted,2,2,0,0
CSF2RB,UKB_hyperthyroid,Inverse variance weighted,2,2,0,0
CSF2RB,FinnGen_GO,Inverse variance weighted,2,2,0,0
CSF3R,UKB_hyperthyroid,Wald ratio,1,1,0,0
CSF3R,FinnGen_GO,Wald ratio,1,1,0,0
CSK,UKB_hyperthyroid,Inverse variance weighted,3,3,0,0
CSK,UKB_hyperthyroid,MR Egger,3,3,0,0
CSK,UKB_hyperthyroid,Weighted median,3,3,0,0
CSK,UKB_hyperthyroid,Weighted mode,3,3,0,0
CSK,FinnGen_GO,Inverse variance weighted,3,3,0,0
CSK,FinnGen_GO,MR Egger,3,3,0,0
CSK,FinnGen_GO,Weighted median,3,3,0,0
CSK,FinnGen_GO,Weighted mode,3,3,0,0
CSNK1A1,BBJ_Graves,Wald ratio,1,1,0,0
CSNK1A1,UKB_hyperthyroid,Wald ratio,1,1,0,0
CSNK1A1,FinnGen_GO,Wald ratio,1,1,0,0
CSNK1A1L,BBJ_Graves,Wald ratio,1,1,0,0
CSNK1A1L,UKB_hyperthyroid,Wald ratio,1,1,0,0
CSNK1A1L,FinnGen_GO,Wald ratio,1,1,0,0
CSNK1D,UKB_hyperthyroid,Inverse variance weighted,4,3,0,1
CSNK1D,UKB_hyperthyroid,MR Egger,4,3,0,1
CSNK1D,UKB_hyperthyroid,Weighted median,4,3,0,1
CSNK1D,UKB_hyperthyroid,Weighted mode,4,3,0,1
CSNK1D,FinnGen_GO,Inverse variance weighted,4,3,0,1
CSNK1D,FinnGen_GO,MR Egger,4,3,0,1
CSNK1D,FinnGen_GO,Weighted median,4,3,0,1
CSNK1D,FinnGen_GO,Weighted mode,4,3,0,1
CSNK1E,BBJ_Graves,Wald ratio,6,1,0,5
CSNK1E,UKB_hyperthyroid,Inverse variance weighted,6,3,0,3
CSNK1E,UKB_hyperthyroid,MR Egger,6,3,0,3
CSNK1E,UKB_hyperthyroid,Weighted median,6,3,0,3
CSNK1E,UKB_hyperthyroid,Weighted mode,6,3,0,3
CSNK1E,FinnGen_GO,Inverse variance weighted,6,6,0,0
CSNK1E,FinnGen_GO,MR Egger,6,6,0,0
CSNK1E,FinnGen_GO,Weighted median,6,6,0,0
CSNK1E,FinnGen_GO,Weighted mode,6,6,0,0
CSNK1G1,BBJ_Graves,Wald ratio,2,1,0,1
CSNK1G1,UKB_hyperthyroid,Wald ratio,2,1,0,1
CSNK1G1,FinnGen_GO,Wald ratio,2,1,0,1
CSNK1G2,BBJ_Graves,Wald ratio,1,1,0,0
CSNK1G2,UKB_hyperthyroid,Wald ratio,1,1,0,0
CSNK1G2,FinnGen_GO,Wald ratio,1,1,0,0
CSNK1G3,BBJ_Graves,Wald ratio,1,1,0,0
CSNK1G3,UKB_hyperthyroid,Wald ratio,1,1,0,0
CSNK1G3,FinnGen_GO,Wald ratio,1,1,0,0
CSNK2A1,BBJ_Graves,Wald ratio,1,1,0,0
CSNK2A1,UKB_hyperthyroid,Wald ratio,1,1,0,0
CSNK2A1,FinnGen_GO,Wald ratio,1,1,0,0
CSNK2A2,BBJ_Graves,Wald ratio,1,1,0,0
CSNK2A2,UKB_hyperthyroid,Wald ratio,1,1,0,0
CST3,BBJ_Graves,Inverse variance weighted,8,2,0,6
CST3,UKB_hyperthyroid,Inverse variance weighted,8,4,0,4
CST3,UKB_hyperthyroid,MR Egger,8,4,0,4
CST3,UKB_hyperthyroid,Weighted median,8,4,0,4
CST3,UKB_hyperthyroid,Weighted mode,8,4,0,4
CST3,FinnGen_GO,Inverse variance weighted,8,6,0,2
CST3,FinnGen_GO,MR Egger,8,6,0,2
CST3,FinnGen_GO,Weighted median,8,6,0,2
CST3,FinnGen_GO,Weighted mode,8,6,0,2
CST7,BBJ_Graves,Inverse variance weighted,4,3,1,1
CST7,BBJ_Graves,MR Egger,4,3,1,1
CST7,BBJ_Graves,Weighted median,4,3,1,1
CST7,BBJ_Graves,Weighted mode,4,3,1,1
CST7,UKB_hyperthyroid,Inverse variance weighted,4,3,1,1
CST7,UKB_hyperthyroid,MR Egger,4,3,1,1
CST7,UKB_hyperthyroid,Weighted median,4,3,1,1
CST7,UKB_hyperthyroid,Weighted mode,4,3,1,1
CST7,FinnGen_GO,Inverse variance weighted,4,3,1,1
CST7,FinnGen_GO,MR Egger,4,3,1,1
CST7,FinnGen_GO,Weighted median,4,3,1,1
CST7,FinnGen_GO,Weighted mode,4,3,1,1
CTBS,BBJ_Graves,Inverse variance weighted,6,4,0,2
CTBS,BBJ_Graves,MR Egger,6,4,0,2
CTBS,BBJ_Graves,Weighted median,6,4,0,2
CTBS,BBJ_Graves,Weighted mode,6,4,0,2
CTBS,UKB_hyperthyroid,Inverse variance weighted,6,4,0,2
CTBS,UKB_hyperthyroid,MR Egger,6,4,0,2
CTBS,UKB_hyperthyroid,Weighted median,6,4,0,2
CTBS,UKB_hyperthyroid,Weighted mode,6,4,0,2
CTBS,FinnGen_GO,Inverse variance weighted,6,4,0,2
CTBS,FinnGen_GO,MR Egger,6,4,0,2
CTBS,FinnGen_GO,Weighted median,6,4,0,2
CTBS,FinnGen_GO,Weighted mode,6,4,0,2
CTDSP1,BBJ_Graves,Wald ratio,1,1,0,0
CTDSP1,UKB_hyperthyroid,Wald ratio,1,1,0,0
CTDSP1,FinnGen_GO,Wald ratio,1,1,0,0
CTGF,BBJ_Graves,Inverse variance weighted,2,2,0,0
CTGF,UKB_hyperthyroid,Inverse variance weighted,2,2,0,0
CTGF,FinnGen_GO,Inverse variance weighted,2,2,0,0
CTLA4,BBJ_Graves,Wald ratio,2,1,0,1
CTLA4,UKB_hyperthyroid,Inverse variance weighted,2,2,0,0
CTLA4,FinnGen_GO,Inverse variance weighted,2,2,0,0
CTNNB1,BBJ_Graves,Inverse variance weighted,3,2,1,1
CTNNB1,UKB_hyperthyroid,Inverse variance weighted,3,3,1,0
CTNNB1,UKB_hyperthyroid,MR Egger,3,3,1,0
CTNNB1,UKB_hyperthyroid,Weighted median,3,3,1,0
CTNNB1,UKB_hyperthyroid,Weighted mode,3,3,1,0
CTNNB1,FinnGen_GO,Inverse variance weighted,3,3,1,0
CTNNB1,FinnGen_GO,MR Egger,3,3,1,0
CTNNB1,FinnGen_GO,Weighted median,3,3,1,0
CTNNB1,FinnGen_GO,Weighted mode,3,3,1,0
CTRC,BBJ_Graves,Wald ratio,1,1,0,0
CTRC,UKB_hyperthyroid,Wald ratio,1,1,0,0
CTRC,FinnGen_GO,Wald ratio,1,1,0,0
CTSA,BBJ_Graves,Inverse variance weighted,2,2,1,0
CTSA,UKB_hyperthyroid,Inverse variance weighted,2,2,1,0
CTSA,FinnGen_GO,Inverse variance weighted,2,2,1,0
CTSB,BBJ_Graves,Inverse variance weighted,6,4,0,2
CTSB,BBJ_Graves,MR Egger,6,4,0,2
CTSB,BBJ_Graves,Weighted median,6,4,0,2
CTSB,BBJ_Graves,Weighted mode,6,4,0,2
CTSB,UKB_hyperthyroid,Inverse variance weighted,6,4,0,2
CTSB,UKB_hyperthyroid,MR Egger,6,4,0,2
CTSB,UKB_hyperthyroid,Weighted median,6,4,0,2
CTSB,UKB_hyperthyroid,Weighted mode,6,4,0,2
CTSB,FinnGen_GO,Inverse variance weighted,6,5,0,1
CTSB,FinnGen_GO,MR Egger,6,5,0,1
CTSB,FinnGen_GO,Weighted median,6,5,0,1
CTSB,FinnGen_GO,Weighted mode,6,5,0,1
CTSC,BBJ_Graves,Inverse variance weighted,12,3,0,9
CTSC,BBJ_Graves,MR Egger,12,3,0,9
CTSC,BBJ_Graves,Weighted median,12,3,0,9
CTSC,BBJ_Graves,Weighted mode,12,3,0,9
CTSC,UKB_hyperthyroid,Inverse variance weighted,12,10,1,2
CTSC,UKB_hyperthyroid,MR Egger,12,10,1,2
CTSC,UKB_hyperthyroid,Weighted median,12,10,1,2
CTSC,UKB_hyperthyroid,Weighted mode,12,10,1,2
CTSC,FinnGen_GO,Inverse variance weighted,12,12,1,0
CTSC,FinnGen_GO,MR Egger,12,12,1,0
CTSC,FinnGen_GO,Weighted median,12,12,1,0
CTSC,FinnGen_GO,Weighted mode,12,12,1,0
CTSD,BBJ_Graves,Inverse variance weighted,3,2,1,1
CTSD,UKB_hyperthyroid,Inverse variance weighted,3,3,1,0
CTSD,UKB_hyperthyroid,MR Egger,3,3,1,0
CTSD,UKB_hyperthyroid,Weighted median,3,3,1,0
CTSD,UKB_hyperthyroid,Weighted mode,3,3,1,0
CTSD,FinnGen_GO,Inverse variance weighted,3,3,1,0
CTSD,FinnGen_GO,MR Egger,3,3,1,0
CTSD,FinnGen_GO,Weighted median,3,3,1,0
CTSD,FinnGen_GO,Weighted mode,3,3,1,0
CTSE,UKB_hyperthyroid,Wald ratio,1,1,1,0
CTSE,FinnGen_GO,Wald ratio,1,1,1,0
CTSF,BBJ_Graves,Inverse variance weighted,5,2,0,3
CTSF,UKB_hyperthyroid,Inverse variance weighted,5,4,0,1
CTSF,UKB_hyperthyroid,MR Egger,5,4,0,1
CTSF,UKB_hyperthyroid,Weighted median,5,4,0,1
CTSF,UKB_hyperthyroid,Weighted mode,5,4,0,1
CTSF,FinnGen_GO,Inverse variance weighted,5,5,0,0
CTSF,FinnGen_GO,MR Egger,5,5,0,0
CTSF,FinnGen_GO,Weighted median,5,5,0,0
CTSF,FinnGen_GO,Weighted mode,5,5,0,0
CTSG,BBJ_Graves,Wald ratio,4,1,1,3
CTSG,UKB_hyperthyroid,Inverse variance weighted,4,3,1,1
CTSG,UKB_hyperthyroid,MR Egger,4,3,1,1
CTSG,UKB_hyperthyroid,Weighted median,4,3,1,1
CTSG,UKB_hyperthyroid,Weighted mode,4,3,1,1
CTSG,FinnGen_GO,Inverse variance weighted,4,4,1,0
CTSG,FinnGen_GO,MR Egger,4,4,1,0
CTSG,FinnGen_GO,Weighted median,4,4,1,0
CTSG,FinnGen_GO,Weighted mode,4,4,1,0
CTSH,BBJ_Graves,Inverse variance weighted,6,5,2,1
CTSH,BBJ_Graves,MR Egger,6,5,2,1
CTSH,BBJ_Graves,Weighted median,6,5,2,1
CTSH,BBJ_Graves,Weighted mode,6,5,2,1
CTSH,UKB_hyperthyroid,Inverse variance weighted,6,4,1,2
CTSH,UKB_hyperthyroid,MR Egger,6,4,1,2
CTSH,UKB_hyperthyroid,Weighted median,6,4,1,2
CTSH,UKB_hyperthyroid,Weighted mode,6,4,1,2
CTSH,FinnGen_GO,Inverse variance weighted,6,6,2,0
CTSH,FinnGen_GO,MR Egger,6,6,2,0
CTSH,FinnGen_GO,Weighted median,6,6,2,0
CTSH,FinnGen_GO,Weighted mode,6,6,2,0
CTSK,BBJ_Graves,Inverse variance weighted,5,3,0,2
CTSK,BBJ_Graves,MR Egger,5,3,0,2
CTSK,BBJ_Graves,Weighted median,5,3,0,2
CTSK,BBJ_Graves,Weighted mode,5,3,0,2
CTSK,UKB_hyperthyroid,Inverse variance weighted,5,4,0,1
CTSK,UKB_hyperthyroid,MR Egger,5,4,0,1
CTSK,UKB_hyperthyroid,Weighted median,5,4,0,1
CTSK,UKB_hyperthyroid,Weighted mode,5,4,0,1
CTSK,FinnGen_GO,Inverse variance weighted,5,4,0,1
CTSK,FinnGen_GO,MR Egger,5,4,0,1
CTSK,FinnGen_GO,Weighted median,5,4,0,1
CTSK,FinnGen_GO,Weighted mode,5,4,0,1
CTSL,BBJ_Graves,Inverse variance weighted,4,4,0,0
CTSL,BBJ_Graves,MR Egger,4,4,0,0
CTSL,BBJ_Graves,Weighted median,4,4,0,0
CTSL,BBJ_Graves,Weighted mode,4,4,0,0
CTSL,UKB_hyperthyroid,Inverse variance weighted,4,4,0,0
CTSL,UKB_hyperthyroid,MR Egger,4,4,0,0
CTSL,UKB_hyperthyroid,Weighted median,4,4,0,0
CTSL,UKB_hyperthyroid,Weighted mode,4,4,0,0
CTSL,FinnGen_GO,Inverse variance weighted,4,4,0,0
CTSL,FinnGen_GO,MR Egger,4,4,0,0
CTSL,FinnGen_GO,Weighted median,4,4,0,0
CTSL,FinnGen_GO,Weighted mode,4,4,0,0
CTSS,BBJ_Graves,Inverse variance weighted,6,2,1,4
CTSS,UKB_hyperthyroid,Wald ratio,6,1,1,5
CTSS,FinnGen_GO,Inverse variance weighted,6,3,1,3
CTSS,FinnGen_GO,MR Egger,6,3,1,3
CTSS,FinnGen_GO,Weighted median,6,3,1,3
CTSS,FinnGen_GO,Weighted mode,6,3,1,3
CTSW,BBJ_Graves,Inverse variance weighted,15,6,2,9
CTSW,BBJ_Graves,MR Egger,15,6,2,9
CTSW,BBJ_Graves,Weighted median,15,6,2,9
CTSW,BBJ_Graves,Weighted mode,15,6,2,9
CTSW,UKB_hyperthyroid,Inverse variance weighted,15,6,1,9
CTSW,UKB_hyperthyroid,MR Egger,15,6,1,9
CTSW,UKB_hyperthyroid,Weighted median,15,6,1,9
CTSW,UKB_hyperthyroid,Weighted mode,15,6,1,9
CTSW,FinnGen_GO,Inverse variance weighted,15,11,2,4
CTSW,FinnGen_GO,MR Egger,15,11,2,4
CTSW,FinnGen_GO,Weighted median,15,11,2,4
CTSW,FinnGen_GO,Weighted mode,15,11,2,4
CTSZ,BBJ_Graves,Wald ratio,2,1,0,1
CTSZ,UKB_hyperthyroid,Inverse variance weighted,2,2,0,0
CTSZ,FinnGen_GO,Inverse variance weighted,2,2,0,0
CX3CR1,BBJ_Graves,Inverse variance weighted,3,2,0,1
CX3CR1,UKB_hyperthyroid,Inverse variance weighted,3,3,0,0
CX3CR1,UKB_hyperthyroid,MR Egger,3,3,0,0
CX3CR1,UKB_hyperthyroid,Weighted median,3,3,0,0
CX3CR1,UKB_hyperthyroid,Weighted mode,3,3,0,0
CX3CR1,FinnGen_GO,Inverse variance weighted,3,3,0,0
CX3CR1,FinnGen_GO,MR Egger,3,3,0,0
CX3CR1,FinnGen_GO,Weighted median,3,3,0,0
CX3CR1,FinnGen_GO,Weighted mode,3,3,0,0
CXCL1,BBJ_Graves,Inverse variance weighted,3,2,0,1
CXCL1,UKB_hyperthyroid,Inverse variance weighted,3,3,0,0
CXCL1,UKB_hyperthyroid,MR Egger,3,3,0,0
CXCL1,UKB_hyperthyroid,Weighted median,3,3,0,0
CXCL1,UKB_hyperthyroid,Weighted mode,3,3,0,0
CXCL1,FinnGen_GO,Inverse variance weighted,3,3,0,0
CXCL1,FinnGen_GO,MR Egger,3,3,0,0
CXCL1,FinnGen_GO,Weighted median,3,3,0,0
CXCL1,FinnGen_GO,Weighted mode,3,3,0,0
CXCL10,BBJ_Graves,Wald ratio,1,1,0,0
CXCL10,UKB_hyperthyroid,Wald ratio,1,1,0,0
CXCL10,FinnGen_GO,Wald ratio,1,1,0,0
CXCL16,BBJ_Graves,Inverse variance weighted,3,2,1,1
CXCL16,UKB_hyperthyroid,Inverse variance weighted,3,3,1,0
CXCL16,UKB_hyperthyroid,MR Egger,3,3,1,0
CXCL16,UKB_hyperthyroid,Weighted median,3,3,1,0
CXCL16,UKB_hyperthyroid,Weighted mode,3,3,1,0
CXCL16,FinnGen_GO,Inverse variance weighted,3,2,1,1
CXCL5,UKB_hyperthyroid,Inverse variance weighted,2,2,0,0
CXCL5,FinnGen_GO,Inverse variance weighted,2,2,0,0
CXCL6,BBJ_Graves,Inverse variance weighted,2,2,0,0
CXCL6,UKB_hyperthyroid,Inverse variance weighted,2,2,0,0
CXCL6,FinnGen_GO,Inverse variance weighted,2,2,0,0
CXCL9,UKB_hyperthyroid,Wald ratio,1,1,1,0
CXCL9,FinnGen_GO,Wald ratio,1,1,1,0
CXCR1,BBJ_Graves,Inverse variance weighted,2,2,0,0
CXCR1,UKB_hyperthyroid,Inverse variance weighted,2,2,0,0
CXCR1,FinnGen_GO,Inverse variance weighted,2,2,0,0
CXCR2,BBJ_Graves,Wald ratio,1,1,0,0
CXCR2,UKB_hyperthyroid,Wald ratio,1,1,0,0
CXCR2,FinnGen_GO,Wald ratio,1,1,0,0
CXCR4,UKB_hyperthyroid,Wald ratio,1,1,0,0
CXCR4,FinnGen_GO,Wald ratio,1,1,0,0
CXCR5,BBJ_Graves,Wald ratio,1,1,0,0
CXCR5,UKB_hyperthyroid,Wald ratio,1,1,0,0
CXCR5,FinnGen_GO,Wald ratio,1,1,0,0
CXCR6,BBJ_Graves,Inverse variance weighted,5,3,0,2
CXCR6,BBJ_Graves,MR Egger,5,3,0,2
CXCR6,BBJ_Graves,Weighted median,5,3,0,2
CXCR6,BBJ_Graves,Weighted mode,5,3,0,2
CXCR6,UKB_hyperthyroid,Inverse variance weighted,5,4,0,1
CXCR6,UKB_hyperthyroid,MR Egger,5,4,0,1
CXCR6,UKB_hyperthyroid,Weighted median,5,4,0,1
CXCR6,UKB_hyperthyroid,Weighted mode,5,4,0,1
CXCR6,FinnGen_GO,Inverse variance weighted,5,4,0,1
CXCR6,FinnGen_GO,MR Egger,5,4,0,1
CXCR6,FinnGen_GO,Weighted median,5,4,0,1
CXCR6,FinnGen_GO,Weighted mode,5,4,0,1
CYB5D2,BBJ_Graves,Wald ratio,2,1,0,1
CYB5D2,UKB_hyperthyroid,Inverse variance weighted,2,2,0,0
CYB5D2,FinnGen_GO,Wald ratio,2,1,0,1
CYB5R3,BBJ_Graves,Wald ratio,4,1,0,3
CYB5R3,UKB_hyperthyroid,Inverse variance weighted,4,4,0,0
CYB5R3,UKB_hyperthyroid,MR Egger,4,4,0,0
CYB5R3,UKB_hyperthyroid,Weighted median,4,4,0,0
CYB5R3,UKB_hyperthyroid,Weighted mode,4,4,0,0
CYB5R3,FinnGen_GO,Inverse variance weighted,4,4,0,0
CYB5R3,FinnGen_GO,MR Egger,4,4,0,0
CYB5R3,FinnGen_GO,Weighted median,4,4,0,0
CYB5R3,FinnGen_GO,Weighted mode,4,4,0,0
CYP11A1,BBJ_Graves,Wald ratio,1,1,0,0
CYP11A1,UKB_hyperthyroid,Wald ratio,1,1,0,0
CYP11A1,FinnGen_GO,Wald ratio,1,1,0,0
CYP17A1,UKB_hyperthyroid,Wald ratio,1,1,1,0
CYP17A1,FinnGen_GO,Wald ratio,1,1,1,0
CYP1B1,BBJ_Graves,Inverse variance weighted,7,3,1,4
CYP1B1,BBJ_Graves,MR Egger,7,3,1,4
CYP1B1,BBJ_Graves,Weighted median,7,3,1,4
CYP1B1,BBJ_Graves,Weighted mode,7,3,1,4
CYP1B1,UKB_hyperthyroid,Inverse variance weighted,7,5,1,2
CYP1B1,UKB_hyperthyroid,MR Egger,7,5,1,2
CYP1B1,UKB_hyperthyroid,Weighted median,7,5,1,2
CYP1B1,UKB_hyperthyroid,Weighted mode,7,5,1,2
CYP1B1,FinnGen_GO,Inverse variance weighted,7,5,1,2
CYP1B1,FinnGen_GO,MR Egger,7,5,1,2
CYP1B1,FinnGen_GO,Weighted median,7,5,1,2
CYP1B1,FinnGen_GO,Weighted mode,7,5,1,2
CYP21A2,UKB_hyperthyroid,Inverse variance weighted,3,3,0,0
CYP21A2,UKB_hyperthyroid,MR Egger,3,3,0,0
CYP21A2,UKB_hyperthyroid,Weighted median,3,3,0,0
CYP21A2,UKB_hyperthyroid,Weighted mode,3,3,0,0
CYP21A2,FinnGen_GO,Inverse variance weighted,3,2,0,1
CYP24A1,BBJ_Graves,Inverse variance weighted,2,2,0,0
CYP24A1,UKB_hyperthyroid,Inverse variance weighted,2,2,0,0
CYP24A1,FinnGen_GO,Inverse variance weighted,2,2,0,0
CYP26B1,BBJ_Graves,Inverse variance weighted,7,3,0,4
CYP26B1,BBJ_Graves,MR Egger,7,3,0,4
CYP26B1,BBJ_Graves,Weighted median,7,3,0,4
CYP26B1,BBJ_Graves,Weighted mode,7,3,0,4
CYP26B1,UKB_hyperthyroid,Inverse variance weighted,7,4,0,3
CYP26B1,UKB_hyperthyroid,MR Egger,7,4,0,3
CYP26B1,UKB_hyperthyroid,Weighted median,7,4,0,3
CYP26B1,UKB_hyperthyroid,Weighted mode,7,4,0,3
CYP26B1,FinnGen_GO,Inverse variance weighted,7,7,0,0
CYP26B1,FinnGen_GO,MR Egger,7,7,0,0
CYP26B1,FinnGen_GO,Weighted median,7,7,0,0
CYP26B1,FinnGen_GO,Weighted mode,7,7,0,0
CYP27A1,BBJ_Graves,Inverse variance weighted,10,3,0,7
CYP27A1,BBJ_Graves,MR Egger,10,3,0,7
CYP27A1,BBJ_Graves,Weighted median,10,3,0,7
CYP27A1,BBJ_Graves,Weighted mode,10,3,0,7
CYP27A1,UKB_hyperthyroid,Inverse variance weighted,10,7,0,3
CYP27A1,UKB_hyperthyroid,MR Egger,10,7,0,3
CYP27A1,UKB_hyperthyroid,Weighted median,10,7,0,3
CYP27A1,UKB_hyperthyroid,Weighted mode,10,7,0,3
CYP27A1,FinnGen_GO,Inverse variance weighted,10,10,0,0
CYP27A1,FinnGen_GO,MR Egger,10,10,0,0
CYP27A1,FinnGen_GO,Weighted median,10,10,0,0
CYP27A1,FinnGen_GO,Weighted mode,10,10,0,0
CYP2C8,BBJ_Graves,Wald ratio,1,1,0,0
CYP2C8,UKB_hyperthyroid,Wald ratio,1,1,0,0
CYP2C8,FinnGen_GO,Wald ratio,1,1,0,0
CYP2D6,BBJ_Graves,Inverse variance weighted,2,2,0,0
CYP2D6,UKB_hyperthyroid,Inverse variance weighted,2,2,0,0
CYP2D6,FinnGen_GO,Inverse variance weighted,2,2,0,0
CYP2E1,BBJ_Graves,Wald ratio,2,1,0,1
CYP2E1,UKB_hyperthyroid,Inverse variance weighted,2,2,0,0
CYP2E1,FinnGen_GO,Inverse variance weighted,2,2,0,0
CYP2J2,BBJ_Graves,Wald ratio,1,1,0,0
CYP2J2,UKB_hyperthyroid,Wald ratio,1,1,0,0
CYP2J2,FinnGen_GO,Wald ratio,1,1,0,0
CYP2R1,BBJ_Graves,Inverse variance weighted,2,2,0,0
CYP2R1,UKB_hyperthyroid,Inverse variance weighted,2,2,0,0
CYP2R1,FinnGen_GO,Inverse variance weighted,2,2,0,0
CYP2S1,BBJ_Graves,Inverse variance weighted,7,2,0,5
CYP2S1,UKB_hyperthyroid,Inverse variance weighted,7,5,0,2
CYP2S1,UKB_hyperthyroid,MR Egger,7,5,0,2
CYP2S1,UKB_hyperthyroid,Weighted median,7,5,0,2
CYP2S1,UKB_hyperthyroid,Weighted mode,7,5,0,2
CYP2S1,FinnGen_GO,Inverse variance weighted,7,6,1,1
CYP2S1,FinnGen_GO,MR Egger,7,6,1,1
CYP2S1,FinnGen_GO,Weighted median,7,6,1,1
CYP2S1,FinnGen_GO,Weighted mode,7,6,1,1
CYP2U1,UKB_hyperthyroid,Inverse variance weighted,4,3,0,1
CYP2U1,UKB_hyperthyroid,MR Egger,4,3,0,1
CYP2U1,UKB_hyperthyroid,Weighted median,4,3,0,1
CYP2U1,UKB_hyperthyroid,Weighted mode,4,3,0,1
CYP2U1,FinnGen_GO,Inverse variance weighted,4,4,0,0
CYP2U1,FinnGen_GO,MR Egger,4,4,0,0
CYP2U1,FinnGen_GO,Weighted median,4,4,0,0
CYP2U1,FinnGen_GO,Weighted mode,4,4,0,0
CYP46A1,BBJ_Graves,Wald ratio,1,1,1,0
CYP46A1,UKB_hyperthyroid,Wald ratio,1,1,1,0
CYP46A1,FinnGen_GO,Wald ratio,1,1,1,0
CYP4B1,BBJ_Graves,Wald ratio,1,1,0,0
CYP4B1,UKB_hyperthyroid,Wald ratio,1,1,0,0
CYP4B1,FinnGen_GO,Wald ratio,1,1,0,0
CYP4F12,BBJ_Graves,Inverse variance weighted,4,2,0,2
CYP4F12,UKB_hyperthyroid,Inverse variance weighted,4,4,0,0
CYP4F12,UKB_hyperthyroid,MR Egger,4,4,0,0
CYP4F12,UKB_hyperthyroid,Weighted median,4,4,0,0
CYP4F12,UKB_hyperthyroid,Weighted mode,4,4,0,0
CYP4F12,FinnGen_GO,Inverse variance weighted,4,4,0,0
CYP4F12,FinnGen_GO,MR Egger,4,4,0,0
CYP4F12,FinnGen_GO,Weighted median,4,4,0,0
CYP4F12,FinnGen_GO,Weighted mode,4,4,0,0
CYP4F2,BBJ_Graves,Wald ratio,1,1,0,0
CYP4F2,UKB_hyperthyroid,Wald ratio,1,1,0,0
CYP4F2,FinnGen_GO,Wald ratio,1,1,0,0
CYP4F22,BBJ_Graves,Wald ratio,5,1,0,4
CYP4F22,UKB_hyperthyroid,Inverse variance weighted,5,4,0,1
CYP4F22,UKB_hyperthyroid,MR Egger,5,4,0,1
CYP4F22,UKB_hyperthyroid,Weighted median,5,4,0,1
CYP4F22,UKB_hyperthyroid,Weighted mode,5,4,0,1
CYP4F22,FinnGen_GO,Inverse variance weighted,5,5,0,0
CYP4F22,FinnGen_GO,MR Egger,5,5,0,0
CYP4F22,FinnGen_GO,Weighted median,5,5,0,0
CYP4F22,FinnGen_GO,Weighted mode,5,5,0,0
CYP4F3,BBJ_Graves,Inverse variance weighted,3,3,0,0
CYP4F3,BBJ_Graves,MR Egger,3,3,0,0
CYP4F3,BBJ_Graves,Weighted median,3,3,0,0
CYP4F3,BBJ_Graves,Weighted mode,3,3,0,0
CYP4F3,UKB_hyperthyroid,Inverse variance weighted,3,3,0,0
CYP4F3,UKB_hyperthyroid,MR Egger,3,3,0,0
CYP4F3,UKB_hyperthyroid,Weighted median,3,3,0,0
CYP4F3,UKB_hyperthyroid,Weighted mode,3,3,0,0
CYP4F3,FinnGen_GO,Inverse variance weighted,3,3,0,0
CYP4F3,FinnGen_GO,MR Egger,3,3,0,0
CYP4F3,FinnGen_GO,Weighted median,3,3,0,0
CYP4F3,FinnGen_GO,Weighted mode,3,3,0,0
CYP4V2,BBJ_Graves,Inverse variance weighted,4,3,0,1
CYP4V2,BBJ_Graves,MR Egger,4,3,0,1
CYP4V2,BBJ_Graves,Weighted median,4,3,0,1
CYP4V2,BBJ_Graves,Weighted mode,4,3,0,1
CYP4V2,UKB_hyperthyroid,Inverse variance weighted,4,4,0,0
CYP4V2,UKB_hyperthyroid,MR Egger,4,4,0,0
CYP4V2,UKB_hyperthyroid,Weighted median,4,4,0,0
CYP4V2,UKB_hyperthyroid,Weighted mode,4,4,0,0
CYP4V2,FinnGen_GO,Inverse variance weighted,4,4,0,0
CYP4V2,FinnGen_GO,MR Egger,4,4,0,0
CYP4V2,FinnGen_GO,Weighted median,4,4,0,0
CYP4V2,FinnGen_GO,Weighted mode,4,4,0,0
CYP51A1,BBJ_Graves,Wald ratio,1,1,1,0
CYP51A1,UKB_hyperthyroid,Wald ratio,1,1,1,0
CYP51A1,FinnGen_GO,Wald ratio,1,1,1,0
CYSLTR2,BBJ_Graves,Wald ratio,1,1,0,0
CYSLTR2,UKB_hyperthyroid,Wald ratio,1,1,0,0
CYSLTR2,FinnGen_GO,Wald ratio,1,1,0,0
CYTL1,BBJ_Graves,Wald ratio,3,1,0,2
CYTL1,UKB_hyperthyroid,Inverse variance weighted,3,3,0,0
CYTL1,UKB_hyperthyroid,MR Egger,3,3,0,0
CYTL1,UKB_hyperthyroid,Weighted median,3,3,0,0
CYTL1,UKB_hyperthyroid,Weighted mode,3,3,0,0
CYTL1,FinnGen_GO,Inverse variance weighted,3,3,0,0
CYTL1,FinnGen_GO,MR Egger,3,3,0,0
CYTL1,FinnGen_GO,Weighted median,3,3,0,0
CYTL1,FinnGen_GO,Weighted mode,3,3,0,0
DAG1,UKB_hyperthyroid,Wald ratio,1,1,0,0
DAG1,FinnGen_GO,Wald ratio,1,1,0,0
DAGLA,BBJ_Graves,Wald ratio,1,1,0,0
DAGLA,UKB_hyperthyroid,Wald ratio,1,1,0,0
DAGLA,FinnGen_GO,Wald ratio,1,1,0,0
DAGLB,BBJ_Graves,Inverse variance weighted,8,3,0,5
DAGLB,BBJ_Graves,MR Egger,8,3,0,5
DAGLB,BBJ_Graves,Weighted median,8,3,0,5
DAGLB,BBJ_Graves,Weighted mode,8,3,0,5
DAGLB,UKB_hyperthyroid,Inverse variance weighted,8,6,0,2
DAGLB,UKB_hyperthyroid,MR Egger,8,6,0,2
DAGLB,UKB_hyperthyroid,Weighted median,8,6,0,2
DAGLB,UKB_hyperthyroid,Weighted mode,8,6,0,2
DAGLB,FinnGen_GO,Inverse variance weighted,8,7,0,1
DAGLB,FinnGen_GO,MR Egger,8,7,0,1
DAGLB,FinnGen_GO,Weighted median,8,7,0,1
DAGLB,FinnGen_GO,Weighted mode,8,7,0,1
DAPK1,BBJ_Graves,Inverse variance weighted,6,3,1,3
DAPK1,BBJ_Graves,MR Egger,6,3,1,3
DAPK1,BBJ_Graves,Weighted median,6,3,1,3
DAPK1,BBJ_Graves,Weighted mode,6,3,1,3
DAPK1,UKB_hyperthyroid,Inverse variance weighted,6,6,1,0
DAPK1,UKB_hyperthyroid,MR Egger,6,6,1,0
DAPK1,UKB_hyperthyroid,Weighted median,6,6,1,0
DAPK1,UKB_hyperthyroid,Weighted mode,6,6,1,0
DAPK1,FinnGen_GO,Inverse variance weighted,6,6,1,0
DAPK1,FinnGen_GO,MR Egger,6,6,1,0
DAPK1,FinnGen_GO,Weighted median,6,6,1,0
DAPK1,FinnGen_GO,Weighted mode,6,6,1,0
DAPK2,BBJ_Graves,Wald ratio,2,1,0,1
DAPK2,UKB_hyperthyroid,Inverse variance weighted,2,2,0,0
DAPK2,FinnGen_GO,Wald ratio,2,1,0,1
DAPK3,BBJ_Graves,Inverse variance weighted,2,2,0,0
DAPK3,UKB_hyperthyroid,Inverse variance weighted,2,2,0,0
DAPK3,FinnGen_GO,Inverse variance weighted,2,2,0,0
DARC,BBJ_Graves,Wald ratio,1,1,0,0
DARC,UKB_hyperthyroid,Wald ratio,1,1,0,0
DARC,FinnGen_GO,Wald ratio,1,1,0,0
DBH,BBJ_Graves,Inverse variance weighted,2,2,1,0
DBH,UKB_hyperthyroid,Inverse variance weighted,2,2,1,0
DBH,FinnGen_GO,Inverse variance weighted,2,2,1,0
DCK,UKB_hyperthyroid,Inverse variance weighted,2,2,0,0
DCK,FinnGen_GO,Inverse variance weighted,2,2,0,0
DCLK2,BBJ_Graves,Wald ratio,3,1,0,2
DCLK2,UKB_hyperthyroid,Inverse variance weighted,3,2,0,1
DCLK2,FinnGen_GO,Inverse variance weighted,3,3,0,0
DCLK2,FinnGen_GO,MR Egger,3,3,0,0
DCLK2,FinnGen_GO,Weighted median,3,3,0,0
DCLK2,FinnGen_GO,Weighted mode,3,3,0,0
DCPS,BBJ_Graves,Inverse variance weighted,3,2,0,1
DCPS,UKB_hyperthyroid,Inverse variance weighted,3,3,0,0
DCPS,UKB_hyperthyroid,MR Egger,3,3,0,0
DCPS,UKB_hyperthyroid,Weighted median,3,3,0,0
DCPS,UKB_hyperthyroid,Weighted mode,3,3,0,0
DCPS,FinnGen_GO,Inverse variance weighted,3,3,0,0
DCPS,FinnGen_GO,MR Egger,3,3,0,0
DCPS,FinnGen_GO,Weighted median,3,3,0,0
DCPS,FinnGen_GO,Weighted mode,3,3,0,0
DCT,BBJ_Graves,Wald ratio,1,1,0,0
DCT,UKB_hyperthyroid,Wald ratio,1,1,0,0
DCT,FinnGen_GO,Wald ratio,1,1,0,0
DDO,BBJ_Graves,Inverse variance weighted,2,2,0,0
DDO,UKB_hyperthyroid,Inverse variance weighted,2,2,0,0
DDO,FinnGen_GO,Inverse variance weighted,2,2,0,0
DDOST,BBJ_Graves,Wald ratio,1,1,0,0
DDOST,UKB_hyperthyroid,Wald ratio,1,1,0,0
DDOST,FinnGen_GO,Wald ratio,1,1,0,0
DDR1,BBJ_Graves,Inverse variance weighted,4,2,0,2
DDR1,UKB_hyperthyroid,Inverse variance weighted,4,4,0,0
DDR1,UKB_hyperthyroid,MR Egger,4,4,0,0
DDR1,UKB_hyperthyroid,Weighted median,4,4,0,0
DDR1,UKB_hyperthyroid,Weighted mode,4,4,0,0
DDR1,FinnGen_GO,Inverse variance weighted,4,3,0,1
DDR1,FinnGen_GO,MR Egger,4,3,0,1
DDR1,FinnGen_GO,Weighted median,4,3,0,1
DDR1,FinnGen_GO,Weighted mode,4,3,0,1
DEAF1,BBJ_Graves,Wald ratio,1,1,0,0
DEAF1,UKB_hyperthyroid,Wald ratio,1,1,0,0
DEAF1,FinnGen_GO,Wald ratio,1,1,0,0
DEFA3,BBJ_Graves,Inverse variance weighted,4,3,0,1
DEFA3,BBJ_Graves,MR Egger,4,3,0,1
DEFA3,BBJ_Graves,Weighted median,4,3,0,1
DEFA3,BBJ_Graves,Weighted mode,4,3,0,1
DEFA3,UKB_hyperthyroid,Inverse variance weighted,4,4,0,0
DEFA3,UKB_hyperthyroid,MR Egger,4,4,0,0
DEFA3,UKB_hyperthyroid,Weighted median,4,4,0,0
DEFA3,UKB_hyperthyroid,Weighted mode,4,4,0,0
DEFA3,FinnGen_GO,Inverse variance weighted,4,4,0,0
DEFA3,FinnGen_GO,MR Egger,4,4,0,0
DEFA3,FinnGen_GO,Weighted median,4,4,0,0
DEFA3,FinnGen_GO,Weighted mode,4,4,0,0
DEFA4,BBJ_Graves,Wald ratio,1,1,1,0
DEFA4,UKB_hyperthyroid,Wald ratio,1,1,1,0
DEFA4,FinnGen_GO,Wald ratio,1,1,1,0
DERL1,BBJ_Graves,Inverse variance weighted,2,2,0,0
DERL1,UKB_hyperthyroid,Inverse variance weighted,2,2,0,0
DERL1,FinnGen_GO,Inverse variance weighted,2,2,0,0
DGAT1,BBJ_Graves,Wald ratio,4,1,0,3
DGAT1,UKB_hyperthyroid,Inverse variance weighted,4,3,1,1
DGAT1,UKB_hyperthyroid,MR Egger,4,3,1,1
DGAT1,UKB_hyperthyroid,Weighted median,4,3,1,1
DGAT1,UKB_hyperthyroid,Weighted mode,4,3,1,1
DGAT1,FinnGen_GO,Inverse variance weighted,4,4,1,0
DGAT1,FinnGen_GO,MR Egger,4,4,1,0
DGAT1,FinnGen_GO,Weighted median,4,4,1,0
DGAT1,FinnGen_GO,Weighted mode,4,4,1,0
DGCR6,BBJ_Graves,Inverse variance weighted,2,2,0,0
DGCR6,UKB_hyperthyroid,Inverse variance weighted,2,2,0,0
DHCR7,BBJ_Graves,Wald ratio,1,1,1,0
DHCR7,UKB_hyperthyroid,Wald ratio,1,1,1,0
DHFR,BBJ_Graves,Inverse variance weighted,4,3,1,1
DHFR,BBJ_Graves,MR Egger,4,3,1,1
DHFR,BBJ_Graves,Weighted median,4,3,1,1
DHFR,BBJ_Graves,Weighted mode,4,3,1,1
DHFR,UKB_hyperthyroid,Inverse variance weighted,4,4,1,0
DHFR,UKB_hyperthyroid,MR Egger,4,4,1,0
DHFR,UKB_hyperthyroid,Weighted median,4,4,1,0
DHFR,UKB_hyperthyroid,Weighted mode,4,4,1,0
DHFR,FinnGen_GO,Inverse variance weighted,4,4,1,0
DHFR,FinnGen_GO,MR Egger,4,4,1,0
DHFR,FinnGen_GO,Weighted median,4,4,1,0
DHFR,FinnGen_GO,Weighted mode,4,4,1,0
DHFRL1,BBJ_Graves,Wald ratio,1,1,0,0
DHFRL1,UKB_hyperthyroid,Wald ratio,1,1,0,0
DHFRL1,FinnGen_GO,Wald ratio,1,1,0,0
DHODH,BBJ_Graves,Inverse variance weighted,2,2,0,0
DHODH,UKB_hyperthyroid,Inverse variance weighted,2,2,0,0
DHODH,FinnGen_GO,Inverse variance weighted,2,2,0,0
DHRS1,BBJ_Graves,Wald ratio,8,1,1,7
DHRS1,UKB_hyperthyroid,Inverse variance weighted,8,6,2,2
DHRS1,UKB_hyperthyroid,MR Egger,8,6,2,2
DHRS1,UKB_hyperthyroid,Weighted median,8,6,2,2
DHRS1,UKB_hyperthyroid,Weighted mode,8,6,2,2
DHRS1,FinnGen_GO,Inverse variance weighted,8,8,2,0
DHRS1,FinnGen_GO,MR Egger,8,8,2,0
DHRS1,FinnGen_GO,Weighted median,8,8,2,0
DHRS1,FinnGen_GO,Weighted mode,8,8,2,0
DHRS12,BBJ_Graves,Inverse variance weighted,3,3,1,0
DHRS12,BBJ_Graves,MR Egger,3,3,1,0
DHRS12,BBJ_Graves,Weighted median,3,3,1,0
DHRS12,BBJ_Graves,Weighted mode,3,3,1,0
DHRS12,UKB_hyperthyroid,Inverse variance weighted,3,3,1,0
DHRS12,UKB_hyperthyroid,MR Egger,3,3,1,0
DHRS12,UKB_hyperthyroid,Weighted median,3,3,1,0
DHRS12,UKB_hyperthyroid,Weighted mode,3,3,1,0
DHRS12,FinnGen_GO,Inverse variance weighted,3,2,0,1
DHRS13,BBJ_Graves,Wald ratio,1,1,0,0
DHRS13,UKB_hyperthyroid,Wald ratio,1,1,0,0
DHRS13,FinnGen_GO,Wald ratio,1,1,0,0
DHRS3,BBJ_Graves,Inverse variance weighted,3,3,0,0
DHRS3,BBJ_Graves,MR Egger,3,3,0,0
DHRS3,BBJ_Graves,Weighted median,3,3,0,0
DHRS3,BBJ_Graves,Weighted mode,3,3,0,0
DHRS3,UKB_hyperthyroid,Inverse variance weighted,3,3,0,0
DHRS3,UKB_hyperthyroid,MR Egger,3,3,0,0
DHRS3,UKB_hyperthyroid,Weighted median,3,3,0,0
DHRS3,UKB_hyperthyroid,Weighted mode,3,3,0,0
DHRS3,FinnGen_GO,Inverse variance weighted,3,3,0,0
DHRS3,FinnGen_GO,MR Egger,3,3,0,0
DHRS3,FinnGen_GO,Weighted median,3,3,0,0
DHRS3,FinnGen_GO,Weighted mode,3,3,0,0
DHRS4,BBJ_Graves,Inverse variance weighted,2,2,0,0
DHRS4,UKB_hyperthyroid,Inverse variance weighted,2,2,0,0
DHRS4,FinnGen_GO,Inverse variance weighted,2,2,0,0
DHRS4L2,BBJ_Graves,Wald ratio,2,1,0,1
DHRS4L2,UKB_hyperthyroid,Inverse variance weighted,2,2,1,0
DHRS4L2,FinnGen_GO,Wald ratio,2,1,0,1
DHRS7,UKB_hyperthyroid,Inverse variance weighted,4,2,0,2
DHRS7,FinnGen_GO,Inverse variance weighted,4,3,0,1
DHRS7,FinnGen_GO,MR Egger,4,3,0,1
DHRS7,FinnGen_GO,Weighted median,4,3,0,1
DHRS7,FinnGen_GO,Weighted mode,4,3,0,1
DHRS7B,BBJ_Graves,Wald ratio,1,1,0,0
DHRS7B,UKB_hyperthyroid,Wald ratio,1,1,0,0
DHRS7B,FinnGen_GO,Wald ratio,1,1,0,0
DHRS9,BBJ_Graves,Inverse variance weighted,4,2,0,2
DHRS9,UKB_hyperthyroid,Inverse variance weighted,4,4,0,0
DHRS9,UKB_hyperthyroid,MR Egger,4,4,0,0
DHRS9,UKB_hyperthyroid,Weighted median,4,4,0,0
DHRS9,UKB_hyperthyroid,Weighted mode,4,4,0,0
DHRS9,FinnGen_GO,Inverse variance weighted,4,4,0,0
DHRS9,FinnGen_GO,MR Egger,4,4,0,0
DHRS9,FinnGen_GO,Weighted median,4,4,0,0
DHRS9,FinnGen_GO,Weighted mode,4,4,0,0
DKK2,BBJ_Graves,Wald ratio,1,1,0,0
DKK2,UKB_hyperthyroid,Wald ratio,1,1,0,0
DKK2,FinnGen_GO,Wald ratio,1,1,0,0
DKK3,BBJ_Graves,Inverse variance weighted,6,3,0,3
DKK3,BBJ_Graves,MR Egger,6,3,0,3
DKK3,BBJ_Graves,Weighted median,6,3,0,3
DKK3,BBJ_Graves,Weighted mode,6,3,0,3
DKK3,UKB_hyperthyroid,Inverse variance weighted,6,6,0,0
DKK3,UKB_hyperthyroid,MR Egger,6,6,0,0
DKK3,UKB_hyperthyroid,Weighted median,6,6,0,0
DKK3,UKB_hyperthyroid,Weighted mode,6,6,0,0
DKK3,FinnGen_GO,Inverse variance weighted,6,6,0,0
DKK3,FinnGen_GO,MR Egger,6,6,0,0
DKK3,FinnGen_GO,Weighted median,6,6,0,0
DKK3,FinnGen_GO,Weighted mode,6,6,0,0
DLD,BBJ_Graves,Wald ratio,1,1,0,0
DLD,UKB_hyperthyroid,Wald ratio,1,1,0,0
DLD,FinnGen_GO,Wald ratio,1,1,0,0
DLK1,BBJ_Graves,Wald ratio,1,1,0,0
DLK1,UKB_hyperthyroid,Wald ratio,1,1,0,0
DLK1,FinnGen_GO,Wald ratio,1,1,0,0
DMKN,BBJ_Graves,Wald ratio,1,1,0,0
DMKN,UKB_hyperthyroid,Wald ratio,1,1,0,0
DMKN,FinnGen_GO,Wald ratio,1,1,0,0
DMPK,BBJ_Graves,Wald ratio,1,1,0,0
DMPK,UKB_hyperthyroid,Wald ratio,1,1,0,0
DMPK,FinnGen_GO,Wald ratio,1,1,0,0
DNAJB11,BBJ_Graves,Wald ratio,1,1,0,0
DNAJB11,UKB_hyperthyroid,Wald ratio,1,1,0,0
DNAJB11,FinnGen_GO,Wald ratio,1,1,0,0
DNASE1,UKB_hyperthyroid,Wald ratio,1,1,1,0
DNASE1,FinnGen_GO,Wald ratio,1,1,1,0
DNASE1L3,BBJ_Graves,Inverse variance weighted,2,2,0,0
DNASE1L3,UKB_hyperthyroid,Inverse variance weighted,2,2,0,0
DNASE1L3,FinnGen_GO,Inverse variance weighted,2,2,0,0
DNMT1,FinnGen_GO,Wald ratio,2,1,1,1
DNMT3A,BBJ_Graves,Wald ratio,1,1,1,0
DNMT3A,UKB_hyperthyroid,Wald ratio,1,1,1,0
DNMT3A,FinnGen_GO,Wald ratio,1,1,1,0
DNMT3B,BBJ_Graves,Wald ratio,1,1,0,0
DNMT3B,UKB_hyperthyroid,Wald ratio,1,1,0,0
DNMT3B,FinnGen_GO,Wald ratio,1,1,0,0
DNPEP,BBJ_Graves,Inverse variance weighted,2,2,0,0
DNPEP,UKB_hyperthyroid,Inverse variance weighted,2,2,0,0
DNPEP,FinnGen_GO,Inverse variance weighted,2,2,0,0
DOT1L,BBJ_Graves,Wald ratio,1,1,0,0
DOT1L,UKB_hyperthyroid,Wald ratio,1,1,0,0
DOT1L,FinnGen_GO,Wald ratio,1,1,0,0
DPEP2,BBJ_Graves,Wald ratio,5,1,0,4
DPEP2,UKB_hyperthyroid,Inverse variance weighted,5,4,0,1
DPEP2,UKB_hyperthyroid,MR Egger,5,4,0,1
DPEP2,UKB_hyperthyroid,Weighted median,5,4,0,1
DPEP2,UKB_hyperthyroid,Weighted mode,5,4,0,1
DPEP2,FinnGen_GO,Inverse variance weighted,5,4,0,1
DPEP2,FinnGen_GO,MR Egger,5,4,0,1
DPEP2,FinnGen_GO,Weighted median,5,4,0,1
DPEP2,FinnGen_GO,Weighted mode,5,4,0,1
DPEP3,BBJ_Graves,Inverse variance weighted,4,3,0,1
DPEP3,BBJ_Graves,MR Egger,4,3,0,1
DPEP3,BBJ_Graves,Weighted median,4,3,0,1
DPEP3,BBJ_Graves,Weighted mode,4,3,0,1
DPEP3,UKB_hyperthyroid,Inverse variance weighted,4,2,0,2
DPEP3,FinnGen_GO,Inverse variance weighted,4,4,0,0
DPEP3,FinnGen_GO,MR Egger,4,4,0,0
DPEP3,FinnGen_GO,Weighted median,4,4,0,0
DPEP3,FinnGen_GO,Weighted mode,4,4,0,0
DPP4,BBJ_Graves,Inverse variance weighted,2,2,0,0
DPP4,UKB_hyperthyroid,Inverse variance weighted,2,2,0,0
DPP4,FinnGen_GO,Inverse variance weighted,2,2,0,0
DPP7,BBJ_Graves,Wald ratio,1,1,0,0
DPP7,UKB_hyperthyroid,Wald ratio,1,1,0,0
DPP7,FinnGen_GO,Wald ratio,1,1,0,0
DPP8,BBJ_Graves,Wald ratio,1,1,0,0
DPP8,UKB_hyperthyroid,Wald ratio,1,1,0,0
DPP8,FinnGen_GO,Wald ratio,1,1,0,0
DPP9,BBJ_Graves,Wald ratio,1,1,0,0
DPP9,UKB_hyperthyroid,Wald ratio,1,1,0,0
DPP9,FinnGen_GO,Wald ratio,1,1,0,0
DPYD,BBJ_Graves,Inverse variance weighted,4,2,0,2
DPYD,UKB_hyperthyroid,Inverse variance weighted,4,4,1,0
DPYD,UKB_hyperthyroid,MR Egger,4,4,1,0
DPYD,UKB_hyperthyroid,Weighted median,4,4,1,0
DPYD,UKB_hyperthyroid,Weighted mode,4,4,1,0
DPYD,FinnGen_GO,Inverse variance weighted,4,4,1,0
DPYD,FinnGen_GO,MR Egger,4,4,1,0
DPYD,FinnGen_GO,Weighted median,4,4,1,0
DPYD,FinnGen_GO,Weighted mode,4,4,1,0
DRAXIN,BBJ_Graves,Inverse variance weighted,2,2,0,0
DRAXIN,UKB_hyperthyroid,Inverse variance weighted,2,2,0,0
DRAXIN,FinnGen_GO,Inverse variance weighted,2,2,0,0
DRD4,BBJ_Graves,Wald ratio,1,1,0,0
DRD4,UKB_hyperthyroid,Wald ratio,1,1,0,0
DRD4,FinnGen_GO,Wald ratio,1,1,0,0
DST,BBJ_Graves,Inverse variance weighted,2,2,0,0
DST,UKB_hyperthyroid,Inverse variance weighted,2,2,0,0
DST,FinnGen_GO,Inverse variance weighted,2,2,0,0
DSTYK,BBJ_Graves,Inverse variance weighted,6,2,0,4
DSTYK,UKB_hyperthyroid,Inverse variance weighted,6,5,0,1
DSTYK,UKB_hyperthyroid,MR Egger,6,5,0,1
DSTYK,UKB_hyperthyroid,Weighted median,6,5,0,1
DSTYK,UKB_hyperthyroid,Weighted mode,6,5,0,1
DSTYK,FinnGen_GO,Inverse variance weighted,6,5,0,1
DSTYK,FinnGen_GO,MR Egger,6,5,0,1
DSTYK,FinnGen_GO,Weighted median,6,5,0,1
DSTYK,FinnGen_GO,Weighted mode,6,5,0,1
DUSP3,BBJ_Graves,Inverse variance weighted,4,2,0,2
DUSP3,UKB_hyperthyroid,Inverse variance weighted,4,4,0,0
DUSP3,UKB_hyperthyroid,MR Egger,4,4,0,0
DUSP3,UKB_hyperthyroid,Weighted median,4,4,0,0
DUSP3,UKB_hyperthyroid,Weighted mode,4,4,0,0
DUSP3,FinnGen_GO,Inverse variance weighted,4,4,0,0
DUSP3,FinnGen_GO,MR Egger,4,4,0,0
DUSP3,FinnGen_GO,Weighted median,4,4,0,0
DUSP3,FinnGen_GO,Weighted mode,4,4,0,0
DUT,BBJ_Graves,Inverse variance weighted,4,2,1,2
DUT,UKB_hyperthyroid,Inverse variance weighted,4,4,1,0
DUT,UKB_hyperthyroid,MR Egger,4,4,1,0
DUT,UKB_hyperthyroid,Weighted median,4,4,1,0
DUT,UKB_hyperthyroid,Weighted mode,4,4,1,0
DUT,FinnGen_GO,Inverse variance weighted,4,4,1,0
DUT,FinnGen_GO,MR Egger,4,4,1,0
DUT,FinnGen_GO,Weighted median,4,4,1,0
DUT,FinnGen_GO,Weighted mode,4,4,1,0
DYRK1A,UKB_hyperthyroid,Wald ratio,1,1,0,0
DYRK1A,FinnGen_GO,Wald ratio,1,1,0,0
DYRK1B,BBJ_Graves,Wald ratio,1,1,0,0
DYRK1B,UKB_hyperthyroid,Wald ratio,1,1,0,0
DYRK1B,FinnGen_GO,Wald ratio,1,1,0,0
DYRK2,BBJ_Graves,Wald ratio,1,1,0,0
DYRK2,UKB_hyperthyroid,Wald ratio,1,1,0,0
DYRK2,FinnGen_GO,Wald ratio,1,1,0,0
DYRK4,BBJ_Graves,Inverse variance weighted,3,2,1,1
DYRK4,UKB_hyperthyroid,Inverse variance weighted,3,3,1,0
DYRK4,UKB_hyperthyroid,MR Egger,3,3,1,0
DYRK4,UKB_hyperthyroid,Weighted median,3,3,1,0
DYRK4,UKB_hyperthyroid,Weighted mode,3,3,1,0
DYRK4,FinnGen_GO,Inverse variance weighted,3,3,1,0
DYRK4,FinnGen_GO,MR Egger,3,3,1,0
DYRK4,FinnGen_GO,Weighted median,3,3,1,0
DYRK4,FinnGen_GO,Weighted mode,3,3,1,0
EBPL,BBJ_Graves,Inverse variance weighted,5,3,1,2
EBPL,BBJ_Graves,MR Egger,5,3,1,2
EBPL,BBJ_Graves,Weighted median,5,3,1,2
EBPL,BBJ_Graves,Weighted mode,5,3,1,2
EBPL,UKB_hyperthyroid,Inverse variance weighted,5,3,1,2
EBPL,UKB_hyperthyroid,MR Egger,5,3,1,2
EBPL,UKB_hyperthyroid,Weighted median,5,3,1,2
EBPL,UKB_hyperthyroid,Weighted mode,5,3,1,2
EBPL,FinnGen_GO,Inverse variance weighted,5,5,1,0
EBPL,FinnGen_GO,MR Egger,5,5,1,0
EBPL,FinnGen_GO,Weighted median,5,5,1,0
EBPL,FinnGen_GO,Weighted mode,5,5,1,0
ECE1,BBJ_Graves,Wald ratio,3,1,0,2
ECE1,UKB_hyperthyroid,Inverse variance weighted,3,3,0,0
ECE1,UKB_hyperthyroid,MR Egger,3,3,0,0
ECE1,UKB_hyperthyroid,Weighted median,3,3,0,0
ECE1,UKB_hyperthyroid,Weighted mode,3,3,0,0
ECE1,FinnGen_GO,Inverse variance weighted,3,3,0,0
ECE1,FinnGen_GO,MR Egger,3,3,0,0
ECE1,FinnGen_GO,Weighted median,3,3,0,0
ECE1,FinnGen_GO,Weighted mode,3,3,0,0
ECM1,UKB_hyperthyroid,Wald ratio,1,1,0,0
ECM1,FinnGen_GO,Wald ratio,1,1,0,0
EDAR,BBJ_Graves,Wald ratio,2,1,0,1
EDAR,UKB_hyperthyroid,Inverse variance weighted,2,2,0,0
EDAR,FinnGen_GO,Inverse variance weighted,2,2,0,0
EDEM2,BBJ_Graves,Wald ratio,3,1,0,2
EDEM2,UKB_hyperthyroid,Inverse variance weighted,3,2,0,1
EDEM2,FinnGen_GO,Inverse variance weighted,3,2,0,1
EDN1,BBJ_Graves,Inverse variance weighted,2,2,0,0
EDN1,UKB_hyperthyroid,Inverse variance weighted,2,2,0,0
EDN1,FinnGen_GO,Inverse variance weighted,2,2,0,0
EDN3,BBJ_Graves,Wald ratio,1,1,0,0
EDN3,UKB_hyperthyroid,Wald ratio,1,1,0,0
EDN3,FinnGen_GO,Wald ratio,1,1,0,0
EEF2,BBJ_Graves,Wald ratio,2,1,0,1
EEF2,UKB_hyperthyroid,Inverse variance weighted,2,2,0,0
EEF2,FinnGen_GO,Inverse variance weighted,2,2,0,0
EFEMP2,BBJ_Graves,Inverse variance weighted,3,3,0,0
EFEMP2,BBJ_Graves,MR Egger,3,3,0,0
EFEMP2,BBJ_Graves,Weighted median,3,3,0,0
EFEMP2,BBJ_Graves,Weighted mode,3,3,0,0
EFEMP2,UKB_hyperthyroid,Inverse variance weighted,3,3,0,0
EFEMP2,UKB_hyperthyroid,MR Egger,3,3,0,0
EFEMP2,UKB_hyperthyroid,Weighted median,3,3,0,0
EFEMP2,UKB_hyperthyroid,Weighted mode,3,3,0,0
EFEMP2,FinnGen_GO,Inverse variance weighted,3,3,0,0
EFEMP2,FinnGen_GO,MR Egger,3,3,0,0
EFEMP2,FinnGen_GO,Weighted median,3,3,0,0
EFEMP2,FinnGen_GO,Weighted mode,3,3,0,0
EFNA1,UKB_hyperthyroid,Wald ratio,1,1,0,0
EFNA1,FinnGen_GO,Wald ratio,1,1,0,0
EFNA5,BBJ_Graves,Inverse variance weighted,2,2,0,0
EFNA5,UKB_hyperthyroid,Inverse variance weighted,2,2,0,0
EFNA5,FinnGen_GO,Inverse variance weighted,2,2,0,0
EFTUD1,BBJ_Graves,Wald ratio,2,1,0,1
EFTUD1,UKB_hyperthyroid,Inverse variance weighted,2,2,0,0
EFTUD1,FinnGen_GO,Inverse variance weighted,2,2,0,0
EFTUD2,BBJ_Graves,Wald ratio,3,1,1,2
EFTUD2,UKB_hyperthyroid,Inverse variance weighted,3,2,1,1
EFTUD2,FinnGen_GO,Wald ratio,3,1,1,2
EGF,BBJ_Graves,Wald ratio,1,1,0,0
EGF,UKB_hyperthyroid,Wald ratio,1,1,0,0
EGF,FinnGen_GO,Wald ratio,1,1,0,0
EGFL8,BBJ_Graves,Wald ratio,1,1,0,0
EGFL8,UKB_hyperthyroid,Wald ratio,1,1,0,0
EGFL8,FinnGen_GO,Wald ratio,1,1,0,0
EGLN1,BBJ_Graves,Wald ratio,1,1,0,0
EGLN1,UKB_hyperthyroid,Wald ratio,1,1,0,0
EGLN1,FinnGen_GO,Wald ratio,1,1,0,0
EGLN2,BBJ_Graves,Inverse variance weighted,4,2,0,2
EGLN2,UKB_hyperthyroid,Inverse variance weighted,4,3,2,1
EGLN2,UKB_hyperthyroid,MR Egger,4,3,2,1
EGLN2,UKB_hyperthyroid,Weighted median,4,3,2,1
EGLN2,UKB_hyperthyroid,Weighted mode,4,3,2,1
EGLN2,FinnGen_GO,Inverse variance weighted,4,4,2,0
EGLN2,FinnGen_GO,MR Egger,4,4,2,0
EGLN2,FinnGen_GO,Weighted median,4,4,2,0
EGLN2,FinnGen_GO,Weighted mode,4,4,2,0
EGLN3,BBJ_Graves,Wald ratio,2,1,1,1
EGLN3,UKB_hyperthyroid,Wald ratio,2,1,1,1
EGLN3,FinnGen_GO,Wald ratio,2,1,1,1
EHMT1,BBJ_Graves,Wald ratio,1,1,0,0
EHMT1,UKB_hyperthyroid,Wald ratio,1,1,0,0
EHMT1,FinnGen_GO,Wald ratio,1,1,0,0
EHMT2,BBJ_Graves,Wald ratio,1,1,0,0
EHMT2,UKB_hyperthyroid,Wald ratio,1,1,0,0
EHMT2,FinnGen_GO,Wald ratio,1,1,0,0
EIF2AK1,BBJ_Graves,Inverse variance weighted,3,2,0,1
EIF2AK1,UKB_hyperthyroid,Inverse variance weighted,3,3,1,0
EIF2AK1,UKB_hyperthyroid,MR Egger,3,3,1,0
EIF2AK1,UKB_hyperthyroid,Weighted median,3,3,1,0
EIF2AK1,UKB_hyperthyroid,Weighted mode,3,3,1,0
EIF2AK1,FinnGen_GO,Inverse variance weighted,3,2,0,1
EIF2AK2,BBJ_Graves,Inverse variance weighted,2,2,0,0
EIF2AK2,UKB_hyperthyroid,Inverse variance weighted,2,2,0,0
EIF2AK2,FinnGen_GO,Inverse variance weighted,2,2,0,0
EIF2AK3,BBJ_Graves,Wald ratio,1,1,1,0
EIF2AK3,UKB_hyperthyroid,Wald ratio,1,1,1,0
EIF2AK3,FinnGen_GO,Wald ratio,1,1,1,0
EIF2AK4,BBJ_Graves,Inverse variance weighted,3,3,0,0
EIF2AK4,BBJ_Graves,MR Egger,3,3,0,0
EIF2AK4,BBJ_Graves,Weighted median,3,3,0,0
EIF2AK4,BBJ_Graves,Weighted mode,3,3,0,0
EIF2AK4,UKB_hyperthyroid,Inverse variance weighted,3,3,0,0
EIF2AK4,UKB_hyperthyroid,MR Egger,3,3,0,0
EIF2AK4,UKB_hyperthyroid,Weighted median,3,3,0,0
EIF2AK4,UKB_hyperthyroid,Weighted mode,3,3,0,0
EIF2AK4,FinnGen_GO,Inverse variance weighted,3,3,0,0
EIF2AK4,FinnGen_GO,MR Egger,3,3,0,0
EIF2AK4,FinnGen_GO,Weighted median,3,3,0,0
EIF2AK4,FinnGen_GO,Weighted mode,3,3,0,0
EIF4A1,BBJ_Graves,Wald ratio,1,1,0,0
EIF4A1,UKB_hyperthyroid,Wald ratio,1,1,0,0
EIF4A1,FinnGen_GO,Wald ratio,1,1,0,0
EIF4E,BBJ_Graves,Wald ratio,2,1,0,1
EIF4E,UKB_hyperthyroid,Wald ratio,2,1,0,1
EIF4E,FinnGen_GO,Wald ratio,2,1,0,1
EIF4H,BBJ_Graves,Wald ratio,1,1,0,0
EIF4H,UKB_hyperthyroid,Wald ratio,1,1,0,0
EIF4H,FinnGen_GO,Wald ratio,1,1,0,0
ELANE,UKB_hyperthyroid,Wald ratio,1,1,0,0
ELANE,FinnGen_GO,Wald ratio,1,1,0,0
ELOVL6,BBJ_Graves,Wald ratio,2,1,0,1
ELOVL6,UKB_hyperthyroid,Inverse variance weighted,2,2,0,0
ELOVL6,FinnGen_GO,Inverse variance weighted,2,2,0,0
EMC10,BBJ_Graves,Wald ratio,1,1,0,0
EMC10,UKB_hyperthyroid,Wald ratio,1,1,0,0
EMC10,FinnGen_GO,Wald ratio,1,1,0,0
EMID1,BBJ_Graves,Wald ratio,1,1,0,0
EMID1,UKB_hyperthyroid,Wald ratio,1,1,0,0
EMID1,FinnGen_GO,Wald ratio,1,1,0,0
EMILIN2,BBJ_Graves,Wald ratio,2,1,0,1
EMILIN2,UKB_hyperthyroid,Inverse variance weighted,2,2,0,0
EMILIN2,FinnGen_GO,Inverse variance weighted,2,2,0,0
EMR2,BBJ_Graves,Inverse variance weighted,5,3,0,2
EMR2,BBJ_Graves,MR Egger,5,3,0,2
EMR2,BBJ_Graves,Weighted median,5,3,0,2
EMR2,BBJ_Graves,Weighted mode,5,3,0,2
EMR2,UKB_hyperthyroid,Inverse variance weighted,5,5,0,0
EMR2,UKB_hyperthyroid,MR Egger,5,5,0,0
EMR2,UKB_hyperthyroid,Weighted median,5,5,0,0
EMR2,UKB_hyperthyroid,Weighted mode,5,5,0,0
EMR2,FinnGen_GO,Inverse variance weighted,5,4,0,1
EMR2,FinnGen_GO,MR Egger,5,4,0,1
EMR2,FinnGen_GO,Weighted median,5,4,0,1
EMR2,FinnGen_GO,Weighted mode,5,4,0,1
EMR3,UKB_hyperthyroid,Inverse variance weighted,4,4,0,0
EMR3,UKB_hyperthyroid,MR Egger,4,4,0,0
EMR3,UKB_hyperthyroid,Weighted median,4,4,0,0
EMR3,UKB_hyperthyroid,Weighted mode,4,4,0,0
EMR3,FinnGen_GO,Inverse variance weighted,4,2,0,2
ENC1,BBJ_Graves,Wald ratio,5,1,0,4
ENC1,UKB_hyperthyroid,Inverse variance weighted,5,4,0,1
ENC1,UKB_hyperthyroid,MR Egger,5,4,0,1
ENC1,UKB_hyperthyroid,Weighted median,5,4,0,1
ENC1,UKB_hyperthyroid,Weighted mode,5,4,0,1
ENC1,FinnGen_GO,Inverse variance weighted,5,5,0,0
ENC1,FinnGen_GO,MR Egger,5,5,0,0
ENC1,FinnGen_GO,Weighted median,5,5,0,0
ENC1,FinnGen_GO,Weighted mode,5,5,0,0
ENDOU,BBJ_Graves,Wald ratio,1,1,0,0
ENDOU,UKB_hyperthyroid,Wald ratio,1,1,0,0
ENDOU,FinnGen_GO,Wald ratio,1,1,0,0
ENG,BBJ_Graves,Inverse variance weighted,2,2,0,0
ENG,UKB_hyperthyroid,Inverse variance weighted,2,2,0,0
ENG,FinnGen_GO,Inverse variance weighted,2,2,0,0
ENGASE,BBJ_Graves,Inverse variance weighted,3,3,0,0
ENGASE,BBJ_Graves,MR Egger,3,3,0,0
ENGASE,BBJ_Graves,Weighted median,3,3,0,0
ENGASE,BBJ_Graves,Weighted mode,3,3,0,0
ENGASE,UKB_hyperthyroid,Inverse variance weighted,3,3,0,0
ENGASE,UKB_hyperthyroid,MR Egger,3,3,0,0
ENGASE,UKB_hyperthyroid,Weighted median,3,3,0,0
ENGASE,UKB_hyperthyroid,Weighted mode,3,3,0,0
ENGASE,FinnGen_GO,Inverse variance weighted,3,3,0,0
ENGASE,FinnGen_GO,MR Egger,3,3,0,0
ENGASE,FinnGen_GO,Weighted median,3,3,0,0
ENGASE,FinnGen_GO,Weighted mode,3,3,0,0
ENHO,BBJ_Graves,Wald ratio,1,1,0,0
ENHO,UKB_hyperthyroid,Wald ratio,1,1,0,0
ENHO,FinnGen_GO,Wald ratio,1,1,0,0
ENPP1,BBJ_Graves,Wald ratio,2,1,0,1
ENPP1,UKB_hyperthyroid,Inverse variance weighted,2,2,0,0
ENPP1,FinnGen_GO,Inverse variance weighted,2,2,0,0
ENPP2,BBJ_Graves,Wald ratio,3,1,0,2
ENPP2,UKB_hyperthyroid,Inverse variance weighted,3,3,0,0
ENPP2,UKB_hyperthyroid,MR Egger,3,3,0,0
ENPP2,UKB_hyperthyroid,Weighted median,3,3,0,0
ENPP2,UKB_hyperthyroid,Weighted mode,3,3,0,0
ENPP2,FinnGen_GO,Inverse variance weighted,3,3,0,0
ENPP2,FinnGen_GO,MR Egger,3,3,0,0
ENPP2,FinnGen_GO,Weighted median,3,3,0,0
ENPP2,FinnGen_GO,Weighted mode,3,3,0,0
ENPP3,BBJ_Graves,Wald ratio,1,1,0,0
ENPP3,UKB_hyperthyroid,Wald ratio,1,1,0,0
ENPP3,FinnGen_GO,Wald ratio,1,1,0,0
ENPP5,BBJ_Graves,Wald ratio,1,1,0,0
ENPP5,UKB_hyperthyroid,Wald ratio,1,1,0,0
ENPP5,FinnGen_GO,Wald ratio,1,1,0,0
ENTPD1,BBJ_Graves,Inverse variance weighted,11,3,0,8
ENTPD1,BBJ_Graves,MR Egger,11,3,0,8
ENTPD1,BBJ_Graves,Weighted median,11,3,0,8
ENTPD1,BBJ_Graves,Weighted mode,11,3,0,8
ENTPD1,UKB_hyperthyroid,Inverse variance weighted,11,7,0,4
ENTPD1,UKB_hyperthyroid,MR Egger,11,7,0,4
ENTPD1,UKB_hyperthyroid,Weighted median,11,7,0,4
ENTPD1,UKB_hyperthyroid,Weighted mode,11,7,0,4
ENTPD1,FinnGen_GO,Inverse variance weighted,11,11,0,0
ENTPD1,FinnGen_GO,MR Egger,11,11,0,0
ENTPD1,FinnGen_GO,Weighted median,11,11,0,0
ENTPD1,FinnGen_GO,Weighted mode,11,11,0,0
ENTPD6,UKB_hyperthyroid,Inverse variance weighted,3,3,1,0
ENTPD6,UKB_hyperthyroid,MR Egger,3,3,1,0
ENTPD6,UKB_hyperthyroid,Weighted median,3,3,1,0
ENTPD6,UKB_hyperthyroid,Weighted mode,3,3,1,0
ENTPD6,FinnGen_GO,Inverse variance weighted,3,3,1,0
ENTPD6,FinnGen_GO,MR Egger,3,3,1,0
ENTPD6,FinnGen_GO,Weighted median,3,3,1,0
ENTPD6,FinnGen_GO,Weighted mode,3,3,1,0
EP300,BBJ_Graves,Wald ratio,3,1,0,2
EP300,UKB_hyperthyroid,Wald ratio,3,1,0,2
EP300,FinnGen_GO,Inverse variance weighted,3,2,0,1
EPAS1,BBJ_Graves,Inverse variance weighted,3,2,1,1
EPAS1,UKB_hyperthyroid,Inverse variance weighted,3,2,1,1
EPAS1,FinnGen_GO,Inverse variance weighted,3,2,1,1
EPDR1,BBJ_Graves,Inverse variance weighted,8,3,1,5
EPDR1,BBJ_Graves,MR Egger,8,3,1,5
EPDR1,BBJ_Graves,Weighted median,8,3,1,5
EPDR1,BBJ_Graves,Weighted mode,8,3,1,5
EPDR1,UKB_hyperthyroid,Inverse variance weighted,8,7,1,1
EPDR1,UKB_hyperthyroid,MR Egger,8,7,1,1
EPDR1,UKB_hyperthyroid,Weighted median,8,7,1,1
EPDR1,UKB_hyperthyroid,Weighted mode,8,7,1,1
EPDR1,FinnGen_GO,Inverse variance weighted,8,7,1,1
EPDR1,FinnGen_GO,MR Egger,8,7,1,1
EPDR1,FinnGen_GO,Weighted median,8,7,1,1
EPDR1,FinnGen_GO,Weighted mode,8,7,1,1
EPHA1,BBJ_Graves,Inverse variance weighted,3,2,1,1
EPHA1,UKB_hyperthyroid,Inverse variance weighted,3,3,1,0
EPHA1,UKB_hyperthyroid,MR Egger,3,3,1,0
EPHA1,UKB_hyperthyroid,Weighted median,3,3,1,0
EPHA1,UKB_hyperthyroid,Weighted mode,3,3,1,0
EPHA1,FinnGen_GO,Inverse variance weighted,3,3,1,0
EPHA1,FinnGen_GO,MR Egger,3,3,1,0
EPHA1,FinnGen_GO,Weighted median,3,3,1,0
EPHA1,FinnGen_GO,Weighted mode,3,3,1,0
EPHA10,BBJ_Graves,Wald ratio,1,1,0,0
EPHA10,UKB_hyperthyroid,Wald ratio,1,1,0,0
EPHA10,FinnGen_GO,Wald ratio,1,1,0,0
EPHA4,BBJ_Graves,Wald ratio,5,1,1,4
EPHA4,UKB_hyperthyroid,Inverse variance weighted,5,4,1,1
EPHA4,UKB_hyperthyroid,MR Egger,5,4,1,1
EPHA4,UKB_hyperthyroid,Weighted median,5,4,1,1
EPHA4,UKB_hyperthyroid,Weighted mode,5,4,1,1
EPHA4,FinnGen_GO,Inverse variance weighted,5,3,1,2
EPHA4,FinnGen_GO,MR Egger,5,3,1,2
EPHA4,FinnGen_GO,Weighted median,5,3,1,2
EPHA4,FinnGen_GO,Weighted mode,5,3,1,2
EPHB1,BBJ_Graves,Inverse variance weighted,4,3,1,1
EPHB1,BBJ_Graves,MR Egger,4,3,1,1
EPHB1,BBJ_Graves,Weighted median,4,3,1,1
EPHB1,BBJ_Graves,Weighted mode,4,3,1,1
EPHB1,UKB_hyperthyroid,Inverse variance weighted,4,3,1,1
EPHB1,UKB_hyperthyroid,MR Egger,4,3,1,1
EPHB1,UKB_hyperthyroid,Weighted median,4,3,1,1
EPHB1,UKB_hyperthyroid,Weighted mode,4,3,1,1
EPHB1,FinnGen_GO,Inverse variance weighted,4,3,1,1
EPHB1,FinnGen_GO,MR Egger,4,3,1,1
EPHB1,FinnGen_GO,Weighted median,4,3,1,1
EPHB1,FinnGen_GO,Weighted mode,4,3,1,1
EPHB2,BBJ_Graves,Wald ratio,1,1,0,0
EPHB2,UKB_hyperthyroid,Wald ratio,1,1,0,0
EPHB2,FinnGen_GO,Wald ratio,1,1,0,0
EPHB3,BBJ_Graves,Inverse variance weighted,2,2,0,0
EPHB3,UKB_hyperthyroid,Inverse variance weighted,2,2,0,0
EPHB3,FinnGen_GO,Inverse variance weighted,2,2,0,0
EPHB4,BBJ_Graves,Inverse variance weighted,7,3,1,4
EPHB4,BBJ_Graves,MR Egger,7,3,1,4
EPHB4,BBJ_Graves,Weighted median,7,3,1,4
EPHB4,BBJ_Graves,Weighted mode,7,3,1,4
EPHB4,UKB_hyperthyroid,Inverse variance weighted,7,5,1,2
EPHB4,UKB_hyperthyroid,MR Egger,7,5,1,2
EPHB4,UKB_hyperthyroid,Weighted median,7,5,1,2
EPHB4,UKB_hyperthyroid,Weighted mode,7,5,1,2
EPHB4,FinnGen_GO,Inverse variance weighted,7,6,1,1
EPHB4,FinnGen_GO,MR Egger,7,6,1,1
EPHB4,FinnGen_GO,Weighted median,7,6,1,1
EPHB4,FinnGen_GO,Weighted mode,7,6,1,1
EPHB6,BBJ_Graves,Inverse variance weighted,3,2,1,1
EPHB6,UKB_hyperthyroid,Inverse variance weighted,3,3,1,0
EPHB6,UKB_hyperthyroid,MR Egger,3,3,1,0
EPHB6,UKB_hyperthyroid,Weighted median,3,3,1,0
EPHB6,UKB_hyperthyroid,Weighted mode,3,3,1,0
EPHB6,FinnGen_GO,Inverse variance weighted,3,3,1,0
EPHB6,FinnGen_GO,MR Egger,3,3,1,0
EPHB6,FinnGen_GO,Weighted median,3,3,1,0
EPHB6,FinnGen_GO,Weighted mode,3,3,1,0
EPHX1,BBJ_Graves,Inverse variance weighted,2,2,1,0
EPHX1,UKB_hyperthyroid,Inverse variance weighted,2,2,1,0
EPHX1,FinnGen_GO,Inverse variance weighted,2,2,1,0
EPHX2,BBJ_Graves,Inverse variance weighted,4,2,0,2
EPHX2,UKB_hyperthyroid,Inverse variance weighted,4,3,0,1
EPHX2,UKB_hyperthyroid,MR Egger,4,3,0,1
EPHX2,UKB_hyperthyroid,Weighted median,4,3,0,1
EPHX2,UKB_hyperthyroid,Weighted mode,4,3,0,1
EPHX2,FinnGen_GO,Inverse variance weighted,4,4,0,0
EPHX2,FinnGen_GO,MR Egger,4,4,0,0
EPHX2,FinnGen_GO,Weighted median,4,4,0,0
EPHX2,FinnGen_GO,Weighted mode,4,4,0,0
EPOR,BBJ_Graves,Inverse variance weighted,2,2,0,0
EPOR,UKB_hyperthyroid,Wald ratio,2,1,0,1
EPOR,FinnGen_GO,Inverse variance weighted,2,2,0,0
ERAP1,BBJ_Graves,Wald ratio,2,1,0,1
ERAP1,UKB_hyperthyroid,Inverse variance weighted,2,2,0,0
ERBB2,BBJ_Graves,Wald ratio,1,1,0,0
ERBB2,UKB_hyperthyroid,Wald ratio,1,1,0,0
ERBB2,FinnGen_GO,Wald ratio,1,1,0,0
ERBB2IP,BBJ_Graves,Wald ratio,2,1,0,1
ERBB2IP,UKB_hyperthyroid,Inverse variance weighted,2,2,0,0
ERBB2IP,FinnGen_GO,Inverse variance weighted,2,2,0,0
ERBB3,BBJ_Graves,Wald ratio,1,1,0,0
ERBB3,UKB_hyperthyroid,Wald ratio,1,1,0,0
ERBB3,FinnGen_GO,Wald ratio,1,1,0,0
ERCC5,BBJ_Graves,Wald ratio,1,1,0,0
ERCC5,UKB_hyperthyroid,Wald ratio,1,1,0,0
ERCC5,FinnGen_GO,Wald ratio,1,1,0,0
EREG,BBJ_Graves,Wald ratio,1,1,1,0
EREG,UKB_hyperthyroid,Wald ratio,1,1,1,0
EREG,FinnGen_GO,Wald ratio,1,1,1,0
ERN1,BBJ_Graves,Wald ratio,2,1,0,1
ERN1,UKB_hyperthyroid,Wald ratio,2,1,0,1
ERN1,FinnGen_GO,Wald ratio,2,1,0,1
ERO1L,BBJ_Graves,Inverse variance weighted,6,4,0,2
ERO1L,BBJ_Graves,MR Egger,6,4,0,2
ERO1L,BBJ_Graves,Weighted median,6,4,0,2
ERO1L,BBJ_Graves,Weighted mode,6,4,0,2
ERO1L,UKB_hyperthyroid,Inverse variance weighted,6,6,0,0
ERO1L,UKB_hyperthyroid,MR Egger,6,6,0,0
ERO1L,UKB_hyperthyroid,Weighted median,6,6,0,0
ERO1L,UKB_hyperthyroid,Weighted mode,6,6,0,0
ERO1L,FinnGen_GO,Inverse variance weighted,6,6,0,0
ERO1L,FinnGen_GO,MR Egger,6,6,0,0
ERO1L,FinnGen_GO,Weighted median,6,6,0,0
ERO1L,FinnGen_GO,Weighted mode,6,6,0,0
ERP29,BBJ_Graves,Wald ratio,1,1,0,0
ERP29,UKB_hyperthyroid,Wald ratio,1,1,0,0
ERP29,FinnGen_GO,Wald ratio,1,1,0,0
ERP44,BBJ_Graves,Wald ratio,1,1,0,0
ERP44,UKB_hyperthyroid,Wald ratio,1,1,0,0
ERP44,FinnGen_GO,Wald ratio,1,1,0,0
ESAM,BBJ_Graves,Wald ratio,1,1,0,0
ESAM,UKB_hyperthyroid,Wald ratio,1,1,0,0
ESAM,FinnGen_GO,Wald ratio,1,1,0,0
ESM1,BBJ_Graves,Wald ratio,1,1,0,0
ESM1,UKB_hyperthyroid,Wald ratio,1,1,0,0
ESM1,FinnGen_GO,Wald ratio,1,1,0,0
ESR1,BBJ_Graves,Wald ratio,1,1,0,0
ESR1,UKB_hyperthyroid,Wald ratio,1,1,0,0
ESR1,FinnGen_GO,Wald ratio,1,1,0,0
ESR2,BBJ_Graves,Wald ratio,2,1,0,1
ESR2,UKB_hyperthyroid,Inverse variance weighted,2,2,0,0
ESR2,FinnGen_GO,Inverse variance weighted,2,2,0,0
ESRRA,BBJ_Graves,Wald ratio,1,1,0,0
ESRRA,UKB_hyperthyroid,Wald ratio,1,1,0,0
ESRRA,FinnGen_GO,Wald ratio,1,1,0,0
EVI2B,BBJ_Graves,Wald ratio,1,1,0,0
EVI2B,UKB_hyperthyroid,Wald ratio,1,1,0,0
EVI2B,FinnGen_GO,Wald ratio,1,1,0,0
EXTL2,BBJ_Graves,Wald ratio,2,1,0,1
EXTL2,UKB_hyperthyroid,Inverse variance weighted,2,2,0,0
EXTL2,FinnGen_GO,Inverse variance weighted,2,2,0,0
F10,BBJ_Graves,Wald ratio,1,1,0,0
F10,UKB_hyperthyroid,Wald ratio,1,1,0,0
F10,FinnGen_GO,Wald ratio,1,1,0,0
F11R,BBJ_Graves,Wald ratio,1,1,0,0
F11R,UKB_hyperthyroid,Wald ratio,1,1,0,0
F11R,FinnGen_GO,Wald ratio,1,1,0,0
F12,BBJ_Graves,Wald ratio,1,1,0,0
F12,UKB_hyperthyroid,Wald ratio,1,1,0,0
F12,FinnGen_GO,Wald ratio,1,1,0,0
F13A1,BBJ_Graves,Inverse variance weighted,3,2,1,1
F13A1,UKB_hyperthyroid,Inverse variance weighted,3,3,1,0
F13A1,UKB_hyperthyroid,MR Egger,3,3,1,0
F13A1,UKB_hyperthyroid,Weighted median,3,3,1,0
F13A1,UKB_hyperthyroid,Weighted mode,3,3,1,0
F13A1,FinnGen_GO,Inverse variance weighted,3,3,1,0
F13A1,FinnGen_GO,MR Egger,3,3,1,0
F13A1,FinnGen_GO,Weighted median,3,3,1,0
F13A1,FinnGen_GO,Weighted mode,3,3,1,0
F2R,BBJ_Graves,Inverse variance weighted,3,2,0,1
F2R,UKB_hyperthyroid,Inverse variance weighted,3,3,0,0
F2R,UKB_hyperthyroid,MR Egger,3,3,0,0
F2R,UKB_hyperthyroid,Weighted median,3,3,0,0
F2R,UKB_hyperthyroid,Weighted mode,3,3,0,0
F2R,FinnGen_GO,Inverse variance weighted,3,3,0,0
F2R,FinnGen_GO,MR Egger,3,3,0,0
F2R,FinnGen_GO,Weighted median,3,3,0,0
F2R,FinnGen_GO,Weighted mode,3,3,0,0
F2RL1,BBJ_Graves,Inverse variance weighted,6,4,1,2
F2RL1,BBJ_Graves,MR Egger,6,4,1,2
F2RL1,BBJ_Graves,Weighted median,6,4,1,2
F2RL1,BBJ_Graves,Weighted mode,6,4,1,2
F2RL1,UKB_hyperthyroid,Inverse variance weighted,6,6,1,0
F2RL1,UKB_hyperthyroid,MR Egger,6,6,1,0
F2RL1,UKB_hyperthyroid,Weighted median,6,6,1,0
F2RL1,UKB_hyperthyroid,Weighted mode,6,6,1,0
F2RL1,FinnGen_GO,Inverse variance weighted,6,6,1,0
F2RL1,FinnGen_GO,MR Egger,6,6,1,0
F2RL1,FinnGen_GO,Weighted median,6,6,1,0
F2RL1,FinnGen_GO,Weighted mode,6,6,1,0
F2RL3,BBJ_Graves,Wald ratio,1,1,0,0
F2RL3,UKB_hyperthyroid,Wald ratio,1,1,0,0
F2RL3,FinnGen_GO,Wald ratio,1,1,0,0
F5,BBJ_Graves,Inverse variance weighted,3,3,0,0
F5,BBJ_Graves,MR Egger,3,3,0,0
F5,BBJ_Graves,Weighted median,3,3,0,0
F5,BBJ_Graves,Weighted mode,3,3,0,0
F5,UKB_hyperthyroid,Inverse variance weighted,3,3,0,0
F5,UKB_hyperthyroid,MR Egger,3,3,0,0
F5,UKB_hyperthyroid,Weighted median,3,3,0,0
F5,UKB_hyperthyroid,Weighted mode,3,3,0,0
F5,FinnGen_GO,Inverse variance weighted,3,3,0,0
F5,FinnGen_GO,MR Egger,3,3,0,0
F5,FinnGen_GO,Weighted median,3,3,0,0
F5,FinnGen_GO,Weighted mode,3,3,0,0
F7,BBJ_Graves,Wald ratio,1,1,0,0
F7,UKB_hyperthyroid,Wald ratio,1,1,0,0
F7,FinnGen_GO,Wald ratio,1,1,0,0
FAAH,UKB_hyperthyroid,Inverse variance weighted,4,2,0,2
FAAH,FinnGen_GO,Inverse variance weighted,4,3,0,1
FAAH,FinnGen_GO,MR Egger,4,3,0,1
FAAH,FinnGen_GO,Weighted median,4,3,0,1
FAAH,FinnGen_GO,Weighted mode,4,3,0,1
FAM19A1,BBJ_Graves,Inverse variance weighted,3,3,0,0
FAM19A1,BBJ_Graves,MR Egger,3,3,0,0
FAM19A1,BBJ_Graves,Weighted median,3,3,0,0
FAM19A1,BBJ_Graves,Weighted mode,3,3,0,0
FAM19A1,UKB_hyperthyroid,Inverse variance weighted,3,3,0,0
FAM19A1,UKB_hyperthyroid,MR Egger,3,3,0,0
FAM19A1,UKB_hyperthyroid,Weighted median,3,3,0,0
FAM19A1,UKB_hyperthyroid,Weighted mode,3,3,0,0
FAM19A1,FinnGen_GO,Inverse variance weighted,3,3,0,0
FAM19A1,FinnGen_GO,MR Egger,3,3,0,0
FAM19A1,FinnGen_GO,Weighted median,3,3,0,0
FAM19A1,FinnGen_GO,Weighted mode,3,3,0,0
FAM20A,BBJ_Graves,Wald ratio,1,1,0,0
FAM20A,UKB_hyperthyroid,Wald ratio,1,1,0,0
FAM20A,FinnGen_GO,Wald ratio,1,1,0,0
FAM20C,BBJ_Graves,Inverse variance weighted,3,2,0,1
FAM20C,UKB_hyperthyroid,Inverse variance weighted,3,3,0,0
FAM20C,UKB_hyperthyroid,MR Egger,3,3,0,0
FAM20C,UKB_hyperthyroid,Weighted median,3,3,0,0
FAM20C,UKB_hyperthyroid,Weighted mode,3,3,0,0
FAM20C,FinnGen_GO,Inverse variance weighted,3,3,0,0
FAM20C,FinnGen_GO,MR Egger,3,3,0,0
FAM20C,FinnGen_GO,Weighted median,3,3,0,0
FAM20C,FinnGen_GO,Weighted mode,3,3,0,0
FAM3B,BBJ_Graves,Wald ratio,7,1,0,6
FAM3B,UKB_hyperthyroid,Inverse variance weighted,7,6,0,1
FAM3B,UKB_hyperthyroid,MR Egger,7,6,0,1
FAM3B,UKB_hyperthyroid,Weighted median,7,6,0,1
FAM3B,UKB_hyperthyroid,Weighted mode,7,6,0,1
FAM3B,FinnGen_GO,Inverse variance weighted,7,7,0,0
FAM3B,FinnGen_GO,MR Egger,7,7,0,0
FAM3B,FinnGen_GO,Weighted median,7,7,0,0
FAM3B,FinnGen_GO,Weighted mode,7,7,0,0
FAM3C,BBJ_Graves,Wald ratio,1,1,0,0
FAM3C,UKB_hyperthyroid,Wald ratio,1,1,0,0
FAM3C,FinnGen_GO,Wald ratio,1,1,0,0
FARS2,BBJ_Graves,Wald ratio,2,1,0,1
FARS2,UKB_hyperthyroid,Inverse variance weighted,2,2,0,0
FARS2,FinnGen_GO,Inverse variance weighted,2,2,0,0
FAS,BBJ_Graves,Inverse variance weighted,3,3,0,0
FAS,BBJ_Graves,MR Egger,3,3,0,0
FAS,BBJ_Graves,Weighted median,3,3,0,0
FAS,BBJ_Graves,Weighted mode,3,3,0,0
FAS,UKB_hyperthyroid,Inverse variance weighted,3,3,0,0
FAS,UKB_hyperthyroid,MR Egger,3,3,0,0
FAS,UKB_hyperthyroid,Weighted median,3,3,0,0
FAS,UKB_hyperthyroid,Weighted mode,3,3,0,0
FAS,FinnGen_GO,Inverse variance weighted,3,2,0,1
FASLG,BBJ_Graves,Wald ratio,1,1,0,0
FASLG,UKB_hyperthyroid,Wald ratio,1,1,0,0
FASLG,FinnGen_GO,Wald ratio,1,1,0,0
FASN,BBJ_Graves,Wald ratio,1,1,0,0
FASN,UKB_hyperthyroid,Wald ratio,1,1,0,0
FASN,FinnGen_GO,Wald ratio,1,1,0,0
FAT4,BBJ_Graves,Wald ratio,1,1,0,0
FAT4,UKB_hyperthyroid,Wald ratio,1,1,0,0
FAT4,FinnGen_GO,Wald ratio,1,1,0,0
FBLN2,BBJ_Graves,Wald ratio,1,1,1,0
FBLN2,UKB_hyperthyroid,Wald ratio,1,1,1,0
FBLN2,FinnGen_GO,Wald ratio,1,1,1,0
FBLN5,BBJ_Graves,Inverse variance weighted,7,2,0,5
FBLN5,UKB_hyperthyroid,Inverse variance weighted,7,4,0,3
FBLN5,UKB_hyperthyroid,MR Egger,7,4,0,3
FBLN5,UKB_hyperthyroid,Weighted median,7,4,0,3
FBLN5,UKB_hyperthyroid,Weighted mode,7,4,0,3
FBLN5,FinnGen_GO,Inverse variance weighted,7,6,0,1
FBLN5,FinnGen_GO,MR Egger,7,6,0,1
FBLN5,FinnGen_GO,Weighted median,7,6,0,1
FBLN5,FinnGen_GO,Weighted mode,7,6,0,1
FBLN7,BBJ_Graves,Wald ratio,2,1,0,1
FBLN7,UKB_hyperthyroid,Inverse variance weighted,2,2,0,0
FBLN7,FinnGen_GO,Inverse variance weighted,2,2,0,0
FBN1,BBJ_Graves,Wald ratio,1,1,0,0
FBN1,UKB_hyperthyroid,Wald ratio,1,1,0,0
FBN1,FinnGen_GO,Wald ratio,1,1,0,0
FBN2,BBJ_Graves,Inverse variance weighted,6,4,2,2
FBN2,BBJ_Graves,MR Egger,6,4,2,2
FBN2,BBJ_Graves,Weighted median,6,4,2,2
FBN2,BBJ_Graves,Weighted mode,6,4,2,2
FBN2,UKB_hyperthyroid,Inverse variance weighted,6,6,2,0
FBN2,UKB_hyperthyroid,MR Egger,6,6,2,0
FBN2,UKB_hyperthyroid,Weighted median,6,6,2,0
FBN2,UKB_hyperthyroid,Weighted mode,6,6,2,0
FBN2,FinnGen_GO,Inverse variance weighted,6,6,2,0
FBN2,FinnGen_GO,MR Egger,6,6,2,0
FBN2,FinnGen_GO,Weighted median,6,6,2,0
FBN2,FinnGen_GO,Weighted mode,6,6,2,0
FBP1,BBJ_Graves,Inverse variance weighted,5,3,1,2
FBP1,BBJ_Graves,MR Egger,5,3,1,2
FBP1,BBJ_Graves,Weighted median,5,3,1,2
FBP1,BBJ_Graves,Weighted mode,5,3,1,2
FBP1,UKB_hyperthyroid,Inverse variance weighted,5,3,1,2
FBP1,UKB_hyperthyroid,MR Egger,5,3,1,2
FBP1,UKB_hyperthyroid,Weighted median,5,3,1,2
FBP1,UKB_hyperthyroid,Weighted mode,5,3,1,2
FBP1,FinnGen_GO,Inverse variance weighted,5,3,1,2
FBP1,FinnGen_GO,MR Egger,5,3,1,2
FBP1,FinnGen_GO,Weighted median,5,3,1,2
FBP1,FinnGen_GO,Weighted mode,5,3,1,2
FCAR,BBJ_Graves,Wald ratio,3,1,0,2
FCAR,UKB_hyperthyroid,Wald ratio,3,1,0,2
FCAR,FinnGen_GO,Inverse variance weighted,3,2,0,1
FCER1A,BBJ_Graves,Inverse variance weighted,4,2,1,2
FCER1A,UKB_hyperthyroid,Inverse variance weighted,4,3,1,1
FCER1A,UKB_hyperthyroid,MR Egger,4,3,1,1
FCER1A,UKB_hyperthyroid,Weighted median,4,3,1,1
FCER1A,UKB_hyperthyroid,Weighted mode,4,3,1,1
FCER1A,FinnGen_GO,Inverse variance weighted,4,3,1,1
FCER1A,FinnGen_GO,MR Egger,4,3,1,1
FCER1A,FinnGen_GO,Weighted median,4,3,1,1
FCER1A,FinnGen_GO,Weighted mode,4,3,1,1
FCER2,BBJ_Graves,Inverse variance weighted,4,2,0,2
FCER2,UKB_hyperthyroid,Inverse variance weighted,4,4,0,0
FCER2,UKB_hyperthyroid,MR Egger,4,4,0,0
FCER2,UKB_hyperthyroid,Weighted median,4,4,0,0
FCER2,UKB_hyperthyroid,Weighted mode,4,4,0,0
FCER2,FinnGen_GO,Inverse variance weighted,4,4,0,0
FCER2,FinnGen_GO,MR Egger,4,4,0,0
FCER2,FinnGen_GO,Weighted median,4,4,0,0
FCER2,FinnGen_GO,Weighted mode,4,4,0,0
FCGBP,BBJ_Graves,Inverse variance weighted,7,5,1,2
FCGBP,BBJ_Graves,MR Egger,7,5,1,2
FCGBP,BBJ_Graves,Weighted median,7,5,1,2
FCGBP,BBJ_Graves,Weighted mode,7,5,1,2
FCGBP,UKB_hyperthyroid,Inverse variance weighted,7,4,1,3
FCGBP,UKB_hyperthyroid,MR Egger,7,4,1,3
FCGBP,UKB_hyperthyroid,Weighted median,7,4,1,3
FCGBP,UKB_hyperthyroid,Weighted mode,7,4,1,3
FCGBP,FinnGen_GO,Inverse variance weighted,7,4,1,3
FCGBP,FinnGen_GO,MR Egger,7,4,1,3
FCGBP,FinnGen_GO,Weighted median,7,4,1,3
FCGBP,FinnGen_GO,Weighted mode,7,4,1,3
FCGR1A,UKB_hyperthyroid,Wald ratio,1,1,0,0
FCGR1A,FinnGen_GO,Wald ratio,1,1,0,0
FCGR2A,UKB_hyperthyroid,Wald ratio,1,1,0,0
FCGR2A,FinnGen_GO,Wald ratio,1,1,0,0
FCGR2B,BBJ_Graves,Wald ratio,8,1,0,7
FCGR2B,UKB_hyperthyroid,Inverse variance weighted,8,6,0,2
FCGR2B,UKB_hyperthyroid,MR Egger,8,6,0,2
FCGR2B,UKB_hyperthyroid,Weighted median,8,6,0,2
FCGR2B,UKB_hyperthyroid,Weighted mode,8,6,0,2
FCGR2B,FinnGen_GO,Inverse variance weighted,8,7,0,1
FCGR2B,FinnGen_GO,MR Egger,8,7,0,1
FCGR2B,FinnGen_GO,Weighted median,8,7,0,1
FCGR2B,FinnGen_GO,Weighted mode,8,7,0,1
FCGR2C,BBJ_Graves,Inverse variance weighted,8,2,0,6
FCGR2C,UKB_hyperthyroid,Inverse variance weighted,8,7,0,1
FCGR2C,UKB_hyperthyroid,MR Egger,8,7,0,1
FCGR2C,UKB_hyperthyroid,Weighted median,8,7,0,1
FCGR2C,UKB_hyperthyroid,Weighted mode,8,7,0,1
FCGR2C,FinnGen_GO,Inverse variance weighted,8,6,0,2
FCGR2C,FinnGen_GO,MR Egger,8,6,0,2
FCGR2C,FinnGen_GO,Weighted median,8,6,0,2
FCGR2C,FinnGen_GO,Weighted mode,8,6,0,2
FCGR3A,UKB_hyperthyroid,Inverse variance weighted,2,2,0,0
FCGR3A,FinnGen_GO,Wald ratio,2,1,0,1
FCGR3B,BBJ_Graves,Inverse variance weighted,9,4,0,5
FCGR3B,BBJ_Graves,MR Egger,9,4,0,5
FCGR3B,BBJ_Graves,Weighted median,9,4,0,5
FCGR3B,BBJ_Graves,Weighted mode,9,4,0,5
FCGR3B,UKB_hyperthyroid,Inverse variance weighted,9,3,0,6
FCGR3B,UKB_hyperthyroid,MR Egger,9,3,0,6
FCGR3B,UKB_hyperthyroid,Weighted median,9,3,0,6
FCGR3B,UKB_hyperthyroid,Weighted mode,9,3,0,6
FCGR3B,FinnGen_GO,Inverse variance weighted,9,5,0,4
FCGR3B,FinnGen_GO,MR Egger,9,5,0,4
FCGR3B,FinnGen_GO,Weighted median,9,5,0,4
FCGR3B,FinnGen_GO,Weighted mode,9,5,0,4
FCGRT,BBJ_Graves,Inverse variance weighted,2,2,0,0
FCGRT,UKB_hyperthyroid,Inverse variance weighted,2,2,0,0
FCGRT,FinnGen_GO,Inverse variance weighted,2,2,0,0
FCN1,BBJ_Graves,Inverse variance weighted,4,3,0,1
FCN1,BBJ_Graves,MR Egger,4,3,0,1
FCN1,BBJ_Graves,Weighted median,4,3,0,1
FCN1,BBJ_Graves,Weighted mode,4,3,0,1
FCN1,UKB_hyperthyroid,Inverse variance weighted,4,4,0,0
FCN1,UKB_hyperthyroid,MR Egger,4,4,0,0
FCN1,UKB_hyperthyroid,Weighted median,4,4,0,0
FCN1,UKB_hyperthyroid,Weighted mode,4,4,0,0
FCN1,FinnGen_GO,Inverse variance weighted,4,4,0,0
FCN1,FinnGen_GO,MR Egger,4,4,0,0
FCN1,FinnGen_GO,Weighted median,4,4,0,0
FCN1,FinnGen_GO,Weighted mode,4,4,0,0
FCRL1,BBJ_Graves,Wald ratio,1,1,1,0
FCRL1,UKB_hyperthyroid,Wald ratio,1,1,1,0
FCRL2,BBJ_Graves,Wald ratio,1,1,1,0
FCRL2,UKB_hyperthyroid,Wald ratio,1,1,1,0
FCRL2,FinnGen_GO,Wald ratio,1,1,1,0
FCRL3,BBJ_Graves,Inverse variance weighted,4,4,2,0
FCRL3,BBJ_Graves,MR Egger,4,4,2,0
FCRL3,BBJ_Graves,Weighted median,4,4,2,0
FCRL3,BBJ_Graves,Weighted mode,4,4,2,0
FCRL3,UKB_hyperthyroid,Inverse variance weighted,4,3,1,1
FCRL3,UKB_hyperthyroid,MR Egger,4,3,1,1
FCRL3,UKB_hyperthyroid,Weighted median,4,3,1,1
FCRL3,UKB_hyperthyroid,Weighted mode,4,3,1,1
FCRL3,FinnGen_GO,Inverse variance weighted,4,4,2,0
FCRL3,FinnGen_GO,MR Egger,4,4,2,0
FCRL3,FinnGen_GO,Weighted median,4,4,2,0
FCRL3,FinnGen_GO,Weighted mode,4,4,2,0
FCRL5,BBJ_Graves,Inverse variance weighted,4,3,1,1
FCRL5,BBJ_Graves,MR Egger,4,3,1,1
FCRL5,BBJ_Graves,Weighted median,4,3,1,1
FCRL5,BBJ_Graves,Weighted mode,4,3,1,1
FCRL5,UKB_hyperthyroid,Inverse variance weighted,4,3,1,1
FCRL5,UKB_hyperthyroid,MR Egger,4,3,1,1
FCRL5,UKB_hyperthyroid,Weighted median,4,3,1,1
FCRL5,UKB_hyperthyroid,Weighted mode,4,3,1,1
FCRL5,FinnGen_GO,Inverse variance weighted,4,3,0,1
FCRL5,FinnGen_GO,MR Egger,4,3,0,1
FCRL5,FinnGen_GO,Weighted median,4,3,0,1
FCRL5,FinnGen_GO,Weighted mode,4,3,0,1
FCRL6,BBJ_Graves,Inverse variance weighted,5,2,0,3
FCRL6,UKB_hyperthyroid,Inverse variance weighted,5,3,0,2
FCRL6,UKB_hyperthyroid,MR Egger,5,3,0,2
FCRL6,UKB_hyperthyroid,Weighted median,5,3,0,2
FCRL6,UKB_hyperthyroid,Weighted mode,5,3,0,2
FCRL6,FinnGen_GO,Inverse variance weighted,5,4,0,1
FCRL6,FinnGen_GO,MR Egger,5,4,0,1
FCRL6,FinnGen_GO,Weighted median,5,4,0,1
FCRL6,FinnGen_GO,Weighted mode,5,4,0,1
FCRLA,BBJ_Graves,Inverse variance weighted,2,2,0,0
FCRLA,UKB_hyperthyroid,Inverse variance weighted,2,2,0,0
FCRLA,FinnGen_GO,Inverse variance weighted,2,2,0,0
FDFT1,BBJ_Graves,Inverse variance weighted,4,3,1,1
FDFT1,BBJ_Graves,MR Egger,4,3,1,1
FDFT1,BBJ_Graves,Weighted median,4,3,1,1
FDFT1,BBJ_Graves,Weighted mode,4,3,1,1
FDFT1,UKB_hyperthyroid,Inverse variance weighted,4,3,1,1
FDFT1,UKB_hyperthyroid,MR Egger,4,3,1,1
FDFT1,UKB_hyperthyroid,Weighted median,4,3,1,1
FDFT1,UKB_hyperthyroid,Weighted mode,4,3,1,1
FDFT1,FinnGen_GO,Inverse variance weighted,4,3,1,1
FDFT1,FinnGen_GO,MR Egger,4,3,1,1
FDFT1,FinnGen_GO,Weighted median,4,3,1,1
FDFT1,FinnGen_GO,Weighted mode,4,3,1,1
FDPS,UKB_hyperthyroid,Wald ratio,1,1,0,0
FDPS,FinnGen_GO,Wald ratio,1,1,0,0
FER,BBJ_Graves,Inverse variance weighted,2,2,0,0
FER,UKB_hyperthyroid,Inverse variance weighted,2,2,0,0
FER,FinnGen_GO,Inverse variance weighted,2,2,0,0
FES,BBJ_Graves,Inverse variance weighted,4,4,0,0
FES,BBJ_Graves,MR Egger,4,4,0,0
FES,BBJ_Graves,Weighted median,4,4,0,0
FES,BBJ_Graves,Weighted mode,4,4,0,0
FES,UKB_hyperthyroid,Inverse variance weighted,4,4,0,0
FES,UKB_hyperthyroid,MR Egger,4,4,0,0
FES,UKB_hyperthyroid,Weighted median,4,4,0,0
FES,UKB_hyperthyroid,Weighted mode,4,4,0,0
FES,FinnGen_GO,Inverse variance weighted,4,4,0,0
FES,FinnGen_GO,MR Egger,4,4,0,0
FES,FinnGen_GO,Weighted median,4,4,0,0
FES,FinnGen_GO,Weighted mode,4,4,0,0
FFAR2,BBJ_Graves,Wald ratio,1,1,0,0
FFAR2,UKB_hyperthyroid,Wald ratio,1,1,0,0
FFAR2,FinnGen_GO,Wald ratio,1,1,0,0
FFAR3,BBJ_Graves,Inverse variance weighted,2,2,2,0
FFAR3,UKB_hyperthyroid,Inverse variance weighted,2,2,2,0
FFAR3,FinnGen_GO,Inverse variance weighted,2,2,2,0
FFAR4,BBJ_Graves,Wald ratio,2,1,0,1
FFAR4,UKB_hyperthyroid,Inverse variance weighted,2,2,0,0
FFAR4,FinnGen_GO,Inverse variance weighted,2,2,0,0
FGF17,BBJ_Graves,Wald ratio,1,1,0,0
FGF17,UKB_hyperthyroid,Wald ratio,1,1,0,0
FGF17,FinnGen_GO,Wald ratio,1,1,0,0
FGF2,BBJ_Graves,Wald ratio,1,1,0,0
FGF2,UKB_hyperthyroid,Wald ratio,1,1,0,0
FGF2,FinnGen_GO,Wald ratio,1,1,0,0
FGF9,BBJ_Graves,Wald ratio,2,1,1,1
FGF9,UKB_hyperthyroid,Wald ratio,2,1,1,1
FGF9,FinnGen_GO,Wald ratio,2,1,1,1
FGFBP2,BBJ_Graves,Wald ratio,1,1,0,0
FGFBP2,UKB_hyperthyroid,Wald ratio,1,1,0,0
FGFBP2,FinnGen_GO,Wald ratio,1,1,0,0
FGFBP3,BBJ_Graves,Wald ratio,1,1,0,0
FGFBP3,UKB_hyperthyroid,Wald ratio,1,1,0,0
FGFBP3,FinnGen_GO,Wald ratio,1,1,0,0
FGFR1,BBJ_Graves,Wald ratio,3,1,0,2
FGFR1,UKB_hyperthyroid,Inverse variance weighted,3,3,0,0
FGFR1,UKB_hyperthyroid,MR Egger,3,3,0,0
FGFR1,UKB_hyperthyroid,Weighted median,3,3,0,0
FGFR1,UKB_hyperthyroid,Weighted mode,3,3,0,0
FGFR1,FinnGen_GO,Inverse variance weighted,3,3,0,0
FGFR1,FinnGen_GO,MR Egger,3,3,0,0
FGFR1,FinnGen_GO,Weighted median,3,3,0,0
FGFR1,FinnGen_GO,Weighted mode,3,3,0,0
FGFR2,BBJ_Graves,Wald ratio,2,1,0,1
FGFR2,UKB_hyperthyroid,Inverse variance weighted,2,2,0,0
FGFR2,FinnGen_GO,Inverse variance weighted,2,2,0,0
FGFR4,BBJ_Graves,Wald ratio,2,1,0,1
FGFR4,UKB_hyperthyroid,Inverse variance weighted,2,2,0,0
FGFR4,FinnGen_GO,Inverse variance weighted,2,2,0,0
FGFRL1,BBJ_Graves,Inverse variance weighted,3,2,1,1
FGFRL1,UKB_hyperthyroid,Inverse variance weighted,3,3,1,0
FGFRL1,UKB_hyperthyroid,MR Egger,3,3,1,0
FGFRL1,UKB_hyperthyroid,Weighted median,3,3,1,0
FGFRL1,UKB_hyperthyroid,Weighted mode,3,3,1,0
FGFRL1,FinnGen_GO,Inverse variance weighted,3,3,1,0
FGFRL1,FinnGen_GO,MR Egger,3,3,1,0
FGFRL1,FinnGen_GO,Weighted median,3,3,1,0
FGFRL1,FinnGen_GO,Weighted mode,3,3,1,0
FGL2,BBJ_Graves,Inverse variance weighted,4,3,0,1
FGL2,BBJ_Graves,MR Egger,4,3,0,1
FGL2,BBJ_Graves,Weighted median,4,3,0,1
FGL2,BBJ_Graves,Weighted mode,4,3,0,1
FGL2,UKB_hyperthyroid,Inverse variance weighted,4,4,0,0
FGL2,UKB_hyperthyroid,MR Egger,4,4,0,0
FGL2,UKB_hyperthyroid,Weighted median,4,4,0,0
FGL2,UKB_hyperthyroid,Weighted mode,4,4,0,0
FGL2,FinnGen_GO,Inverse variance weighted,4,4,0,0
FGL2,FinnGen_GO,MR Egger,4,4,0,0
FGL2,FinnGen_GO,Weighted median,4,4,0,0
FGL2,FinnGen_GO,Weighted mode,4,4,0,0
FGR,BBJ_Graves,Wald ratio,1,1,0,0
FGR,UKB_hyperthyroid,Wald ratio,1,1,0,0
FGR,FinnGen_GO,Wald ratio,1,1,0,0
FKBP11,BBJ_Graves,Inverse variance weighted,2,2,0,0
FKBP11,UKB_hyperthyroid,Inverse variance weighted,2,2,0,0
FKBP11,FinnGen_GO,Inverse variance weighted,2,2,0,0
FKBP15,BBJ_Graves,Inverse variance weighted,4,2,0,2
FKBP15,UKB_hyperthyroid,Inverse variance weighted,4,3,0,1
FKBP15,UKB_hyperthyroid,MR Egger,4,3,0,1
FKBP15,UKB_hyperthyroid,Weighted median,4,3,0,1
FKBP15,UKB_hyperthyroid,Weighted mode,4,3,0,1
FKBP15,FinnGen_GO,Inverse variance weighted,4,4,0,0
FKBP15,FinnGen_GO,MR Egger,4,4,0,0
FKBP15,FinnGen_GO,Weighted median,4,4,0,0
FKBP15,FinnGen_GO,Weighted mode,4,4,0,0
FKBP1A,BBJ_Graves,Inverse variance weighted,4,2,0,2
FKBP1A,UKB_hyperthyroid,Inverse variance weighted,4,3,0,1
FKBP1A,UKB_hyperthyroid,MR Egger,4,3,0,1
FKBP1A,UKB_hyperthyroid,Weighted median,4,3,0,1
FKBP1A,UKB_hyperthyroid,Weighted mode,4,3,0,1
FKBP1A,FinnGen_GO,Inverse variance weighted,4,4,0,0
FKBP1A,FinnGen_GO,MR Egger,4,4,0,0
FKBP1A,FinnGen_GO,Weighted median,4,4,0,0
FKBP1A,FinnGen_GO,Weighted mode,4,4,0,0
FKBP1B,BBJ_Graves,Wald ratio,1,1,0,0
FKBP1B,UKB_hyperthyroid,Wald ratio,1,1,0,0
FKBP1B,FinnGen_GO,Wald ratio,1,1,0,0
FKBP2,BBJ_Graves,Wald ratio,1,1,0,0
FKBP2,UKB_hyperthyroid,Wald ratio,1,1,0,0
FKBP2,FinnGen_GO,Wald ratio,1,1,0,0
FKBP4,BBJ_Graves,Wald ratio,1,1,0,0
FKBP4,UKB_hyperthyroid,Wald ratio,1,1,0,0
FKBP4,FinnGen_GO,Wald ratio,1,1,0,0
FKBP7,BBJ_Graves,Wald ratio,1,1,0,0
FKBP7,UKB_hyperthyroid,Wald ratio,1,1,0,0
FKBP7,FinnGen_GO,Wald ratio,1,1,0,0
FKBP9,BBJ_Graves,Inverse variance weighted,2,2,0,0
FKBP9,UKB_hyperthyroid,Inverse variance weighted,2,2,0,0
FKBP9,FinnGen_GO,Inverse variance weighted,2,2,0,0
FKRP,BBJ_Graves,Inverse variance weighted,4,2,0,2
FKRP,UKB_hyperthyroid,Inverse variance weighted,4,3,0,1
FKRP,UKB_hyperthyroid,MR Egger,4,3,0,1
FKRP,UKB_hyperthyroid,Weighted median,4,3,0,1
FKRP,UKB_hyperthyroid,Weighted mode,4,3,0,1
FKRP,FinnGen_GO,Inverse variance weighted,4,4,0,0
FKRP,FinnGen_GO,MR Egger,4,4,0,0
FKRP,FinnGen_GO,Weighted median,4,4,0,0
FKRP,FinnGen_GO,Weighted mode,4,4,0,0
FKTN,BBJ_Graves,Wald ratio,1,1,0,0
FKTN,UKB_hyperthyroid,Wald ratio,1,1,0,0
FKTN,FinnGen_GO,Wald ratio,1,1,0,0
FLRT1,BBJ_Graves,Wald ratio,1,1,0,0
FLRT1,UKB_hyperthyroid,Wald ratio,1,1,0,0
FLRT1,FinnGen_GO,Wald ratio,1,1,0,0
FLT1,BBJ_Graves,Inverse variance weighted,3,3,0,0
FLT1,BBJ_Graves,MR Egger,3,3,0,0
FLT1,BBJ_Graves,Weighted median,3,3,0,0
FLT1,BBJ_Graves,Weighted mode,3,3,0,0
FLT1,UKB_hyperthyroid,Inverse variance weighted,3,3,0,0
FLT1,UKB_hyperthyroid,MR Egger,3,3,0,0
FLT1,UKB_hyperthyroid,Weighted median,3,3,0,0
FLT1,UKB_hyperthyroid,Weighted mode,3,3,0,0
FLT1,FinnGen_GO,Inverse variance weighted,3,3,0,0
FLT1,FinnGen_GO,MR Egger,3,3,0,0
FLT1,FinnGen_GO,Weighted median,3,3,0,0
FLT1,FinnGen_GO,Weighted mode,3,3,0,0
FLT3,BBJ_Graves,Wald ratio,1,1,0,0
FLT3,UKB_hyperthyroid,Wald ratio,1,1,0,0
FLT3,FinnGen_GO,Wald ratio,1,1,0,0
FLT3LG,UKB_hyperthyroid,Wald ratio,1,1,0,0
FLT4,BBJ_Graves,Wald ratio,2,1,0,1
FLT4,UKB_hyperthyroid,Inverse variance weighted,2,2,0,0
FLT4,FinnGen_GO,Inverse variance weighted,2,2,0,0
FMO4,BBJ_Graves,Inverse variance weighted,3,2,0,1
FMO4,UKB_hyperthyroid,Inverse variance weighted,3,2,0,1
FMO4,FinnGen_GO,Inverse variance weighted,3,3,0,0
FMO4,FinnGen_GO,MR Egger,3,3,0,0
FMO4,FinnGen_GO,Weighted median,3,3,0,0
FMO4,FinnGen_GO,Weighted mode,3,3,0,0
FMO5,BBJ_Graves,Inverse variance weighted,3,2,0,1
FMO5,UKB_hyperthyroid,Inverse variance weighted,3,3,1,0
FMO5,UKB_hyperthyroid,MR Egger,3,3,1,0
FMO5,UKB_hyperthyroid,Weighted median,3,3,1,0
FMO5,UKB_hyperthyroid,Weighted mode,3,3,1,0
FMO5,FinnGen_GO,Inverse variance weighted,3,3,1,0
FMO5,FinnGen_GO,MR Egger,3,3,1,0
FMO5,FinnGen_GO,Weighted median,3,3,1,0
FMO5,FinnGen_GO,Weighted mode,3,3,1,0
FN1,BBJ_Graves,Inverse variance weighted,3,2,0,1
FN1,UKB_hyperthyroid,Inverse variance weighted,3,3,0,0
FN1,UKB_hyperthyroid,MR Egger,3,3,0,0
FN1,UKB_hyperthyroid,Weighted median,3,3,0,0
FN1,UKB_hyperthyroid,Weighted mode,3,3,0,0
FN1,FinnGen_GO,Inverse variance weighted,3,3,0,0
FN1,FinnGen_GO,MR Egger,3,3,0,0
FN1,FinnGen_GO,Weighted median,3,3,0,0
FN1,FinnGen_GO,Weighted mode,3,3,0,0
FNDC5,UKB_hyperthyroid,Wald ratio,1,1,0,0
FNDC5,FinnGen_GO,Wald ratio,1,1,0,0
FNTA,BBJ_Graves,Wald ratio,1,1,0,0
FNTA,UKB_hyperthyroid,Wald ratio,1,1,0,0
FNTA,FinnGen_GO,Wald ratio,1,1,0,0
FNTB,BBJ_Graves,Inverse variance weighted,10,3,1,7
FNTB,BBJ_Graves,MR Egger,10,3,1,7
FNTB,BBJ_Graves,Weighted median,10,3,1,7
FNTB,BBJ_Graves,Weighted mode,10,3,1,7
FNTB,UKB_hyperthyroid,Inverse variance weighted,10,7,1,3
FNTB,UKB_hyperthyroid,MR Egger,10,7,1,3
FNTB,UKB_hyperthyroid,Weighted median,10,7,1,3
FNTB,UKB_hyperthyroid,Weighted mode,10,7,1,3
FNTB,FinnGen_GO,Inverse variance weighted,10,9,1,1
FNTB,FinnGen_GO,MR Egger,10,9,1,1
FNTB,FinnGen_GO,Weighted median,10,9,1,1
FNTB,FinnGen_GO,Weighted mode,10,9,1,1
FOLR2,BBJ_Graves,Inverse variance weighted,2,2,0,0
FOLR2,UKB_hyperthyroid,Inverse variance weighted,2,2,0,0
FOLR2,FinnGen_GO,Inverse variance weighted,2,2,0,0
FOLR3,BBJ_Graves,Inverse variance weighted,17,2,1,15
FOLR3,UKB_hyperthyroid,Inverse variance weighted,17,13,1,4
FOLR3,UKB_hyperthyroid,MR Egger,17,13,1,4
FOLR3,UKB_hyperthyroid,Weighted median,17,13,1,4
FOLR3,UKB_hyperthyroid,Weighted mode,17,13,1,4
FOLR3,FinnGen_GO,Inverse variance weighted,17,14,1,3
FOLR3,FinnGen_GO,MR Egger,17,14,1,3
FOLR3,FinnGen_GO,Weighted median,17,14,1,3
FOLR3,FinnGen_GO,Weighted mode,17,14,1,3
FOS,BBJ_Graves,Wald ratio,2,1,0,1
FOS,UKB_hyperthyroid,Wald ratio,2,1,0,1
FOS,FinnGen_GO,Wald ratio,2,1,0,1
FPGS,BBJ_Graves,Wald ratio,2,1,0,1
FPGS,UKB_hyperthyroid,Inverse variance weighted,2,2,0,0
FPGS,FinnGen_GO,Inverse variance weighted,2,2,0,0
FPR1,BBJ_Graves,Inverse variance weighted,4,3,0,1
FPR1,BBJ_Graves,MR Egger,4,3,0,1
FPR1,BBJ_Graves,Weighted median,4,3,0,1
FPR1,BBJ_Graves,Weighted mode,4,3,0,1
FPR1,UKB_hyperthyroid,Inverse variance weighted,4,3,0,1
FPR1,UKB_hyperthyroid,MR Egger,4,3,0,1
FPR1,UKB_hyperthyroid,Weighted median,4,3,0,1
FPR1,UKB_hyperthyroid,Weighted mode,4,3,0,1
FPR1,FinnGen_GO,Inverse variance weighted,4,4,0,0
FPR1,FinnGen_GO,MR Egger,4,4,0,0
FPR1,FinnGen_GO,Weighted median,4,4,0,0
FPR1,FinnGen_GO,Weighted mode,4,4,0,0
FPR2,BBJ_Graves,Inverse variance weighted,6,2,0,4
FPR2,UKB_hyperthyroid,Inverse variance weighted,6,6,0,0
FPR2,UKB_hyperthyroid,MR Egger,6,6,0,0
FPR2,UKB_hyperthyroid,Weighted median,6,6,0,0
FPR2,UKB_hyperthyroid,Weighted mode,6,6,0,0
FPR2,FinnGen_GO,Inverse variance weighted,6,5,0,1
FPR2,FinnGen_GO,MR Egger,6,5,0,1
FPR2,FinnGen_GO,Weighted median,6,5,0,1
FPR2,FinnGen_GO,Weighted mode,6,5,0,1
FPR3,BBJ_Graves,Inverse variance weighted,3,2,0,1
FPR3,UKB_hyperthyroid,Inverse variance weighted,3,3,1,0
FPR3,UKB_hyperthyroid,MR Egger,3,3,1,0
FPR3,UKB_hyperthyroid,Weighted median,3,3,1,0
FPR3,UKB_hyperthyroid,Weighted mode,3,3,1,0
FPR3,FinnGen_GO,Inverse variance weighted,3,3,1,0
FPR3,FinnGen_GO,MR Egger,3,3,1,0
FPR3,FinnGen_GO,Weighted median,3,3,1,0
FPR3,FinnGen_GO,Weighted mode,3,3,1,0
FST,UKB_hyperthyroid,Wald ratio,1,1,0,0
FST,FinnGen_GO,Wald ratio,1,1,0,0
FSTL1,BBJ_Graves,Inverse variance weighted,4,2,0,2
FSTL1,UKB_hyperthyroid,Inverse variance weighted,4,2,0,2
FSTL1,FinnGen_GO,Inverse variance weighted,4,4,0,0
FSTL1,FinnGen_GO,MR Egger,4,4,0,0
FSTL1,FinnGen_GO,Weighted median,4,4,0,0
FSTL1,FinnGen_GO,Weighted mode,4,4,0,0
FSTL3,BBJ_Graves,Wald ratio,2,1,0,1
FSTL3,UKB_hyperthyroid,Inverse variance weighted,2,2,1,0
FSTL3,FinnGen_GO,Inverse variance weighted,2,2,1,0
FSTL4,BBJ_Graves,Wald ratio,1,1,0,0
FSTL4,UKB_hyperthyroid,Wald ratio,1,1,0,0
FSTL4,FinnGen_GO,Wald ratio,1,1,0,0
FUCA1,BBJ_Graves,Inverse variance weighted,4,2,0,2
FUCA1,UKB_hyperthyroid,Inverse variance weighted,4,3,0,1
FUCA1,UKB_hyperthyroid,MR Egger,4,3,0,1
FUCA1,UKB_hyperthyroid,Weighted median,4,3,0,1
FUCA1,UKB_hyperthyroid,Weighted mode,4,3,0,1
FUCA1,FinnGen_GO,Inverse variance weighted,4,3,0,1
FUCA1,FinnGen_GO,MR Egger,4,3,0,1
FUCA1,FinnGen_GO,Weighted median,4,3,0,1
FUCA1,FinnGen_GO,Weighted mode,4,3,0,1
FUCA2,BBJ_Graves,Wald ratio,2,1,0,1
FUCA2,UKB_hyperthyroid,Inverse variance weighted,2,2,0,0
FUCA2,FinnGen_GO,Inverse variance weighted,2,2,0,0
FURIN,BBJ_Graves,Wald ratio,2,1,0,1
FURIN,UKB_hyperthyroid,Inverse variance weighted,2,2,0,0
FURIN,FinnGen_GO,Inverse variance weighted,2,2,0,0
FXYD2,BBJ_Graves,Inverse variance weighted,3,2,0,1
FXYD2,UKB_hyperthyroid,Inverse variance weighted,3,3,0,0
FXYD2,UKB_hyperthyroid,MR Egger,3,3,0,0
FXYD2,UKB_hyperthyroid,Weighted median,3,3,0,0
FXYD2,UKB_hyperthyroid,Weighted mode,3,3,0,0
FXYD2,FinnGen_GO,Inverse variance weighted,3,3,0,0
FXYD2,FinnGen_GO,MR Egger,3,3,0,0
FXYD2,FinnGen_GO,Weighted median,3,3,0,0
FXYD2,FinnGen_GO,Weighted mode,3,3,0,0
FYN,BBJ_Graves,Inverse variance weighted,2,2,0,0
FYN,UKB_hyperthyroid,Inverse variance weighted,2,2,0,0
FYN,FinnGen_GO,Inverse variance weighted,2,2,0,0
FZD3,BBJ_Graves,Inverse variance weighted,2,2,0,0
FZD3,UKB_hyperthyroid,Inverse variance weighted,2,2,0,0
FZD3,FinnGen_GO,Inverse variance weighted,2,2,0,0
GAA,BBJ_Graves,Inverse variance weighted,3,2,0,1
GAA,UKB_hyperthyroid,Inverse variance weighted,3,3,0,0
GAA,UKB_hyperthyroid,MR Egger,3,3,0,0
GAA,UKB_hyperthyroid,Weighted median,3,3,0,0
GAA,UKB_hyperthyroid,Weighted mode,3,3,0,0
GAA,FinnGen_GO,Inverse variance weighted,3,3,0,0
GAA,FinnGen_GO,MR Egger,3,3,0,0
GAA,FinnGen_GO,Weighted median,3,3,0,0
GAA,FinnGen_GO,Weighted mode,3,3,0,0
GABBR1,BBJ_Graves,Inverse variance weighted,2,2,0,0
GABBR1,UKB_hyperthyroid,Inverse variance weighted,2,2,0,0
GABBR1,FinnGen_GO,Inverse variance weighted,2,2,0,0
GABRD,BBJ_Graves,Wald ratio,2,1,0,1
GABRD,UKB_hyperthyroid,Inverse variance weighted,2,2,0,0
GABRD,FinnGen_GO,Inverse variance weighted,2,2,0,0
GABRR2,BBJ_Graves,Wald ratio,1,1,0,0
GABRR2,UKB_hyperthyroid,Wald ratio,1,1,0,0
GABRR2,FinnGen_GO,Wald ratio,1,1,0,0
GAK,UKB_hyperthyroid,Wald ratio,1,1,0,0
GAK,FinnGen_GO,Wald ratio,1,1,0,0
GALC,BBJ_Graves,Inverse variance weighted,2,2,0,0
GALC,UKB_hyperthyroid,Inverse variance weighted,2,2,0,0
GALC,FinnGen_GO,Inverse variance weighted,2,2,0,0
GALE,BBJ_Graves,Wald ratio,1,1,0,0
GALE,UKB_hyperthyroid,Wald ratio,1,1,0,0
GALE,FinnGen_GO,Wald ratio,1,1,0,0
GALK1,BBJ_Graves,Wald ratio,1,1,0,0
GALK1,UKB_hyperthyroid,Wald ratio,1,1,0,0
GALK1,FinnGen_GO,Wald ratio,1,1,0,0
GALNS,BBJ_Graves,Inverse variance weighted,4,3,1,1
GALNS,BBJ_Graves,MR Egger,4,3,1,1
GALNS,BBJ_Graves,Weighted median,4,3,1,1
GALNS,BBJ_Graves,Weighted mode,4,3,1,1
GALNS,UKB_hyperthyroid,Inverse variance weighted,4,4,1,0
GALNS,UKB_hyperthyroid,MR Egger,4,4,1,0
GALNS,UKB_hyperthyroid,Weighted median,4,4,1,0
GALNS,UKB_hyperthyroid,Weighted mode,4,4,1,0
GALNS,FinnGen_GO,Inverse variance weighted,4,3,1,1
GALNS,FinnGen_GO,MR Egger,4,3,1,1
GALNS,FinnGen_GO,Weighted median,4,3,1,1
GALNS,FinnGen_GO,Weighted mode,4,3,1,1
GALNT1,BBJ_Graves,Inverse variance weighted,2,2,0,0
GALNT1,UKB_hyperthyroid,Inverse variance weighted,2,2,0,0
GALNT1,FinnGen_GO,Inverse variance weighted,2,2,0,0
GALNT2,BBJ_Graves,Inverse variance weighted,2,2,0,0
GALNT2,UKB_hyperthyroid,Inverse variance weighted,2,2,0,0
GALNT2,FinnGen_GO,Inverse variance weighted,2,2,0,0
GAN,BBJ_Graves,Wald ratio,1,1,0,0
GAN,UKB_hyperthyroid,Wald ratio,1,1,0,0
GAN,FinnGen_GO,Wald ratio,1,1,0,0
GANAB,BBJ_Graves,Wald ratio,1,1,0,0
GANAB,UKB_hyperthyroid,Wald ratio,1,1,0,0
GANAB,FinnGen_GO,Wald ratio,1,1,0,0
GANC,BBJ_Graves,Wald ratio,2,1,0,1
GANC,UKB_hyperthyroid,Inverse variance weighted,2,2,0,0
GANC,FinnGen_GO,Wald ratio,2,1,0,1
GAPDH,BBJ_Graves,Wald ratio,1,1,0,0
GAPDH,UKB_hyperthyroid,Wald ratio,1,1,0,0
GAPDH,FinnGen_GO,Wald ratio,1,1,0,0
GART,BBJ_Graves,Wald ratio,1,1,1,0
GART,UKB_hyperthyroid,Wald ratio,1,1,1,0
GART,FinnGen_GO,Wald ratio,1,1,1,0
GAS6,BBJ_Graves,Wald ratio,2,1,0,1
GAS6,UKB_hyperthyroid,Inverse variance weighted,2,2,0,0
GAS6,FinnGen_GO,Inverse variance weighted,2,2,0,0
GBA,BBJ_Graves,Wald ratio,1,1,1,0
GBA,UKB_hyperthyroid,Wald ratio,1,1,1,0
GBA,FinnGen_GO,Wald ratio,1,1,1,0
GBA2,BBJ_Graves,Wald ratio,4,1,0,3
GBA2,UKB_hyperthyroid,Inverse variance weighted,4,4,1,0
GBA2,UKB_hyperthyroid,MR Egger,4,4,1,0
GBA2,UKB_hyperthyroid,Weighted median,4,4,1,0
GBA2,UKB_hyperthyroid,Weighted mode,4,4,1,0
GBA2,FinnGen_GO,Inverse variance weighted,4,4,1,0
GBA2,FinnGen_GO,MR Egger,4,4,1,0
GBA2,FinnGen_GO,Weighted median,4,4,1,0
GBA2,FinnGen_GO,Weighted mode,4,4,1,0
GCK,BBJ_Graves,Wald ratio,1,1,0,0
GCK,UKB_hyperthyroid,Wald ratio,1,1,0,0
GCK,FinnGen_GO,Wald ratio,1,1,0,0
GCLC,BBJ_Graves,Inverse variance weighted,3,3,0,0
GCLC,BBJ_Graves,MR Egger,3,3,0,0
GCLC,BBJ_Graves,Weighted median,3,3,0,0
GCLC,BBJ_Graves,Weighted mode,3,3,0,0
GCLC,UKB_hyperthyroid,Inverse variance weighted,3,3,0,0
GCLC,UKB_hyperthyroid,MR Egger,3,3,0,0
GCLC,UKB_hyperthyroid,Weighted median,3,3,0,0
GCLC,UKB_hyperthyroid,Weighted mode,3,3,0,0
GCLC,FinnGen_GO,Inverse variance weighted,3,3,0,0
GCLC,FinnGen_GO,MR Egger,3,3,0,0
GCLC,FinnGen_GO,Weighted median,3,3,0,0
GCLC,FinnGen_GO,Weighted mode,3,3,0,0
GDF10,BBJ_Graves,Wald ratio,1,1,0,0
GDF10,UKB_hyperthyroid,Wald ratio,1,1,0,0
GDF10,FinnGen_GO,Wald ratio,1,1,0,0
GDF11,BBJ_Graves,Wald ratio,1,1,0,0
GDF11,UKB_hyperthyroid,Wald ratio,1,1,0,0
GDF11,FinnGen_GO,Wald ratio,1,1,0,0
GDF15,BBJ_Graves,Wald ratio,1,1,0,0
GDF15,UKB_hyperthyroid,Wald ratio,1,1,0,0
GDF15,FinnGen_GO,Wald ratio,1,1,0,0
GDF7,BBJ_Graves,Wald ratio,2,1,0,1
GDF7,UKB_hyperthyroid,Inverse variance weighted,2,2,0,0
GDF7,FinnGen_GO,Inverse variance weighted,2,2,0,0
GDF9,BBJ_Graves,Wald ratio,1,1,0,0
GDF9,UKB_hyperthyroid,Wald ratio,1,1,0,0
GDF9,FinnGen_GO,Wald ratio,1,1,0,0
GFER,BBJ_Graves,Wald ratio,1,1,1,0
GFER,UKB_hyperthyroid,Wald ratio,1,1,1,0
GFER,FinnGen_GO,Wald ratio,1,1,1,0
GFM1,BBJ_Graves,Inverse variance weighted,2,2,0,0
GFM1,UKB_hyperthyroid,Inverse variance weighted,2,2,0,0
GFM1,FinnGen_GO,Wald ratio,2,1,0,1
GFM2,BBJ_Graves,Wald ratio,2,1,0,1
GFM2,UKB_hyperthyroid,Inverse variance weighted,2,2,0,0
GFM2,FinnGen_GO,Inverse variance weighted,2,2,0,0
GFOD2,BBJ_Graves,Wald ratio,1,1,0,0
GFOD2,UKB_hyperthyroid,Wald ratio,1,1,0,0
GFOD2,FinnGen_GO,Wald ratio,1,1,0,0
GFPT1,BBJ_Graves,Inverse variance weighted,5,2,0,3
GFPT1,UKB_hyperthyroid,Inverse variance weighted,5,5,0,0
GFPT1,UKB_hyperthyroid,MR Egger,5,5,0,0
GFPT1,UKB_hyperthyroid,Weighted median,5,5,0,0
GFPT1,UKB_hyperthyroid,Weighted mode,5,5,0,0
GFPT1,FinnGen_GO,Inverse variance weighted,5,5,0,0
GFPT1,FinnGen_GO,MR Egger,5,5,0,0
GFPT1,FinnGen_GO,Weighted median,5,5,0,0
GFPT1,FinnGen_GO,Weighted mode,5,5,0,0
GGCX,BBJ_Graves,Inverse variance weighted,2,2,0,0
GGCX,UKB_hyperthyroid,Inverse variance weighted,2,2,0,0
GGCX,FinnGen_GO,Inverse variance weighted,2,2,0,0
GGH,BBJ_Graves,Inverse variance weighted,4,2,0,2
GGH,UKB_hyperthyroid,Inverse variance weighted,4,4,0,0
GGH,UKB_hyperthyroid,MR Egger,4,4,0,0
GGH,UKB_hyperthyroid,Weighted median,4,4,0,0
GGH,UKB_hyperthyroid,Weighted mode,4,4,0,0
GGH,FinnGen_GO,Inverse variance weighted,4,4,0,0
GGH,FinnGen_GO,MR Egger,4,4,0,0
GGH,FinnGen_GO,Weighted median,4,4,0,0
GGH,FinnGen_GO,Weighted mode,4,4,0,0
GGPS1,BBJ_Graves,Wald ratio,3,1,0,2
GGPS1,UKB_hyperthyroid,Inverse variance weighted,3,3,0,0
GGPS1,UKB_hyperthyroid,MR Egger,3,3,0,0
GGPS1,UKB_hyperthyroid,Weighted median,3,3,0,0
GGPS1,UKB_hyperthyroid,Weighted mode,3,3,0,0
GGPS1,FinnGen_GO,Inverse variance weighted,3,3,0,0
GGPS1,FinnGen_GO,MR Egger,3,3,0,0
GGPS1,FinnGen_GO,Weighted median,3,3,0,0
GGPS1,FinnGen_GO,Weighted mode,3,3,0,0
GGT1,BBJ_Graves,Wald ratio,1,1,0,0
GGT1,UKB_hyperthyroid,Wald ratio,1,1,0,0
GGT1,FinnGen_GO,Wald ratio,1,1,0,0
GGT5,BBJ_Graves,Wald ratio,1,1,0,0
GGT5,UKB_hyperthyroid,Wald ratio,1,1,0,0
GGT5,FinnGen_GO,Wald ratio,1,1,0,0
GH1,BBJ_Graves,Wald ratio,1,1,0,0
GH1,UKB_hyperthyroid,Wald ratio,1,1,0,0
GH1,FinnGen_GO,Wald ratio,1,1,0,0
GHRL,BBJ_Graves,Inverse variance weighted,3,3,0,0
GHRL,BBJ_Graves,MR Egger,3,3,0,0
GHRL,BBJ_Graves,Weighted median,3,3,0,0
GHRL,BBJ_Graves,Weighted mode,3,3,0,0
GHRL,UKB_hyperthyroid,Inverse variance weighted,3,3,0,0
GHRL,UKB_hyperthyroid,MR Egger,3,3,0,0
GHRL,UKB_hyperthyroid,Weighted median,3,3,0,0
GHRL,UKB_hyperthyroid,Weighted mode,3,3,0,0
GHRL,FinnGen_GO,Inverse variance weighted,3,3,0,0
GHRL,FinnGen_GO,MR Egger,3,3,0,0
GHRL,FinnGen_GO,Weighted median,3,3,0,0
GHRL,FinnGen_GO,Weighted mode,3,3,0,0
GIF,BBJ_Graves,Inverse variance weighted,2,2,1,0
GIF,UKB_hyperthyroid,Inverse variance weighted,2,2,1,0
GIF,FinnGen_GO,Inverse variance weighted,2,2,1,0
GIPR,BBJ_Graves,Wald ratio,1,1,0,0
GIPR,UKB_hyperthyroid,Wald ratio,1,1,0,0
GIPR,FinnGen_GO,Wald ratio,1,1,0,0
GLB1,BBJ_Graves,Inverse variance weighted,3,2,0,1
GLB1,UKB_hyperthyroid,Inverse variance weighted,3,3,0,0
GLB1,UKB_hyperthyroid,MR Egger,3,3,0,0
GLB1,UKB_hyperthyroid,Weighted median,3,3,0,0
GLB1,UKB_hyperthyroid,Weighted mode,3,3,0,0
GLB1,FinnGen_GO,Inverse variance weighted,3,3,0,0
GLB1,FinnGen_GO,MR Egger,3,3,0,0
GLB1,FinnGen_GO,Weighted median,3,3,0,0
GLB1,FinnGen_GO,Weighted mode,3,3,0,0
GLIPR1L1,BBJ_Graves,Wald ratio,1,1,0,0
GLIPR1L1,UKB_hyperthyroid,Wald ratio,1,1,0,0
GLIPR1L1,FinnGen_GO,Wald ratio,1,1,0,0
GLO1,BBJ_Graves,Inverse variance weighted,3,3,2,0
GLO1,BBJ_Graves,MR Egger,3,3,2,0
GLO1,BBJ_Graves,Weighted median,3,3,2,0
GLO1,BBJ_Graves,Weighted mode,3,3,2,0
GLO1,UKB_hyperthyroid,Inverse variance weighted,3,3,2,0
GLO1,UKB_hyperthyroid,MR Egger,3,3,2,0
GLO1,UKB_hyperthyroid,Weighted median,3,3,2,0
GLO1,UKB_hyperthyroid,Weighted mode,3,3,2,0
GLO1,FinnGen_GO,Inverse variance weighted,3,3,2,0
GLO1,FinnGen_GO,MR Egger,3,3,2,0
GLO1,FinnGen_GO,Weighted median,3,3,2,0
GLO1,FinnGen_GO,Weighted mode,3,3,2,0
GLP1R,BBJ_Graves,Inverse variance weighted,2,2,0,0
GLP1R,UKB_hyperthyroid,Inverse variance weighted,2,2,0,0
GLP1R,FinnGen_GO,Inverse variance weighted,2,2,0,0
GLUL,BBJ_Graves,Wald ratio,2,1,1,1
GLUL,UKB_hyperthyroid,Inverse variance weighted,2,2,1,0
GLUL,FinnGen_GO,Inverse variance weighted,2,2,1,0
GMNN,BBJ_Graves,Wald ratio,1,1,0,0
GMNN,UKB_hyperthyroid,Wald ratio,1,1,0,0
GMNN,FinnGen_GO,Wald ratio,1,1,0,0
GNAS,BBJ_Graves,Inverse variance weighted,3,2,0,1
GNAS,UKB_hyperthyroid,Inverse variance weighted,3,3,0,0
GNAS,UKB_hyperthyroid,MR Egger,3,3,0,0
GNAS,UKB_hyperthyroid,Weighted median,3,3,0,0
GNAS,UKB_hyperthyroid,Weighted mode,3,3,0,0
GNAS,FinnGen_GO,Inverse variance weighted,3,3,0,0
GNAS,FinnGen_GO,MR Egger,3,3,0,0
GNAS,FinnGen_GO,Weighted median,3,3,0,0
GNAS,FinnGen_GO,Weighted mode,3,3,0,0
GNLY,BBJ_Graves,Wald ratio,5,1,0,4
GNLY,UKB_hyperthyroid,Inverse variance weighted,5,5,0,0
GNLY,UKB_hyperthyroid,MR Egger,5,5,0,0
GNLY,UKB_hyperthyroid,Weighted median,5,5,0,0
GNLY,UKB_hyperthyroid,Weighted mode,5,5,0,0
GNLY,FinnGen_GO,Inverse variance weighted,5,5,0,0
GNLY,FinnGen_GO,MR Egger,5,5,0,0
GNLY,FinnGen_GO,Weighted median,5,5,0,0
GNLY,FinnGen_GO,Weighted mode,5,5,0,0
GNPTG,UKB_hyperthyroid,Inverse variance weighted,2,2,0,0
GNPTG,FinnGen_GO,Inverse variance weighted,2,2,0,0
GNRH1,BBJ_Graves,Wald ratio,1,1,0,0
GNRH1,UKB_hyperthyroid,Wald ratio,1,1,0,0
GNRH1,FinnGen_GO,Wald ratio,1,1,0,0
GNS,BBJ_Graves,Inverse variance weighted,2,2,0,0
GNS,UKB_hyperthyroid,Inverse variance weighted,2,2,0,0
GNS,FinnGen_GO,Inverse variance weighted,2,2,0,0
GP1BA,BBJ_Graves,Wald ratio,1,1,0,0
GP1BA,UKB_hyperthyroid,Wald ratio,1,1,0,0
GP1BA,FinnGen_GO,Wald ratio,1,1,0,0
GP5,BBJ_Graves,Inverse variance weighted,2,2,0,0
GP5,UKB_hyperthyroid,Inverse variance weighted,2,2,0,0
GP5,FinnGen_GO,Inverse variance weighted,2,2,0,0
GP9,BBJ_Graves,Wald ratio,1,1,0,0
GP9,UKB_hyperthyroid,Wald ratio,1,1,0,0
GP9,FinnGen_GO,Wald ratio,1,1,0,0
GPA33,UKB_hyperthyroid,Inverse variance weighted,2,2,1,0
GPA33,FinnGen_GO,Inverse variance weighted,2,2,1,0
GPBAR1,BBJ_Graves,Inverse variance weighted,2,2,1,0
GPBAR1,UKB_hyperthyroid,Inverse variance weighted,2,2,1,0
GPBAR1,FinnGen_GO,Inverse variance weighted,2,2,1,0
GPC1,UKB_hyperthyroid,Wald ratio,1,1,0,0
GPC1,FinnGen_GO,Wald ratio,1,1,0,0
GPC2,BBJ_Graves,Wald ratio,1,1,0,0
GPC2,UKB_hyperthyroid,Wald ratio,1,1,0,0
GPD2,BBJ_Graves,Wald ratio,2,1,0,1
GPD2,UKB_hyperthyroid,Inverse variance weighted,2,2,0,0
GPD2,FinnGen_GO,Inverse variance weighted,2,2,0,0
GPER1,BBJ_Graves,Inverse variance weighted,3,3,0,0
GPER1,BBJ_Graves,MR Egger,3,3,0,0
GPER1,BBJ_Graves,Weighted median,3,3,0,0
GPER1,BBJ_Graves,Weighted mode,3,3,0,0
GPER1,UKB_hyperthyroid,Inverse variance weighted,3,3,0,0
GPER1,UKB_hyperthyroid,MR Egger,3,3,0,0
GPER1,UKB_hyperthyroid,Weighted median,3,3,0,0
GPER1,UKB_hyperthyroid,Weighted mode,3,3,0,0
GPER1,FinnGen_GO,Inverse variance weighted,3,3,0,0
GPER1,FinnGen_GO,MR Egger,3,3,0,0
GPER1,FinnGen_GO,Weighted median,3,3,0,0
GPER1,FinnGen_GO,Weighted mode,3,3,0,0
GPI,BBJ_Graves,Wald ratio,1,1,0,0
GPI,UKB_hyperthyroid,Wald ratio,1,1,0,0
GPI,FinnGen_GO,Wald ratio,1,1,0,0
GPLD1,BBJ_Graves,Inverse variance weighted,2,2,1,0
GPLD1,UKB_hyperthyroid,Inverse variance weighted,2,2,1,0
GPLD1,FinnGen_GO,Wald ratio,2,1,1,1
GPM6A,BBJ_Graves,Inverse variance weighted,2,2,0,0
GPM6A,UKB_hyperthyroid,Inverse variance weighted,2,2,0,0
GPM6A,FinnGen_GO,Inverse variance weighted,2,2,0,0
GPNMB,BBJ_Graves,Inverse variance weighted,4,3,1,1
GPNMB,BBJ_Graves,MR Egger,4,3,1,1
GPNMB,BBJ_Graves,Weighted median,4,3,1,1
GPNMB,BBJ_Graves,Weighted mode,4,3,1,1
GPNMB,UKB_hyperthyroid,Inverse variance weighted,4,4,1,0
GPNMB,UKB_hyperthyroid,MR Egger,4,4,1,0
GPNMB,UKB_hyperthyroid,Weighted median,4,4,1,0
GPNMB,UKB_hyperthyroid,Weighted mode,4,4,1,0
GPNMB,FinnGen_GO,Inverse variance weighted,4,4,1,0
GPNMB,FinnGen_GO,MR Egger,4,4,1,0
GPNMB,FinnGen_GO,Weighted median,4,4,1,0
GPNMB,FinnGen_GO,Weighted mode,4,4,1,0
GPR132,UKB_hyperthyroid,Wald ratio,1,1,0,0
GPR141,BBJ_Graves,Wald ratio,1,1,0,0
GPR141,UKB_hyperthyroid,Wald ratio,1,1,0,0
GPR141,FinnGen_GO,Wald ratio,1,1,0,0
GPR146,BBJ_Graves,Inverse variance weighted,3,2,0,1
GPR146,UKB_hyperthyroid,Inverse variance weighted,3,2,0,1
GPR146,FinnGen_GO,Inverse variance weighted,3,2,0,1
GPR15,BBJ_Graves,Wald ratio,1,1,0,0
GPR15,UKB_hyperthyroid,Wald ratio,1,1,0,0
GPR15,FinnGen_GO,Wald ratio,1,1,0,0
GPR153,UKB_hyperthyroid,Inverse variance weighted,2,2,1,0
GPR153,FinnGen_GO,Inverse variance weighted,2,2,1,0
GPR160,BBJ_Graves,Inverse variance weighted,3,2,0,1
GPR160,UKB_hyperthyroid,Inverse variance weighted,3,3,0,0
GPR160,UKB_hyperthyroid,MR Egger,3,3,0,0
GPR160,UKB_hyperthyroid,Weighted median,3,3,0,0
GPR160,UKB_hyperthyroid,Weighted mode,3,3,0,0
GPR160,FinnGen_GO,Inverse variance weighted,3,3,0,0
GPR160,FinnGen_GO,MR Egger,3,3,0,0
GPR160,FinnGen_GO,Weighted median,3,3,0,0
GPR160,FinnGen_GO,Weighted mode,3,3,0,0
GPR161,BBJ_Graves,Wald ratio,1,1,0,0
GPR161,UKB_hyperthyroid,Wald ratio,1,1,0,0
GPR161,FinnGen_GO,Wald ratio,1,1,0,0
GPR162,BBJ_Graves,Inverse variance weighted,4,3,0,1
GPR162,BBJ_Graves,MR Egger,4,3,0,1
GPR162,BBJ_Graves,Weighted median,4,3,0,1
GPR162,BBJ_Graves,Weighted mode,4,3,0,1
GPR162,UKB_hyperthyroid,Inverse variance weighted,4,3,0,1
GPR162,UKB_hyperthyroid,MR Egger,4,3,0,1
GPR162,UKB_hyperthyroid,Weighted median,4,3,0,1
GPR162,UKB_hyperthyroid,Weighted mode,4,3,0,1
GPR162,FinnGen_GO,Inverse variance weighted,4,4,0,0
GPR162,FinnGen_GO,MR Egger,4,4,0,0
GPR162,FinnGen_GO,Weighted median,4,4,0,0
GPR162,FinnGen_GO,Weighted mode,4,4,0,0
GPR17,BBJ_Graves,Wald ratio,1,1,0,0
GPR17,UKB_hyperthyroid,Wald ratio,1,1,0,0
GPR17,FinnGen_GO,Wald ratio,1,1,0,0
GPR171,BBJ_Graves,Wald ratio,1,1,0,0
GPR171,UKB_hyperthyroid,Wald ratio,1,1,0,0
GPR171,FinnGen_GO,Wald ratio,1,1,0,0
GPR18,UKB_hyperthyroid,Wald ratio,2,1,1,1
GPR18,FinnGen_GO,Wald ratio,2,1,1,1
GPR183,BBJ_Graves,Wald ratio,1,1,0,0
GPR183,UKB_hyperthyroid,Wald ratio,1,1,0,0
GPR183,FinnGen_GO,Wald ratio,1,1,0,0
GPR19,BBJ_Graves,Inverse variance weighted,2,2,0,0
GPR19,UKB_hyperthyroid,Inverse variance weighted,2,2,0,0
GPR19,FinnGen_GO,Inverse variance weighted,2,2,0,0
GPR20,BBJ_Graves,Wald ratio,1,1,0,0
GPR20,UKB_hyperthyroid,Wald ratio,1,1,0,0
GPR20,FinnGen_GO,Wald ratio,1,1,0,0
GPR25,BBJ_Graves,Wald ratio,1,1,0,0
GPR25,UKB_hyperthyroid,Wald ratio,1,1,0,0
GPR25,FinnGen_GO,Wald ratio,1,1,0,0
GPR27,BBJ_Graves,Wald ratio,1,1,0,0
GPR27,UKB_hyperthyroid,Wald ratio,1,1,0,0
GPR27,FinnGen_GO,Wald ratio,1,1,0,0
GPR3,BBJ_Graves,Wald ratio,1,1,0,0
GPR3,UKB_hyperthyroid,Wald ratio,1,1,0,0
GPR3,FinnGen_GO,Wald ratio,1,1,0,0
GPR35,BBJ_Graves,Wald ratio,3,1,0,2
GPR35,UKB_hyperthyroid,Inverse variance weighted,3,3,0,0
GPR35,UKB_hyperthyroid,MR Egger,3,3,0,0
GPR35,UKB_hyperthyroid,Weighted median,3,3,0,0
GPR35,UKB_hyperthyroid,Weighted mode,3,3,0,0
GPR35,FinnGen_GO,Inverse variance weighted,3,3,0,0
GPR35,FinnGen_GO,MR Egger,3,3,0,0
GPR35,FinnGen_GO,Weighted median,3,3,0,0
GPR35,FinnGen_GO,Weighted mode,3,3,0,0
GPR42,BBJ_Graves,Inverse variance weighted,2,2,0,0
GPR42,UKB_hyperthyroid,Inverse variance weighted,2,2,0,0
GPR42,FinnGen_GO,Inverse variance weighted,2,2,0,0
GPR55,BBJ_Graves,Wald ratio,3,1,1,2
GPR55,UKB_hyperthyroid,Inverse variance weighted,3,3,1,0
GPR55,UKB_hyperthyroid,MR Egger,3,3,1,0
GPR55,UKB_hyperthyroid,Weighted median,3,3,1,0
GPR55,UKB_hyperthyroid,Weighted mode,3,3,1,0
GPR55,FinnGen_GO,Inverse variance weighted,3,3,1,0
GPR55,FinnGen_GO,MR Egger,3,3,1,0
GPR55,FinnGen_GO,Weighted median,3,3,1,0
GPR55,FinnGen_GO,Weighted mode,3,3,1,0
GPR56,BBJ_Graves,Inverse variance weighted,3,3,0,0
GPR56,BBJ_Graves,MR Egger,3,3,0,0
GPR56,BBJ_Graves,Weighted median,3,3,0,0
GPR56,BBJ_Graves,Weighted mode,3,3,0,0
GPR56,UKB_hyperthyroid,Inverse variance weighted,3,3,0,0
GPR56,UKB_hyperthyroid,MR Egger,3,3,0,0
GPR56,UKB_hyperthyroid,Weighted median,3,3,0,0
GPR56,UKB_hyperthyroid,Weighted mode,3,3,0,0
GPR56,FinnGen_GO,Inverse variance weighted,3,3,0,0
GPR56,FinnGen_GO,MR Egger,3,3,0,0
GPR56,FinnGen_GO,Weighted median,3,3,0,0
GPR56,FinnGen_GO,Weighted mode,3,3,0,0
GPR65,BBJ_Graves,Inverse variance weighted,2,2,0,0
GPR65,UKB_hyperthyroid,Inverse variance weighted,2,2,0,0
GPR65,FinnGen_GO,Inverse variance weighted,2,2,0,0
GPR68,BBJ_Graves,Inverse variance weighted,2,2,1,0
GPR68,UKB_hyperthyroid,Inverse variance weighted,2,2,1,0
GPR68,FinnGen_GO,Inverse variance weighted,2,2,1,0
GPR75,BBJ_Graves,Wald ratio,1,1,0,0
GPR75,UKB_hyperthyroid,Wald ratio,1,1,0,0
GPR75,FinnGen_GO,Wald ratio,1,1,0,0
GPR83,BBJ_Graves,Wald ratio,1,1,0,0
GPR83,UKB_hyperthyroid,Wald ratio,1,1,0,0
GPR83,FinnGen_GO,Wald ratio,1,1,0,0
GPR84,BBJ_Graves,Wald ratio,1,1,0,0
GPR84,UKB_hyperthyroid,Wald ratio,1,1,0,0
GPR84,FinnGen_GO,Wald ratio,1,1,0,0
GPR85,UKB_hyperthyroid,Wald ratio,1,1,0,0
GPR85,FinnGen_GO,Wald ratio,1,1,0,0
GPR97,BBJ_Graves,Inverse variance weighted,3,2,1,1
GPR97,UKB_hyperthyroid,Inverse variance weighted,3,3,1,0
GPR97,UKB_hyperthyroid,MR Egger,3,3,1,0
GPR97,UKB_hyperthyroid,Weighted median,3,3,1,0
GPR97,UKB_hyperthyroid,Weighted mode,3,3,1,0
GPR97,FinnGen_GO,Inverse variance weighted,3,2,1,1
GPX1,BBJ_Graves,Wald ratio,1,1,0,0
GPX1,UKB_hyperthyroid,Wald ratio,1,1,0,0
GPX1,FinnGen_GO,Wald ratio,1,1,0,0
GPX2,BBJ_Graves,Wald ratio,1,1,0,0
GPX2,UKB_hyperthyroid,Wald ratio,1,1,0,0
GPX2,FinnGen_GO,Wald ratio,1,1,0,0
GPX3,BBJ_Graves,Inverse variance weighted,2,2,0,0
GPX3,UKB_hyperthyroid,Inverse variance weighted,2,2,0,0
GPX3,FinnGen_GO,Inverse variance weighted,2,2,0,0
GPX4,BBJ_Graves,Inverse variance weighted,3,3,1,0
GPX4,BBJ_Graves,MR Egger,3,3,1,0
GPX4,BBJ_Graves,Weighted median,3,3,1,0
GPX4,BBJ_Graves,Weighted mode,3,3,1,0
GPX4,UKB_hyperthyroid,Inverse variance weighted,3,3,1,0
GPX4,UKB_hyperthyroid,MR Egger,3,3,1,0
GPX4,UKB_hyperthyroid,Weighted median,3,3,1,0
GPX4,UKB_hyperthyroid,Weighted mode,3,3,1,0
GPX4,FinnGen_GO,Inverse variance weighted,3,3,1,0
GPX4,FinnGen_GO,MR Egger,3,3,1,0
GPX4,FinnGen_GO,Weighted median,3,3,1,0
GPX4,FinnGen_GO,Weighted mode,3,3,1,0
GPX7,BBJ_Graves,Inverse variance weighted,11,2,0,9
GPX7,UKB_hyperthyroid,Inverse variance weighted,11,4,1,7
GPX7,UKB_hyperthyroid,MR Egger,11,4,1,7
GPX7,UKB_hyperthyroid,Weighted median,11,4,1,7
GPX7,UKB_hyperthyroid,Weighted mode,11,4,1,7
GPX7,FinnGen_GO,Inverse variance weighted,11,9,0,2
GPX7,FinnGen_GO,MR Egger,11,9,0,2
GPX7,FinnGen_GO,Weighted median,11,9,0,2
GPX7,FinnGen_GO,Weighted mode,11,9,0,2
GREM2,BBJ_Graves,Inverse variance weighted,3,3,0,0
GREM2,BBJ_Graves,MR Egger,3,3,0,0
GREM2,BBJ_Graves,Weighted median,3,3,0,0
GREM2,BBJ_Graves,Weighted mode,3,3,0,0
GREM2,UKB_hyperthyroid,Inverse variance weighted,3,3,0,0
GREM2,UKB_hyperthyroid,MR Egger,3,3,0,0
GREM2,UKB_hyperthyroid,Weighted median,3,3,0,0
GREM2,UKB_hyperthyroid,Weighted mode,3,3,0,0
GREM2,FinnGen_GO,Inverse variance weighted,3,3,0,0
GREM2,FinnGen_GO,MR Egger,3,3,0,0
GREM2,FinnGen_GO,Weighted median,3,3,0,0
GREM2,FinnGen_GO,Weighted mode,3,3,0,0
GRIK1,BBJ_Graves,Wald ratio,1,1,0,0
GRIK1,UKB_hyperthyroid,Wald ratio,1,1,0,0
GRIK1,FinnGen_GO,Wald ratio,1,1,0,0
GRIK3,BBJ_Graves,Inverse variance weighted,2,2,0,0
GRIK3,UKB_hyperthyroid,Inverse variance weighted,2,2,0,0
GRIK3,FinnGen_GO,Inverse variance weighted,2,2,0,0
GRIK4,BBJ_Graves,Inverse variance weighted,2,2,0,0
GRIK4,UKB_hyperthyroid,Inverse variance weighted,2,2,0,0
GRIK4,FinnGen_GO,Inverse variance weighted,2,2,0,0
GRIN2D,BBJ_Graves,Wald ratio,1,1,0,0
GRIN2D,UKB_hyperthyroid,Wald ratio,1,1,0,0
GRIN2D,FinnGen_GO,Wald ratio,1,1,0,0
GRIN3A,BBJ_Graves,Wald ratio,1,1,0,0
GRIN3A,UKB_hyperthyroid,Wald ratio,1,1,0,0
GRIN3A,FinnGen_GO,Wald ratio,1,1,0,0
GRIN3B,BBJ_Graves,Wald ratio,2,1,0,1
GRIN3B,UKB_hyperthyroid,Inverse variance weighted,2,2,0,0
GRIN3B,FinnGen_GO,Inverse variance weighted,2,2,0,0
GRK4,BBJ_Graves,Inverse variance weighted,5,2,1,3
GRK4,UKB_hyperthyroid,Inverse variance weighted,5,4,1,1
GRK4,UKB_hyperthyroid,MR Egger,5,4,1,1
GRK4,UKB_hyperthyroid,Weighted median,5,4,1,1
GRK4,UKB_hyperthyroid,Weighted mode,5,4,1,1
GRK4,FinnGen_GO,Inverse variance weighted,5,4,1,1
GRK4,FinnGen_GO,MR Egger,5,4,1,1
GRK4,FinnGen_GO,Weighted median,5,4,1,1
GRK4,FinnGen_GO,Weighted mode,5,4,1,1
GRK5,BBJ_Graves,Inverse variance weighted,3,3,0,0
GRK5,BBJ_Graves,MR Egger,3,3,0,0
GRK5,BBJ_Graves,Weighted median,3,3,0,0
GRK5,BBJ_Graves,Weighted mode,3,3,0,0
GRK5,UKB_hyperthyroid,Inverse variance weighted,3,3,0,0
GRK5,UKB_hyperthyroid,MR Egger,3,3,0,0
GRK5,UKB_hyperthyroid,Weighted median,3,3,0,0
GRK5,UKB_hyperthyroid,Weighted mode,3,3,0,0
GRK5,FinnGen_GO,Inverse variance weighted,3,3,0,0
GRK5,FinnGen_GO,MR Egger,3,3,0,0
GRK5,FinnGen_GO,Weighted median,3,3,0,0
GRK5,FinnGen_GO,Weighted mode,3,3,0,0
GRK6,BBJ_Graves,Wald ratio,1,1,0,0
GRK6,UKB_hyperthyroid,Wald ratio,1,1,0,0
GRK6,FinnGen_GO,Wald ratio,1,1,0,0
GRK7,BBJ_Graves,Wald ratio,1,1,0,0
GRK7,UKB_hyperthyroid,Wald ratio,1,1,0,0
GRK7,FinnGen_GO,Wald ratio,1,1,0,0
GRM2,BBJ_Graves,Inverse variance weighted,3,2,0,1
GRM2,UKB_hyperthyroid,Inverse variance weighted,3,3,0,0
GRM2,UKB_hyperthyroid,MR Egger,3,3,0,0
GRM2,UKB_hyperthyroid,Weighted median,3,3,0,0
GRM2,UKB_hyperthyroid,Weighted mode,3,3,0,0
GRM2,FinnGen_GO,Inverse variance weighted,3,3,0,0
GRM2,FinnGen_GO,MR Egger,3,3,0,0
GRM2,FinnGen_GO,Weighted median,3,3,0,0
GRM2,FinnGen_GO,Weighted mode,3,3,0,0
GRN,UKB_hyperthyroid,Inverse variance weighted,2,2,0,0
GRN,FinnGen_GO,Inverse variance weighted,2,2,0,0
GSK3B,BBJ_Graves,Inverse variance weighted,4,3,1,1
GSK3B,BBJ_Graves,MR Egger,4,3,1,1
GSK3B,BBJ_Graves,Weighted median,4,3,1,1
GSK3B,BBJ_Graves,Weighted mode,4,3,1,1
GSK3B,UKB_hyperthyroid,Inverse variance weighted,4,3,1,1
GSK3B,UKB_hyperthyroid,MR Egger,4,3,1,1
GSK3B,UKB_hyperthyroid,Weighted median,4,3,1,1
GSK3B,UKB_hyperthyroid,Weighted mode,4,3,1,1
GSK3B,FinnGen_GO,Inverse variance weighted,4,3,1,1
GSK3B,FinnGen_GO,MR Egger,4,3,1,1
GSK3B,FinnGen_GO,Weighted median,4,3,1,1
GSK3B,FinnGen_GO,Weighted mode,4,3,1,1
GSN,BBJ_Graves,Inverse variance weighted,5,4,0,1
GSN,BBJ_Graves,MR Egger,5,4,0,1
GSN,BBJ_Graves,Weighted median,5,4,0,1
GSN,BBJ_Graves,Weighted mode,5,4,0,1
GSN,UKB_hyperthyroid,Inverse variance weighted,5,5,0,0
GSN,UKB_hyperthyroid,MR Egger,5,5,0,0
GSN,UKB_hyperthyroid,Weighted median,5,5,0,0
GSN,UKB_hyperthyroid,Weighted mode,5,5,0,0
GSN,FinnGen_GO,Inverse variance weighted,5,5,0,0
GSN,FinnGen_GO,MR Egger,5,5,0,0
GSN,FinnGen_GO,Weighted median,5,5,0,0
GSN,FinnGen_GO,Weighted mode,5,5,0,0
GSR,BBJ_Graves,Inverse variance weighted,3,3,0,0
GSR,BBJ_Graves,MR Egger,3,3,0,0
GSR,BBJ_Graves,Weighted median,3,3,0,0
GSR,BBJ_Graves,Weighted mode,3,3,0,0
GSR,UKB_hyperthyroid,Inverse variance weighted,3,3,0,0
GSR,UKB_hyperthyroid,MR Egger,3,3,0,0
GSR,UKB_hyperthyroid,Weighted median,3,3,0,0
GSR,UKB_hyperthyroid,Weighted mode,3,3,0,0
GSR,FinnGen_GO,Inverse variance weighted,3,3,0,0
GSR,FinnGen_GO,MR Egger,3,3,0,0
GSR,FinnGen_GO,Weighted median,3,3,0,0
GSR,FinnGen_GO,Weighted mode,3,3,0,0
GSS,UKB_hyperthyroid,Inverse variance weighted,2,2,0,0
GSS,FinnGen_GO,Inverse variance weighted,2,2,0,0
GSTA4,BBJ_Graves,Wald ratio,2,1,0,1
GSTA4,UKB_hyperthyroid,Inverse variance weighted,2,2,0,0
GSTA4,FinnGen_GO,Inverse variance weighted,2,2,0,0
GSTCD,BBJ_Graves,Wald ratio,1,1,0,0
GSTCD,UKB_hyperthyroid,Wald ratio,1,1,0,0
GSTCD,FinnGen_GO,Wald ratio,1,1,0,0
GSTK1,BBJ_Graves,Wald ratio,3,1,0,2
GSTK1,UKB_hyperthyroid,Inverse variance weighted,3,2,0,1
GSTK1,FinnGen_GO,Inverse variance weighted,3,3,0,0
GSTK1,FinnGen_GO,MR Egger,3,3,0,0
GSTK1,FinnGen_GO,Weighted median,3,3,0,0
GSTK1,FinnGen_GO,Weighted mode,3,3,0,0
GSTM1,BBJ_Graves,Wald ratio,16,1,0,15
GSTM1,UKB_hyperthyroid,Inverse variance weighted,16,9,0,7
GSTM1,UKB_hyperthyroid,MR Egger,16,9,0,7
GSTM1,UKB_hyperthyroid,Weighted median,16,9,0,7
GSTM1,UKB_hyperthyroid,Weighted mode,16,9,0,7
GSTM1,FinnGen_GO,Inverse variance weighted,16,13,0,3
GSTM1,FinnGen_GO,MR Egger,16,13,0,3
GSTM1,FinnGen_GO,Weighted median,16,13,0,3
GSTM1,FinnGen_GO,Weighted mode,16,13,0,3
GSTM2,BBJ_Graves,Inverse variance weighted,4,2,1,2
GSTM2,UKB_hyperthyroid,Inverse variance weighted,4,3,1,1
GSTM2,UKB_hyperthyroid,MR Egger,4,3,1,1
GSTM2,UKB_hyperthyroid,Weighted median,4,3,1,1
GSTM2,UKB_hyperthyroid,Weighted mode,4,3,1,1
GSTM2,FinnGen_GO,Inverse variance weighted,4,3,1,1
GSTM2,FinnGen_GO,MR Egger,4,3,1,1
GSTM2,FinnGen_GO,Weighted median,4,3,1,1
GSTM2,FinnGen_GO,Weighted mode,4,3,1,1
GSTM3,BBJ_Graves,Inverse variance weighted,7,3,0,4
GSTM3,BBJ_Graves,MR Egger,7,3,0,4
GSTM3,BBJ_Graves,Weighted median,7,3,0,4
GSTM3,BBJ_Graves,Weighted mode,7,3,0,4
GSTM3,UKB_hyperthyroid,Inverse variance weighted,7,6,0,1
GSTM3,UKB_hyperthyroid,MR Egger,7,6,0,1
GSTM3,UKB_hyperthyroid,Weighted median,7,6,0,1
GSTM3,UKB_hyperthyroid,Weighted mode,7,6,0,1
GSTM3,FinnGen_GO,Inverse variance weighted,7,7,0,0
GSTM3,FinnGen_GO,MR Egger,7,7,0,0
GSTM3,FinnGen_GO,Weighted median,7,7,0,0
GSTM3,FinnGen_GO,Weighted mode,7,7,0,0
GSTM4,BBJ_Graves,Inverse variance weighted,4,2,1,2
GSTM4,UKB_hyperthyroid,Inverse variance weighted,4,3,1,1
GSTM4,UKB_hyperthyroid,MR Egger,4,3,1,1
GSTM4,UKB_hyperthyroid,Weighted median,4,3,1,1
GSTM4,UKB_hyperthyroid,Weighted mode,4,3,1,1
GSTM4,FinnGen_GO,Inverse variance weighted,4,3,1,1
GSTM4,FinnGen_GO,MR Egger,4,3,1,1
GSTM4,FinnGen_GO,Weighted median,4,3,1,1
GSTM4,FinnGen_GO,Weighted mode,4,3,1,1
GSTM5,BBJ_Graves,Wald ratio,3,1,0,2
GSTM5,UKB_hyperthyroid,Inverse variance weighted,3,3,0,0
GSTM5,UKB_hyperthyroid,MR Egger,3,3,0,0
GSTM5,UKB_hyperthyroid,Weighted median,3,3,0,0
GSTM5,UKB_hyperthyroid,Weighted mode,3,3,0,0
GSTM5,FinnGen_GO,Inverse variance weighted,3,2,0,1
GSTO1,BBJ_Graves,Wald ratio,2,1,0,1
GSTO1,UKB_hyperthyroid,Inverse variance weighted,2,2,0,0
GSTO1,FinnGen_GO,Inverse variance weighted,2,2,0,0
GSTO2,BBJ_Graves,Wald ratio,2,1,0,1
GSTO2,UKB_hyperthyroid,Inverse variance weighted,2,2,1,0
GSTO2,FinnGen_GO,Inverse variance weighted,2,2,1,0
GSTP1,UKB_hyperthyroid,Wald ratio,1,1,1,0
GSTP1,FinnGen_GO,Wald ratio,1,1,1,0
GSTT1,BBJ_Graves,Inverse variance weighted,9,3,1,6
GSTT1,BBJ_Graves,MR Egger,9,3,1,6
GSTT1,BBJ_Graves,Weighted median,9,3,1,6
GSTT1,BBJ_Graves,Weighted mode,9,3,1,6
GSTT1,UKB_hyperthyroid,Inverse variance weighted,9,4,1,5
GSTT1,UKB_hyperthyroid,MR Egger,9,4,1,5
GSTT1,UKB_hyperthyroid,Weighted median,9,4,1,5
GSTT1,UKB_hyperthyroid,Weighted mode,9,4,1,5
GSTT1,FinnGen_GO,Inverse variance weighted,9,4,1,5
GSTT1,FinnGen_GO,MR Egger,9,4,1,5
GSTT1,FinnGen_GO,Weighted median,9,4,1,5
GSTT1,FinnGen_GO,Weighted mode,9,4,1,5
GSTZ1,BBJ_Graves,Inverse variance weighted,2,2,0,0
GSTZ1,UKB_hyperthyroid,Inverse variance weighted,2,2,0,0
GSTZ1,FinnGen_GO,Inverse variance weighted,2,2,0,0
GUCY1A3,BBJ_Graves,Wald ratio,2,1,0,1
GUCY1A3,UKB_hyperthyroid,Inverse variance weighted,2,2,0,0
GUCY1A3,FinnGen_GO,Inverse variance weighted,2,2,0,0
GUCY1B2,BBJ_Graves,Inverse variance weighted,3,2,0,1
GUCY1B2,UKB_hyperthyroid,Inverse variance weighted,3,3,0,0
GUCY1B2,UKB_hyperthyroid,MR Egger,3,3,0,0
GUCY1B2,UKB_hyperthyroid,Weighted median,3,3,0,0
GUCY1B2,UKB_hyperthyroid,Weighted mode,3,3,0,0
GUCY1B2,FinnGen_GO,Inverse variance weighted,3,3,0,0
GUCY1B2,FinnGen_GO,MR Egger,3,3,0,0
GUCY1B2,FinnGen_GO,Weighted median,3,3,0,0
GUCY1B2,FinnGen_GO,Weighted mode,3,3,0,0
GUCY2C,UKB_hyperthyroid,Inverse variance weighted,3,3,1,0
GUCY2C,UKB_hyperthyroid,MR Egger,3,3,1,0
GUCY2C,UKB_hyperthyroid,Weighted median,3,3,1,0
GUCY2C,UKB_hyperthyroid,Weighted mode,3,3,1,0
GUCY2C,FinnGen_GO,Inverse variance weighted,3,3,1,0
GUCY2C,FinnGen_GO,MR Egger,3,3,1,0
GUCY2C,FinnGen_GO,Weighted median,3,3,1,0
GUCY2C,FinnGen_GO,Weighted mode,3,3,1,0
GUCY2D,BBJ_Graves,Wald ratio,1,1,0,0
GUCY2D,UKB_hyperthyroid,Wald ratio,1,1,0,0
GUCY2D,FinnGen_GO,Wald ratio,1,1,0,0
GUSB,BBJ_Graves,Inverse variance weighted,2,2,0,0
GUSB,UKB_hyperthyroid,Wald ratio,2,1,0,1
GUSB,FinnGen_GO,Wald ratio,2,1,0,1
GYPA,BBJ_Graves,Wald ratio,1,1,0,0
GYPA,UKB_hyperthyroid,Wald ratio,1,1,0,0
GYPA,FinnGen_GO,Wald ratio,1,1,0,0
GYPB,BBJ_Graves,Wald ratio,1,1,0,0
GYPB,UKB_hyperthyroid,Wald ratio,1,1,0,0
GYPB,FinnGen_GO,Wald ratio,1,1,0,0
GYPC,BBJ_Graves,Inverse variance weighted,3,2,0,1
GYPC,UKB_hyperthyroid,Inverse variance weighted,3,3,0,0
GYPC,UKB_hyperthyroid,MR Egger,3,3,0,0
GYPC,UKB_hyperthyroid,Weighted median,3,3,0,0
GYPC,UKB_hyperthyroid,Weighted mode,3,3,0,0
GYPC,FinnGen_GO,Inverse variance weighted,3,3,0,0
GYPC,FinnGen_GO,MR Egger,3,3,0,0
GYPC,FinnGen_GO,Weighted median,3,3,0,0
GYPC,FinnGen_GO,Weighted mode,3,3,0,0
GYPE,BBJ_Graves,Wald ratio,3,1,0,2
GYPE,UKB_hyperthyroid,Inverse variance weighted,3,3,0,0
GYPE,UKB_hyperthyroid,MR Egger,3,3,0,0
GYPE,UKB_hyperthyroid,Weighted median,3,3,0,0
GYPE,UKB_hyperthyroid,Weighted mode,3,3,0,0
GYPE,FinnGen_GO,Inverse variance weighted,3,3,0,0
GYPE,FinnGen_GO,MR Egger,3,3,0,0
GYPE,FinnGen_GO,Weighted median,3,3,0,0
GYPE,FinnGen_GO,Weighted mode,3,3,0,0
GZMA,BBJ_Graves,Inverse variance weighted,3,2,0,1
GZMA,UKB_hyperthyroid,Inverse variance weighted,3,3,0,0
GZMA,UKB_hyperthyroid,MR Egger,3,3,0,0
GZMA,UKB_hyperthyroid,Weighted median,3,3,0,0
GZMA,UKB_hyperthyroid,Weighted mode,3,3,0,0
GZMA,FinnGen_GO,Inverse variance weighted,3,3,0,0
GZMA,FinnGen_GO,MR Egger,3,3,0,0
GZMA,FinnGen_GO,Weighted median,3,3,0,0
GZMA,FinnGen_GO,Weighted mode,3,3,0,0
GZMB,BBJ_Graves,Wald ratio,2,1,2,1
GZMB,UKB_hyperthyroid,Wald ratio,2,1,2,1
GZMB,FinnGen_GO,Wald ratio,2,1,2,1
GZMH,BBJ_Graves,Inverse variance weighted,2,2,0,0
GZMH,UKB_hyperthyroid,Inverse variance weighted,2,2,0,0
GZMH,FinnGen_GO,Inverse variance weighted,2,2,0,0
GZMK,BBJ_Graves,Wald ratio,2,1,0,1
GZMK,UKB_hyperthyroid,Inverse variance weighted,2,2,0,0
GZMK,FinnGen_GO,Inverse variance weighted,2,2,0,0
GZMM,BBJ_Graves,Wald ratio,3,1,0,2
GZMM,UKB_hyperthyroid,Inverse variance weighted,3,2,0,1
GZMM,FinnGen_GO,Inverse variance weighted,3,3,0,0
GZMM,FinnGen_GO,MR Egger,3,3,0,0
GZMM,FinnGen_GO,Weighted median,3,3,0,0
GZMM,FinnGen_GO,Weighted mode,3,3,0,0
H1F0,BBJ_Graves,Inverse variance weighted,9,3,0,6
H1F0,BBJ_Graves,MR Egger,9,3,0,6
H1F0,BBJ_Graves,Weighted median,9,3,0,6
H1F0,BBJ_Graves,Weighted mode,9,3,0,6
H1F0,UKB_hyperthyroid,Inverse variance weighted,9,7,1,2
H1F0,UKB_hyperthyroid,MR Egger,9,7,1,2
H1F0,UKB_hyperthyroid,Weighted median,9,7,1,2
H1F0,UKB_hyperthyroid,Weighted mode,9,7,1,2
H1F0,FinnGen_GO,Inverse variance weighted,9,7,1,2
H1F0,FinnGen_GO,MR Egger,9,7,1,2
H1F0,FinnGen_GO,Weighted median,9,7,1,2
H1F0,FinnGen_GO,Weighted mode,9,7,1,2
H3F3A,BBJ_Graves,Wald ratio,2,1,0,1
H3F3A,UKB_hyperthyroid,Inverse variance weighted,2,2,0,0
H3F3A,FinnGen_GO,Inverse variance weighted,2,2,0,0
H3F3B,BBJ_Graves,Wald ratio,1,1,0,0
H3F3B,UKB_hyperthyroid,Wald ratio,1,1,0,0
H3F3B,FinnGen_GO,Wald ratio,1,1,0,0
H6PD,BBJ_Graves,Inverse variance weighted,5,3,0,2
H6PD,BBJ_Graves,MR Egger,5,3,0,2
H6PD,BBJ_Graves,Weighted median,5,3,0,2
H6PD,BBJ_Graves,Weighted mode,5,3,0,2
H6PD,UKB_hyperthyroid,Inverse variance weighted,5,5,1,0
H6PD,UKB_hyperthyroid,MR Egger,5,5,1,0
H6PD,UKB_hyperthyroid,Weighted median,5,5,1,0
H6PD,UKB_hyperthyroid,Weighted mode,5,5,1,0
H6PD,FinnGen_GO,Inverse variance weighted,5,4,1,1
H6PD,FinnGen_GO,MR Egger,5,4,1,1
H6PD,FinnGen_GO,Weighted median,5,4,1,1
H6PD,FinnGen_GO,Weighted mode,5,4,1,1
HABP4,BBJ_Graves,Inverse variance weighted,2,2,0,0
HABP4,UKB_hyperthyroid,Inverse variance weighted,2,2,0,0
HABP4,FinnGen_GO,Inverse variance weighted,2,2,0,0
HAGH,BBJ_Graves,Inverse variance weighted,2,2,1,0
HAGH,UKB_hyperthyroid,Inverse variance weighted,2,2,1,0
HAGH,FinnGen_GO,Inverse variance weighted,2,2,1,0
HAPLN3,BBJ_Graves,Inverse variance weighted,3,2,0,1
HAPLN3,UKB_hyperthyroid,Inverse variance weighted,3,3,1,0
HAPLN3,UKB_hyperthyroid,MR Egger,3,3,1,0
HAPLN3,UKB_hyperthyroid,Weighted median,3,3,1,0
HAPLN3,UKB_hyperthyroid,Weighted mode,3,3,1,0
HAPLN3,FinnGen_GO,Inverse variance weighted,3,2,0,1
HBEGF,BBJ_Graves,Wald ratio,1,1,0,0
HBEGF,UKB_hyperthyroid,Wald ratio,1,1,0,0
HBEGF,FinnGen_GO,Wald ratio,1,1,0,0
HCAR1,BBJ_Graves,Wald ratio,1,1,1,0
HCAR1,UKB_hyperthyroid,Wald ratio,1,1,1,0
HCAR1,FinnGen_GO,Wald ratio,1,1,1,0
HCAR2,BBJ_Graves,Wald ratio,1,1,0,0
HCAR2,UKB_hyperthyroid,Wald ratio,1,1,0,0
HCAR2,FinnGen_GO,Wald ratio,1,1,0,0
HCAR3,BBJ_Graves,Wald ratio,5,1,0,4
HCAR3,UKB_hyperthyroid,Inverse variance weighted,5,5,0,0
HCAR3,UKB_hyperthyroid,MR Egger,5,5,0,0
HCAR3,UKB_hyperthyroid,Weighted median,5,5,0,0
HCAR3,UKB_hyperthyroid,Weighted mode,5,5,0,0
HCAR3,FinnGen_GO,Inverse variance weighted,5,5,0,0
HCAR3,FinnGen_GO,MR Egger,5,5,0,0
HCAR3,FinnGen_GO,Weighted median,5,5,0,0
HCAR3,FinnGen_GO,Weighted mode,5,5,0,0
HCK,BBJ_Graves,Wald ratio,2,1,0,1
HCK,UKB_hyperthyroid,Inverse variance weighted,2,2,0,0
HCK,FinnGen_GO,Inverse variance weighted,2,2,0,0
HCN3,BBJ_Graves,Wald ratio,1,1,0,0
HCN3,UKB_hyperthyroid,Wald ratio,1,1,0,0
HCN3,FinnGen_GO,Wald ratio,1,1,0,0
HDAC1,UKB_hyperthyroid,Wald ratio,1,1,0,0
HDAC1,FinnGen_GO,Wald ratio,1,1,0,0
HDAC10,BBJ_Graves,Wald ratio,1,1,0,0
HDAC10,UKB_hyperthyroid,Wald ratio,1,1,0,0
HDAC10,FinnGen_GO,Wald ratio,1,1,0,0
HDAC11,BBJ_Graves,Wald ratio,2,1,1,1
HDAC11,UKB_hyperthyroid,Wald ratio,2,1,1,1
HDAC11,FinnGen_GO,Wald ratio,2,1,1,1
HDAC3,BBJ_Graves,Wald ratio,1,1,0,0
HDAC3,UKB_hyperthyroid,Wald ratio,1,1,0,0
HDAC3,FinnGen_GO,Wald ratio,1,1,0,0
HDAC4,BBJ_Graves,Wald ratio,2,1,0,1
HDAC4,UKB_hyperthyroid,Inverse variance weighted,2,2,0,0
HDAC4,FinnGen_GO,Inverse variance weighted,2,2,0,0
HDAC7,BBJ_Graves,Inverse variance weighted,3,3,0,0
HDAC7,BBJ_Graves,MR Egger,3,3,0,0
HDAC7,BBJ_Graves,Weighted median,3,3,0,0
HDAC7,BBJ_Graves,Weighted mode,3,3,0,0
HDAC7,UKB_hyperthyroid,Inverse variance weighted,3,3,0,0
HDAC7,UKB_hyperthyroid,MR Egger,3,3,0,0
HDAC7,UKB_hyperthyroid,Weighted median,3,3,0,0
HDAC7,UKB_hyperthyroid,Weighted mode,3,3,0,0
HDAC7,FinnGen_GO,Inverse variance weighted,3,3,0,0
HDAC7,FinnGen_GO,MR Egger,3,3,0,0
HDAC7,FinnGen_GO,Weighted median,3,3,0,0
HDAC7,FinnGen_GO,Weighted mode,3,3,0,0
HDGF,BBJ_Graves,Wald ratio,1,1,0,0
HDGF,UKB_hyperthyroid,Wald ratio,1,1,0,0
HDGF,FinnGen_GO,Wald ratio,1,1,0,0
HEBP1,BBJ_Graves,Wald ratio,3,1,0,2
HEBP1,UKB_hyperthyroid,Inverse variance weighted,3,3,0,0
HEBP1,UKB_hyperthyroid,MR Egger,3,3,0,0
HEBP1,UKB_hyperthyroid,Weighted median,3,3,0,0
HEBP1,UKB_hyperthyroid,Weighted mode,3,3,0,0
HEBP1,FinnGen_GO,Inverse variance weighted,3,2,0,1
HEXA,BBJ_Graves,Inverse variance weighted,2,2,0,0
HEXA,UKB_hyperthyroid,Inverse variance weighted,2,2,0,0
HEXA,FinnGen_GO,Inverse variance weighted,2,2,0,0
HFE,BBJ_Graves,Wald ratio,1,1,0,0
HFE,UKB_hyperthyroid,Wald ratio,1,1,0,0
HFE,FinnGen_GO,Wald ratio,1,1,0,0
HGF,BBJ_Graves,Wald ratio,1,1,0,0
HGF,UKB_hyperthyroid,Wald ratio,1,1,0,0
HGF,FinnGen_GO,Wald ratio,1,1,0,0
HIF1A,BBJ_Graves,Inverse variance weighted,3,2,0,1
HIF1A,UKB_hyperthyroid,Inverse variance weighted,3,3,0,0
HIF1A,UKB_hyperthyroid,MR Egger,3,3,0,0
HIF1A,UKB_hyperthyroid,Weighted median,3,3,0,0
HIF1A,UKB_hyperthyroid,Weighted mode,3,3,0,0
HIF1A,FinnGen_GO,Inverse variance weighted,3,3,0,0
HIF1A,FinnGen_GO,MR Egger,3,3,0,0
HIF1A,FinnGen_GO,Weighted median,3,3,0,0
HIF1A,FinnGen_GO,Weighted mode,3,3,0,0
HILPDA,BBJ_Graves,Wald ratio,1,1,0,0
HILPDA,UKB_hyperthyroid,Wald ratio,1,1,0,0
HILPDA,FinnGen_GO,Wald ratio,1,1,0,0
HIPK1,BBJ_Graves,Wald ratio,1,1,0,0
HIPK1,UKB_hyperthyroid,Wald ratio,1,1,0,0
HIPK1,FinnGen_GO,Wald ratio,1,1,0,0
HIPK2,BBJ_Graves,Wald ratio,1,1,0,0
HIPK2,UKB_hyperthyroid,Wald ratio,1,1,0,0
HIPK2,FinnGen_GO,Wald ratio,1,1,0,0
HIPK3,BBJ_Graves,Wald ratio,1,1,0,0
HIPK3,UKB_hyperthyroid,Wald ratio,1,1,0,0
HIPK3,FinnGen_GO,Wald ratio,1,1,0,0
HIST1H1C,BBJ_Graves,Wald ratio,1,1,1,0
HIST1H1C,UKB_hyperthyroid,Wald ratio,1,1,1,0
HIST1H1C,FinnGen_GO,Wald ratio,1,1,1,0
HIST1H1E,UKB_hyperthyroid,Wald ratio,1,1,0,0
HIST1H1E,FinnGen_GO,Wald ratio,1,1,0,0
HIST1H3B,BBJ_Graves,Inverse variance weighted,2,2,0,0
HIST1H3B,UKB_hyperthyroid,Inverse variance weighted,2,2,0,0
HIST1H3B,FinnGen_GO,Inverse variance weighted,2,2,0,0
HIST1H3D,BBJ_Graves,Wald ratio,1,1,0,0
HIST1H3D,UKB_hyperthyroid,Wald ratio,1,1,0,0
HIST1H3D,FinnGen_GO,Wald ratio,1,1,0,0
HIST1H3E,BBJ_Graves,Wald ratio,2,1,0,1
HIST1H3E,UKB_hyperthyroid,Inverse variance weighted,2,2,0,0
HIST1H3E,FinnGen_GO,Inverse variance weighted,2,2,0,0
HIST1H4E,BBJ_Graves,Wald ratio,1,1,0,0
HIST1H4E,UKB_hyperthyroid,Wald ratio,1,1,0,0
HIST1H4E,FinnGen_GO,Wald ratio,1,1,0,0
HIST1H4H,BBJ_Graves,Inverse variance weighted,4,2,0,2
HIST1H4H,UKB_hyperthyroid,Inverse variance weighted,4,4,0,0
HIST1H4H,UKB_hyperthyroid,MR Egger,4,4,0,0
HIST1H4H,UKB_hyperthyroid,Weighted median,4,4,0,0
HIST1H4H,UKB_hyperthyroid,Weighted mode,4,4,0,0
HIST1H4H,FinnGen_GO,Inverse variance weighted,4,4,0,0
HIST1H4H,FinnGen_GO,MR Egger,4,4,0,0
HIST1H4H,FinnGen_GO,Weighted median,4,4,0,0
HIST1H4H,FinnGen_GO,Weighted mode,4,4,0,0
HIST1H4K,BBJ_Graves,Wald ratio,2,1,0,1
HIST1H4K,UKB_hyperthyroid,Inverse variance weighted,2,2,0,0
HIST1H4K,FinnGen_GO,Inverse variance weighted,2,2,0,0
HIST4H4,BBJ_Graves,Wald ratio,1,1,0,0
HIST4H4,UKB_hyperthyroid,Wald ratio,1,1,0,0
HIST4H4,FinnGen_GO,Wald ratio,1,1,0,0
HKDC1,BBJ_Graves,Inverse variance weighted,6,3,0,3
HKDC1,BBJ_Graves,MR Egger,6,3,0,3
HKDC1,BBJ_Graves,Weighted median,6,3,0,3
HKDC1,BBJ_Graves,Weighted mode,6,3,0,3
HKDC1,UKB_hyperthyroid,Inverse variance weighted,6,5,0,1
HKDC1,UKB_hyperthyroid,MR Egger,6,5,0,1
HKDC1,UKB_hyperthyroid,Weighted median,6,5,0,1
HKDC1,UKB_hyperthyroid,Weighted mode,6,5,0,1
HKDC1,FinnGen_GO,Inverse variance weighted,6,6,0,0
HKDC1,FinnGen_GO,MR Egger,6,6,0,0
HKDC1,FinnGen_GO,Weighted median,6,6,0,0
HKDC1,FinnGen_GO,Weighted mode,6,6,0,0
HLA-A,BBJ_Graves,Inverse variance weighted,7,4,0,3
HLA-A,BBJ_Graves,MR Egger,7,4,0,3
HLA-A,BBJ_Graves,Weighted median,7,4,0,3
HLA-A,BBJ_Graves,Weighted mode,7,4,0,3
HLA-A,UKB_hyperthyroid,Inverse variance weighted,7,4,0,3
HLA-A,UKB_hyperthyroid,MR Egger,7,4,0,3
HLA-A,UKB_hyperthyroid,Weighted median,7,4,0,3
HLA-A,UKB_hyperthyroid,Weighted mode,7,4,0,3
HLA-A,FinnGen_GO,Inverse variance weighted,7,4,0,3
HLA-A,FinnGen_GO,MR Egger,7,4,0,3
HLA-A,FinnGen_GO,Weighted median,7,4,0,3
HLA-A,FinnGen_GO,Weighted mode,7,4,0,3
HLA-B,BBJ_Graves,Inverse variance weighted,3,3,1,0
HLA-B,BBJ_Graves,MR Egger,3,3,1,0
HLA-B,BBJ_Graves,Weighted median,3,3,1,0
HLA-B,BBJ_Graves,Weighted mode,3,3,1,0
HLA-B,UKB_hyperthyroid,Inverse variance weighted,3,3,1,0
HLA-B,UKB_hyperthyroid,MR Egger,3,3,1,0
HLA-B,UKB_hyperthyroid,Weighted median,3,3,1,0
HLA-B,UKB_hyperthyroid,Weighted mode,3,3,1,0
HLA-B,FinnGen_GO,Inverse variance weighted,3,2,0,1
HLA-C,BBJ_Graves,Inverse variance weighted,21,10,1,11
HLA-C,BBJ_Graves,MR Egger,21,10,1,11
HLA-C,BBJ_Graves,Weighted median,21,10,1,11
HLA-C,BBJ_Graves,Weighted mode,21,10,1,11
HLA-C,UKB_hyperthyroid,Inverse variance weighted,21,5,0,16
HLA-C,UKB_hyperthyroid,MR Egger,21,5,0,16
HLA-C,UKB_hyperthyroid,Weighted median,21,5,0,16
HLA-C,UKB_hyperthyroid,Weighted mode,21,5,0,16
HLA-C,FinnGen_GO,Inverse variance weighted,21,15,1,6
HLA-C,FinnGen_GO,MR Egger,21,15,1,6
HLA-C,FinnGen_GO,Weighted median,21,15,1,6
HLA-C,FinnGen_GO,Weighted mode,21,15,1,6
HLA-DOB,BBJ_Graves,Inverse variance weighted,6,5,1,1
HLA-DOB,BBJ_Graves,MR Egger,6,5,1,1
HLA-DOB,BBJ_Graves,Weighted median,6,5,1,1
HLA-DOB,BBJ_Graves,Weighted mode,6,5,1,1
HLA-DOB,UKB_hyperthyroid,Inverse variance weighted,6,6,1,0
HLA-DOB,UKB_hyperthyroid,MR Egger,6,6,1,0
HLA-DOB,UKB_hyperthyroid,Weighted median,6,6,1,0
HLA-DOB,UKB_hyperthyroid,Weighted mode,6,6,1,0
HLA-DOB,FinnGen_GO,Inverse variance weighted,6,5,1,1
HLA-DOB,FinnGen_GO,MR Egger,6,5,1,1
HLA-DOB,FinnGen_GO,Weighted median,6,5,1,1
HLA-DOB,FinnGen_GO,Weighted mode,6,5,1,1
HLA-DPA1,BBJ_Graves,Inverse variance weighted,5,4,1,1
HLA-DPA1,BBJ_Graves,MR Egger,5,4,1,1
HLA-DPA1,BBJ_Graves,Weighted median,5,4,1,1
HLA-DPA1,BBJ_Graves,Weighted mode,5,4,1,1
HLA-DPA1,UKB_hyperthyroid,Inverse variance weighted,5,5,1,0
HLA-DPA1,UKB_hyperthyroid,MR Egger,5,5,1,0
HLA-DPA1,UKB_hyperthyroid,Weighted median,5,5,1,0
HLA-DPA1,UKB_hyperthyroid,Weighted mode,5,5,1,0
HLA-DPA1,FinnGen_GO,Inverse variance weighted,5,5,1,0
HLA-DPA1,FinnGen_GO,MR Egger,5,5,1,0
HLA-DPA1,FinnGen_GO,Weighted median,5,5,1,0
HLA-DPA1,FinnGen_GO,Weighted mode,5,5,1,0
HLA-DPB1,BBJ_Graves,Inverse variance weighted,5,5,1,0
HLA-DPB1,BBJ_Graves,MR Egger,5,5,1,0
HLA-DPB1,BBJ_Graves,Weighted median,5,5,1,0
HLA-DPB1,BBJ_Graves,Weighted mode,5,5,1,0
HLA-DPB1,UKB_hyperthyroid,Inverse variance weighted,5,5,1,0
HLA-DPB1,UKB_hyperthyroid,MR Egger,5,5,1,0
HLA-DPB1,UKB_hyperthyroid,Weighted median,5,5,1,0
HLA-DPB1,UKB_hyperthyroid,Weighted mode,5,5,1,0
HLA-DPB1,FinnGen_GO,Inverse variance weighted,5,5,1,0
HLA-DPB1,FinnGen_GO,MR Egger,5,5,1,0
HLA-DPB1,FinnGen_GO,Weighted median,5,5,1,0
HLA-DPB1,FinnGen_GO,Weighted mode,5,5,1,0
HLA-DQA2,BBJ_Graves,Wald ratio,2,1,0,1
HLA-DQA2,UKB_hyperthyroid,Inverse variance weighted,2,2,0,0
HLA-DQA2,FinnGen_GO,Wald ratio,2,1,0,1
HLA-DRA,BBJ_Graves,Wald ratio,1,1,0,0
HLA-DRA,UKB_hyperthyroid,Wald ratio,1,1,0,0
HLA-DRB1,BBJ_Graves,Inverse variance weighted,3,3,1,0
HLA-DRB1,BBJ_Graves,MR Egger,3,3,1,0
HLA-DRB1,BBJ_Graves,Weighted median,3,3,1,0
HLA-DRB1,BBJ_Graves,Weighted mode,3,3,1,0
HLA-DRB1,UKB_hyperthyroid,Inverse variance weighted,3,3,1,0
HLA-DRB1,UKB_hyperthyroid,MR Egger,3,3,1,0
HLA-DRB1,UKB_hyperthyroid,Weighted median,3,3,1,0
HLA-DRB1,UKB_hyperthyroid,Weighted mode,3,3,1,0
HLA-DRB1,FinnGen_GO,Wald ratio,3,1,0,2
HLA-DRB5,BBJ_Graves,Inverse variance weighted,29,10,0,19
HLA-DRB5,BBJ_Graves,MR Egger,29,10,0,19
HLA-DRB5,BBJ_Graves,Weighted median,29,10,0,19
HLA-DRB5,BBJ_Graves,Weighted mode,29,10,0,19
HLA-DRB5,UKB_hyperthyroid,Inverse variance weighted,29,7,0,22
HLA-DRB5,UKB_hyperthyroid,MR Egger,29,7,0,22
HLA-DRB5,UKB_hyperthyroid,Weighted median,29,7,0,22
HLA-DRB5,UKB_hyperthyroid,Weighted mode,29,7,0,22
HLA-DRB5,FinnGen_GO,Inverse variance weighted,29,5,0,24
HLA-DRB5,FinnGen_GO,MR Egger,29,5,0,24
HLA-DRB5,FinnGen_GO,Weighted median,29,5,0,24
HLA-DRB5,FinnGen_GO,Weighted mode,29,5,0,24
HLA-G,BBJ_Graves,Inverse variance weighted,22,6,0,16
HLA-G,BBJ_Graves,MR Egger,22,6,0,16
HLA-G,BBJ_Graves,Weighted median,22,6,0,16
HLA-G,BBJ_Graves,Weighted mode,22,6,0,16
HLA-G,UKB_hyperthyroid,Inverse variance weighted,22,7,0,15
HLA-G,UKB_hyperthyroid,MR Egger,22,7,0,15
HLA-G,UKB_hyperthyroid,Weighted median,22,7,0,15
HLA-G,UKB_hyperthyroid,Weighted mode,22,7,0,15
HLA-G,FinnGen_GO,Inverse variance weighted,22,16,0,6
HLA-G,FinnGen_GO,MR Egger,22,16,0,6
HLA-G,FinnGen_GO,Weighted median,22,16,0,6
HLA-G,FinnGen_GO,Weighted mode,22,16,0,6
HLCS,BBJ_Graves,Inverse variance weighted,4,2,0,2
HLCS,UKB_hyperthyroid,Inverse variance weighted,4,4,0,0
HLCS,UKB_hyperthyroid,MR Egger,4,4,0,0
HLCS,UKB_hyperthyroid,Weighted median,4,4,0,0
HLCS,UKB_hyperthyroid,Weighted mode,4,4,0,0
HLCS,FinnGen_GO,Inverse variance weighted,4,4,0,0
HLCS,FinnGen_GO,MR Egger,4,4,0,0
HLCS,FinnGen_GO,Weighted median,4,4,0,0
HLCS,FinnGen_GO,Weighted mode,4,4,0,0
HMGB1,BBJ_Graves,Wald ratio,1,1,0,0
HMGB1,UKB_hyperthyroid,Wald ratio,1,1,0,0
HMGB1,FinnGen_GO,Wald ratio,1,1,0,0
HMGCR,BBJ_Graves,Wald ratio,1,1,0,0
HMGCR,UKB_hyperthyroid,Wald ratio,1,1,0,0
HMGCR,FinnGen_GO,Wald ratio,1,1,0,0
HMOX1,BBJ_Graves,Wald ratio,2,1,0,1
HMOX1,UKB_hyperthyroid,Inverse variance weighted,2,2,0,0
HMOX1,FinnGen_GO,Inverse variance weighted,2,2,0,0
HNMT,BBJ_Graves,Inverse variance weighted,2,2,0,0
HNMT,UKB_hyperthyroid,Inverse variance weighted,2,2,0,0
HNMT,FinnGen_GO,Inverse variance weighted,2,2,0,0
HNRNPA1,UKB_hyperthyroid,Wald ratio,1,1,0,0
HNRNPA1,FinnGen_GO,Wald ratio,1,1,0,0
HP,BBJ_Graves,Inverse variance weighted,13,4,1,9
HP,BBJ_Graves,MR Egger,13,4,1,9
HP,BBJ_Graves,Weighted median,13,4,1,9
HP,BBJ_Graves,Weighted mode,13,4,1,9
HP,UKB_hyperthyroid,Inverse variance weighted,13,7,1,6
HP,UKB_hyperthyroid,MR Egger,13,7,1,6
HP,UKB_hyperthyroid,Weighted median,13,7,1,6
HP,UKB_hyperthyroid,Weighted mode,13,7,1,6
HP,FinnGen_GO,Inverse variance weighted,13,11,3,2
HP,FinnGen_GO,MR Egger,13,11,3,2
HP,FinnGen_GO,Weighted median,13,11,3,2
HP,FinnGen_GO,Weighted mode,13,11,3,2
HPD,BBJ_Graves,Inverse variance weighted,2,2,0,0
HPD,UKB_hyperthyroid,Inverse variance weighted,2,2,0,0
HPD,FinnGen_GO,Inverse variance weighted,2,2,0,0
HPGD,BBJ_Graves,Wald ratio,4,1,2,3
HPGD,UKB_hyperthyroid,Inverse variance weighted,4,3,2,1
HPGD,UKB_hyperthyroid,MR Egger,4,3,2,1
HPGD,UKB_hyperthyroid,Weighted median,4,3,2,1
HPGD,UKB_hyperthyroid,Weighted mode,4,3,2,1
HPGD,FinnGen_GO,Inverse variance weighted,4,3,2,1
HPGD,FinnGen_GO,MR Egger,4,3,2,1
HPGD,FinnGen_GO,Weighted median,4,3,2,1
HPGD,FinnGen_GO,Weighted mode,4,3,2,1
HPGDS,UKB_hyperthyroid,Wald ratio,1,1,0,0
HPGDS,FinnGen_GO,Wald ratio,1,1,0,0
HPSE,BBJ_Graves,Inverse variance weighted,4,2,0,2
HPSE,UKB_hyperthyroid,Inverse variance weighted,4,3,0,1
HPSE,UKB_hyperthyroid,MR Egger,4,3,0,1
HPSE,UKB_hyperthyroid,Weighted median,4,3,0,1
HPSE,UKB_hyperthyroid,Weighted mode,4,3,0,1
HPSE,FinnGen_GO,Inverse variance weighted,4,3,0,1
HPSE,FinnGen_GO,MR Egger,4,3,0,1
HPSE,FinnGen_GO,Weighted median,4,3,0,1
HPSE,FinnGen_GO,Weighted mode,4,3,0,1
HPX,BBJ_Graves,Wald ratio,1,1,0,0
HPX,UKB_hyperthyroid,Wald ratio,1,1,0,0
HPX,FinnGen_GO,Wald ratio,1,1,0,0
HRAS,BBJ_Graves,Inverse variance weighted,3,2,0,1
HRAS,UKB_hyperthyroid,Inverse variance weighted,3,3,0,0
HRAS,UKB_hyperthyroid,MR Egger,3,3,0,0
HRAS,UKB_hyperthyroid,Weighted median,3,3,0,0
HRAS,UKB_hyperthyroid,Weighted mode,3,3,0,0
HRAS,FinnGen_GO,Inverse variance weighted,3,3,0,0
HRAS,FinnGen_GO,MR Egger,3,3,0,0
HRAS,FinnGen_GO,Weighted median,3,3,0,0
HRAS,FinnGen_GO,Weighted mode,3,3,0,0
HRH1,UKB_hyperthyroid,Wald ratio,1,1,0,0
HRH1,FinnGen_GO,Wald ratio,1,1,0,0
HRH4,BBJ_Graves,Wald ratio,1,1,0,0
HRH4,UKB_hyperthyroid,Wald ratio,1,1,0,0
HRH4,FinnGen_GO,Wald ratio,1,1,0,0
HS3ST1,BBJ_Graves,Inverse variance weighted,2,2,0,0
HS3ST1,UKB_hyperthyroid,Inverse variance weighted,2,2,0,0
HS3ST1,FinnGen_GO,Inverse variance weighted,2,2,0,0
HSD17B1,BBJ_Graves,Wald ratio,1,1,0,0
HSD17B1,UKB_hyperthyroid,Wald ratio,1,1,0,0
HSD17B1,FinnGen_GO,Wald ratio,1,1,0,0
HSD17B11,BBJ_Graves,Inverse variance weighted,6,3,0,3
HSD17B11,BBJ_Graves,MR Egger,6,3,0,3
HSD17B11,BBJ_Graves,Weighted median,6,3,0,3
HSD17B11,BBJ_Graves,Weighted mode,6,3,0,3
HSD17B11,UKB_hyperthyroid,Inverse variance weighted,6,4,0,2
HSD17B11,UKB_hyperthyroid,MR Egger,6,4,0,2
HSD17B11,UKB_hyperthyroid,Weighted median,6,4,0,2
HSD17B11,UKB_hyperthyroid,Weighted mode,6,4,0,2
HSD17B11,FinnGen_GO,Inverse variance weighted,6,4,0,2
HSD17B11,FinnGen_GO,MR Egger,6,4,0,2
HSD17B11,FinnGen_GO,Weighted median,6,4,0,2
HSD17B11,FinnGen_GO,Weighted mode,6,4,0,2
HSD17B14,BBJ_Graves,Wald ratio,2,1,0,1
HSD17B14,UKB_hyperthyroid,Inverse variance weighted,2,2,0,0
HSD17B14,FinnGen_GO,Inverse variance weighted,2,2,0,0
HSD17B3,BBJ_Graves,Wald ratio,1,1,0,0
HSD17B3,UKB_hyperthyroid,Wald ratio,1,1,0,0
HSD17B3,FinnGen_GO,Wald ratio,1,1,0,0
HSD17B7,BBJ_Graves,Wald ratio,2,1,0,1
HSD17B7,UKB_hyperthyroid,Inverse variance weighted,2,2,0,0
HSD17B7,FinnGen_GO,Inverse variance weighted,2,2,0,0
HSD3B7,BBJ_Graves,Wald ratio,2,1,0,1
HSD3B7,UKB_hyperthyroid,Inverse variance weighted,2,2,0,0
HSD3B7,FinnGen_GO,Inverse variance weighted,2,2,0,0
HSP90AA1,BBJ_Graves,Wald ratio,1,1,0,0
HSP90AA1,UKB_hyperthyroid,Wald ratio,1,1,0,0
HSP90AA1,FinnGen_GO,Wald ratio,1,1,0,0
HSP90AB1,BBJ_Graves,Wald ratio,1,1,0,0
HSP90AB1,UKB_hyperthyroid,Wald ratio,1,1,0,0
HSP90AB1,FinnGen_GO,Wald ratio,1,1,0,0
HSP90B1,BBJ_Graves,Wald ratio,1,1,0,0
HSP90B1,UKB_hyperthyroid,Wald ratio,1,1,0,0
HSP90B1,FinnGen_GO,Wald ratio,1,1,0,0
HSPA1B,BBJ_Graves,Inverse variance weighted,4,4,1,0
HSPA1B,BBJ_Graves,MR Egger,4,4,1,0
HSPA1B,BBJ_Graves,Weighted median,4,4,1,0
HSPA1B,BBJ_Graves,Weighted mode,4,4,1,0
HSPA1B,UKB_hyperthyroid,Inverse variance weighted,4,4,1,0
HSPA1B,UKB_hyperthyroid,MR Egger,4,4,1,0
HSPA1B,UKB_hyperthyroid,Weighted median,4,4,1,0
HSPA1B,UKB_hyperthyroid,Weighted mode,4,4,1,0
HSPA1B,FinnGen_GO,Inverse variance weighted,4,4,1,0
HSPA1B,FinnGen_GO,MR Egger,4,4,1,0
HSPA1B,FinnGen_GO,Weighted median,4,4,1,0
HSPA1B,FinnGen_GO,Weighted mode,4,4,1,0
HSPA5,BBJ_Graves,Wald ratio,2,1,0,1
HSPA5,UKB_hyperthyroid,Inverse variance weighted,2,2,0,0
HSPA5,FinnGen_GO,Inverse variance weighted,2,2,0,0
HSPB1,BBJ_Graves,Wald ratio,1,1,1,0
HSPB1,UKB_hyperthyroid,Wald ratio,1,1,1,0
HSPB1,FinnGen_GO,Wald ratio,1,1,1,0
HSPG2,BBJ_Graves,Inverse variance weighted,4,3,0,1
HSPG2,BBJ_Graves,MR Egger,4,3,0,1
HSPG2,BBJ_Graves,Weighted median,4,3,0,1
HSPG2,BBJ_Graves,Weighted mode,4,3,0,1
HSPG2,UKB_hyperthyroid,Inverse variance weighted,4,3,0,1
HSPG2,UKB_hyperthyroid,MR Egger,4,3,0,1
HSPG2,UKB_hyperthyroid,Weighted median,4,3,0,1
HSPG2,UKB_hyperthyroid,Weighted mode,4,3,0,1
HSPG2,FinnGen_GO,Inverse variance weighted,4,4,0,0
HSPG2,FinnGen_GO,MR Egger,4,4,0,0
HSPG2,FinnGen_GO,Weighted median,4,4,0,0
HSPG2,FinnGen_GO,Weighted mode,4,4,0,0
HSPH1,BBJ_Graves,Wald ratio,1,1,0,0
HSPH1,UKB_hyperthyroid,Wald ratio,1,1,0,0
HSPH1,FinnGen_GO,Wald ratio,1,1,0,0
HTR3A,BBJ_Graves,Wald ratio,1,1,0,0
HTR3A,UKB_hyperthyroid,Wald ratio,1,1,0,0
HTR3A,FinnGen_GO,Wald ratio,1,1,0,0
HTR3B,BBJ_Graves,Wald ratio,1,1,0,0
HTR3B,UKB_hyperthyroid,Wald ratio,1,1,0,0
HTR3B,FinnGen_GO,Wald ratio,1,1,0,0
HTR6,BBJ_Graves,Wald ratio,1,1,0,0
HTR6,UKB_hyperthyroid,Wald ratio,1,1,0,0
HTR6,FinnGen_GO,Wald ratio,1,1,0,0
HTRA1,BBJ_Graves,Wald ratio,3,1,0,2
HTRA1,UKB_hyperthyroid,Inverse variance weighted,3,3,0,0
HTRA1,UKB_hyperthyroid,MR Egger,3,3,0,0
HTRA1,UKB_hyperthyroid,Weighted median,3,3,0,0
HTRA1,UKB_hyperthyroid,Weighted mode,3,3,0,0
HTRA1,FinnGen_GO,Inverse variance weighted,3,3,0,0
HTRA1,FinnGen_GO,MR Egger,3,3,0,0
HTRA1,FinnGen_GO,Weighted median,3,3,0,0
HTRA1,FinnGen_GO,Weighted mode,3,3,0,0
HTRA3,BBJ_Graves,Wald ratio,1,1,0,0
HTRA3,UKB_hyperthyroid,Wald ratio,1,1,0,0
HTRA3,FinnGen_GO,Wald ratio,1,1,0,0
HTRA4,BBJ_Graves,Wald ratio,1,1,0,0
HTRA4,UKB_hyperthyroid,Wald ratio,1,1,0,0
HTRA4,FinnGen_GO,Wald ratio,1,1,0,0
HTT,UKB_hyperthyroid,Wald ratio,1,1,0,0
HTT,FinnGen_GO,Wald ratio,1,1,0,0
HYAL3,BBJ_Graves,Inverse variance weighted,6,3,0,3
HYAL3,BBJ_Graves,MR Egger,6,3,0,3
HYAL3,BBJ_Graves,Weighted median,6,3,0,3
HYAL3,BBJ_Graves,Weighted mode,6,3,0,3
HYAL3,UKB_hyperthyroid,Inverse variance weighted,6,3,0,3
HYAL3,UKB_hyperthyroid,MR Egger,6,3,0,3
HYAL3,UKB_hyperthyroid,Weighted median,6,3,0,3
HYAL3,UKB_hyperthyroid,Weighted mode,6,3,0,3
HYAL3,FinnGen_GO,Inverse variance weighted,6,6,0,0
HYAL3,FinnGen_GO,MR Egger,6,6,0,0
HYAL3,FinnGen_GO,Weighted median,6,6,0,0
HYAL3,FinnGen_GO,Weighted mode,6,6,0,0
IARS,BBJ_Graves,Inverse variance weighted,3,2,1,1
IARS,UKB_hyperthyroid,Inverse variance weighted,3,2,1,1
IARS,FinnGen_GO,Inverse variance weighted,3,2,1,1
ICAM1,BBJ_Graves,Wald ratio,1,1,0,0
ICAM1,UKB_hyperthyroid,Wald ratio,1,1,0,0
ICAM1,FinnGen_GO,Wald ratio,1,1,0,0
ICAM2,BBJ_Graves,Inverse variance weighted,2,2,0,0
ICAM2,UKB_hyperthyroid,Inverse variance weighted,2,2,0,0
ICAM2,FinnGen_GO,Inverse variance weighted,2,2,0,0
ICAM3,UKB_hyperthyroid,Inverse variance weighted,2,2,0,0
ICAM3,FinnGen_GO,Inverse variance weighted,2,2,0,0
ICK,BBJ_Graves,Wald ratio,2,1,0,1
ICK,UKB_hyperthyroid,Wald ratio,2,1,0,1
ICK,FinnGen_GO,Inverse variance weighted,2,2,0,0
ICMT,BBJ_Graves,Inverse variance weighted,3,2,0,1
ICMT,UKB_hyperthyroid,Inverse variance weighted,3,3,0,0
ICMT,UKB_hyperthyroid,MR Egger,3,3,0,0
ICMT,UKB_hyperthyroid,Weighted median,3,3,0,0
ICMT,UKB_hyperthyroid,Weighted mode,3,3,0,0
ICMT,FinnGen_GO,Inverse variance weighted,3,3,0,0
ICMT,FinnGen_GO,MR Egger,3,3,0,0
ICMT,FinnGen_GO,Weighted median,3,3,0,0
ICMT,FinnGen_GO,Weighted mode,3,3,0,0
ICOS,BBJ_Graves,Wald ratio,2,1,0,1
ICOS,UKB_hyperthyroid,Inverse variance weighted,2,2,0,0
ICOS,FinnGen_GO,Inverse variance weighted,2,2,0,0
ICOSLG,BBJ_Graves,Inverse variance weighted,2,2,0,0
ICOSLG,UKB_hyperthyroid,Inverse variance weighted,2,2,0,0
IDE,BBJ_Graves,Wald ratio,1,1,0,0
IDE,UKB_hyperthyroid,Wald ratio,1,1,0,0
IDO1,BBJ_Graves,Inverse variance weighted,2,2,0,0
IDO1,UKB_hyperthyroid,Inverse variance weighted,2,2,0,0
IDO1,FinnGen_GO,Inverse variance weighted,2,2,0,0
IFI30,BBJ_Graves,Wald ratio,1,1,0,0
IFI30,UKB_hyperthyroid,Wald ratio,1,1,0,0
IFI30,FinnGen_GO,Wald ratio,1,1,0,0
IFIT1,BBJ_Graves,Wald ratio,1,1,0,0
IFIT1,UKB_hyperthyroid,Wald ratio,1,1,0,0
IFIT1,FinnGen_GO,Wald ratio,1,1,0,0
IFITM1,BBJ_Graves,Inverse variance weighted,4,3,1,1
IFITM1,BBJ_Graves,MR Egger,4,3,1,1
IFITM1,BBJ_Graves,Weighted median,4,3,1,1
IFITM1,BBJ_Graves,Weighted mode,4,3,1,1
IFITM1,UKB_hyperthyroid,Inverse variance weighted,4,4,1,0
IFITM1,UKB_hyperthyroid,MR Egger,4,4,1,0
IFITM1,UKB_hyperthyroid,Weighted median,4,4,1,0
IFITM1,UKB_hyperthyroid,Weighted mode,4,4,1,0
IFITM1,FinnGen_GO,Inverse variance weighted,4,4,1,0
IFITM1,FinnGen_GO,MR Egger,4,4,1,0
IFITM1,FinnGen_GO,Weighted median,4,4,1,0
IFITM1,FinnGen_GO,Weighted mode,4,4,1,0
IFNAR1,BBJ_Graves,Wald ratio,6,1,1,5
IFNAR1,UKB_hyperthyroid,Inverse variance weighted,6,3,1,3
IFNAR1,UKB_hyperthyroid,MR Egger,6,3,1,3
IFNAR1,UKB_hyperthyroid,Weighted median,6,3,1,3
IFNAR1,UKB_hyperthyroid,Weighted mode,6,3,1,3
IFNAR1,FinnGen_GO,Inverse variance weighted,6,4,1,2
IFNAR1,FinnGen_GO,MR Egger,6,4,1,2
IFNAR1,FinnGen_GO,Weighted median,6,4,1,2
IFNAR1,FinnGen_GO,Weighted mode,6,4,1,2
IFNAR2,BBJ_Graves,Inverse variance weighted,3,3,0,0
IFNAR2,BBJ_Graves,MR Egger,3,3,0,0
IFNAR2,BBJ_Graves,Weighted median,3,3,0,0
IFNAR2,BBJ_Graves,Weighted mode,3,3,0,0
IFNAR2,UKB_hyperthyroid,Inverse variance weighted,3,3,0,0
IFNAR2,UKB_hyperthyroid,MR Egger,3,3,0,0
IFNAR2,UKB_hyperthyroid,Weighted median,3,3,0,0
IFNAR2,UKB_hyperthyroid,Weighted mode,3,3,0,0
IFNAR2,FinnGen_GO,Inverse variance weighted,3,3,0,0
IFNAR2,FinnGen_GO,MR Egger,3,3,0,0
IFNAR2,FinnGen_GO,Weighted median,3,3,0,0
IFNAR2,FinnGen_GO,Weighted mode,3,3,0,0
IFNG,BBJ_Graves,Inverse variance weighted,2,2,0,0
IFNG,UKB_hyperthyroid,Inverse variance weighted,2,2,0,0
IFNG,FinnGen_GO,Inverse variance weighted,2,2,0,0
IFNGR1,BBJ_Graves,Wald ratio,2,1,1,1
IFNGR1,UKB_hyperthyroid,Wald ratio,2,1,1,1
IFNGR1,FinnGen_GO,Wald ratio,2,1,1,1
IFNGR2,BBJ_Graves,Wald ratio,5,1,0,4
IFNGR2,UKB_hyperthyroid,Inverse variance weighted,5,4,0,1
IFNGR2,UKB_hyperthyroid,MR Egger,5,4,0,1
IFNGR2,UKB_hyperthyroid,Weighted median,5,4,0,1
IFNGR2,UKB_hyperthyroid,Weighted mode,5,4,0,1
IFNGR2,FinnGen_GO,Inverse variance weighted,5,5,0,0
IFNGR2,FinnGen_GO,MR Egger,5,5,0,0
IFNGR2,FinnGen_GO,Weighted median,5,5,0,0
IFNGR2,FinnGen_GO,Weighted mode,5,5,0,0
IFNL1,BBJ_Graves,Wald ratio,1,1,0,0
IFNL1,UKB_hyperthyroid,Wald ratio,1,1,0,0
IFNL1,FinnGen_GO,Wald ratio,1,1,0,0
IGF1R,BBJ_Graves,Inverse variance weighted,4,4,0,0
IGF1R,BBJ_Graves,MR Egger,4,4,0,0
IGF1R,BBJ_Graves,Weighted median,4,4,0,0
IGF1R,BBJ_Graves,Weighted mode,4,4,0,0
IGF1R,UKB_hyperthyroid,Inverse variance weighted,4,4,0,0
IGF1R,UKB_hyperthyroid,MR Egger,4,4,0,0
IGF1R,UKB_hyperthyroid,Weighted median,4,4,0,0
IGF1R,UKB_hyperthyroid,Weighted mode,4,4,0,0
IGF1R,FinnGen_GO,Inverse variance weighted,4,3,0,1
IGF1R,FinnGen_GO,MR Egger,4,3,0,1
IGF1R,FinnGen_GO,Weighted median,4,3,0,1
IGF1R,FinnGen_GO,Weighted mode,4,3,0,1
IGF2,BBJ_Graves,Wald ratio,1,1,0,0
IGF2,UKB_hyperthyroid,Wald ratio,1,1,0,0
IGF2,FinnGen_GO,Wald ratio,1,1,0,0
IGF2R,BBJ_Graves,Wald ratio,1,1,0,0
IGF2R,UKB_hyperthyroid,Wald ratio,1,1,0,0
IGF2R,FinnGen_GO,Wald ratio,1,1,0,0
IGFALS,BBJ_Graves,Wald ratio,2,1,0,1
IGFALS,UKB_hyperthyroid,Inverse variance weighted,2,2,0,0
IGFALS,FinnGen_GO,Inverse variance weighted,2,2,0,0
IGFBP2,BBJ_Graves,Inverse variance weighted,2,2,0,0
IGFBP2,UKB_hyperthyroid,Inverse variance weighted,2,2,0,0
IGFBP2,FinnGen_GO,Inverse variance weighted,2,2,0,0
IGFBP3,BBJ_Graves,Inverse variance weighted,3,3,1,0
IGFBP3,BBJ_Graves,MR Egger,3,3,1,0
IGFBP3,BBJ_Graves,Weighted median,3,3,1,0
IGFBP3,BBJ_Graves,Weighted mode,3,3,1,0
IGFBP3,UKB_hyperthyroid,Inverse variance weighted,3,3,1,0
IGFBP3,UKB_hyperthyroid,MR Egger,3,3,1,0
IGFBP3,UKB_hyperthyroid,Weighted median,3,3,1,0
IGFBP3,UKB_hyperthyroid,Weighted mode,3,3,1,0
IGFBP3,FinnGen_GO,Inverse variance weighted,3,3,1,0
IGFBP3,FinnGen_GO,MR Egger,3,3,1,0
IGFBP3,FinnGen_GO,Weighted median,3,3,1,0
IGFBP3,FinnGen_GO,Weighted mode,3,3,1,0
IGFBP4,BBJ_Graves,Wald ratio,2,1,0,1
IGFBP4,UKB_hyperthyroid,Inverse variance weighted,2,2,1,0
IGFBP4,FinnGen_GO,Inverse variance weighted,2,2,1,0
IGFBP6,BBJ_Graves,Wald ratio,1,1,0,0
IGFBP6,UKB_hyperthyroid,Wald ratio,1,1,0,0
IGFBP6,FinnGen_GO,Wald ratio,1,1,0,0
IGFBP7,BBJ_Graves,Inverse variance weighted,3,3,0,0
IGFBP7,BBJ_Graves,MR Egger,3,3,0,0
IGFBP7,BBJ_Graves,Weighted median,3,3,0,0
IGFBP7,BBJ_Graves,Weighted mode,3,3,0,0
IGFBP7,UKB_hyperthyroid,Inverse variance weighted,3,3,0,0
IGFBP7,UKB_hyperthyroid,MR Egger,3,3,0,0
IGFBP7,UKB_hyperthyroid,Weighted median,3,3,0,0
IGFBP7,UKB_hyperthyroid,Weighted mode,3,3,0,0
IGFBP7,FinnGen_GO,Inverse variance weighted,3,3,0,0
IGFBP7,FinnGen_GO,MR Egger,3,3,0,0
IGFBP7,FinnGen_GO,Weighted median,3,3,0,0
IGFBP7,FinnGen_GO,Weighted mode,3,3,0,0
IGHA2,UKB_hyperthyroid,Wald ratio,1,1,0,0
IGHA2,FinnGen_GO,Wald ratio,1,1,0,0
IGHE,UKB_hyperthyroid,Wald ratio,1,1,1,0
IGHG2,UKB_hyperthyroid,Wald ratio,1,1,0,0
IGHG2,FinnGen_GO,Wald ratio,1,1,0,0
IGHG3,UKB_hyperthyroid,Wald ratio,1,1,0,0
IGHG3,FinnGen_GO,Wald ratio,1,1,0,0
IGHV1-2,UKB_hyperthyroid,Inverse variance weighted,2,2,1,0
IGHV1-2,FinnGen_GO,Inverse variance weighted,2,2,1,0
IGHV1-46,UKB_hyperthyroid,Wald ratio,1,1,0,0
IGHV1-46,FinnGen_GO,Wald ratio,1,1,0,0
IGHV3-23,UKB_hyperthyroid,Wald ratio,1,1,0,0
IGHV3-23,FinnGen_GO,Wald ratio,1,1,0,0
IGKV1-5,UKB_hyperthyroid,Wald ratio,1,1,0,0
IGKV1D-16,UKB_hyperthyroid,Wald ratio,1,1,0,0
IGKV1D-16,FinnGen_GO,Wald ratio,1,1,0,0
IGKV2-30,UKB_hyperthyroid,Wald ratio,1,1,0,0
IGKV2-30,FinnGen_GO,Wald ratio,1,1,0,0
IGKV2D-29,UKB_hyperthyroid,Wald ratio,1,1,0,0
IGKV2D-40,UKB_hyperthyroid,Wald ratio,1,1,0,0
IGKV2D-40,FinnGen_GO,Wald ratio,1,1,0,0
IGKV3-7,UKB_hyperthyroid,Wald ratio,1,1,0,0
IGKV3-7,FinnGen_GO,Wald ratio,1,1,0,0
IGKV3D-15,UKB_hyperthyroid,Wald ratio,1,1,0,0
IGKV3D-15,FinnGen_GO,Wald ratio,1,1,0,0
IGLC2,BBJ_Graves,Inverse variance weighted,2,2,2,0
IGLC2,UKB_hyperthyroid,Inverse variance weighted,2,2,2,0
IGLC2,FinnGen_GO,Inverse variance weighted,2,2,2,0
IGLC3,BBJ_Graves,Wald ratio,1,1,0,0
IGLC3,UKB_hyperthyroid,Wald ratio,1,1,0,0
IGLC3,FinnGen_GO,Wald ratio,1,1,0,0
IGLC7,BBJ_Graves,Inverse variance weighted,2,2,0,0
IGLC7,UKB_hyperthyroid,Inverse variance weighted,2,2,0,0
IGLC7,FinnGen_GO,Inverse variance weighted,2,2,0,0
IGLL1,BBJ_Graves,Wald ratio,1,1,0,0
IGLL1,UKB_hyperthyroid,Wald ratio,1,1,0,0
IGLL1,FinnGen_GO,Wald ratio,1,1,0,0
IGLL5,BBJ_Graves,Wald ratio,1,1,1,0
IGLL5,UKB_hyperthyroid,Wald ratio,1,1,1,0
IGLL5,FinnGen_GO,Wald ratio,1,1,1,0
IGLV1-36,UKB_hyperthyroid,Wald ratio,1,1,1,0
IGLV1-36,FinnGen_GO,Wald ratio,1,1,1,0
IGLV1-44,UKB_hyperthyroid,Wald ratio,1,1,0,0
IGLV1-44,FinnGen_GO,Wald ratio,1,1,0,0
IGLV1-51,UKB_hyperthyroid,Wald ratio,1,1,0,0
IGLV1-51,FinnGen_GO,Wald ratio,1,1,0,0
IGLV10-54,BBJ_Graves,Inverse variance weighted,3,2,1,1
IGLV10-54,UKB_hyperthyroid,Inverse variance weighted,3,3,2,0
IGLV10-54,UKB_hyperthyroid,MR Egger,3,3,2,0
IGLV10-54,UKB_hyperthyroid,Weighted median,3,3,2,0
IGLV10-54,UKB_hyperthyroid,Weighted mode,3,3,2,0
IGLV10-54,FinnGen_GO,Inverse variance weighted,3,3,2,0
IGLV10-54,FinnGen_GO,MR Egger,3,3,2,0
IGLV10-54,FinnGen_GO,Weighted median,3,3,2,0
IGLV10-54,FinnGen_GO,Weighted mode,3,3,2,0
IGLV2-11,UKB_hyperthyroid,Wald ratio,1,1,0,0
IGLV2-11,FinnGen_GO,Wald ratio,1,1,0,0
IGLV2-18,UKB_hyperthyroid,Wald ratio,1,1,0,0
IGLV2-18,FinnGen_GO,Wald ratio,1,1,0,0
IGLV3-12,UKB_hyperthyroid,Wald ratio,1,1,0,0
IGLV3-12,FinnGen_GO,Wald ratio,1,1,0,0
IGLV3-16,BBJ_Graves,Wald ratio,2,1,0,1
IGLV3-16,UKB_hyperthyroid,Inverse variance weighted,2,2,0,0
IGLV3-16,FinnGen_GO,Inverse variance weighted,2,2,0,0
IGLV3-25,UKB_hyperthyroid,Wald ratio,1,1,0,0
IGLV3-25,FinnGen_GO,Wald ratio,1,1,0,0
IGLV3-27,UKB_hyperthyroid,Wald ratio,1,1,0,0
IGLV3-27,FinnGen_GO,Wald ratio,1,1,0,0
IGLV4-3,BBJ_Graves,Wald ratio,1,1,0,0
IGLV4-3,UKB_hyperthyroid,Wald ratio,1,1,0,0
IGLV4-3,FinnGen_GO,Wald ratio,1,1,0,0
IGLV4-60,BBJ_Graves,Inverse variance weighted,3,2,0,1
IGLV4-60,UKB_hyperthyroid,Inverse variance weighted,3,3,0,0
IGLV4-60,UKB_hyperthyroid,MR Egger,3,3,0,0
IGLV4-60,UKB_hyperthyroid,Weighted median,3,3,0,0
IGLV4-60,UKB_hyperthyroid,Weighted mode,3,3,0,0
IGLV4-60,FinnGen_GO,Inverse variance weighted,3,3,0,0
IGLV4-60,FinnGen_GO,MR Egger,3,3,0,0
IGLV4-60,FinnGen_GO,Weighted median,3,3,0,0
IGLV4-60,FinnGen_GO,Weighted mode,3,3,0,0
IGLV4-69,BBJ_Graves,Wald ratio,1,1,0,0
IGLV4-69,UKB_hyperthyroid,Wald ratio,1,1,0,0
IGLV4-69,FinnGen_GO,Wald ratio,1,1,0,0
IGLV5-37,BBJ_Graves,Wald ratio,3,1,0,2
IGLV5-37,UKB_hyperthyroid,Inverse variance weighted,3,3,1,0
IGLV5-37,UKB_hyperthyroid,MR Egger,3,3,1,0
IGLV5-37,UKB_hyperthyroid,Weighted median,3,3,1,0
IGLV5-37,UKB_hyperthyroid,Weighted mode,3,3,1,0
IGLV5-37,FinnGen_GO,Inverse variance weighted,3,3,1,0
IGLV5-37,FinnGen_GO,MR Egger,3,3,1,0
IGLV5-37,FinnGen_GO,Weighted median,3,3,1,0
IGLV5-37,FinnGen_GO,Weighted mode,3,3,1,0
IGLV5-45,BBJ_Graves,Wald ratio,2,1,1,1
IGLV5-45,UKB_hyperthyroid,Inverse variance weighted,2,2,1,0
IGLV5-45,FinnGen_GO,Inverse variance weighted,2,2,1,0
IGLV7-43,UKB_hyperthyroid,Wald ratio,1,1,0,0
IGLV7-43,FinnGen_GO,Wald ratio,1,1,0,0
IGLV7-46,BBJ_Graves,Wald ratio,3,1,0,2
IGLV7-46,UKB_hyperthyroid,Inverse variance weighted,3,3,0,0
IGLV7-46,UKB_hyperthyroid,MR Egger,3,3,0,0
IGLV7-46,UKB_hyperthyroid,Weighted median,3,3,0,0
IGLV7-46,UKB_hyperthyroid,Weighted mode,3,3,0,0
IGLV7-46,FinnGen_GO,Inverse variance weighted,3,3,0,0
IGLV7-46,FinnGen_GO,MR Egger,3,3,0,0
IGLV7-46,FinnGen_GO,Weighted median,3,3,0,0
IGLV7-46,FinnGen_GO,Weighted mode,3,3,0,0
IGLV8-61,BBJ_Graves,Inverse variance weighted,5,3,0,2
IGLV8-61,BBJ_Graves,MR Egger,5,3,0,2
IGLV8-61,BBJ_Graves,Weighted median,5,3,0,2
IGLV8-61,BBJ_Graves,Weighted mode,5,3,0,2
IGLV8-61,UKB_hyperthyroid,Inverse variance weighted,5,5,1,0
IGLV8-61,UKB_hyperthyroid,MR Egger,5,5,1,0
IGLV8-61,UKB_hyperthyroid,Weighted median,5,5,1,0
IGLV8-61,UKB_hyperthyroid,Weighted mode,5,5,1,0
IGLV8-61,FinnGen_GO,Inverse variance weighted,5,5,1,0
IGLV8-61,FinnGen_GO,MR Egger,5,5,1,0
IGLV8-61,FinnGen_GO,Weighted median,5,5,1,0
IGLV8-61,FinnGen_GO,Weighted mode,5,5,1,0
IGSF11,BBJ_Graves,Wald ratio,2,1,0,1
IGSF11,UKB_hyperthyroid,Inverse variance weighted,2,2,0,0
IGSF11,FinnGen_GO,Inverse variance weighted,2,2,0,0
IGSF8,BBJ_Graves,Inverse variance weighted,2,2,0,0
IGSF8,UKB_hyperthyroid,Inverse variance weighted,2,2,0,0
IGSF8,FinnGen_GO,Inverse variance weighted,2,2,0,0
IK,BBJ_Graves,Inverse variance weighted,3,3,0,0
IK,BBJ_Graves,MR Egger,3,3,0,0
IK,BBJ_Graves,Weighted median,3,3,0,0
IK,BBJ_Graves,Weighted mode,3,3,0,0
IK,UKB_hyperthyroid,Inverse variance weighted,3,3,0,0
IK,UKB_hyperthyroid,MR Egger,3,3,0,0
IK,UKB_hyperthyroid,Weighted median,3,3,0,0
IK,UKB_hyperthyroid,Weighted mode,3,3,0,0
IK,FinnGen_GO,Inverse variance weighted,3,3,0,0
IK,FinnGen_GO,MR Egger,3,3,0,0
IK,FinnGen_GO,Weighted median,3,3,0,0
IK,FinnGen_GO,Weighted mode,3,3,0,0
IKBKB,BBJ_Graves,Wald ratio,2,1,0,1
IKBKB,UKB_hyperthyroid,Inverse variance weighted,2,2,0,0
IKBKB,FinnGen_GO,Wald ratio,2,1,0,1
IKBKE,BBJ_Graves,Wald ratio,2,1,0,1
IKBKE,UKB_hyperthyroid,Inverse variance weighted,2,2,0,0
IKBKE,FinnGen_GO,Inverse variance weighted,2,2,0,0
IL10,BBJ_Graves,Wald ratio,1,1,0,0
IL10,UKB_hyperthyroid,Wald ratio,1,1,0,0
IL10,FinnGen_GO,Wald ratio,1,1,0,0
IL10RA,BBJ_Graves,Wald ratio,2,1,1,1
IL10RA,UKB_hyperthyroid,Inverse variance weighted,2,2,1,0
IL10RA,FinnGen_GO,Inverse variance weighted,2,2,1,0
IL10RB,BBJ_Graves,Inverse variance weighted,6,2,0,4
IL10RB,UKB_hyperthyroid,Inverse variance weighted,6,6,1,0
IL10RB,UKB_hyperthyroid,MR Egger,6,6,1,0
IL10RB,UKB_hyperthyroid,Weighted median,6,6,1,0
IL10RB,UKB_hyperthyroid,Weighted mode,6,6,1,0
IL10RB,FinnGen_GO,Inverse variance weighted,6,6,1,0
IL10RB,FinnGen_GO,MR Egger,6,6,1,0
IL10RB,FinnGen_GO,Weighted median,6,6,1,0
IL10RB,FinnGen_GO,Weighted mode,6,6,1,0
IL11RA,BBJ_Graves,Inverse variance weighted,4,2,1,2
IL11RA,UKB_hyperthyroid,Inverse variance weighted,4,4,1,0
IL11RA,UKB_hyperthyroid,MR Egger,4,4,1,0
IL11RA,UKB_hyperthyroid,Weighted median,4,4,1,0
IL11RA,UKB_hyperthyroid,Weighted mode,4,4,1,0
IL11RA,FinnGen_GO,Inverse variance weighted,4,4,1,0
IL11RA,FinnGen_GO,MR Egger,4,4,1,0
IL11RA,FinnGen_GO,Weighted median,4,4,1,0
IL11RA,FinnGen_GO,Weighted mode,4,4,1,0
IL12A,BBJ_Graves,Wald ratio,1,1,0,0
IL12A,UKB_hyperthyroid,Wald ratio,1,1,0,0
IL12A,FinnGen_GO,Wald ratio,1,1,0,0
IL12RB1,BBJ_Graves,Inverse variance weighted,4,3,0,1
IL12RB1,BBJ_Graves,MR Egger,4,3,0,1
IL12RB1,BBJ_Graves,Weighted median,4,3,0,1
IL12RB1,BBJ_Graves,Weighted mode,4,3,0,1
IL12RB1,UKB_hyperthyroid,Inverse variance weighted,4,4,0,0
IL12RB1,UKB_hyperthyroid,MR Egger,4,4,0,0
IL12RB1,UKB_hyperthyroid,Weighted median,4,4,0,0
IL12RB1,UKB_hyperthyroid,Weighted mode,4,4,0,0
IL12RB1,FinnGen_GO,Inverse variance weighted,4,4,0,0
IL12RB1,FinnGen_GO,MR Egger,4,4,0,0
IL12RB1,FinnGen_GO,Weighted median,4,4,0,0
IL12RB1,FinnGen_GO,Weighted mode,4,4,0,0
IL12RB2,BBJ_Graves,Inverse variance weighted,2,2,1,0
IL12RB2,UKB_hyperthyroid,Inverse variance weighted,2,2,1,0
IL12RB2,FinnGen_GO,Inverse variance weighted,2,2,1,0
IL15,BBJ_Graves,Wald ratio,2,1,0,1
IL15,UKB_hyperthyroid,Inverse variance weighted,2,2,1,0
IL15,FinnGen_GO,Inverse variance weighted,2,2,1,0
IL15RA,BBJ_Graves,Inverse variance weighted,4,2,0,2
IL15RA,UKB_hyperthyroid,Inverse variance weighted,4,4,1,0
IL15RA,UKB_hyperthyroid,MR Egger,4,4,1,0
IL15RA,UKB_hyperthyroid,Weighted median,4,4,1,0
IL15RA,UKB_hyperthyroid,Weighted mode,4,4,1,0
IL15RA,FinnGen_GO,Inverse variance weighted,4,4,1,0
IL15RA,FinnGen_GO,MR Egger,4,4,1,0
IL15RA,FinnGen_GO,Weighted median,4,4,1,0
IL15RA,FinnGen_GO,Weighted mode,4,4,1,0
IL16,BBJ_Graves,Wald ratio,3,1,1,2
IL16,UKB_hyperthyroid,Inverse variance weighted,3,2,1,1
IL16,FinnGen_GO,Inverse variance weighted,3,2,1,1
IL17D,UKB_hyperthyroid,Wald ratio,1,1,0,0
IL17RA,BBJ_Graves,Inverse variance weighted,4,2,2,2
IL17RA,UKB_hyperthyroid,Inverse variance weighted,4,3,2,1
IL17RA,UKB_hyperthyroid,MR Egger,4,3,2,1
IL17RA,UKB_hyperthyroid,Weighted median,4,3,2,1
IL17RA,UKB_hyperthyroid,Weighted mode,4,3,2,1
IL17RA,FinnGen_GO,Inverse variance weighted,4,3,2,1
IL17RA,FinnGen_GO,MR Egger,4,3,2,1
IL17RA,FinnGen_GO,Weighted median,4,3,2,1
IL17RA,FinnGen_GO,Weighted mode,4,3,2,1
IL17RB,BBJ_Graves,Inverse variance weighted,3,3,0,0
IL17RB,BBJ_Graves,MR Egger,3,3,0,0
IL17RB,BBJ_Graves,Weighted median,3,3,0,0
IL17RB,BBJ_Graves,Weighted mode,3,3,0,0
IL17RB,UKB_hyperthyroid,Inverse variance weighted,3,3,0,0
IL17RB,UKB_hyperthyroid,MR Egger,3,3,0,0
IL17RB,UKB_hyperthyroid,Weighted median,3,3,0,0
IL17RB,UKB_hyperthyroid,Weighted mode,3,3,0,0
IL17RB,FinnGen_GO,Inverse variance weighted,3,3,0,0
IL17RB,FinnGen_GO,MR Egger,3,3,0,0
IL17RB,FinnGen_GO,Weighted median,3,3,0,0
IL17RB,FinnGen_GO,Weighted mode,3,3,0,0
IL17RC,BBJ_Graves,Inverse variance weighted,2,2,0,0
IL17RC,UKB_hyperthyroid,Inverse variance weighted,2,2,0,0
IL17RC,FinnGen_GO,Inverse variance weighted,2,2,0,0
IL17RE,UKB_hyperthyroid,Wald ratio,1,1,0,0
IL17RE,FinnGen_GO,Wald ratio,1,1,0,0
IL18,BBJ_Graves,Wald ratio,1,1,0,0
IL18,UKB_hyperthyroid,Wald ratio,1,1,0,0
IL18,FinnGen_GO,Wald ratio,1,1,0,0
IL18BP,BBJ_Graves,Wald ratio,2,1,0,1
IL18BP,UKB_hyperthyroid,Inverse variance weighted,2,2,0,0
IL18BP,FinnGen_GO,Inverse variance weighted,2,2,0,0
IL18R1,BBJ_Graves,Inverse variance weighted,3,2,0,1
IL18R1,UKB_hyperthyroid,Inverse variance weighted,3,2,0,1
IL18R1,FinnGen_GO,Inverse variance weighted,3,3,0,0
IL18R1,FinnGen_GO,MR Egger,3,3,0,0
IL18R1,FinnGen_GO,Weighted median,3,3,0,0
IL18R1,FinnGen_GO,Weighted mode,3,3,0,0
IL18RAP,BBJ_Graves,Inverse variance weighted,11,3,0,8
IL18RAP,BBJ_Graves,MR Egger,11,3,0,8
IL18RAP,BBJ_Graves,Weighted median,11,3,0,8
IL18RAP,BBJ_Graves,Weighted mode,11,3,0,8
IL18RAP,UKB_hyperthyroid,Inverse variance weighted,11,6,0,5
IL18RAP,UKB_hyperthyroid,MR Egger,11,6,0,5
IL18RAP,UKB_hyperthyroid,Weighted median,11,6,0,5
IL18RAP,UKB_hyperthyroid,Weighted mode,11,6,0,5
IL18RAP,FinnGen_GO,Inverse variance weighted,11,10,0,1
IL18RAP,FinnGen_GO,MR Egger,11,10,0,1
IL18RAP,FinnGen_GO,Weighted median,11,10,0,1
IL18RAP,FinnGen_GO,Weighted mode,11,10,0,1
IL1B,BBJ_Graves,Wald ratio,1,1,0,0
IL1B,UKB_hyperthyroid,Wald ratio,1,1,0,0
IL1B,FinnGen_GO,Wald ratio,1,1,0,0
IL1R1,BBJ_Graves,Inverse variance weighted,2,2,0,0
IL1R1,UKB_hyperthyroid,Inverse variance weighted,2,2,0,0
IL1R1,FinnGen_GO,Inverse variance weighted,2,2,0,0
IL1R2,BBJ_Graves,Inverse variance weighted,4,2,0,2
IL1R2,UKB_hyperthyroid,Inverse variance weighted,4,4,0,0
IL1R2,UKB_hyperthyroid,MR Egger,4,4,0,0
IL1R2,UKB_hyperthyroid,Weighted median,4,4,0,0
IL1R2,UKB_hyperthyroid,Weighted mode,4,4,0,0
IL1R2,FinnGen_GO,Inverse variance weighted,4,4,0,0
IL1R2,FinnGen_GO,MR Egger,4,4,0,0
IL1R2,FinnGen_GO,Weighted median,4,4,0,0
IL1R2,FinnGen_GO,Weighted mode,4,4,0,0
IL1RAP,UKB_hyperthyroid,Wald ratio,1,1,0,0
IL1RAP,FinnGen_GO,Wald ratio,1,1,0,0
IL1RL1,BBJ_Graves,Wald ratio,2,1,0,1
IL1RL1,UKB_hyperthyroid,Inverse variance weighted,2,2,0,0
IL1RL1,FinnGen_GO,Inverse variance weighted,2,2,0,0
IL1RN,BBJ_Graves,Inverse variance weighted,2,2,0,0
IL1RN,UKB_hyperthyroid,Inverse variance weighted,2,2,0,0
IL1RN,FinnGen_GO,Inverse variance weighted,2,2,0,0
IL20RB,BBJ_Graves,Wald ratio,1,1,0,0
IL20RB,UKB_hyperthyroid,Wald ratio,1,1,0,0
IL20RB,FinnGen_GO,Wald ratio,1,1,0,0
IL21R,BBJ_Graves,Inverse variance weighted,2,2,0,0
IL21R,UKB_hyperthyroid,Inverse variance weighted,2,2,0,0
IL21R,FinnGen_GO,Inverse variance weighted,2,2,0,0
IL23A,BBJ_Graves,Wald ratio,1,1,0,0
IL23A,UKB_hyperthyroid,Wald ratio,1,1,0,0
IL23A,FinnGen_GO,Wald ratio,1,1,0,0
IL24,BBJ_Graves,Wald ratio,1,1,0,0
IL24,UKB_hyperthyroid,Wald ratio,1,1,0,0
IL24,FinnGen_GO,Wald ratio,1,1,0,0
IL27,UKB_hyperthyroid,Wald ratio,1,1,0,0
IL27,FinnGen_GO,Wald ratio,1,1,0,0
IL2RA,UKB_hyperthyroid,Inverse variance weighted,2,2,0,0
IL2RA,FinnGen_GO,Inverse variance weighted,2,2,0,0
IL2RB,BBJ_Graves,Wald ratio,1,1,0,0
IL2RB,UKB_hyperthyroid,Wald ratio,1,1,0,0
IL2RB,FinnGen_GO,Wald ratio,1,1,0,0
IL31RA,BBJ_Graves,Wald ratio,1,1,0,0
IL31RA,UKB_hyperthyroid,Wald ratio,1,1,0,0
IL31RA,FinnGen_GO,Wald ratio,1,1,0,0
IL32,BBJ_Graves,Inverse variance weighted,4,3,2,1
IL32,BBJ_Graves,MR Egger,4,3,2,1
IL32,BBJ_Graves,Weighted median,4,3,2,1
IL32,BBJ_Graves,Weighted mode,4,3,2,1
IL32,UKB_hyperthyroid,Inverse variance weighted,4,4,2,0
IL32,UKB_hyperthyroid,MR Egger,4,4,2,0
IL32,UKB_hyperthyroid,Weighted median,4,4,2,0
IL32,UKB_hyperthyroid,Weighted mode,4,4,2,0
IL32,FinnGen_GO,Inverse variance weighted,4,4,2,0
IL32,FinnGen_GO,MR Egger,4,4,2,0
IL32,FinnGen_GO,Weighted median,4,4,2,0
IL32,FinnGen_GO,Weighted mode,4,4,2,0
IL34,BBJ_Graves,Wald ratio,1,1,0,0
IL34,UKB_hyperthyroid,Wald ratio,1,1,0,0
IL34,FinnGen_GO,Wald ratio,1,1,0,0
IL4,BBJ_Graves,Wald ratio,1,1,0,0
IL4,UKB_hyperthyroid,Wald ratio,1,1,0,0
IL4,FinnGen_GO,Wald ratio,1,1,0,0
IL4I1,BBJ_Graves,Wald ratio,1,1,0,0
IL4I1,UKB_hyperthyroid,Wald ratio,1,1,0,0
IL4I1,FinnGen_GO,Wald ratio,1,1,0,0
IL4R,BBJ_Graves,Inverse variance weighted,2,2,0,0
IL4R,UKB_hyperthyroid,Inverse variance weighted,2,2,0,0
IL4R,FinnGen_GO,Inverse variance weighted,2,2,0,0
IL6,UKB_hyperthyroid,Wald ratio,1,1,0,0
IL6,FinnGen_GO,Wald ratio,1,1,0,0
IL6R,BBJ_Graves,Wald ratio,1,1,1,0
IL6R,UKB_hyperthyroid,Wald ratio,1,1,1,0
IL6R,FinnGen_GO,Wald ratio,1,1,1,0
IL6ST,BBJ_Graves,Inverse variance weighted,3,3,0,0
IL6ST,BBJ_Graves,MR Egger,3,3,0,0
IL6ST,BBJ_Graves,Weighted median,3,3,0,0
IL6ST,BBJ_Graves,Weighted mode,3,3,0,0
IL6ST,UKB_hyperthyroid,Inverse variance weighted,3,3,0,0
IL6ST,UKB_hyperthyroid,MR Egger,3,3,0,0
IL6ST,UKB_hyperthyroid,Weighted median,3,3,0,0
IL6ST,UKB_hyperthyroid,Weighted mode,3,3,0,0
IL6ST,FinnGen_GO,Inverse variance weighted,3,3,0,0
IL6ST,FinnGen_GO,MR Egger,3,3,0,0
IL6ST,FinnGen_GO,Weighted median,3,3,0,0
IL6ST,FinnGen_GO,Weighted mode,3,3,0,0
IL7,BBJ_Graves,Wald ratio,1,1,0,0
IL7,UKB_hyperthyroid,Wald ratio,1,1,0,0
IL7,FinnGen_GO,Wald ratio,1,1,0,0
IL7R,BBJ_Graves,Wald ratio,3,1,1,2
IL7R,UKB_hyperthyroid,Inverse variance weighted,3,2,1,1
IL7R,FinnGen_GO,Inverse variance weighted,3,2,0,1
IL8,BBJ_Graves,Inverse variance weighted,2,2,0,0
IL8,UKB_hyperthyroid,Inverse variance weighted,2,2,0,0
IL8,FinnGen_GO,Inverse variance weighted,2,2,0,0
ILK,BBJ_Graves,Wald ratio,1,1,0,0
ILK,UKB_hyperthyroid,Wald ratio,1,1,0,0
ILK,FinnGen_GO,Wald ratio,1,1,0,0
IMPA1,BBJ_Graves,Inverse variance weighted,10,4,0,6
IMPA1,BBJ_Graves,MR Egger,10,4,0,6
IMPA1,BBJ_Graves,Weighted median,10,4,0,6
IMPA1,BBJ_Graves,Weighted mode,10,4,0,6
IMPA1,UKB_hyperthyroid,Inverse variance weighted,10,8,0,2
IMPA1,UKB_hyperthyroid,MR Egger,10,8,0,2
IMPA1,UKB_hyperthyroid,Weighted median,10,8,0,2
IMPA1,UKB_hyperthyroid,Weighted mode,10,8,0,2
IMPA1,FinnGen_GO,Inverse variance weighted,10,9,0,1
IMPA1,FinnGen_GO,MR Egger,10,9,0,1
IMPA1,FinnGen_GO,Weighted median,10,9,0,1
IMPA1,FinnGen_GO,Weighted mode,10,9,0,1
IMPA2,BBJ_Graves,Inverse variance weighted,3,2,0,1
IMPA2,UKB_hyperthyroid,Inverse variance weighted,3,2,0,1
IMPA2,FinnGen_GO,Inverse variance weighted,3,3,0,0
IMPA2,FinnGen_GO,MR Egger,3,3,0,0
IMPA2,FinnGen_GO,Weighted median,3,3,0,0
IMPA2,FinnGen_GO,Weighted mode,3,3,0,0
IMPDH1,BBJ_Graves,Inverse variance weighted,2,2,1,0
IMPDH1,UKB_hyperthyroid,Inverse variance weighted,2,2,1,0
IMPDH1,FinnGen_GO,Inverse variance weighted,2,2,1,0
IMPDH2,UKB_hyperthyroid,Wald ratio,1,1,1,0
IMPDH2,FinnGen_GO,Wald ratio,1,1,1,0
IMPG2,BBJ_Graves,Wald ratio,1,1,0,0
IMPG2,UKB_hyperthyroid,Wald ratio,1,1,0,0
IMPG2,FinnGen_GO,Wald ratio,1,1,0,0
INHBB,BBJ_Graves,Wald ratio,2,1,0,1
INHBB,UKB_hyperthyroid,Inverse variance weighted,2,2,0,0
INHBB,FinnGen_GO,Inverse variance weighted,2,2,0,0
INSL3,BBJ_Graves,Inverse variance weighted,4,3,0,1
INSL3,BBJ_Graves,MR Egger,4,3,0,1
INSL3,BBJ_Graves,Weighted median,4,3,0,1
INSL3,BBJ_Graves,Weighted mode,4,3,0,1
INSL3,UKB_hyperthyroid,Inverse variance weighted,4,4,0,0
INSL3,UKB_hyperthyroid,MR Egger,4,4,0,0
INSL3,UKB_hyperthyroid,Weighted median,4,4,0,0
INSL3,UKB_hyperthyroid,Weighted mode,4,4,0,0
INSL3,FinnGen_GO,Inverse variance weighted,4,4,0,0
INSL3,FinnGen_GO,MR Egger,4,4,0,0
INSL3,FinnGen_GO,Weighted median,4,4,0,0
INSL3,FinnGen_GO,Weighted mode,4,4,0,0
INSR,BBJ_Graves,Inverse variance weighted,2,2,0,0
INSR,UKB_hyperthyroid,Inverse variance weighted,2,2,0,0
INSR,FinnGen_GO,Inverse variance weighted,2,2,0,0
IPP,BBJ_Graves,Wald ratio,1,1,0,0
IPP,UKB_hyperthyroid,Wald ratio,1,1,0,0
IPP,FinnGen_GO,Wald ratio,1,1,0,0
IRAK2,BBJ_Graves,Inverse variance weighted,2,2,0,0
IRAK2,UKB_hyperthyroid,Inverse variance weighted,2,2,0,0
IRAK2,FinnGen_GO,Inverse variance weighted,2,2,0,0
IRAK3,BBJ_Graves,Inverse variance weighted,2,2,1,0
IRAK3,UKB_hyperthyroid,Inverse variance weighted,2,2,1,0
IRAK3,FinnGen_GO,Inverse variance weighted,2,2,1,0
IRAK4,BBJ_Graves,Wald ratio,1,1,0,0
IRAK4,UKB_hyperthyroid,Wald ratio,1,1,0,0
IRAK4,FinnGen_GO,Wald ratio,1,1,0,0
ISG15,BBJ_Graves,Wald ratio,2,1,0,1
ISG15,UKB_hyperthyroid,Inverse variance weighted,2,2,1,0
ISG15,FinnGen_GO,Inverse variance weighted,2,2,1,0
ITGA1,BBJ_Graves,Inverse variance weighted,4,4,0,0
ITGA1,BBJ_Graves,MR Egger,4,4,0,0
ITGA1,BBJ_Graves,Weighted median,4,4,0,0
ITGA1,BBJ_Graves,Weighted mode,4,4,0,0
ITGA1,UKB_hyperthyroid,Inverse variance weighted,4,4,0,0
ITGA1,UKB_hyperthyroid,MR Egger,4,4,0,0
ITGA1,UKB_hyperthyroid,Weighted median,4,4,0,0
ITGA1,UKB_hyperthyroid,Weighted mode,4,4,0,0
ITGA1,FinnGen_GO,Inverse variance weighted,4,4,0,0
ITGA1,FinnGen_GO,MR Egger,4,4,0,0
ITGA1,FinnGen_GO,Weighted median,4,4,0,0
ITGA1,FinnGen_GO,Weighted mode,4,4,0,0
ITGA10,BBJ_Graves,Wald ratio,1,1,0,0
ITGA10,UKB_hyperthyroid,Wald ratio,1,1,0,0
ITGA10,FinnGen_GO,Wald ratio,1,1,0,0
ITGA2,BBJ_Graves,Inverse variance weighted,3,2,1,1
ITGA2,UKB_hyperthyroid,Inverse variance weighted,3,3,1,0
ITGA2,UKB_hyperthyroid,MR Egger,3,3,1,0
ITGA2,UKB_hyperthyroid,Weighted median,3,3,1,0
ITGA2,UKB_hyperthyroid,Weighted mode,3,3,1,0
ITGA2,FinnGen_GO,Inverse variance weighted,3,3,1,0
ITGA2,FinnGen_GO,MR Egger,3,3,1,0
ITGA2,FinnGen_GO,Weighted median,3,3,1,0
ITGA2,FinnGen_GO,Weighted mode,3,3,1,0
ITGA3,BBJ_Graves,Wald ratio,1,1,0,0
ITGA3,UKB_hyperthyroid,Wald ratio,1,1,0,0
ITGA3,FinnGen_GO,Wald ratio,1,1,0,0
ITGA4,BBJ_Graves,Inverse variance weighted,3,3,0,0
ITGA4,BBJ_Graves,MR Egger,3,3,0,0
ITGA4,BBJ_Graves,Weighted median,3,3,0,0
ITGA4,BBJ_Graves,Weighted mode,3,3,0,0
ITGA4,UKB_hyperthyroid,Inverse variance weighted,3,3,0,0
ITGA4,UKB_hyperthyroid,MR Egger,3,3,0,0
ITGA4,UKB_hyperthyroid,Weighted median,3,3,0,0
ITGA4,UKB_hyperthyroid,Weighted mode,3,3,0,0
ITGA4,FinnGen_GO,Inverse variance weighted,3,3,0,0
ITGA4,FinnGen_GO,MR Egger,3,3,0,0
ITGA4,FinnGen_GO,Weighted median,3,3,0,0
ITGA4,FinnGen_GO,Weighted mode,3,3,0,0
ITGA5,UKB_hyperthyroid,Inverse variance weighted,2,2,0,0
ITGA5,FinnGen_GO,Inverse variance weighted,2,2,0,0
ITGA6,BBJ_Graves,Wald ratio,1,1,0,0
ITGA6,UKB_hyperthyroid,Wald ratio,1,1,0,0
ITGA6,FinnGen_GO,Wald ratio,1,1,0,0
ITGA7,BBJ_Graves,Wald ratio,2,1,0,1
ITGA7,UKB_hyperthyroid,Inverse variance weighted,2,2,0,0
ITGA7,FinnGen_GO,Inverse variance weighted,2,2,0,0
ITGA9,BBJ_Graves,Inverse variance weighted,3,2,0,1
ITGA9,UKB_hyperthyroid,Inverse variance weighted,3,3,1,0
ITGA9,UKB_hyperthyroid,MR Egger,3,3,1,0
ITGA9,UKB_hyperthyroid,Weighted median,3,3,1,0
ITGA9,UKB_hyperthyroid,Weighted mode,3,3,1,0
ITGA9,FinnGen_GO,Inverse variance weighted,3,3,1,0
ITGA9,FinnGen_GO,MR Egger,3,3,1,0
ITGA9,FinnGen_GO,Weighted median,3,3,1,0
ITGA9,FinnGen_GO,Weighted mode,3,3,1,0
ITGAD,BBJ_Graves,Inverse variance weighted,3,2,0,1
ITGAD,UKB_hyperthyroid,Inverse variance weighted,3,3,0,0
ITGAD,UKB_hyperthyroid,MR Egger,3,3,0,0
ITGAD,UKB_hyperthyroid,Weighted median,3,3,0,0
ITGAD,UKB_hyperthyroid,Weighted mode,3,3,0,0
ITGAD,FinnGen_GO,Inverse variance weighted,3,3,0,0
ITGAD,FinnGen_GO,MR Egger,3,3,0,0
ITGAD,FinnGen_GO,Weighted median,3,3,0,0
ITGAD,FinnGen_GO,Weighted mode,3,3,0,0
ITGAE,BBJ_Graves,Wald ratio,1,1,0,0
ITGAE,UKB_hyperthyroid,Wald ratio,1,1,0,0
ITGAE,FinnGen_GO,Wald ratio,1,1,0,0
ITGAM,UKB_hyperthyroid,Wald ratio,1,1,0,0
ITGAV,BBJ_Graves,Wald ratio,2,1,0,1
ITGAV,UKB_hyperthyroid,Inverse variance weighted,2,2,0,0
ITGAV,FinnGen_GO,Inverse variance weighted,2,2,0,0
ITGAX,BBJ_Graves,Inverse variance weighted,6,2,0,4
ITGAX,UKB_hyperthyroid,Inverse variance weighted,6,5,0,1
ITGAX,UKB_hyperthyroid,MR Egger,6,5,0,1
ITGAX,UKB_hyperthyroid,Weighted median,6,5,0,1
ITGAX,UKB_hyperthyroid,Weighted mode,6,5,0,1
ITGAX,FinnGen_GO,Inverse variance weighted,6,6,0,0
ITGAX,FinnGen_GO,MR Egger,6,6,0,0
ITGAX,FinnGen_GO,Weighted median,6,6,0,0
ITGAX,FinnGen_GO,Weighted mode,6,6,0,0
ITGB1,BBJ_Graves,Wald ratio,1,1,0,0
ITGB1,UKB_hyperthyroid,Wald ratio,1,1,0,0
ITGB1,FinnGen_GO,Wald ratio,1,1,0,0
ITGB2,BBJ_Graves,Inverse variance weighted,3,2,0,1
ITGB2,UKB_hyperthyroid,Inverse variance weighted,3,3,0,0
ITGB2,UKB_hyperthyroid,MR Egger,3,3,0,0
ITGB2,UKB_hyperthyroid,Weighted median,3,3,0,0
ITGB2,UKB_hyperthyroid,Weighted mode,3,3,0,0
ITGB2,FinnGen_GO,Inverse variance weighted,3,3,0,0
ITGB2,FinnGen_GO,MR Egger,3,3,0,0
ITGB2,FinnGen_GO,Weighted median,3,3,0,0
ITGB2,FinnGen_GO,Weighted mode,3,3,0,0
ITGB3,BBJ_Graves,Wald ratio,2,1,0,1
ITGB3,UKB_hyperthyroid,Inverse variance weighted,2,2,0,0
ITGB3,FinnGen_GO,Inverse variance weighted,2,2,0,0
ITGB5,BBJ_Graves,Inverse variance weighted,2,2,0,0
ITGB5,UKB_hyperthyroid,Inverse variance weighted,2,2,0,0
ITGB5,FinnGen_GO,Inverse variance weighted,2,2,0,0
ITGB7,BBJ_Graves,Inverse variance weighted,4,2,1,2
ITGB7,UKB_hyperthyroid,Inverse variance weighted,4,4,1,0
ITGB7,UKB_hyperthyroid,MR Egger,4,4,1,0
ITGB7,UKB_hyperthyroid,Weighted median,4,4,1,0
ITGB7,UKB_hyperthyroid,Weighted mode,4,4,1,0
ITGB7,FinnGen_GO,Inverse variance weighted,4,4,1,0
ITGB7,FinnGen_GO,MR Egger,4,4,1,0
ITGB7,FinnGen_GO,Weighted median,4,4,1,0
ITGB7,FinnGen_GO,Weighted mode,4,4,1,0
ITIH2,BBJ_Graves,Inverse variance weighted,2,2,1,0
ITIH2,UKB_hyperthyroid,Inverse variance weighted,2,2,1,0
ITIH2,FinnGen_GO,Inverse variance weighted,2,2,1,0
ITIH3,UKB_hyperthyroid,Wald ratio,1,1,1,0
ITIH3,FinnGen_GO,Wald ratio,1,1,1,0
ITIH4,BBJ_Graves,Wald ratio,7,1,2,6
ITIH4,UKB_hyperthyroid,Inverse variance weighted,7,6,2,1
ITIH4,UKB_hyperthyroid,MR Egger,7,6,2,1
ITIH4,UKB_hyperthyroid,Weighted median,7,6,2,1
ITIH4,UKB_hyperthyroid,Weighted mode,7,6,2,1
ITIH4,FinnGen_GO,Inverse variance weighted,7,7,2,0
ITIH4,FinnGen_GO,MR Egger,7,7,2,0
ITIH4,FinnGen_GO,Weighted median,7,7,2,0
ITIH4,FinnGen_GO,Weighted mode,7,7,2,0
ITK,BBJ_Graves,Inverse variance weighted,2,2,1,0
ITK,UKB_hyperthyroid,Inverse variance weighted,2,2,1,0
ITK,FinnGen_GO,Inverse variance weighted,2,2,1,0
ITLN1,BBJ_Graves,Inverse variance weighted,3,2,0,1
ITLN1,UKB_hyperthyroid,Inverse variance weighted,3,3,0,0
ITLN1,UKB_hyperthyroid,MR Egger,3,3,0,0
ITLN1,UKB_hyperthyroid,Weighted median,3,3,0,0
ITLN1,UKB_hyperthyroid,Weighted mode,3,3,0,0
ITLN1,FinnGen_GO,Inverse variance weighted,3,3,0,0
ITLN1,FinnGen_GO,MR Egger,3,3,0,0
ITLN1,FinnGen_GO,Weighted median,3,3,0,0
ITLN1,FinnGen_GO,Weighted mode,3,3,0,0
ITM2B,BBJ_Graves,Wald ratio,2,1,0,1
ITM2B,UKB_hyperthyroid,Inverse variance weighted,2,2,0,0
ITM2B,FinnGen_GO,Inverse variance weighted,2,2,0,0
ITPR1,BBJ_Graves,Inverse variance weighted,3,2,0,1
ITPR1,UKB_hyperthyroid,Inverse variance weighted,3,2,1,1
ITPR1,FinnGen_GO,Inverse variance weighted,3,3,1,0
ITPR1,FinnGen_GO,MR Egger,3,3,1,0
ITPR1,FinnGen_GO,Weighted median,3,3,1,0
ITPR1,FinnGen_GO,Weighted mode,3,3,1,0
ITPR2,BBJ_Graves,Inverse variance weighted,5,3,0,2
ITPR2,BBJ_Graves,MR Egger,5,3,0,2
ITPR2,BBJ_Graves,Weighted median,5,3,0,2
ITPR2,BBJ_Graves,Weighted mode,5,3,0,2
ITPR2,UKB_hyperthyroid,Inverse variance weighted,5,4,0,1
ITPR2,UKB_hyperthyroid,MR Egger,5,4,0,1
ITPR2,UKB_hyperthyroid,Weighted median,5,4,0,1
ITPR2,UKB_hyperthyroid,Weighted mode,5,4,0,1
ITPR2,FinnGen_GO,Inverse variance weighted,5,4,0,1
ITPR2,FinnGen_GO,MR Egger,5,4,0,1
ITPR2,FinnGen_GO,Weighted median,5,4,0,1
ITPR2,FinnGen_GO,Weighted mode,5,4,0,1
ITPR3,BBJ_Graves,Inverse variance weighted,9,5,0,4
ITPR3,BBJ_Graves,MR Egger,9,5,0,4
ITPR3,BBJ_Graves,Weighted median,9,5,0,4
ITPR3,BBJ_Graves,Weighted mode,9,5,0,4
ITPR3,UKB_hyperthyroid,Inverse variance weighted,9,6,0,3
ITPR3,UKB_hyperthyroid,MR Egger,9,6,0,3
ITPR3,UKB_hyperthyroid,Weighted median,9,6,0,3
ITPR3,UKB_hyperthyroid,Weighted mode,9,6,0,3
ITPR3,FinnGen_GO,Inverse variance weighted,9,8,0,1
ITPR3,FinnGen_GO,MR Egger,9,8,0,1
ITPR3,FinnGen_GO,Weighted median,9,8,0,1
ITPR3,FinnGen_GO,Weighted mode,9,8,0,1
IVNS1ABP,BBJ_Graves,Inverse variance weighted,4,3,1,1
IVNS1ABP,BBJ_Graves,MR Egger,4,3,1,1
IVNS1ABP,BBJ_Graves,Weighted median,4,3,1,1
IVNS1ABP,BBJ_Graves,Weighted mode,4,3,1,1
IVNS1ABP,UKB_hyperthyroid,Inverse variance weighted,4,4,1,0
IVNS1ABP,UKB_hyperthyroid,MR Egger,4,4,1,0
IVNS1ABP,UKB_hyperthyroid,Weighted median,4,4,1,0
IVNS1ABP,UKB_hyperthyroid,Weighted mode,4,4,1,0
IVNS1ABP,FinnGen_GO,Inverse variance weighted,4,4,1,0
IVNS1ABP,FinnGen_GO,MR Egger,4,4,1,0
IVNS1ABP,FinnGen_GO,Weighted median,4,4,1,0
IVNS1ABP,FinnGen_GO,Weighted mode,4,4,1,0
JAG1,BBJ_Graves,Inverse variance weighted,3,3,1,0
JAG1,BBJ_Graves,MR Egger,3,3,1,0
JAG1,BBJ_Graves,Weighted median,3,3,1,0
JAG1,BBJ_Graves,Weighted mode,3,3,1,0
JAG1,UKB_hyperthyroid,Inverse variance weighted,3,3,1,0
JAG1,UKB_hyperthyroid,MR Egger,3,3,1,0
JAG1,UKB_hyperthyroid,Weighted median,3,3,1,0
JAG1,UKB_hyperthyroid,Weighted mode,3,3,1,0
JAG1,FinnGen_GO,Inverse variance weighted,3,3,1,0
JAG1,FinnGen_GO,MR Egger,3,3,1,0
JAG1,FinnGen_GO,Weighted median,3,3,1,0
JAG1,FinnGen_GO,Weighted mode,3,3,1,0
JAK1,BBJ_Graves,Wald ratio,1,1,0,0
JAK1,UKB_hyperthyroid,Wald ratio,1,1,0,0
JAK1,FinnGen_GO,Wald ratio,1,1,0,0
JAK2,BBJ_Graves,Inverse variance weighted,2,2,0,0
JAK2,UKB_hyperthyroid,Inverse variance weighted,2,2,0,0
JAK2,FinnGen_GO,Inverse variance weighted,2,2,0,0
JAK3,BBJ_Graves,Wald ratio,1,1,0,0
JAK3,UKB_hyperthyroid,Wald ratio,1,1,0,0
JAK3,FinnGen_GO,Wald ratio,1,1,0,0
JAM2,BBJ_Graves,Wald ratio,1,1,0,0
JAM2,UKB_hyperthyroid,Wald ratio,1,1,0,0
JAM2,FinnGen_GO,Wald ratio,1,1,0,0
JAM3,BBJ_Graves,Inverse variance weighted,2,2,0,0
JAM3,UKB_hyperthyroid,Inverse variance weighted,2,2,0,0
JAM3,FinnGen_GO,Inverse variance weighted,2,2,0,0
JUN,BBJ_Graves,Inverse variance weighted,3,3,0,0
JUN,BBJ_Graves,MR Egger,3,3,0,0
JUN,BBJ_Graves,Weighted median,3,3,0,0
JUN,BBJ_Graves,Weighted mode,3,3,0,0
JUN,UKB_hyperthyroid,Inverse variance weighted,3,3,0,0
JUN,UKB_hyperthyroid,MR Egger,3,3,0,0
JUN,UKB_hyperthyroid,Weighted median,3,3,0,0
JUN,UKB_hyperthyroid,Weighted mode,3,3,0,0
JUN,FinnGen_GO,Inverse variance weighted,3,3,0,0
JUN,FinnGen_GO,MR Egger,3,3,0,0
JUN,FinnGen_GO,Weighted median,3,3,0,0
JUN,FinnGen_GO,Weighted mode,3,3,0,0
KALRN,BBJ_Graves,Wald ratio,1,1,0,0
KALRN,UKB_hyperthyroid,Wald ratio,1,1,0,0
KALRN,FinnGen_GO,Wald ratio,1,1,0,0
KARS,BBJ_Graves,Wald ratio,1,1,0,0
KARS,UKB_hyperthyroid,Wald ratio,1,1,0,0
KARS,FinnGen_GO,Wald ratio,1,1,0,0
KAT2B,BBJ_Graves,Inverse variance weighted,3,3,0,0
KAT2B,BBJ_Graves,MR Egger,3,3,0,0
KAT2B,BBJ_Graves,Weighted median,3,3,0,0
KAT2B,BBJ_Graves,Weighted mode,3,3,0,0
KAT2B,UKB_hyperthyroid,Inverse variance weighted,3,3,0,0
KAT2B,UKB_hyperthyroid,MR Egger,3,3,0,0
KAT2B,UKB_hyperthyroid,Weighted median,3,3,0,0
KAT2B,UKB_hyperthyroid,Weighted mode,3,3,0,0
KAT2B,FinnGen_GO,Inverse variance weighted,3,3,0,0
KAT2B,FinnGen_GO,MR Egger,3,3,0,0
KAT2B,FinnGen_GO,Weighted median,3,3,0,0
KAT2B,FinnGen_GO,Weighted mode,3,3,0,0
KBTBD11,BBJ_Graves,Wald ratio,5,1,0,4
KBTBD11,UKB_hyperthyroid,Inverse variance weighted,5,5,0,0
KBTBD11,UKB_hyperthyroid,MR Egger,5,5,0,0
KBTBD11,UKB_hyperthyroid,Weighted median,5,5,0,0
KBTBD11,UKB_hyperthyroid,Weighted mode,5,5,0,0
KBTBD11,FinnGen_GO,Inverse variance weighted,5,4,0,1
KBTBD11,FinnGen_GO,MR Egger,5,4,0,1
KBTBD11,FinnGen_GO,Weighted median,5,4,0,1
KBTBD11,FinnGen_GO,Weighted mode,5,4,0,1
KBTBD2,BBJ_Graves,Inverse variance weighted,4,3,0,1
KBTBD2,BBJ_Graves,MR Egger,4,3,0,1
KBTBD2,BBJ_Graves,Weighted median,4,3,0,1
KBTBD2,BBJ_Graves,Weighted mode,4,3,0,1
KBTBD2,UKB_hyperthyroid,Inverse variance weighted,4,4,0,0
KBTBD2,UKB_hyperthyroid,MR Egger,4,4,0,0
KBTBD2,UKB_hyperthyroid,Weighted median,4,4,0,0
KBTBD2,UKB_hyperthyroid,Weighted mode,4,4,0,0
KBTBD2,FinnGen_GO,Inverse variance weighted,4,3,0,1
KBTBD2,FinnGen_GO,MR Egger,4,3,0,1
KBTBD2,FinnGen_GO,Weighted median,4,3,0,1
KBTBD2,FinnGen_GO,Weighted mode,4,3,0,1
KBTBD7,BBJ_Graves,Wald ratio,1,1,0,0
KBTBD7,UKB_hyperthyroid,Wald ratio,1,1,0,0
KBTBD7,FinnGen_GO,Wald ratio,1,1,0,0
KBTBD8,BBJ_Graves,Wald ratio,1,1,0,0
KBTBD8,UKB_hyperthyroid,Wald ratio,1,1,0,0
KBTBD8,FinnGen_GO,Wald ratio,1,1,0,0
KCNA2,BBJ_Graves,Wald ratio,1,1,0,0
KCNA2,UKB_hyperthyroid,Wald ratio,1,1,0,0
KCNA2,FinnGen_GO,Wald ratio,1,1,0,0
KCNA3,BBJ_Graves,Inverse variance weighted,2,2,0,0
KCNA3,UKB_hyperthyroid,Inverse variance weighted,2,2,0,0
KCNA3,FinnGen_GO,Inverse variance weighted,2,2,0,0
KCNA6,BBJ_Graves,Wald ratio,1,1,1,0
KCNA6,UKB_hyperthyroid,Wald ratio,1,1,1,0
KCNA6,FinnGen_GO,Wald ratio,1,1,1,0
KCNB1,BBJ_Graves,Inverse variance weighted,2,2,0,0
KCNB1,UKB_hyperthyroid,Inverse variance weighted,2,2,0,0
KCNB1,FinnGen_GO,Inverse variance weighted,2,2,0,0
KCNC3,BBJ_Graves,Wald ratio,1,1,0,0
KCNC3,UKB_hyperthyroid,Wald ratio,1,1,0,0
KCNC3,FinnGen_GO,Wald ratio,1,1,0,0
KCNC4,BBJ_Graves,Wald ratio,1,1,0,0
KCNC4,UKB_hyperthyroid,Wald ratio,1,1,0,0
KCNC4,FinnGen_GO,Wald ratio,1,1,0,0
KCNE1,BBJ_Graves,Inverse variance weighted,3,3,0,0
KCNE1,BBJ_Graves,MR Egger,3,3,0,0
KCNE1,BBJ_Graves,Weighted median,3,3,0,0
KCNE1,BBJ_Graves,Weighted mode,3,3,0,0
KCNE1,UKB_hyperthyroid,Inverse variance weighted,3,3,0,0
KCNE1,UKB_hyperthyroid,MR Egger,3,3,0,0
KCNE1,UKB_hyperthyroid,Weighted median,3,3,0,0
KCNE1,UKB_hyperthyroid,Weighted mode,3,3,0,0
KCNE1,FinnGen_GO,Inverse variance weighted,3,2,0,1
KCNG1,BBJ_Graves,Wald ratio,1,1,0,0
KCNG1,UKB_hyperthyroid,Wald ratio,1,1,0,0
KCNG1,FinnGen_GO,Wald ratio,1,1,0,0
KCNG2,BBJ_Graves,Wald ratio,2,1,0,1
KCNG2,UKB_hyperthyroid,Wald ratio,2,1,0,1
KCNG2,FinnGen_GO,Inverse variance weighted,2,2,0,0
KCNH2,BBJ_Graves,Inverse variance weighted,2,2,1,0
KCNH2,UKB_hyperthyroid,Inverse variance weighted,2,2,1,0
KCNH2,FinnGen_GO,Inverse variance weighted,2,2,1,0
KCNH3,BBJ_Graves,Wald ratio,1,1,1,0
KCNH3,UKB_hyperthyroid,Wald ratio,1,1,1,0
KCNH3,FinnGen_GO,Wald ratio,1,1,1,0
KCNH8,BBJ_Graves,Wald ratio,1,1,0,0
KCNH8,UKB_hyperthyroid,Wald ratio,1,1,0,0
KCNH8,FinnGen_GO,Wald ratio,1,1,0,0
KCNJ10,BBJ_Graves,Wald ratio,1,1,0,0
KCNJ10,UKB_hyperthyroid,Wald ratio,1,1,0,0
KCNJ10,FinnGen_GO,Wald ratio,1,1,0,0
KCNJ11,BBJ_Graves,Wald ratio,1,1,0,0
KCNJ11,UKB_hyperthyroid,Wald ratio,1,1,0,0
KCNJ11,FinnGen_GO,Wald ratio,1,1,0,0
KCNJ12,BBJ_Graves,Wald ratio,1,1,1,0
KCNJ12,UKB_hyperthyroid,Wald ratio,1,1,1,0
KCNJ14,BBJ_Graves,Wald ratio,1,1,0,0
KCNJ14,UKB_hyperthyroid,Wald ratio,1,1,0,0
KCNJ14,FinnGen_GO,Wald ratio,1,1,0,0
KCNJ15,BBJ_Graves,Wald ratio,2,1,0,1
KCNJ15,UKB_hyperthyroid,Inverse variance weighted,2,2,0,0
KCNJ15,FinnGen_GO,Inverse variance weighted,2,2,0,0
KCNJ2,BBJ_Graves,Inverse variance weighted,3,3,1,0
KCNJ2,BBJ_Graves,MR Egger,3,3,1,0
KCNJ2,BBJ_Graves,Weighted median,3,3,1,0
KCNJ2,BBJ_Graves,Weighted mode,3,3,1,0
KCNJ2,UKB_hyperthyroid,Inverse variance weighted,3,2,1,1
KCNJ2,FinnGen_GO,Inverse variance weighted,3,2,1,1
KCNK13,UKB_hyperthyroid,Wald ratio,1,1,1,0
KCNK13,FinnGen_GO,Wald ratio,1,1,1,0
KCNK17,BBJ_Graves,Inverse variance weighted,5,4,1,1
KCNK17,BBJ_Graves,MR Egger,5,4,1,1
KCNK17,BBJ_Graves,Weighted median,5,4,1,1
KCNK17,BBJ_Graves,Weighted mode,5,4,1,1
KCNK17,UKB_hyperthyroid,Inverse variance weighted,5,5,1,0
KCNK17,UKB_hyperthyroid,MR Egger,5,5,1,0
KCNK17,UKB_hyperthyroid,Weighted median,5,5,1,0
KCNK17,UKB_hyperthyroid,Weighted mode,5,5,1,0
KCNK17,FinnGen_GO,Inverse variance weighted,5,5,1,0
KCNK17,FinnGen_GO,MR Egger,5,5,1,0
KCNK17,FinnGen_GO,Weighted median,5,5,1,0
KCNK17,FinnGen_GO,Weighted mode,5,5,1,0
KCNK5,BBJ_Graves,Inverse variance weighted,2,2,0,0
KCNK5,UKB_hyperthyroid,Inverse variance weighted,2,2,0,0
KCNK5,FinnGen_GO,Inverse variance weighted,2,2,0,0
KCNK6,BBJ_Graves,Inverse variance weighted,2,2,0,0
KCNK6,UKB_hyperthyroid,Inverse variance weighted,2,2,0,0
KCNK6,FinnGen_GO,Inverse variance weighted,2,2,0,0
KCNK7,BBJ_Graves,Wald ratio,1,1,0,0
KCNK7,UKB_hyperthyroid,Wald ratio,1,1,0,0
KCNK7,FinnGen_GO,Wald ratio,1,1,0,0
KCNMA1,BBJ_Graves,Inverse variance weighted,3,2,0,1
KCNMA1,UKB_hyperthyroid,Inverse variance weighted,3,3,0,0
KCNMA1,UKB_hyperthyroid,MR Egger,3,3,0,0
KCNMA1,UKB_hyperthyroid,Weighted median,3,3,0,0
KCNMA1,UKB_hyperthyroid,Weighted mode,3,3,0,0
KCNMA1,FinnGen_GO,Inverse variance weighted,3,3,0,0
KCNMA1,FinnGen_GO,MR Egger,3,3,0,0
KCNMA1,FinnGen_GO,Weighted median,3,3,0,0
KCNMA1,FinnGen_GO,Weighted mode,3,3,0,0
KCNN3,BBJ_Graves,Wald ratio,1,1,0,0
KCNN3,UKB_hyperthyroid,Wald ratio,1,1,0,0
KCNN3,FinnGen_GO,Wald ratio,1,1,0,0
KCNN4,BBJ_Graves,Wald ratio,5,1,0,4
KCNN4,UKB_hyperthyroid,Inverse variance weighted,5,5,0,0
KCNN4,UKB_hyperthyroid,MR Egger,5,5,0,0
KCNN4,UKB_hyperthyroid,Weighted median,5,5,0,0
KCNN4,UKB_hyperthyroid,Weighted mode,5,5,0,0
KCNN4,FinnGen_GO,Inverse variance weighted,5,4,0,1
KCNN4,FinnGen_GO,MR Egger,5,4,0,1
KCNN4,FinnGen_GO,Weighted median,5,4,0,1
KCNN4,FinnGen_GO,Weighted mode,5,4,0,1
KCNQ1,BBJ_Graves,Wald ratio,1,1,0,0
KCNQ1,UKB_hyperthyroid,Wald ratio,1,1,0,0
KCNQ1,FinnGen_GO,Wald ratio,1,1,0,0
KCNQ4,BBJ_Graves,Wald ratio,1,1,0,0
KCNQ4,UKB_hyperthyroid,Wald ratio,1,1,0,0
KCNQ4,FinnGen_GO,Wald ratio,1,1,0,0
KCNQ5,BBJ_Graves,Wald ratio,3,1,0,2
KCNQ5,UKB_hyperthyroid,Inverse variance weighted,3,3,0,0
KCNQ5,UKB_hyperthyroid,MR Egger,3,3,0,0
KCNQ5,UKB_hyperthyroid,Weighted median,3,3,0,0
KCNQ5,UKB_hyperthyroid,Weighted mode,3,3,0,0
KCNQ5,FinnGen_GO,Inverse variance weighted,3,3,0,0
KCNQ5,FinnGen_GO,MR Egger,3,3,0,0
KCNQ5,FinnGen_GO,Weighted median,3,3,0,0
KCNQ5,FinnGen_GO,Weighted mode,3,3,0,0
KCNS1,UKB_hyperthyroid,Wald ratio,1,1,1,0
KCNS1,FinnGen_GO,Wald ratio,1,1,1,0
KCNT1,BBJ_Graves,Wald ratio,1,1,0,0
KCNT1,UKB_hyperthyroid,Wald ratio,1,1,0,0
KCNT1,FinnGen_GO,Wald ratio,1,1,0,0
KDM1A,BBJ_Graves,Wald ratio,1,1,0,0
KDM1A,UKB_hyperthyroid,Wald ratio,1,1,0,0
KDM1A,FinnGen_GO,Wald ratio,1,1,0,0
KDM1B,BBJ_Graves,Inverse variance weighted,4,2,0,2
KDM1B,UKB_hyperthyroid,Inverse variance weighted,4,3,0,1
KDM1B,UKB_hyperthyroid,MR Egger,4,3,0,1
KDM1B,UKB_hyperthyroid,Weighted median,4,3,0,1
KDM1B,UKB_hyperthyroid,Weighted mode,4,3,0,1
KDM1B,FinnGen_GO,Inverse variance weighted,4,4,0,0
KDM1B,FinnGen_GO,MR Egger,4,4,0,0
KDM1B,FinnGen_GO,Weighted median,4,4,0,0
KDM1B,FinnGen_GO,Weighted mode,4,4,0,0
KDM4A,BBJ_Graves,Wald ratio,1,1,0,0
KDM4A,UKB_hyperthyroid,Wald ratio,1,1,0,0
KDM4A,FinnGen_GO,Wald ratio,1,1,0,0
KDM4C,BBJ_Graves,Inverse variance weighted,3,3,1,0
KDM4C,BBJ_Graves,MR Egger,3,3,1,0
KDM4C,BBJ_Graves,Weighted median,3,3,1,0
KDM4C,BBJ_Graves,Weighted mode,3,3,1,0
KDM4C,UKB_hyperthyroid,Inverse variance weighted,3,3,1,0
KDM4C,UKB_hyperthyroid,MR Egger,3,3,1,0
KDM4C,UKB_hyperthyroid,Weighted median,3,3,1,0
KDM4C,UKB_hyperthyroid,Weighted mode,3,3,1,0
KDM4C,FinnGen_GO,Inverse variance weighted,3,3,1,0
KDM4C,FinnGen_GO,MR Egger,3,3,1,0
KDM4C,FinnGen_GO,Weighted median,3,3,1,0
KDM4C,FinnGen_GO,Weighted mode,3,3,1,0
KDSR,BBJ_Graves,Wald ratio,1,1,0,0
KDSR,UKB_hyperthyroid,Wald ratio,1,1,0,0
KDSR,FinnGen_GO,Wald ratio,1,1,0,0
KEAP1,UKB_hyperthyroid,Inverse variance weighted,2,2,0,0
KEAP1,FinnGen_GO,Inverse variance weighted,2,2,0,0
KHK,BBJ_Graves,Wald ratio,4,1,0,3
KHK,UKB_hyperthyroid,Inverse variance weighted,4,4,1,0
KHK,UKB_hyperthyroid,MR Egger,4,4,1,0
KHK,UKB_hyperthyroid,Weighted median,4,4,1,0
KHK,UKB_hyperthyroid,Weighted mode,4,4,1,0
KHK,FinnGen_GO,Inverse variance weighted,4,4,1,0
KHK,FinnGen_GO,MR Egger,4,4,1,0
KHK,FinnGen_GO,Weighted median,4,4,1,0
KHK,FinnGen_GO,Weighted mode,4,4,1,0
KIF11,BBJ_Graves,Wald ratio,1,1,0,0
KIF11,UKB_hyperthyroid,Wald ratio,1,1,0,0
KIF11,FinnGen_GO,Wald ratio,1,1,0,0
KIR2DL1,FinnGen_GO,Inverse variance weighted,2,2,1,0
KIR2DL3,BBJ_Graves,Wald ratio,2,1,0,1
KIR2DL3,UKB_hyperthyroid,Wald ratio,2,1,0,1
KIR2DL3,FinnGen_GO,Inverse variance weighted,2,2,0,0
KIR2DL4,FinnGen_GO,Wald ratio,1,1,1,0
KIR2DS4,BBJ_Graves,Inverse variance weighted,5,3,0,2
KIR2DS4,BBJ_Graves,MR Egger,5,3,0,2
KIR2DS4,BBJ_Graves,Weighted median,5,3,0,2
KIR2DS4,BBJ_Graves,Weighted mode,5,3,0,2
KIR2DS4,UKB_hyperthyroid,Inverse variance weighted,5,4,0,1
KIR2DS4,UKB_hyperthyroid,MR Egger,5,4,0,1
KIR2DS4,UKB_hyperthyroid,Weighted median,5,4,0,1
KIR2DS4,UKB_hyperthyroid,Weighted mode,5,4,0,1
KIR2DS4,FinnGen_GO,Inverse variance weighted,5,5,1,0
KIR2DS4,FinnGen_GO,MR Egger,5,5,1,0
KIR2DS4,FinnGen_GO,Weighted median,5,5,1,0
KIR2DS4,FinnGen_GO,Weighted mode,5,5,1,0
KIR3DL1,BBJ_Graves,Wald ratio,3,1,0,2
KIR3DL1,UKB_hyperthyroid,Inverse variance weighted,3,2,0,1
KIR3DL1,FinnGen_GO,Wald ratio,3,1,0,2
KIR3DL2,UKB_hyperthyroid,Inverse variance weighted,3,2,0,1
KIR3DL2,FinnGen_GO,Inverse variance weighted,3,2,0,1
KISS1R,UKB_hyperthyroid,Inverse variance weighted,2,2,0,0
KISS1R,FinnGen_GO,Inverse variance weighted,2,2,0,0
KL,BBJ_Graves,Inverse variance weighted,4,4,0,0
KL,BBJ_Graves,MR Egger,4,4,0,0
KL,BBJ_Graves,Weighted median,4,4,0,0
KL,BBJ_Graves,Weighted mode,4,4,0,0
KL,UKB_hyperthyroid,Inverse variance weighted,4,4,0,0
KL,UKB_hyperthyroid,MR Egger,4,4,0,0
KL,UKB_hyperthyroid,Weighted median,4,4,0,0
KL,UKB_hyperthyroid,Weighted mode,4,4,0,0
KL,FinnGen_GO,Inverse variance weighted,4,4,0,0
KL,FinnGen_GO,MR Egger,4,4,0,0
KL,FinnGen_GO,Weighted median,4,4,0,0
KL,FinnGen_GO,Weighted mode,4,4,0,0
KLF5,BBJ_Graves,Inverse variance weighted,3,3,0,0
KLF5,BBJ_Graves,MR Egger,3,3,0,0
KLF5,BBJ_Graves,Weighted median,3,3,0,0
KLF5,BBJ_Graves,Weighted mode,3,3,0,0
KLF5,UKB_hyperthyroid,Inverse variance weighted,3,3,0,0
KLF5,UKB_hyperthyroid,MR Egger,3,3,0,0
KLF5,UKB_hyperthyroid,Weighted median,3,3,0,0
KLF5,UKB_hyperthyroid,Weighted mode,3,3,0,0
KLF5,FinnGen_GO,Inverse variance weighted,3,3,0,0
KLF5,FinnGen_GO,MR Egger,3,3,0,0
KLF5,FinnGen_GO,Weighted median,3,3,0,0
KLF5,FinnGen_GO,Weighted mode,3,3,0,0
KLHL12,BBJ_Graves,Inverse variance weighted,4,3,1,1
KLHL12,BBJ_Graves,MR Egger,4,3,1,1
KLHL12,BBJ_Graves,Weighted median,4,3,1,1
KLHL12,BBJ_Graves,Weighted mode,4,3,1,1
KLHL12,UKB_hyperthyroid,Inverse variance weighted,4,4,1,0
KLHL12,UKB_hyperthyroid,MR Egger,4,4,1,0
KLHL12,UKB_hyperthyroid,Weighted median,4,4,1,0
KLHL12,UKB_hyperthyroid,Weighted mode,4,4,1,0
KLHL12,FinnGen_GO,Inverse variance weighted,4,4,1,0
KLHL12,FinnGen_GO,MR Egger,4,4,1,0
KLHL12,FinnGen_GO,Weighted median,4,4,1,0
KLHL12,FinnGen_GO,Weighted mode,4,4,1,0
KLHL17,BBJ_Graves,Wald ratio,1,1,0,0
KLHL17,UKB_hyperthyroid,Wald ratio,1,1,0,0
KLHL17,FinnGen_GO,Wald ratio,1,1,0,0
KLHL18,BBJ_Graves,Wald ratio,1,1,0,0
KLHL18,UKB_hyperthyroid,Wald ratio,1,1,0,0
KLHL18,FinnGen_GO,Wald ratio,1,1,0,0
KLHL2,BBJ_Graves,Wald ratio,1,1,0,0
KLHL2,UKB_hyperthyroid,Wald ratio,1,1,0,0
KLHL2,FinnGen_GO,Wald ratio,1,1,0,0
KLHL20,BBJ_Graves,Inverse variance weighted,2,2,0,0
KLHL20,UKB_hyperthyroid,Inverse variance weighted,2,2,0,0
KLHL20,FinnGen_GO,Inverse variance weighted,2,2,0,0
KLHL21,BBJ_Graves,Inverse variance weighted,3,2,0,1
KLHL21,UKB_hyperthyroid,Wald ratio,3,1,0,2
KLHL21,FinnGen_GO,Inverse variance weighted,3,2,0,1
KLHL22,UKB_hyperthyroid,Wald ratio,1,1,0,0
KLHL22,FinnGen_GO,Wald ratio,1,1,0,0
KLHL23,BBJ_Graves,Wald ratio,1,1,0,0
KLHL23,UKB_hyperthyroid,Wald ratio,1,1,0,0
KLHL23,FinnGen_GO,Wald ratio,1,1,0,0
KLHL24,BBJ_Graves,Wald ratio,1,1,0,0
KLHL24,UKB_hyperthyroid,Wald ratio,1,1,0,0
KLHL24,FinnGen_GO,Wald ratio,1,1,0,0
KLHL25,BBJ_Graves,Wald ratio,1,1,0,0
KLHL25,UKB_hyperthyroid,Wald ratio,1,1,0,0
KLHL25,FinnGen_GO,Wald ratio,1,1,0,0
KLHL26,BBJ_Graves,Wald ratio,1,1,0,0
KLHL26,UKB_hyperthyroid,Wald ratio,1,1,0,0
KLHL26,FinnGen_GO,Wald ratio,1,1,0,0
KLHL28,UKB_hyperthyroid,Wald ratio,1,1,0,0
KLHL28,FinnGen_GO,Wald ratio,1,1,0,0
KLHL29,BBJ_Graves,Wald ratio,2,1,0,1
KLHL29,UKB_hyperthyroid,Inverse variance weighted,2,2,0,0
KLHL29,FinnGen_GO,Inverse variance weighted,2,2,0,0
KLHL3,BBJ_Graves,Inverse variance weighted,3,2,0,1
KLHL3,UKB_hyperthyroid,Inverse variance weighted,3,3,0,0
KLHL3,UKB_hyperthyroid,MR Egger,3,3,0,0
KLHL3,UKB_hyperthyroid,Weighted median,3,3,0,0
KLHL3,UKB_hyperthyroid,Weighted mode,3,3,0,0
KLHL3,FinnGen_GO,Inverse variance weighted,3,3,0,0
KLHL3,FinnGen_GO,MR Egger,3,3,0,0
KLHL3,FinnGen_GO,Weighted median,3,3,0,0
KLHL3,FinnGen_GO,Weighted mode,3,3,0,0
KLHL30,BBJ_Graves,Inverse variance weighted,2,2,0,0
KLHL30,UKB_hyperthyroid,Inverse variance weighted,2,2,0,0
KLHL30,FinnGen_GO,Inverse variance weighted,2,2,0,0
KLHL32,UKB_hyperthyroid,Wald ratio,1,1,0,0
KLHL32,FinnGen_GO,Wald ratio,1,1,0,0
KLHL33,BBJ_Graves,Wald ratio,1,1,0,0
KLHL33,UKB_hyperthyroid,Wald ratio,1,1,0,0
KLHL33,FinnGen_GO,Wald ratio,1,1,0,0
KLHL35,BBJ_Graves,Inverse variance weighted,3,3,0,0
KLHL35,BBJ_Graves,MR Egger,3,3,0,0
KLHL35,BBJ_Graves,Weighted median,3,3,0,0
KLHL35,BBJ_Graves,Weighted mode,3,3,0,0
KLHL35,UKB_hyperthyroid,Inverse variance weighted,3,3,0,0
KLHL35,UKB_hyperthyroid,MR Egger,3,3,0,0
KLHL35,UKB_hyperthyroid,Weighted median,3,3,0,0
KLHL35,UKB_hyperthyroid,Weighted mode,3,3,0,0
KLHL35,FinnGen_GO,Inverse variance weighted,3,3,0,0
KLHL35,FinnGen_GO,MR Egger,3,3,0,0
KLHL35,FinnGen_GO,Weighted median,3,3,0,0
KLHL35,FinnGen_GO,Weighted mode,3,3,0,0
KLHL36,BBJ_Graves,Inverse variance weighted,2,2,1,0
KLHL36,UKB_hyperthyroid,Inverse variance weighted,2,2,1,0
KLHL36,FinnGen_GO,Inverse variance weighted,2,2,1,0
KLHL5,BBJ_Graves,Inverse variance weighted,5,5,1,0
KLHL5,BBJ_Graves,MR Egger,5,5,1,0
KLHL5,BBJ_Graves,Weighted median,5,5,1,0
KLHL5,BBJ_Graves,Weighted mode,5,5,1,0
KLHL5,UKB_hyperthyroid,Inverse variance weighted,5,5,1,0
KLHL5,UKB_hyperthyroid,MR Egger,5,5,1,0
KLHL5,UKB_hyperthyroid,Weighted median,5,5,1,0
KLHL5,UKB_hyperthyroid,Weighted mode,5,5,1,0
KLHL5,FinnGen_GO,Inverse variance weighted,5,5,1,0
KLHL5,FinnGen_GO,MR Egger,5,5,1,0
KLHL5,FinnGen_GO,Weighted median,5,5,1,0
KLHL5,FinnGen_GO,Weighted mode,5,5,1,0
KLHL6,BBJ_Graves,Inverse variance weighted,3,2,1,1
KLHL6,UKB_hyperthyroid,Inverse variance weighted,3,3,1,0
KLHL6,UKB_hyperthyroid,MR Egger,3,3,1,0
KLHL6,UKB_hyperthyroid,Weighted median,3,3,1,0
KLHL6,UKB_hyperthyroid,Weighted mode,3,3,1,0
KLHL6,FinnGen_GO,Inverse variance weighted,3,3,1,0
KLHL6,FinnGen_GO,MR Egger,3,3,1,0
KLHL6,FinnGen_GO,Weighted median,3,3,1,0
KLHL6,FinnGen_GO,Weighted mode,3,3,1,0
KLHL7,BBJ_Graves,Inverse variance weighted,2,2,0,0
KLHL7,UKB_hyperthyroid,Inverse variance weighted,2,2,0,0
KLHL7,FinnGen_GO,Inverse variance weighted,2,2,0,0
KLHL8,BBJ_Graves,Wald ratio,2,1,0,1
KLHL8,UKB_hyperthyroid,Inverse variance weighted,2,2,1,0
KLHL8,FinnGen_GO,Wald ratio,2,1,0,1
KLHL9,BBJ_Graves,Wald ratio,3,1,2,2
KLHL9,UKB_hyperthyroid,Inverse variance weighted,3,3,2,0
KLHL9,UKB_hyperthyroid,MR Egger,3,3,2,0
KLHL9,UKB_hyperthyroid,Weighted median,3,3,2,0
KLHL9,UKB_hyperthyroid,Weighted mode,3,3,2,0
KLHL9,FinnGen_GO,Inverse variance weighted,3,3,2,0
KLHL9,FinnGen_GO,MR Egger,3,3,2,0
KLHL9,FinnGen_GO,Weighted median,3,3,2,0
KLHL9,FinnGen_GO,Weighted mode,3,3,2,0
KLK1,BBJ_Graves,Wald ratio,1,1,0,0
KLK1,UKB_hyperthyroid,Wald ratio,1,1,0,0
KLK1,FinnGen_GO,Wald ratio,1,1,0,0
KLK14,BBJ_Graves,Wald ratio,1,1,0,0
KLK14,UKB_hyperthyroid,Wald ratio,1,1,0,0
KLK14,FinnGen_GO,Wald ratio,1,1,0,0
KLKB1,BBJ_Graves,Inverse variance weighted,4,2,0,2
KLKB1,UKB_hyperthyroid,Inverse variance weighted,4,4,0,0
KLKB1,UKB_hyperthyroid,MR Egger,4,4,0,0
KLKB1,UKB_hyperthyroid,Weighted median,4,4,0,0
KLKB1,UKB_hyperthyroid,Weighted mode,4,4,0,0
KLKB1,FinnGen_GO,Inverse variance weighted,4,4,0,0
KLKB1,FinnGen_GO,MR Egger,4,4,0,0
KLKB1,FinnGen_GO,Weighted median,4,4,0,0
KLKB1,FinnGen_GO,Weighted mode,4,4,0,0
KLRB1,BBJ_Graves,Wald ratio,3,1,0,2
KLRB1,UKB_hyperthyroid,Inverse variance weighted,3,3,1,0
KLRB1,UKB_hyperthyroid,MR Egger,3,3,1,0
KLRB1,UKB_hyperthyroid,Weighted median,3,3,1,0
KLRB1,UKB_hyperthyroid,Weighted mode,3,3,1,0
KLRB1,FinnGen_GO,Inverse variance weighted,3,2,1,1
KLRC1,BBJ_Graves,Inverse variance weighted,4,2,0,2
KLRC1,UKB_hyperthyroid,Inverse variance weighted,4,4,0,0
KLRC1,UKB_hyperthyroid,MR Egger,4,4,0,0
KLRC1,UKB_hyperthyroid,Weighted median,4,4,0,0
KLRC1,UKB_hyperthyroid,Weighted mode,4,4,0,0
KLRC1,FinnGen_GO,Inverse variance weighted,4,4,0,0
KLRC1,FinnGen_GO,MR Egger,4,4,0,0
KLRC1,FinnGen_GO,Weighted median,4,4,0,0
KLRC1,FinnGen_GO,Weighted mode,4,4,0,0
KLRC2,BBJ_Graves,Inverse variance weighted,4,2,0,2
KLRC2,UKB_hyperthyroid,Inverse variance weighted,4,2,0,2
KLRC2,FinnGen_GO,Inverse variance weighted,4,2,0,2
KLRD1,BBJ_Graves,Inverse variance weighted,3,2,1,1
KLRD1,UKB_hyperthyroid,Inverse variance weighted,3,2,1,1
KLRD1,FinnGen_GO,Inverse variance weighted,3,2,1,1
KLRK1,BBJ_Graves,Wald ratio,2,1,1,1
KLRK1,UKB_hyperthyroid,Inverse variance weighted,2,2,1,0
KLRK1,FinnGen_GO,Wald ratio,2,1,1,1
KMO,BBJ_Graves,Inverse variance weighted,2,2,0,0
KMO,UKB_hyperthyroid,Inverse variance weighted,2,2,0,0
KMO,FinnGen_GO,Inverse variance weighted,2,2,0,0
KRT18,BBJ_Graves,Wald ratio,1,1,0,0
KRT18,UKB_hyperthyroid,Wald ratio,1,1,0,0
KRT18,FinnGen_GO,Wald ratio,1,1,0,0
KSR1,BBJ_Graves,Inverse variance weighted,3,2,0,1
KSR1,UKB_hyperthyroid,Inverse variance weighted,3,3,1,0
KSR1,UKB_hyperthyroid,MR Egger,3,3,1,0
KSR1,UKB_hyperthyroid,Weighted median,3,3,1,0
KSR1,UKB_hyperthyroid,Weighted mode,3,3,1,0
KSR1,FinnGen_GO,Inverse variance weighted,3,3,1,0
KSR1,FinnGen_GO,MR Egger,3,3,1,0
KSR1,FinnGen_GO,Weighted median,3,3,1,0
KSR1,FinnGen_GO,Weighted mode,3,3,1,0
KYNU,BBJ_Graves,Wald ratio,4,1,0,3
KYNU,UKB_hyperthyroid,Inverse variance weighted,4,3,0,1
KYNU,UKB_hyperthyroid,MR Egger,4,3,0,1
KYNU,UKB_hyperthyroid,Weighted median,4,3,0,1
KYNU,UKB_hyperthyroid,Weighted mode,4,3,0,1
KYNU,FinnGen_GO,Inverse variance weighted,4,4,0,0
KYNU,FinnGen_GO,MR Egger,4,4,0,0
KYNU,FinnGen_GO,Weighted median,4,4,0,0
KYNU,FinnGen_GO,Weighted mode,4,4,0,0
L3MBTL1,BBJ_Graves,Wald ratio,1,1,0,0
L3MBTL1,UKB_hyperthyroid,Wald ratio,1,1,0,0
L3MBTL1,FinnGen_GO,Wald ratio,1,1,0,0
LACTB,BBJ_Graves,Wald ratio,1,1,0,0
LACTB,UKB_hyperthyroid,Wald ratio,1,1,0,0
LACTB,FinnGen_GO,Wald ratio,1,1,0,0
LAD1,BBJ_Graves,Wald ratio,1,1,0,0
LAD1,UKB_hyperthyroid,Wald ratio,1,1,0,0
LAD1,FinnGen_GO,Wald ratio,1,1,0,0
LAG3,BBJ_Graves,Wald ratio,1,1,0,0
LAG3,UKB_hyperthyroid,Wald ratio,1,1,0,0
LAG3,FinnGen_GO,Wald ratio,1,1,0,0
LAIR1,BBJ_Graves,Inverse variance weighted,2,2,1,0
LAIR1,UKB_hyperthyroid,Inverse variance weighted,2,2,1,0
LAIR1,FinnGen_GO,Inverse variance weighted,2,2,2,0
LAIR2,BBJ_Graves,Inverse variance weighted,4,2,1,2
LAIR2,UKB_hyperthyroid,Inverse variance weighted,4,4,1,0
LAIR2,UKB_hyperthyroid,MR Egger,4,4,1,0
LAIR2,UKB_hyperthyroid,Weighted median,4,4,1,0
LAIR2,UKB_hyperthyroid,Weighted mode,4,4,1,0
LAIR2,FinnGen_GO,Inverse variance weighted,4,3,2,1
LAIR2,FinnGen_GO,MR Egger,4,3,2,1
LAIR2,FinnGen_GO,Weighted median,4,3,2,1
LAIR2,FinnGen_GO,Weighted mode,4,3,2,1
LAMA2,BBJ_Graves,Inverse variance weighted,2,2,0,0
LAMA2,UKB_hyperthyroid,Inverse variance weighted,2,2,0,0
LAMA2,FinnGen_GO,Inverse variance weighted,2,2,0,0
LAMA5,BBJ_Graves,Inverse variance weighted,3,2,1,1
LAMA5,UKB_hyperthyroid,Inverse variance weighted,3,2,1,1
LAMA5,FinnGen_GO,Inverse variance weighted,3,3,1,0
LAMA5,FinnGen_GO,MR Egger,3,3,1,0
LAMA5,FinnGen_GO,Weighted median,3,3,1,0
LAMA5,FinnGen_GO,Weighted mode,3,3,1,0
LAMB2,BBJ_Graves,Wald ratio,2,1,0,1
LAMB2,UKB_hyperthyroid,Inverse variance weighted,2,2,0,0
LAMB2,FinnGen_GO,Inverse variance weighted,2,2,0,0
LAMB3,BBJ_Graves,Inverse variance weighted,2,2,0,0
LAMB3,UKB_hyperthyroid,Inverse variance weighted,2,2,0,0
LAMB3,FinnGen_GO,Inverse variance weighted,2,2,0,0
LAMC1,BBJ_Graves,Inverse variance weighted,5,2,0,3
LAMC1,UKB_hyperthyroid,Inverse variance weighted,5,3,0,2
LAMC1,UKB_hyperthyroid,MR Egger,5,3,0,2
LAMC1,UKB_hyperthyroid,Weighted median,5,3,0,2
LAMC1,UKB_hyperthyroid,Weighted mode,5,3,0,2
LAMC1,FinnGen_GO,Inverse variance weighted,5,4,0,1
LAMC1,FinnGen_GO,MR Egger,5,4,0,1
LAMC1,FinnGen_GO,Weighted median,5,4,0,1
LAMC1,FinnGen_GO,Weighted mode,5,4,0,1
LAMC3,BBJ_Graves,Inverse variance weighted,2,2,0,0
LAMC3,UKB_hyperthyroid,Inverse variance weighted,2,2,0,0
LAMC3,FinnGen_GO,Inverse variance weighted,2,2,0,0
LAMP3,BBJ_Graves,Wald ratio,2,1,0,1
LAMP3,UKB_hyperthyroid,Inverse variance weighted,2,2,0,0
LAMP3,FinnGen_GO,Inverse variance weighted,2,2,0,0
LAP3,BBJ_Graves,Inverse variance weighted,7,3,0,4
LAP3,BBJ_Graves,MR Egger,7,3,0,4
LAP3,BBJ_Graves,Weighted median,7,3,0,4
LAP3,BBJ_Graves,Weighted mode,7,3,0,4
LAP3,UKB_hyperthyroid,Inverse variance weighted,7,5,0,2
LAP3,UKB_hyperthyroid,MR Egger,7,5,0,2
LAP3,UKB_hyperthyroid,Weighted median,7,5,0,2
LAP3,UKB_hyperthyroid,Weighted mode,7,5,0,2
LAP3,FinnGen_GO,Inverse variance weighted,7,5,0,2
LAP3,FinnGen_GO,MR Egger,7,5,0,2
LAP3,FinnGen_GO,Weighted median,7,5,0,2
LAP3,FinnGen_GO,Weighted mode,7,5,0,2
LARS,BBJ_Graves,Wald ratio,1,1,1,0
LARS,UKB_hyperthyroid,Wald ratio,1,1,1,0
LARS,FinnGen_GO,Wald ratio,1,1,1,0
LATS2,BBJ_Graves,Inverse variance weighted,2,2,1,0
LATS2,UKB_hyperthyroid,Inverse variance weighted,2,2,1,0
LATS2,FinnGen_GO,Inverse variance weighted,2,2,1,0
LCAT,BBJ_Graves,Wald ratio,2,1,1,1
LCAT,UKB_hyperthyroid,Wald ratio,2,1,1,1
LCAT,FinnGen_GO,Inverse variance weighted,2,2,1,0
LCN2,BBJ_Graves,Wald ratio,1,1,0,0
LCN2,UKB_hyperthyroid,Wald ratio,1,1,0,0
LCN2,FinnGen_GO,Wald ratio,1,1,0,0
LCN8,BBJ_Graves,Inverse variance weighted,2,2,0,0
LCN8,UKB_hyperthyroid,Inverse variance weighted,2,2,0,0
LCN8,FinnGen_GO,Inverse variance weighted,2,2,0,0
LDHA,BBJ_Graves,Wald ratio,2,1,0,1
LDHA,UKB_hyperthyroid,Inverse variance weighted,2,2,0,0
LDHA,FinnGen_GO,Inverse variance weighted,2,2,0,0
LDHB,UKB_hyperthyroid,Wald ratio,1,1,0,0
LDHB,FinnGen_GO,Wald ratio,1,1,0,0
LDLR,BBJ_Graves,Wald ratio,1,1,0,0
LDLR,UKB_hyperthyroid,Wald ratio,1,1,0,0
LDLR,FinnGen_GO,Wald ratio,1,1,0,0
LEAP2,BBJ_Graves,Wald ratio,1,1,0,0
LEAP2,UKB_hyperthyroid,Wald ratio,1,1,0,0
LEAP2,FinnGen_GO,Wald ratio,1,1,0,0
LEFTY1,BBJ_Graves,Wald ratio,1,1,0,0
LEFTY1,UKB_hyperthyroid,Wald ratio,1,1,0,0
LEFTY1,FinnGen_GO,Wald ratio,1,1,0,0
LEP,BBJ_Graves,Wald ratio,2,1,1,1
LEP,UKB_hyperthyroid,Wald ratio,2,1,1,1
LEP,FinnGen_GO,Wald ratio,2,1,1,1
LEPR,BBJ_Graves,Inverse variance weighted,5,4,0,1
LEPR,BBJ_Graves,MR Egger,5,4,0,1
LEPR,BBJ_Graves,Weighted median,5,4,0,1
LEPR,BBJ_Graves,Weighted mode,5,4,0,1
LEPR,UKB_hyperthyroid,Inverse variance weighted,5,5,0,0
LEPR,UKB_hyperthyroid,MR Egger,5,5,0,0
LEPR,UKB_hyperthyroid,Weighted median,5,5,0,0
LEPR,UKB_hyperthyroid,Weighted mode,5,5,0,0
LEPR,FinnGen_GO,Inverse variance weighted,5,5,0,0
LEPR,FinnGen_GO,MR Egger,5,5,0,0
LEPR,FinnGen_GO,Weighted median,5,5,0,0
LEPR,FinnGen_GO,Weighted mode,5,5,0,0
LEPRE1,BBJ_Graves,Inverse variance weighted,2,2,0,0
LEPRE1,UKB_hyperthyroid,Inverse variance weighted,2,2,0,0
LEPRE1,FinnGen_GO,Inverse variance weighted,2,2,0,0
LGALS1,BBJ_Graves,Inverse variance weighted,2,2,0,0
LGALS1,UKB_hyperthyroid,Inverse variance weighted,2,2,0,0
LGALS1,FinnGen_GO,Inverse variance weighted,2,2,0,0
LGALS3,BBJ_Graves,Wald ratio,1,1,1,0
LGALS3,UKB_hyperthyroid,Wald ratio,1,1,1,0
LGALS3,FinnGen_GO,Wald ratio,1,1,1,0
LGALS3BP,BBJ_Graves,Wald ratio,3,1,0,2
LGALS3BP,UKB_hyperthyroid,Inverse variance weighted,3,3,1,0
LGALS3BP,UKB_hyperthyroid,MR Egger,3,3,1,0
LGALS3BP,UKB_hyperthyroid,Weighted median,3,3,1,0
LGALS3BP,UKB_hyperthyroid,Weighted mode,3,3,1,0
LGALS3BP,FinnGen_GO,Inverse variance weighted,3,3,1,0
LGALS3BP,FinnGen_GO,MR Egger,3,3,1,0
LGALS3BP,FinnGen_GO,Weighted median,3,3,1,0
LGALS3BP,FinnGen_GO,Weighted mode,3,3,1,0
LGALS8,BBJ_Graves,Inverse variance weighted,5,4,1,1
LGALS8,BBJ_Graves,MR Egger,5,4,1,1
LGALS8,BBJ_Graves,Weighted median,5,4,1,1
LGALS8,BBJ_Graves,Weighted mode,5,4,1,1
LGALS8,UKB_hyperthyroid,Inverse variance weighted,5,2,0,3
LGALS8,FinnGen_GO,Inverse variance weighted,5,4,1,1
LGALS8,FinnGen_GO,MR Egger,5,4,1,1
LGALS8,FinnGen_GO,Weighted median,5,4,1,1
LGALS8,FinnGen_GO,Weighted mode,5,4,1,1
LGALS9,BBJ_Graves,Inverse variance weighted,6,3,0,3
LGALS9,BBJ_Graves,MR Egger,6,3,0,3
LGALS9,BBJ_Graves,Weighted median,6,3,0,3
LGALS9,BBJ_Graves,Weighted mode,6,3,0,3
LGALS9,UKB_hyperthyroid,Inverse variance weighted,6,4,0,2
LGALS9,UKB_hyperthyroid,MR Egger,6,4,0,2
LGALS9,UKB_hyperthyroid,Weighted median,6,4,0,2
LGALS9,UKB_hyperthyroid,Weighted mode,6,4,0,2
LGALS9,FinnGen_GO,Inverse variance weighted,6,5,0,1
LGALS9,FinnGen_GO,MR Egger,6,5,0,1
LGALS9,FinnGen_GO,Weighted median,6,5,0,1
LGALS9,FinnGen_GO,Weighted mode,6,5,0,1
LGMN,BBJ_Graves,Wald ratio,1,1,0,0
LGMN,UKB_hyperthyroid,Wald ratio,1,1,0,0
LGMN,FinnGen_GO,Wald ratio,1,1,0,0
LGR4,BBJ_Graves,Inverse variance weighted,2,2,0,0
LGR4,UKB_hyperthyroid,Inverse variance weighted,2,2,0,0
LGR4,FinnGen_GO,Inverse variance weighted,2,2,0,0
LGR6,BBJ_Graves,Wald ratio,2,1,0,1
LGR6,UKB_hyperthyroid,Inverse variance weighted,2,2,0,0
LGR6,FinnGen_GO,Inverse variance weighted,2,2,0,0
LIG1,BBJ_Graves,Inverse variance weighted,2,2,0,0
LIG1,UKB_hyperthyroid,Inverse variance weighted,2,2,0,0
LIG1,FinnGen_GO,Inverse variance weighted,2,2,0,0
LILRA1,BBJ_Graves,Inverse variance weighted,3,2,0,1
LILRA1,UKB_hyperthyroid,Inverse variance weighted,3,3,1,0
LILRA1,UKB_hyperthyroid,MR Egger,3,3,1,0
LILRA1,UKB_hyperthyroid,Weighted median,3,3,1,0
LILRA1,UKB_hyperthyroid,Weighted mode,3,3,1,0
LILRA1,FinnGen_GO,Inverse variance weighted,3,3,1,0
LILRA1,FinnGen_GO,MR Egger,3,3,1,0
LILRA1,FinnGen_GO,Weighted median,3,3,1,0
LILRA1,FinnGen_GO,Weighted mode,3,3,1,0
LILRA2,BBJ_Graves,Inverse variance weighted,4,2,0,2
LILRA2,UKB_hyperthyroid,Inverse variance weighted,4,3,0,1
LILRA2,UKB_hyperthyroid,MR Egger,4,3,0,1
LILRA2,UKB_hyperthyroid,Weighted median,4,3,0,1
LILRA2,UKB_hyperthyroid,Weighted mode,4,3,0,1
LILRA2,FinnGen_GO,Inverse variance weighted,4,3,0,1
LILRA2,FinnGen_GO,MR Egger,4,3,0,1
LILRA2,FinnGen_GO,Weighted median,4,3,0,1
LILRA2,FinnGen_GO,Weighted mode,4,3,0,1
LILRA3,UKB_hyperthyroid,Inverse variance weighted,7,6,0,1
LILRA3,UKB_hyperthyroid,MR Egger,7,6,0,1
LILRA3,UKB_hyperthyroid,Weighted median,7,6,0,1
LILRA3,UKB_hyperthyroid,Weighted mode,7,6,0,1
LILRA3,FinnGen_GO,Inverse variance weighted,7,6,0,1
LILRA3,FinnGen_GO,MR Egger,7,6,0,1
LILRA3,FinnGen_GO,Weighted median,7,6,0,1
LILRA3,FinnGen_GO,Weighted mode,7,6,0,1
LILRA4,BBJ_Graves,Inverse variance weighted,2,2,0,0
LILRA4,UKB_hyperthyroid,Inverse variance weighted,2,2,0,0
LILRA4,FinnGen_GO,Inverse variance weighted,2,2,0,0
LILRA5,UKB_hyperthyroid,Inverse variance weighted,3,3,2,0
LILRA5,UKB_hyperthyroid,MR Egger,3,3,2,0
LILRA5,UKB_hyperthyroid,Weighted median,3,3,2,0
LILRA5,UKB_hyperthyroid,Weighted mode,3,3,2,0
LILRA5,FinnGen_GO,Inverse variance weighted,3,3,2,0
LILRA5,FinnGen_GO,MR Egger,3,3,2,0
LILRA5,FinnGen_GO,Weighted median,3,3,2,0
LILRA5,FinnGen_GO,Weighted mode,3,3,2,0
LILRA6,UKB_hyperthyroid,Inverse variance weighted,3,2,0,1
LILRA6,FinnGen_GO,Inverse variance weighted,3,2,0,1
LILRB1,BBJ_Graves,Inverse variance weighted,6,3,0,3
LILRB1,BBJ_Graves,MR Egger,6,3,0,3
LILRB1,BBJ_Graves,Weighted median,6,3,0,3
LILRB1,BBJ_Graves,Weighted mode,6,3,0,3
LILRB1,UKB_hyperthyroid,Inverse variance weighted,6,3,0,3
LILRB1,UKB_hyperthyroid,MR Egger,6,3,0,3
LILRB1,UKB_hyperthyroid,Weighted median,6,3,0,3
LILRB1,UKB_hyperthyroid,Weighted mode,6,3,0,3
LILRB1,FinnGen_GO,Inverse variance weighted,6,5,0,1
LILRB1,FinnGen_GO,MR Egger,6,5,0,1
LILRB1,FinnGen_GO,Weighted median,6,5,0,1
LILRB1,FinnGen_GO,Weighted mode,6,5,0,1
LILRB2,UKB_hyperthyroid,Inverse variance weighted,2,2,0,0
LILRB2,FinnGen_GO,Wald ratio,2,1,0,1
LILRB4,BBJ_Graves,Inverse variance weighted,3,3,0,0
LILRB4,BBJ_Graves,MR Egger,3,3,0,0
LILRB4,BBJ_Graves,Weighted median,3,3,0,0
LILRB4,BBJ_Graves,Weighted mode,3,3,0,0
LILRB4,UKB_hyperthyroid,Inverse variance weighted,3,3,0,0
LILRB4,UKB_hyperthyroid,MR Egger,3,3,0,0
LILRB4,UKB_hyperthyroid,Weighted median,3,3,0,0
LILRB4,UKB_hyperthyroid,Weighted mode,3,3,0,0
LILRB4,FinnGen_GO,Inverse variance weighted,3,3,0,0
LILRB4,FinnGen_GO,MR Egger,3,3,0,0
LILRB4,FinnGen_GO,Weighted median,3,3,0,0
LILRB4,FinnGen_GO,Weighted mode,3,3,0,0
LILRB5,BBJ_Graves,Wald ratio,2,1,0,1
LILRB5,UKB_hyperthyroid,Inverse variance weighted,2,2,0,0
LILRB5,FinnGen_GO,Inverse variance weighted,2,2,0,0
LIMK1,BBJ_Graves,Inverse variance weighted,3,2,0,1
LIMK1,UKB_hyperthyroid,Inverse variance weighted,3,3,0,0
LIMK1,UKB_hyperthyroid,MR Egger,3,3,0,0
LIMK1,UKB_hyperthyroid,Weighted median,3,3,0,0
LIMK1,UKB_hyperthyroid,Weighted mode,3,3,0,0
LIMK1,FinnGen_GO,Inverse variance weighted,3,3,0,0
LIMK1,FinnGen_GO,MR Egger,3,3,0,0
LIMK1,FinnGen_GO,Weighted median,3,3,0,0
LIMK1,FinnGen_GO,Weighted mode,3,3,0,0
LIMK2,BBJ_Graves,Wald ratio,1,1,0,0
LIMK2,UKB_hyperthyroid,Wald ratio,1,1,0,0
LIMK2,FinnGen_GO,Wald ratio,1,1,0,0
LINGO2,BBJ_Graves,Wald ratio,9,1,0,8
LINGO2,UKB_hyperthyroid,Inverse variance weighted,9,4,1,5
LINGO2,UKB_hyperthyroid,MR Egger,9,4,1,5
LINGO2,UKB_hyperthyroid,Weighted median,9,4,1,5
LINGO2,UKB_hyperthyroid,Weighted mode,9,4,1,5
LINGO2,FinnGen_GO,Inverse variance weighted,9,8,1,1
LINGO2,FinnGen_GO,MR Egger,9,8,1,1
LINGO2,FinnGen_GO,Weighted median,9,8,1,1
LINGO2,FinnGen_GO,Weighted mode,9,8,1,1
LIPA,BBJ_Graves,Inverse variance weighted,5,5,1,0
LIPA,BBJ_Graves,MR Egger,5,5,1,0
LIPA,BBJ_Graves,Weighted median,5,5,1,0
LIPA,BBJ_Graves,Weighted mode,5,5,1,0
LIPA,UKB_hyperthyroid,Inverse variance weighted,5,5,1,0
LIPA,UKB_hyperthyroid,MR Egger,5,5,1,0
LIPA,UKB_hyperthyroid,Weighted median,5,5,1,0
LIPA,UKB_hyperthyroid,Weighted mode,5,5,1,0
LIPA,FinnGen_GO,Inverse variance weighted,5,5,1,0
LIPA,FinnGen_GO,MR Egger,5,5,1,0
LIPA,FinnGen_GO,Weighted median,5,5,1,0
LIPA,FinnGen_GO,Weighted mode,5,5,1,0
LIPC,BBJ_Graves,Inverse variance weighted,3,3,0,0
LIPC,BBJ_Graves,MR Egger,3,3,0,0
LIPC,BBJ_Graves,Weighted median,3,3,0,0
LIPC,BBJ_Graves,Weighted mode,3,3,0,0
LIPC,UKB_hyperthyroid,Inverse variance weighted,3,3,0,0
LIPC,UKB_hyperthyroid,MR Egger,3,3,0,0
LIPC,UKB_hyperthyroid,Weighted median,3,3,0,0
LIPC,UKB_hyperthyroid,Weighted mode,3,3,0,0
LIPC,FinnGen_GO,Inverse variance weighted,3,3,0,0
LIPC,FinnGen_GO,MR Egger,3,3,0,0
LIPC,FinnGen_GO,Weighted median,3,3,0,0
LIPC,FinnGen_GO,Weighted mode,3,3,0,0
LIPE,BBJ_Graves,Wald ratio,1,1,0,0
LIPE,UKB_hyperthyroid,Wald ratio,1,1,0,0
LIPE,FinnGen_GO,Wald ratio,1,1,0,0
LIPH,BBJ_Graves,Wald ratio,2,1,1,1
LIPH,UKB_hyperthyroid,Inverse variance weighted,2,2,1,0
LIPH,FinnGen_GO,Inverse variance weighted,2,2,1,0
LIPM,BBJ_Graves,Wald ratio,1,1,0,0
LIPM,UKB_hyperthyroid,Wald ratio,1,1,0,0
LIPM,FinnGen_GO,Wald ratio,1,1,0,0
LIPN,BBJ_Graves,Inverse variance weighted,6,4,0,2
LIPN,BBJ_Graves,MR Egger,6,4,0,2
LIPN,BBJ_Graves,Weighted median,6,4,0,2
LIPN,BBJ_Graves,Weighted mode,6,4,0,2
LIPN,UKB_hyperthyroid,Inverse variance weighted,6,6,0,0
LIPN,UKB_hyperthyroid,MR Egger,6,6,0,0
LIPN,UKB_hyperthyroid,Weighted median,6,6,0,0
LIPN,UKB_hyperthyroid,Weighted mode,6,6,0,0
LIPN,FinnGen_GO,Inverse variance weighted,6,6,0,0
LIPN,FinnGen_GO,MR Egger,6,6,0,0
LIPN,FinnGen_GO,Weighted median,6,6,0,0
LIPN,FinnGen_GO,Weighted mode,6,6,0,0
LMAN1,BBJ_Graves,Wald ratio,1,1,0,0
LMAN1,UKB_hyperthyroid,Wald ratio,1,1,0,0
LMAN1,FinnGen_GO,Wald ratio,1,1,0,0
LMCD1,BBJ_Graves,Inverse variance weighted,2,2,0,0
LMCD1,UKB_hyperthyroid,Inverse variance weighted,2,2,0,0
LMCD1,FinnGen_GO,Inverse variance weighted,2,2,0,0
LMNA,UKB_hyperthyroid,Inverse variance weighted,2,2,1,0
LMNA,FinnGen_GO,Wald ratio,2,1,1,1
LMTK2,BBJ_Graves,Inverse variance weighted,2,2,0,0
LMTK2,UKB_hyperthyroid,Inverse variance weighted,2,2,0,0
LMTK2,FinnGen_GO,Inverse variance weighted,2,2,0,0
LMTK3,BBJ_Graves,Wald ratio,1,1,0,0
LMTK3,UKB_hyperthyroid,Wald ratio,1,1,0,0
LMTK3,FinnGen_GO,Wald ratio,1,1,0,0
LNPEP,BBJ_Graves,Inverse variance weighted,2,2,0,0
LNPEP,UKB_hyperthyroid,Inverse variance weighted,2,2,0,0
LNPEP,FinnGen_GO,Inverse variance weighted,2,2,0,0
LOX,BBJ_Graves,Wald ratio,1,1,0,0
LOX,UKB_hyperthyroid,Wald ratio,1,1,0,0
LOX,FinnGen_GO,Wald ratio,1,1,0,0
LOXL2,BBJ_Graves,Wald ratio,3,1,0,2
LOXL2,UKB_hyperthyroid,Inverse variance weighted,3,3,0,0
LOXL2,UKB_hyperthyroid,MR Egger,3,3,0,0
LOXL2,UKB_hyperthyroid,Weighted median,3,3,0,0
LOXL2,UKB_hyperthyroid,Weighted mode,3,3,0,0
LOXL2,FinnGen_GO,Inverse variance weighted,3,3,0,0
LOXL2,FinnGen_GO,MR Egger,3,3,0,0
LOXL2,FinnGen_GO,Weighted median,3,3,0,0
LOXL2,FinnGen_GO,Weighted mode,3,3,0,0
LOXL3,BBJ_Graves,Wald ratio,3,1,0,2
LOXL3,UKB_hyperthyroid,Inverse variance weighted,3,3,0,0
LOXL3,UKB_hyperthyroid,MR Egger,3,3,0,0
LOXL3,UKB_hyperthyroid,Weighted median,3,3,0,0
LOXL3,UKB_hyperthyroid,Weighted mode,3,3,0,0
LOXL3,FinnGen_GO,Inverse variance weighted,3,3,0,0
LOXL3,FinnGen_GO,MR Egger,3,3,0,0
LOXL3,FinnGen_GO,Weighted median,3,3,0,0
LOXL3,FinnGen_GO,Weighted mode,3,3,0,0
LPAR1,BBJ_Graves,Inverse variance weighted,6,4,0,2
LPAR1,BBJ_Graves,MR Egger,6,4,0,2
LPAR1,BBJ_Graves,Weighted median,6,4,0,2
LPAR1,BBJ_Graves,Weighted mode,6,4,0,2
LPAR1,UKB_hyperthyroid,Inverse variance weighted,6,5,1,1
LPAR1,UKB_hyperthyroid,MR Egger,6,5,1,1
LPAR1,UKB_hyperthyroid,Weighted median,6,5,1,1
LPAR1,UKB_hyperthyroid,Weighted mode,6,5,1,1
LPAR1,FinnGen_GO,Inverse variance weighted,6,6,1,0
LPAR1,FinnGen_GO,MR Egger,6,6,1,0
LPAR1,FinnGen_GO,Weighted median,6,6,1,0
LPAR1,FinnGen_GO,Weighted mode,6,6,1,0
LPAR2,BBJ_Graves,Inverse variance weighted,8,2,0,6
LPAR2,UKB_hyperthyroid,Inverse variance weighted,8,6,0,2
LPAR2,UKB_hyperthyroid,MR Egger,8,6,0,2
LPAR2,UKB_hyperthyroid,Weighted median,8,6,0,2
LPAR2,UKB_hyperthyroid,Weighted mode,8,6,0,2
LPAR2,FinnGen_GO,Inverse variance weighted,8,7,0,1
LPAR2,FinnGen_GO,MR Egger,8,7,0,1
LPAR2,FinnGen_GO,Weighted median,8,7,0,1
LPAR2,FinnGen_GO,Weighted mode,8,7,0,1
LPAR3,BBJ_Graves,Inverse variance weighted,2,2,0,0
LPAR3,UKB_hyperthyroid,Inverse variance weighted,2,2,0,0
LPAR3,FinnGen_GO,Inverse variance weighted,2,2,0,0
LPAR5,BBJ_Graves,Wald ratio,2,1,0,1
LPAR5,UKB_hyperthyroid,Inverse variance weighted,2,2,1,0
LPAR5,FinnGen_GO,Inverse variance weighted,2,2,1,0
LPAR6,BBJ_Graves,Inverse variance weighted,2,2,1,0
LPAR6,UKB_hyperthyroid,Inverse variance weighted,2,2,1,0
LPAR6,FinnGen_GO,Inverse variance weighted,2,2,1,0
LPHN1,BBJ_Graves,Wald ratio,1,1,0,0
LPHN1,UKB_hyperthyroid,Wald ratio,1,1,0,0
LPHN1,FinnGen_GO,Wald ratio,1,1,0,0
LPL,BBJ_Graves,Inverse variance weighted,5,3,0,2
LPL,BBJ_Graves,MR Egger,5,3,0,2
LPL,BBJ_Graves,Weighted median,5,3,0,2
LPL,BBJ_Graves,Weighted mode,5,3,0,2
LPL,UKB_hyperthyroid,Inverse variance weighted,5,4,1,1
LPL,UKB_hyperthyroid,MR Egger,5,4,1,1
LPL,UKB_hyperthyroid,Weighted median,5,4,1,1
LPL,UKB_hyperthyroid,Weighted mode,5,4,1,1
LPL,FinnGen_GO,Inverse variance weighted,5,5,1,0
LPL,FinnGen_GO,MR Egger,5,5,1,0
LPL,FinnGen_GO,Weighted median,5,5,1,0
LPL,FinnGen_GO,Weighted mode,5,5,1,0
LRG1,BBJ_Graves,Wald ratio,1,1,0,0
LRG1,UKB_hyperthyroid,Wald ratio,1,1,0,0
LRG1,FinnGen_GO,Wald ratio,1,1,0,0
LRP1,UKB_hyperthyroid,Wald ratio,1,1,0,0
LRP1,FinnGen_GO,Wald ratio,1,1,0,0
LRP8,UKB_hyperthyroid,Wald ratio,1,1,1,0
LRP8,FinnGen_GO,Wald ratio,1,1,1,0
LRPAP1,BBJ_Graves,Wald ratio,2,1,0,1
LRPAP1,UKB_hyperthyroid,Inverse variance weighted,2,2,0,0
LRPAP1,FinnGen_GO,Inverse variance weighted,2,2,0,0
LRRC17,FinnGen_GO,Wald ratio,1,1,1,0
LRRC4,BBJ_Graves,Wald ratio,1,1,0,0
LRRC4,UKB_hyperthyroid,Wald ratio,1,1,0,0
LRRC4,FinnGen_GO,Wald ratio,1,1,0,0
LRRC4B,BBJ_Graves,Wald ratio,1,1,0,0
LRRC4B,UKB_hyperthyroid,Wald ratio,1,1,0,0
LRRC4B,FinnGen_GO,Wald ratio,1,1,0,0
LRRK1,BBJ_Graves,Inverse variance weighted,2,2,0,0
LRRK1,UKB_hyperthyroid,Inverse variance weighted,2,2,0,0
LRRK1,FinnGen_GO,Inverse variance weighted,2,2,0,0
LRRK2,BBJ_Graves,Inverse variance weighted,4,4,1,0
LRRK2,BBJ_Graves,MR Egger,4,4,1,0
LRRK2,BBJ_Graves,Weighted median,4,4,1,0
LRRK2,BBJ_Graves,Weighted mode,4,4,1,0
LRRK2,UKB_hyperthyroid,Inverse variance weighted,4,4,1,0
LRRK2,UKB_hyperthyroid,MR Egger,4,4,1,0
LRRK2,UKB_hyperthyroid,Weighted median,4,4,1,0
LRRK2,UKB_hyperthyroid,Weighted mode,4,4,1,0
LRRK2,FinnGen_GO,Inverse variance weighted,4,4,1,0
LRRK2,FinnGen_GO,MR Egger,4,4,1,0
LRRK2,FinnGen_GO,Weighted median,4,4,1,0
LRRK2,FinnGen_GO,Weighted mode,4,4,1,0
LRRN1,BBJ_Graves,Inverse variance weighted,4,4,0,0
LRRN1,BBJ_Graves,MR Egger,4,4,0,0
LRRN1,BBJ_Graves,Weighted median,4,4,0,0
LRRN1,BBJ_Graves,Weighted mode,4,4,0,0
LRRN1,UKB_hyperthyroid,Inverse variance weighted,4,4,0,0
LRRN1,UKB_hyperthyroid,MR Egger,4,4,0,0
LRRN1,UKB_hyperthyroid,Weighted median,4,4,0,0
LRRN1,UKB_hyperthyroid,Weighted mode,4,4,0,0
LRRN1,FinnGen_GO,Inverse variance weighted,4,4,0,0
LRRN1,FinnGen_GO,MR Egger,4,4,0,0
LRRN1,FinnGen_GO,Weighted median,4,4,0,0
LRRN1,FinnGen_GO,Weighted mode,4,4,0,0
LRRN3,BBJ_Graves,Inverse variance weighted,3,2,0,1
LRRN3,UKB_hyperthyroid,Inverse variance weighted,3,3,0,0
LRRN3,UKB_hyperthyroid,MR Egger,3,3,0,0
LRRN3,UKB_hyperthyroid,Weighted median,3,3,0,0
LRRN3,UKB_hyperthyroid,Weighted mode,3,3,0,0
LRRN3,FinnGen_GO,Inverse variance weighted,3,3,0,0
LRRN3,FinnGen_GO,MR Egger,3,3,0,0
LRRN3,FinnGen_GO,Weighted median,3,3,0,0
LRRN3,FinnGen_GO,Weighted mode,3,3,0,0
LSS,BBJ_Graves,Inverse variance weighted,3,3,1,0
LSS,BBJ_Graves,MR Egger,3,3,1,0
LSS,BBJ_Graves,Weighted median,3,3,1,0
LSS,BBJ_Graves,Weighted mode,3,3,1,0
LSS,UKB_hyperthyroid,Inverse variance weighted,3,3,1,0
LSS,UKB_hyperthyroid,MR Egger,3,3,1,0
LSS,UKB_hyperthyroid,Weighted median,3,3,1,0
LSS,UKB_hyperthyroid,Weighted mode,3,3,1,0
LSS,FinnGen_GO,Inverse variance weighted,3,3,1,0
LSS,FinnGen_GO,MR Egger,3,3,1,0
LSS,FinnGen_GO,Weighted median,3,3,1,0
LSS,FinnGen_GO,Weighted mode,3,3,1,0
LTA,BBJ_Graves,Wald ratio,1,1,0,0
LTA,UKB_hyperthyroid,Wald ratio,1,1,0,0
LTA,FinnGen_GO,Wald ratio,1,1,0,0
LTA4H,BBJ_Graves,Inverse variance weighted,7,4,0,3
LTA4H,BBJ_Graves,MR Egger,7,4,0,3
LTA4H,BBJ_Graves,Weighted median,7,4,0,3
LTA4H,BBJ_Graves,Weighted mode,7,4,0,3
LTA4H,UKB_hyperthyroid,Inverse variance weighted,7,4,0,3
LTA4H,UKB_hyperthyroid,MR Egger,7,4,0,3
LTA4H,UKB_hyperthyroid,Weighted median,7,4,0,3
LTA4H,UKB_hyperthyroid,Weighted mode,7,4,0,3
LTA4H,FinnGen_GO,Inverse variance weighted,7,7,0,0
LTA4H,FinnGen_GO,MR Egger,7,7,0,0
LTA4H,FinnGen_GO,Weighted median,7,7,0,0
LTA4H,FinnGen_GO,Weighted mode,7,7,0,0
LTB,BBJ_Graves,Wald ratio,1,1,0,0
LTB,UKB_hyperthyroid,Wald ratio,1,1,0,0
LTB,FinnGen_GO,Wald ratio,1,1,0,0
LTB4R,BBJ_Graves,Wald ratio,1,1,0,0
LTB4R,UKB_hyperthyroid,Wald ratio,1,1,0,0
LTB4R,FinnGen_GO,Wald ratio,1,1,0,0
LTB4R2,UKB_hyperthyroid,Wald ratio,1,1,0,0
LTB4R2,FinnGen_GO,Wald ratio,1,1,0,0
LTBP2,BBJ_Graves,Inverse variance weighted,2,2,0,0
LTBP2,UKB_hyperthyroid,Inverse variance weighted,2,2,0,0
LTBP2,FinnGen_GO,Inverse variance weighted,2,2,0,0
LTBP3,BBJ_Graves,Inverse variance weighted,3,2,1,1
LTBP3,UKB_hyperthyroid,Inverse variance weighted,3,3,1,0
LTBP3,UKB_hyperthyroid,MR Egger,3,3,1,0
LTBP3,UKB_hyperthyroid,Weighted median,3,3,1,0
LTBP3,UKB_hyperthyroid,Weighted mode,3,3,1,0
LTBP3,FinnGen_GO,Inverse variance weighted,3,3,1,0
LTBP3,FinnGen_GO,MR Egger,3,3,1,0
LTBP3,FinnGen_GO,Weighted median,3,3,1,0
LTBP3,FinnGen_GO,Weighted mode,3,3,1,0
LTBP4,BBJ_Graves,Wald ratio,2,1,0,1
LTBP4,UKB_hyperthyroid,Inverse variance weighted,2,2,0,0
LTBP4,FinnGen_GO,Inverse variance weighted,2,2,0,0
LTBR,BBJ_Graves,Wald ratio,3,1,0,2
LTBR,UKB_hyperthyroid,Inverse variance weighted,3,3,0,0
LTBR,UKB_hyperthyroid,MR Egger,3,3,0,0
LTBR,UKB_hyperthyroid,Weighted median,3,3,0,0
LTBR,UKB_hyperthyroid,Weighted mode,3,3,0,0
LTBR,FinnGen_GO,Inverse variance weighted,3,3,0,0
LTBR,FinnGen_GO,MR Egger,3,3,0,0
LTBR,FinnGen_GO,Weighted median,3,3,0,0
LTBR,FinnGen_GO,Weighted mode,3,3,0,0
LTF,UKB_hyperthyroid,Wald ratio,1,1,0,0
LTF,FinnGen_GO,Wald ratio,1,1,0,0
LY75,BBJ_Graves,Wald ratio,4,1,0,3
LY75,UKB_hyperthyroid,Inverse variance weighted,4,4,0,0
LY75,UKB_hyperthyroid,MR Egger,4,4,0,0
LY75,UKB_hyperthyroid,Weighted median,4,4,0,0
LY75,UKB_hyperthyroid,Weighted mode,4,4,0,0
LY75,FinnGen_GO,Inverse variance weighted,4,4,0,0
LY75,FinnGen_GO,MR Egger,4,4,0,0
LY75,FinnGen_GO,Weighted median,4,4,0,0
LY75,FinnGen_GO,Weighted mode,4,4,0,0
LY86,BBJ_Graves,Inverse variance weighted,10,5,0,5
LY86,BBJ_Graves,MR Egger,10,5,0,5
LY86,BBJ_Graves,Weighted median,10,5,0,5
LY86,BBJ_Graves,Weighted mode,10,5,0,5
LY86,UKB_hyperthyroid,Inverse variance weighted,10,6,0,4
LY86,UKB_hyperthyroid,MR Egger,10,6,0,4
LY86,UKB_hyperthyroid,Weighted median,10,6,0,4
LY86,UKB_hyperthyroid,Weighted mode,10,6,0,4
LY86,FinnGen_GO,Inverse variance weighted,10,9,0,1
LY86,FinnGen_GO,MR Egger,10,9,0,1
LY86,FinnGen_GO,Weighted median,10,9,0,1
LY86,FinnGen_GO,Weighted mode,10,9,0,1
LY9,BBJ_Graves,Inverse variance weighted,4,2,0,2
LY9,UKB_hyperthyroid,Inverse variance weighted,4,2,0,2
LY9,FinnGen_GO,Inverse variance weighted,4,3,0,1
LY9,FinnGen_GO,MR Egger,4,3,0,1
LY9,FinnGen_GO,Weighted median,4,3,0,1
LY9,FinnGen_GO,Weighted mode,4,3,0,1
LY96,BBJ_Graves,Inverse variance weighted,4,2,0,2
LY96,UKB_hyperthyroid,Inverse variance weighted,4,4,0,0
LY96,UKB_hyperthyroid,MR Egger,4,4,0,0
LY96,UKB_hyperthyroid,Weighted median,4,4,0,0
LY96,UKB_hyperthyroid,Weighted mode,4,4,0,0
LY96,FinnGen_GO,Inverse variance weighted,4,4,0,0
LY96,FinnGen_GO,MR Egger,4,4,0,0
LY96,FinnGen_GO,Weighted median,4,4,0,0
LY96,FinnGen_GO,Weighted mode,4,4,0,0
LYG1,BBJ_Graves,Inverse variance weighted,3,3,0,0
LYG1,BBJ_Graves,MR Egger,3,3,0,0
LYG1,BBJ_Graves,Weighted median,3,3,0,0
LYG1,BBJ_Graves,Weighted mode,3,3,0,0
LYG1,UKB_hyperthyroid,Inverse variance weighted,3,3,0,0
LYG1,UKB_hyperthyroid,MR Egger,3,3,0,0
LYG1,UKB_hyperthyroid,Weighted median,3,3,0,0
LYG1,UKB_hyperthyroid,Weighted mode,3,3,0,0
LYG1,FinnGen_GO,Inverse variance weighted,3,3,0,0
LYG1,FinnGen_GO,MR Egger,3,3,0,0
LYG1,FinnGen_GO,Weighted median,3,3,0,0
LYG1,FinnGen_GO,Weighted mode,3,3,0,0
LYN,BBJ_Graves,Wald ratio,1,1,1,0
LYPD5,BBJ_Graves,Wald ratio,1,1,0,0
LYPD5,UKB_hyperthyroid,Wald ratio,1,1,0,0
LYPD5,FinnGen_GO,Wald ratio,1,1,0,0
LYZ,BBJ_Graves,Inverse variance weighted,11,3,0,8
LYZ,BBJ_Graves,MR Egger,11,3,0,8
LYZ,BBJ_Graves,Weighted median,11,3,0,8
LYZ,BBJ_Graves,Weighted mode,11,3,0,8
LYZ,UKB_hyperthyroid,Inverse variance weighted,11,6,0,5
LYZ,UKB_hyperthyroid,MR Egger,11,6,0,5
LYZ,UKB_hyperthyroid,Weighted median,11,6,0,5
LYZ,UKB_hyperthyroid,Weighted mode,11,6,0,5
LYZ,FinnGen_GO,Inverse variance weighted,11,11,0,0
LYZ,FinnGen_GO,MR Egger,11,11,0,0
LYZ,FinnGen_GO,Weighted median,11,11,0,0
LYZ,FinnGen_GO,Weighted mode,11,11,0,0
M6PR,BBJ_Graves,Inverse variance weighted,4,2,1,2
M6PR,UKB_hyperthyroid,Inverse variance weighted,4,4,1,0
M6PR,UKB_hyperthyroid,MR Egger,4,4,1,0
M6PR,UKB_hyperthyroid,Weighted median,4,4,1,0
M6PR,UKB_hyperthyroid,Weighted mode,4,4,1,0
M6PR,FinnGen_GO,Inverse variance weighted,4,4,1,0
M6PR,FinnGen_GO,MR Egger,4,4,1,0
M6PR,FinnGen_GO,Weighted median,4,4,1,0
M6PR,FinnGen_GO,Weighted mode,4,4,1,0
MADCAM1,BBJ_Graves,Inverse variance weighted,2,2,0,0
MADCAM1,UKB_hyperthyroid,Inverse variance weighted,2,2,0,0
MADCAM1,FinnGen_GO,Inverse variance weighted,2,2,0,0
MAG,BBJ_Graves,Wald ratio,1,1,0,0
MAG,UKB_hyperthyroid,Wald ratio,1,1,0,0
MAG,FinnGen_GO,Wald ratio,1,1,0,0
MAK,BBJ_Graves,Inverse variance weighted,4,4,0,0
MAK,BBJ_Graves,MR Egger,4,4,0,0
MAK,BBJ_Graves,Weighted median,4,4,0,0
MAK,BBJ_Graves,Weighted mode,4,4,0,0
MAK,UKB_hyperthyroid,Inverse variance weighted,4,4,0,0
MAK,UKB_hyperthyroid,MR Egger,4,4,0,0
MAK,UKB_hyperthyroid,Weighted median,4,4,0,0
MAK,UKB_hyperthyroid,Weighted mode,4,4,0,0
MAK,FinnGen_GO,Inverse variance weighted,4,4,0,0
MAK,FinnGen_GO,MR Egger,4,4,0,0
MAK,FinnGen_GO,Weighted median,4,4,0,0
MAK,FinnGen_GO,Weighted mode,4,4,0,0
MAN1B1,BBJ_Graves,Inverse variance weighted,5,2,0,3
MAN1B1,UKB_hyperthyroid,Inverse variance weighted,5,3,0,2
MAN1B1,UKB_hyperthyroid,MR Egger,5,3,0,2
MAN1B1,UKB_hyperthyroid,Weighted median,5,3,0,2
MAN1B1,UKB_hyperthyroid,Weighted mode,5,3,0,2
MAN1B1,FinnGen_GO,Inverse variance weighted,5,5,0,0
MAN1B1,FinnGen_GO,MR Egger,5,5,0,0
MAN1B1,FinnGen_GO,Weighted median,5,5,0,0
MAN1B1,FinnGen_GO,Weighted mode,5,5,0,0
MAN2B1,BBJ_Graves,Wald ratio,3,1,0,2
MAN2B1,UKB_hyperthyroid,Inverse variance weighted,3,3,0,0
MAN2B1,UKB_hyperthyroid,MR Egger,3,3,0,0
MAN2B1,UKB_hyperthyroid,Weighted median,3,3,0,0
MAN2B1,UKB_hyperthyroid,Weighted mode,3,3,0,0
MAN2B1,FinnGen_GO,Inverse variance weighted,3,3,0,0
MAN2B1,FinnGen_GO,MR Egger,3,3,0,0
MAN2B1,FinnGen_GO,Weighted median,3,3,0,0
MAN2B1,FinnGen_GO,Weighted mode,3,3,0,0
MANBA,BBJ_Graves,Inverse variance weighted,3,2,0,1
MANBA,UKB_hyperthyroid,Inverse variance weighted,3,2,0,1
MANBA,FinnGen_GO,Wald ratio,3,1,0,2
MANF,BBJ_Graves,Inverse variance weighted,3,2,0,1
MANF,UKB_hyperthyroid,Inverse variance weighted,3,3,0,0
MANF,UKB_hyperthyroid,MR Egger,3,3,0,0
MANF,UKB_hyperthyroid,Weighted median,3,3,0,0
MANF,UKB_hyperthyroid,Weighted mode,3,3,0,0
MANF,FinnGen_GO,Inverse variance weighted,3,3,0,0
MANF,FinnGen_GO,MR Egger,3,3,0,0
MANF,FinnGen_GO,Weighted median,3,3,0,0
MANF,FinnGen_GO,Weighted mode,3,3,0,0
MAP2K1,BBJ_Graves,Wald ratio,1,1,0,0
MAP2K1,UKB_hyperthyroid,Wald ratio,1,1,0,0
MAP2K1,FinnGen_GO,Wald ratio,1,1,0,0
MAP2K2,BBJ_Graves,Wald ratio,1,1,0,0
MAP2K2,UKB_hyperthyroid,Wald ratio,1,1,0,0
MAP2K2,FinnGen_GO,Wald ratio,1,1,0,0
MAP2K3,BBJ_Graves,Wald ratio,1,1,0,0
MAP2K3,UKB_hyperthyroid,Wald ratio,1,1,0,0
MAP2K3,FinnGen_GO,Wald ratio,1,1,0,0
MAP2K4,UKB_hyperthyroid,Wald ratio,1,1,0,0
MAP2K4,FinnGen_GO,Wald ratio,1,1,0,0
MAP2K5,BBJ_Graves,Wald ratio,3,1,1,2
MAP2K5,UKB_hyperthyroid,Inverse variance weighted,3,3,1,0
MAP2K5,UKB_hyperthyroid,MR Egger,3,3,1,0
MAP2K5,UKB_hyperthyroid,Weighted median,3,3,1,0
MAP2K5,UKB_hyperthyroid,Weighted mode,3,3,1,0
MAP2K5,FinnGen_GO,Inverse variance weighted,3,3,1,0
MAP2K5,FinnGen_GO,MR Egger,3,3,1,0
MAP2K5,FinnGen_GO,Weighted median,3,3,1,0
MAP2K5,FinnGen_GO,Weighted mode,3,3,1,0
MAP3K1,BBJ_Graves,Inverse variance weighted,2,2,0,0
MAP3K1,UKB_hyperthyroid,Inverse variance weighted,2,2,0,0
MAP3K1,FinnGen_GO,Inverse variance weighted,2,2,0,0
MAP3K10,BBJ_Graves,Wald ratio,1,1,0,0
MAP3K10,UKB_hyperthyroid,Wald ratio,1,1,0,0
MAP3K10,FinnGen_GO,Wald ratio,1,1,0,0
MAP3K11,BBJ_Graves,Inverse variance weighted,6,4,0,2
MAP3K11,BBJ_Graves,MR Egger,6,4,0,2
MAP3K11,BBJ_Graves,Weighted median,6,4,0,2
MAP3K11,BBJ_Graves,Weighted mode,6,4,0,2
MAP3K11,UKB_hyperthyroid,Inverse variance weighted,6,5,0,1
MAP3K11,UKB_hyperthyroid,MR Egger,6,5,0,1
MAP3K11,UKB_hyperthyroid,Weighted median,6,5,0,1
MAP3K11,UKB_hyperthyroid,Weighted mode,6,5,0,1
MAP3K11,FinnGen_GO,Inverse variance weighted,6,6,0,0
MAP3K11,FinnGen_GO,MR Egger,6,6,0,0
MAP3K11,FinnGen_GO,Weighted median,6,6,0,0
MAP3K11,FinnGen_GO,Weighted mode,6,6,0,0
MAP3K12,BBJ_Graves,Wald ratio,1,1,0,0
MAP3K12,UKB_hyperthyroid,Wald ratio,1,1,0,0
MAP3K12,FinnGen_GO,Wald ratio,1,1,0,0
MAP3K13,BBJ_Graves,Wald ratio,1,1,0,0
MAP3K13,UKB_hyperthyroid,Wald ratio,1,1,0,0
MAP3K13,FinnGen_GO,Wald ratio,1,1,0,0
MAP3K14,BBJ_Graves,Wald ratio,1,1,0,0
MAP3K14,UKB_hyperthyroid,Wald ratio,1,1,0,0
MAP3K14,FinnGen_GO,Wald ratio,1,1,0,0
MAP3K2,BBJ_Graves,Inverse variance weighted,9,4,0,5
MAP3K2,BBJ_Graves,MR Egger,9,4,0,5
MAP3K2,BBJ_Graves,Weighted median,9,4,0,5
MAP3K2,BBJ_Graves,Weighted mode,9,4,0,5
MAP3K2,UKB_hyperthyroid,Inverse variance weighted,9,7,0,2
MAP3K2,UKB_hyperthyroid,MR Egger,9,7,0,2
MAP3K2,UKB_hyperthyroid,Weighted median,9,7,0,2
MAP3K2,UKB_hyperthyroid,Weighted mode,9,7,0,2
MAP3K2,FinnGen_GO,Inverse variance weighted,9,7,0,2
MAP3K2,FinnGen_GO,MR Egger,9,7,0,2
MAP3K2,FinnGen_GO,Weighted median,9,7,0,2
MAP3K2,FinnGen_GO,Weighted mode,9,7,0,2
MAP3K3,BBJ_Graves,Wald ratio,1,1,0,0
MAP3K3,UKB_hyperthyroid,Wald ratio,1,1,0,0
MAP3K3,FinnGen_GO,Wald ratio,1,1,0,0
MAP3K4,BBJ_Graves,Wald ratio,1,1,0,0
MAP3K4,UKB_hyperthyroid,Wald ratio,1,1,0,0
MAP3K4,FinnGen_GO,Wald ratio,1,1,0,0
MAP3K5,BBJ_Graves,Inverse variance weighted,2,2,0,0
MAP3K5,UKB_hyperthyroid,Inverse variance weighted,2,2,0,0
MAP3K5,FinnGen_GO,Inverse variance weighted,2,2,0,0
MAP3K6,UKB_hyperthyroid,Inverse variance weighted,7,6,0,1
MAP3K6,UKB_hyperthyroid,MR Egger,7,6,0,1
MAP3K6,UKB_hyperthyroid,Weighted median,7,6,0,1
MAP3K6,UKB_hyperthyroid,Weighted mode,7,6,0,1
MAP3K6,FinnGen_GO,Inverse variance weighted,7,7,0,0
MAP3K6,FinnGen_GO,MR Egger,7,7,0,0
MAP3K6,FinnGen_GO,Weighted median,7,7,0,0
MAP3K6,FinnGen_GO,Weighted mode,7,7,0,0
MAP3K7,BBJ_Graves,Wald ratio,1,1,0,0
MAP3K7,UKB_hyperthyroid,Wald ratio,1,1,0,0
MAP3K7,FinnGen_GO,Wald ratio,1,1,0,0
MAP3K8,BBJ_Graves,Inverse variance weighted,3,2,1,1
MAP3K8,UKB_hyperthyroid,Inverse variance weighted,3,2,1,1
MAP3K8,FinnGen_GO,Inverse variance weighted,3,2,1,1
MAP3K9,BBJ_Graves,Wald ratio,1,1,0,0
MAP3K9,UKB_hyperthyroid,Wald ratio,1,1,0,0
MAP3K9,FinnGen_GO,Wald ratio,1,1,0,0
MAP4K1,BBJ_Graves,Inverse variance weighted,2,2,2,0
MAP4K1,UKB_hyperthyroid,Inverse variance weighted,2,2,2,0
MAP4K1,FinnGen_GO,Inverse variance weighted,2,2,2,0
MAP4K2,UKB_hyperthyroid,Inverse variance weighted,2,2,0,0
MAP4K2,FinnGen_GO,Wald ratio,2,1,0,1
MAP4K4,BBJ_Graves,Wald ratio,1,1,0,0
MAP4K4,UKB_hyperthyroid,Wald ratio,1,1,0,0
MAP4K4,FinnGen_GO,Wald ratio,1,1,0,0
MAP4K5,BBJ_Graves,Inverse variance weighted,2,2,0,0
MAP4K5,UKB_hyperthyroid,Inverse variance weighted,2,2,0,0
MAP4K5,FinnGen_GO,Inverse variance weighted,2,2,0,0
MAPK1,BBJ_Graves,Wald ratio,2,1,0,1
MAPK1,UKB_hyperthyroid,Inverse variance weighted,2,2,0,0
MAPK1,FinnGen_GO,Inverse variance weighted,2,2,0,0
MAPK11,BBJ_Graves,Wald ratio,1,1,0,0
MAPK11,UKB_hyperthyroid,Wald ratio,1,1,0,0
MAPK11,FinnGen_GO,Wald ratio,1,1,0,0
MAPK13,BBJ_Graves,Inverse variance weighted,2,2,0,0
MAPK13,UKB_hyperthyroid,Inverse variance weighted,2,2,0,0
MAPK13,FinnGen_GO,Inverse variance weighted,2,2,0,0
MAPK14,UKB_hyperthyroid,Inverse variance weighted,2,2,1,0
MAPK14,FinnGen_GO,Inverse variance weighted,2,2,1,0
MAPK3,BBJ_Graves,Inverse variance weighted,5,2,0,3
MAPK3,UKB_hyperthyroid,Inverse variance weighted,5,5,1,0
MAPK3,UKB_hyperthyroid,MR Egger,5,5,1,0
MAPK3,UKB_hyperthyroid,Weighted median,5,5,1,0
MAPK3,UKB_hyperthyroid,Weighted mode,5,5,1,0
MAPK3,FinnGen_GO,Inverse variance weighted,5,5,1,0
MAPK3,FinnGen_GO,MR Egger,5,5,1,0
MAPK3,FinnGen_GO,Weighted median,5,5,1,0
MAPK3,FinnGen_GO,Weighted mode,5,5,1,0
MAPK6,BBJ_Graves,Wald ratio,1,1,0,0
MAPK6,UKB_hyperthyroid,Wald ratio,1,1,0,0
MAPK6,FinnGen_GO,Wald ratio,1,1,0,0
MAPK7,UKB_hyperthyroid,Wald ratio,1,1,0,0
MAPK7,FinnGen_GO,Wald ratio,1,1,0,0
MAPK8,BBJ_Graves,Wald ratio,2,1,0,1
MAPK8,UKB_hyperthyroid,Inverse variance weighted,2,2,0,0
MAPK8,FinnGen_GO,Inverse variance weighted,2,2,0,0
MAPK9,BBJ_Graves,Inverse variance weighted,2,2,0,0
MAPK9,UKB_hyperthyroid,Inverse variance weighted,2,2,0,0
MAPK9,FinnGen_GO,Inverse variance weighted,2,2,0,0
MAPKAPK2,BBJ_Graves,Inverse variance weighted,2,2,1,0
MAPKAPK2,UKB_hyperthyroid,Inverse variance weighted,2,2,1,0
MAPKAPK2,FinnGen_GO,Inverse variance weighted,2,2,1,0
MAPKAPK3,BBJ_Graves,Inverse variance weighted,5,3,1,2
MAPKAPK3,BBJ_Graves,MR Egger,5,3,1,2
MAPKAPK3,BBJ_Graves,Weighted median,5,3,1,2
MAPKAPK3,BBJ_Graves,Weighted mode,5,3,1,2
MAPKAPK3,UKB_hyperthyroid,Wald ratio,5,1,1,4
MAPKAPK3,FinnGen_GO,Inverse variance weighted,5,4,1,1
MAPKAPK3,FinnGen_GO,MR Egger,5,4,1,1
MAPKAPK3,FinnGen_GO,Weighted median,5,4,1,1
MAPKAPK3,FinnGen_GO,Weighted mode,5,4,1,1
MAPKAPK5,BBJ_Graves,Inverse variance weighted,4,4,0,0
MAPKAPK5,BBJ_Graves,MR Egger,4,4,0,0
MAPKAPK5,BBJ_Graves,Weighted median,4,4,0,0
MAPKAPK5,BBJ_Graves,Weighted mode,4,4,0,0
MAPKAPK5,UKB_hyperthyroid,Wald ratio,4,1,0,3
MAPKAPK5,FinnGen_GO,Inverse variance weighted,4,4,0,0
MAPKAPK5,FinnGen_GO,MR Egger,4,4,0,0
MAPKAPK5,FinnGen_GO,Weighted median,4,4,0,0
MAPKAPK5,FinnGen_GO,Weighted mode,4,4,0,0
MAPT,UKB_hyperthyroid,Wald ratio,1,1,0,0
MAPT,FinnGen_GO,Wald ratio,1,1,0,0
MARK2,BBJ_Graves,Wald ratio,3,1,0,2
MARK2,UKB_hyperthyroid,Inverse variance weighted,3,2,0,1
MARK2,FinnGen_GO,Inverse variance weighted,3,3,0,0
MARK2,FinnGen_GO,MR Egger,3,3,0,0
MARK2,FinnGen_GO,Weighted median,3,3,0,0
MARK2,FinnGen_GO,Weighted mode,3,3,0,0
MARK3,BBJ_Graves,Inverse variance weighted,3,3,0,0
MARK3,BBJ_Graves,MR Egger,3,3,0,0
MARK3,BBJ_Graves,Weighted median,3,3,0,0
MARK3,BBJ_Graves,Weighted mode,3,3,0,0
MARK3,UKB_hyperthyroid,Inverse variance weighted,3,3,0,0
MARK3,UKB_hyperthyroid,MR Egger,3,3,0,0
MARK3,UKB_hyperthyroid,Weighted median,3,3,0,0
MARK3,UKB_hyperthyroid,Weighted mode,3,3,0,0
MARK3,FinnGen_GO,Inverse variance weighted,3,3,0,0
MARK3,FinnGen_GO,MR Egger,3,3,0,0
MARK3,FinnGen_GO,Weighted median,3,3,0,0
MARK3,FinnGen_GO,Weighted mode,3,3,0,0
MARK4,BBJ_Graves,Wald ratio,4,1,0,3
MARK4,UKB_hyperthyroid,Inverse variance weighted,4,4,0,0
MARK4,UKB_hyperthyroid,MR Egger,4,4,0,0
MARK4,UKB_hyperthyroid,Weighted median,4,4,0,0
MARK4,UKB_hyperthyroid,Weighted mode,4,4,0,0
MARK4,FinnGen_GO,Inverse variance weighted,4,4,0,0
MARK4,FinnGen_GO,MR Egger,4,4,0,0
MARK4,FinnGen_GO,Weighted median,4,4,0,0
MARK4,FinnGen_GO,Weighted mode,4,4,0,0
MARS,BBJ_Graves,Wald ratio,1,1,0,0
MARS,UKB_hyperthyroid,Wald ratio,1,1,0,0
MARS,FinnGen_GO,Wald ratio,1,1,0,0
MASP2,BBJ_Graves,Wald ratio,1,1,0,0
MASP2,UKB_hyperthyroid,Wald ratio,1,1,0,0
MASP2,FinnGen_GO,Wald ratio,1,1,0,0
MAST2,BBJ_Graves,Wald ratio,1,1,1,0
MAST2,UKB_hyperthyroid,Wald ratio,1,1,1,0
MAST2,FinnGen_GO,Wald ratio,1,1,1,0
MAST3,UKB_hyperthyroid,Wald ratio,1,1,0,0
MAST3,FinnGen_GO,Wald ratio,1,1,0,0
MAST4,BBJ_Graves,Inverse variance weighted,3,3,0,0
MAST4,BBJ_Graves,MR Egger,3,3,0,0
MAST4,BBJ_Graves,Weighted median,3,3,0,0
MAST4,BBJ_Graves,Weighted mode,3,3,0,0
MAST4,UKB_hyperthyroid,Inverse variance weighted,3,3,0,0
MAST4,UKB_hyperthyroid,MR Egger,3,3,0,0
MAST4,UKB_hyperthyroid,Weighted median,3,3,0,0
MAST4,UKB_hyperthyroid,Weighted mode,3,3,0,0
MAST4,FinnGen_GO,Inverse variance weighted,3,2,0,1
MASTL,BBJ_Graves,Inverse variance weighted,6,3,1,3
MASTL,BBJ_Graves,MR Egger,6,3,1,3
MASTL,BBJ_Graves,Weighted median,6,3,1,3
MASTL,BBJ_Graves,Weighted mode,6,3,1,3
MASTL,UKB_hyperthyroid,Inverse variance weighted,6,5,1,1
MASTL,UKB_hyperthyroid,MR Egger,6,5,1,1
MASTL,UKB_hyperthyroid,Weighted median,6,5,1,1
MASTL,UKB_hyperthyroid,Weighted mode,6,5,1,1
MASTL,FinnGen_GO,Inverse variance weighted,6,5,1,1
MASTL,FinnGen_GO,MR Egger,6,5,1,1
MASTL,FinnGen_GO,Weighted median,6,5,1,1
MASTL,FinnGen_GO,Weighted mode,6,5,1,1
MATK,BBJ_Graves,Inverse variance weighted,3,2,0,1
MATK,UKB_hyperthyroid,Inverse variance weighted,3,3,0,0
MATK,UKB_hyperthyroid,MR Egger,3,3,0,0
MATK,UKB_hyperthyroid,Weighted median,3,3,0,0
MATK,UKB_hyperthyroid,Weighted mode,3,3,0,0
MATK,FinnGen_GO,Inverse variance weighted,3,3,0,0
MATK,FinnGen_GO,MR Egger,3,3,0,0
MATK,FinnGen_GO,Weighted median,3,3,0,0
MATK,FinnGen_GO,Weighted mode,3,3,0,0
MATN2,BBJ_Graves,Inverse variance weighted,5,4,0,1
MATN2,BBJ_Graves,MR Egger,5,4,0,1
MATN2,BBJ_Graves,Weighted median,5,4,0,1
MATN2,BBJ_Graves,Weighted mode,5,4,0,1
MATN2,UKB_hyperthyroid,Inverse variance weighted,5,4,0,1
MATN2,UKB_hyperthyroid,MR Egger,5,4,0,1
MATN2,UKB_hyperthyroid,Weighted median,5,4,0,1
MATN2,UKB_hyperthyroid,Weighted mode,5,4,0,1
MATN2,FinnGen_GO,Inverse variance weighted,5,5,0,0
MATN2,FinnGen_GO,MR Egger,5,5,0,0
MATN2,FinnGen_GO,Weighted median,5,5,0,0
MATN2,FinnGen_GO,Weighted mode,5,5,0,0
MBNL1,UKB_hyperthyroid,Inverse variance weighted,5,3,0,2
MBNL1,UKB_hyperthyroid,MR Egger,5,3,0,2
MBNL1,UKB_hyperthyroid,Weighted median,5,3,0,2
MBNL1,UKB_hyperthyroid,Weighted mode,5,3,0,2
MBNL1,FinnGen_GO,Inverse variance weighted,5,5,0,0
MBNL1,FinnGen_GO,MR Egger,5,5,0,0
MBNL1,FinnGen_GO,Weighted median,5,5,0,0
MBNL1,FinnGen_GO,Weighted mode,5,5,0,0
MBTPS1,BBJ_Graves,Inverse variance weighted,3,2,0,1
MBTPS1,UKB_hyperthyroid,Inverse variance weighted,3,3,0,0
MBTPS1,UKB_hyperthyroid,MR Egger,3,3,0,0
MBTPS1,UKB_hyperthyroid,Weighted median,3,3,0,0
MBTPS1,UKB_hyperthyroid,Weighted mode,3,3,0,0
MBTPS1,FinnGen_GO,Inverse variance weighted,3,3,0,0
MBTPS1,FinnGen_GO,MR Egger,3,3,0,0
MBTPS1,FinnGen_GO,Weighted median,3,3,0,0
MBTPS1,FinnGen_GO,Weighted mode,3,3,0,0
MC1R,BBJ_Graves,Inverse variance weighted,6,3,0,3
MC1R,BBJ_Graves,MR Egger,6,3,0,3
MC1R,BBJ_Graves,Weighted median,6,3,0,3
MC1R,BBJ_Graves,Weighted mode,6,3,0,3
MC1R,UKB_hyperthyroid,Inverse variance weighted,6,4,1,2
MC1R,UKB_hyperthyroid,MR Egger,6,4,1,2
MC1R,UKB_hyperthyroid,Weighted median,6,4,1,2
MC1R,UKB_hyperthyroid,Weighted mode,6,4,1,2
MC1R,FinnGen_GO,Inverse variance weighted,6,6,1,0
MC1R,FinnGen_GO,MR Egger,6,6,1,0
MC1R,FinnGen_GO,Weighted median,6,6,1,0
MC1R,FinnGen_GO,Weighted mode,6,6,1,0
MCHR1,BBJ_Graves,Wald ratio,2,1,0,1
MCHR1,UKB_hyperthyroid,Inverse variance weighted,2,2,0,0
MCHR1,FinnGen_GO,Inverse variance weighted,2,2,0,0
MCL1,BBJ_Graves,Wald ratio,2,1,0,1
MCL1,UKB_hyperthyroid,Inverse variance weighted,2,2,0,0
MCL1,FinnGen_GO,Inverse variance weighted,2,2,0,0
MCOLN1,UKB_hyperthyroid,Inverse variance weighted,2,2,1,0
MCOLN1,FinnGen_GO,Wald ratio,2,1,1,1
MCOLN2,BBJ_Graves,Inverse variance weighted,3,2,0,1
MCOLN2,UKB_hyperthyroid,Inverse variance weighted,3,3,0,0
MCOLN2,UKB_hyperthyroid,MR Egger,3,3,0,0
MCOLN2,UKB_hyperthyroid,Weighted median,3,3,0,0
MCOLN2,UKB_hyperthyroid,Weighted mode,3,3,0,0
MCOLN2,FinnGen_GO,Inverse variance weighted,3,3,0,0
MCOLN2,FinnGen_GO,MR Egger,3,3,0,0
MCOLN2,FinnGen_GO,Weighted median,3,3,0,0
MCOLN2,FinnGen_GO,Weighted mode,3,3,0,0
MCOLN3,BBJ_Graves,Inverse variance weighted,2,2,0,0
MCOLN3,UKB_hyperthyroid,Inverse variance weighted,2,2,0,0
MCOLN3,FinnGen_GO,Inverse variance weighted,2,2,0,0
MDM2,BBJ_Graves,Inverse variance weighted,4,2,0,2
MDM2,UKB_hyperthyroid,Inverse variance weighted,4,4,0,0
MDM2,UKB_hyperthyroid,MR Egger,4,4,0,0
MDM2,UKB_hyperthyroid,Weighted median,4,4,0,0
MDM2,UKB_hyperthyroid,Weighted mode,4,4,0,0
MDM2,FinnGen_GO,Inverse variance weighted,4,4,0,0
MDM2,FinnGen_GO,MR Egger,4,4,0,0
MDM2,FinnGen_GO,Weighted median,4,4,0,0
MDM2,FinnGen_GO,Weighted mode,4,4,0,0
ME1,BBJ_Graves,Inverse variance weighted,2,2,0,0
ME1,UKB_hyperthyroid,Inverse variance weighted,2,2,0,0
ME1,FinnGen_GO,Inverse variance weighted,2,2,0,0
MERTK,BBJ_Graves,Wald ratio,4,1,0,3
MERTK,UKB_hyperthyroid,Inverse variance weighted,4,4,0,0
MERTK,UKB_hyperthyroid,MR Egger,4,4,0,0
MERTK,UKB_hyperthyroid,Weighted median,4,4,0,0
MERTK,UKB_hyperthyroid,Weighted mode,4,4,0,0
MERTK,FinnGen_GO,Inverse variance weighted,4,4,0,0
MERTK,FinnGen_GO,MR Egger,4,4,0,0
MERTK,FinnGen_GO,Weighted median,4,4,0,0
MERTK,FinnGen_GO,Weighted mode,4,4,0,0
METAP1,BBJ_Graves,Wald ratio,1,1,0,0
METAP1,UKB_hyperthyroid,Wald ratio,1,1,0,0
METAP1,FinnGen_GO,Wald ratio,1,1,0,0
METAP2,BBJ_Graves,Wald ratio,2,1,1,1
METAP2,UKB_hyperthyroid,Inverse variance weighted,2,2,1,0
METAP2,FinnGen_GO,Inverse variance weighted,2,2,1,0
METRN,BBJ_Graves,Wald ratio,1,1,0,0
METRN,UKB_hyperthyroid,Wald ratio,1,1,0,0
METRN,FinnGen_GO,Wald ratio,1,1,0,0
MFAP1,UKB_hyperthyroid,Wald ratio,1,1,0,0
MFAP1,FinnGen_GO,Wald ratio,1,1,0,0
MFGE8,BBJ_Graves,Inverse variance weighted,4,3,0,1
MFGE8,BBJ_Graves,MR Egger,4,3,0,1
MFGE8,BBJ_Graves,Weighted median,4,3,0,1
MFGE8,BBJ_Graves,Weighted mode,4,3,0,1
MFGE8,UKB_hyperthyroid,Inverse variance weighted,4,4,0,0
MFGE8,UKB_hyperthyroid,MR Egger,4,4,0,0
MFGE8,UKB_hyperthyroid,Weighted median,4,4,0,0
MFGE8,UKB_hyperthyroid,Weighted mode,4,4,0,0
MFGE8,FinnGen_GO,Inverse variance weighted,4,4,0,0
MFGE8,FinnGen_GO,MR Egger,4,4,0,0
MFGE8,FinnGen_GO,Weighted median,4,4,0,0
MFGE8,FinnGen_GO,Weighted mode,4,4,0,0
MFI2,BBJ_Graves,Wald ratio,1,1,0,0
MFI2,UKB_hyperthyroid,Wald ratio,1,1,0,0
MFI2,FinnGen_GO,Wald ratio,1,1,0,0
MFNG,BBJ_Graves,Wald ratio,2,1,0,1
MFNG,UKB_hyperthyroid,Inverse variance weighted,2,2,0,0
MFNG,FinnGen_GO,Inverse variance weighted,2,2,0,0
MGAM,BBJ_Graves,Wald ratio,3,1,0,2
MGAM,UKB_hyperthyroid,Inverse variance weighted,3,2,0,1
MGAM,FinnGen_GO,Wald ratio,3,1,0,2
MGAT4A,BBJ_Graves,Wald ratio,1,1,0,0
MGAT4A,UKB_hyperthyroid,Wald ratio,1,1,0,0
MGAT4A,FinnGen_GO,Wald ratio,1,1,0,0
MGEA5,BBJ_Graves,Wald ratio,1,1,0,0
MGEA5,UKB_hyperthyroid,Wald ratio,1,1,0,0
MGEA5,FinnGen_GO,Wald ratio,1,1,0,0
MGLL,BBJ_Graves,Wald ratio,2,1,0,1
MGLL,UKB_hyperthyroid,Wald ratio,2,1,1,1
MGLL,FinnGen_GO,Wald ratio,2,1,1,1
MGMT,BBJ_Graves,Inverse variance weighted,4,2,1,2
MGMT,UKB_hyperthyroid,Inverse variance weighted,4,3,1,1
MGMT,UKB_hyperthyroid,MR Egger,4,3,1,1
MGMT,UKB_hyperthyroid,Weighted median,4,3,1,1
MGMT,UKB_hyperthyroid,Weighted mode,4,3,1,1
MGMT,FinnGen_GO,Inverse variance weighted,4,3,1,1
MGMT,FinnGen_GO,MR Egger,4,3,1,1
MGMT,FinnGen_GO,Weighted median,4,3,1,1
MGMT,FinnGen_GO,Weighted mode,4,3,1,1
MGP,BBJ_Graves,Wald ratio,1,1,0,0
MGP,UKB_hyperthyroid,Wald ratio,1,1,0,0
MGP,FinnGen_GO,Wald ratio,1,1,0,0
MGST1,BBJ_Graves,Wald ratio,1,1,1,0
MGST1,UKB_hyperthyroid,Wald ratio,1,1,1,0
MGST1,FinnGen_GO,Wald ratio,1,1,1,0
MGST2,BBJ_Graves,Inverse variance weighted,4,4,0,0
MGST2,BBJ_Graves,MR Egger,4,4,0,0
MGST2,BBJ_Graves,Weighted median,4,4,0,0
MGST2,BBJ_Graves,Weighted mode,4,4,0,0
MGST2,UKB_hyperthyroid,Inverse variance weighted,4,4,0,0
MGST2,UKB_hyperthyroid,MR Egger,4,4,0,0
MGST2,UKB_hyperthyroid,Weighted median,4,4,0,0
MGST2,UKB_hyperthyroid,Weighted mode,4,4,0,0
MGST2,FinnGen_GO,Inverse variance weighted,4,4,0,0
MGST2,FinnGen_GO,MR Egger,4,4,0,0
MGST2,FinnGen_GO,Weighted median,4,4,0,0
MGST2,FinnGen_GO,Weighted mode,4,4,0,0
MGST3,BBJ_Graves,Inverse variance weighted,8,5,0,3
MGST3,BBJ_Graves,MR Egger,8,5,0,3
MGST3,BBJ_Graves,Weighted median,8,5,0,3
MGST3,BBJ_Graves,Weighted mode,8,5,0,3
MGST3,UKB_hyperthyroid,Inverse variance weighted,8,6,0,2
MGST3,UKB_hyperthyroid,MR Egger,8,6,0,2
MGST3,UKB_hyperthyroid,Weighted median,8,6,0,2
MGST3,UKB_hyperthyroid,Weighted mode,8,6,0,2
MGST3,FinnGen_GO,Inverse variance weighted,8,8,0,0
MGST3,FinnGen_GO,MR Egger,8,8,0,0
MGST3,FinnGen_GO,Weighted median,8,8,0,0
MGST3,FinnGen_GO,Weighted mode,8,8,0,0
MIF,BBJ_Graves,Wald ratio,2,1,0,1
MIF,UKB_hyperthyroid,Inverse variance weighted,2,2,0,0
MIF,FinnGen_GO,Inverse variance weighted,2,2,0,0
MINK1,BBJ_Graves,Inverse variance weighted,4,3,0,1
MINK1,BBJ_Graves,MR Egger,4,3,0,1
MINK1,BBJ_Graves,Weighted median,4,3,0,1
MINK1,BBJ_Graves,Weighted mode,4,3,0,1
MINK1,UKB_hyperthyroid,Inverse variance weighted,4,4,0,0
MINK1,UKB_hyperthyroid,MR Egger,4,4,0,0
MINK1,UKB_hyperthyroid,Weighted median,4,4,0,0
MINK1,UKB_hyperthyroid,Weighted mode,4,4,0,0
MINK1,FinnGen_GO,Inverse variance weighted,4,4,0,0
MINK1,FinnGen_GO,MR Egger,4,4,0,0
MINK1,FinnGen_GO,Weighted median,4,4,0,0
MINK1,FinnGen_GO,Weighted mode,4,4,0,0
MINPP1,UKB_hyperthyroid,Wald ratio,3,1,0,2
MINPP1,FinnGen_GO,Inverse variance weighted,3,3,0,0
MINPP1,FinnGen_GO,MR Egger,3,3,0,0
MINPP1,FinnGen_GO,Weighted median,3,3,0,0
MINPP1,FinnGen_GO,Weighted mode,3,3,0,0
MITF,BBJ_Graves,Wald ratio,1,1,0,0
MITF,UKB_hyperthyroid,Wald ratio,1,1,0,0
MITF,FinnGen_GO,Wald ratio,1,1,0,0
MKNK1,BBJ_Graves,Inverse variance weighted,2,2,0,0
MKNK1,UKB_hyperthyroid,Inverse variance weighted,2,2,0,0
MKNK1,FinnGen_GO,Inverse variance weighted,2,2,0,0
MKNK2,BBJ_Graves,Wald ratio,2,1,0,1
MKNK2,UKB_hyperthyroid,Inverse variance weighted,2,2,0,0
MKNK2,FinnGen_GO,Inverse variance weighted,2,2,0,0
MLKL,BBJ_Graves,Inverse variance weighted,4,2,0,2
MLKL,UKB_hyperthyroid,Inverse variance weighted,4,4,1,0
MLKL,UKB_hyperthyroid,MR Egger,4,4,1,0
MLKL,UKB_hyperthyroid,Weighted median,4,4,1,0
MLKL,UKB_hyperthyroid,Weighted mode,4,4,1,0
MLKL,FinnGen_GO,Inverse variance weighted,4,4,1,0
MLKL,FinnGen_GO,MR Egger,4,4,1,0
MLKL,FinnGen_GO,Weighted median,4,4,1,0
MLKL,FinnGen_GO,Weighted mode,4,4,1,0
MLX,BBJ_Graves,Wald ratio,2,1,0,1
MLX,UKB_hyperthyroid,Inverse variance weighted,2,2,0,0
MLX,FinnGen_GO,Inverse variance weighted,2,2,0,0
MLYCD,BBJ_Graves,Inverse variance weighted,2,2,0,0
MLYCD,UKB_hyperthyroid,Inverse variance weighted,2,2,0,0
MLYCD,FinnGen_GO,Inverse variance weighted,2,2,0,0
MME,BBJ_Graves,Inverse variance weighted,2,2,0,0
MME,UKB_hyperthyroid,Inverse variance weighted,2,2,0,0
MME,FinnGen_GO,Inverse variance weighted,2,2,0,0
MMEL1,BBJ_Graves,Inverse variance weighted,2,2,0,0
MMEL1,UKB_hyperthyroid,Inverse variance weighted,2,2,0,0
MMEL1,FinnGen_GO,Inverse variance weighted,2,2,0,0
MMP1,BBJ_Graves,Inverse variance weighted,2,2,0,0
MMP1,UKB_hyperthyroid,Inverse variance weighted,2,2,0,0
MMP1,FinnGen_GO,Inverse variance weighted,2,2,0,0
MMP11,BBJ_Graves,Wald ratio,2,1,0,1
MMP11,UKB_hyperthyroid,Inverse variance weighted,2,2,0,0
MMP11,FinnGen_GO,Inverse variance weighted,2,2,0,0
MMP14,UKB_hyperthyroid,Wald ratio,1,1,1,0
MMP14,FinnGen_GO,Wald ratio,1,1,1,0
MMP15,BBJ_Graves,Wald ratio,1,1,0,0
MMP15,UKB_hyperthyroid,Wald ratio,1,1,0,0
MMP15,FinnGen_GO,Wald ratio,1,1,0,0
MMP17,BBJ_Graves,Inverse variance weighted,2,2,0,0
MMP17,UKB_hyperthyroid,Inverse variance weighted,2,2,0,0
MMP17,FinnGen_GO,Inverse variance weighted,2,2,0,0
MMP19,BBJ_Graves,Wald ratio,1,1,0,0
MMP19,UKB_hyperthyroid,Wald ratio,1,1,0,0
MMP19,FinnGen_GO,Wald ratio,1,1,0,0
MMP24,BBJ_Graves,Wald ratio,1,1,0,0
MMP24,UKB_hyperthyroid,Wald ratio,1,1,0,0
MMP24,FinnGen_GO,Wald ratio,1,1,0,0
MMP25,BBJ_Graves,Wald ratio,7,1,0,6
MMP25,UKB_hyperthyroid,Inverse variance weighted,7,5,0,2
MMP25,UKB_hyperthyroid,MR Egger,7,5,0,2
MMP25,UKB_hyperthyroid,Weighted median,7,5,0,2
MMP25,UKB_hyperthyroid,Weighted mode,7,5,0,2
MMP25,FinnGen_GO,Inverse variance weighted,7,6,0,1
MMP25,FinnGen_GO,MR Egger,7,6,0,1
MMP25,FinnGen_GO,Weighted median,7,6,0,1
MMP25,FinnGen_GO,Weighted mode,7,6,0,1
MMP28,BBJ_Graves,Inverse variance weighted,3,3,1,0
MMP28,BBJ_Graves,MR Egger,3,3,1,0
MMP28,BBJ_Graves,Weighted median,3,3,1,0
MMP28,BBJ_Graves,Weighted mode,3,3,1,0
MMP28,UKB_hyperthyroid,Inverse variance weighted,3,2,0,1
MMP28,FinnGen_GO,Inverse variance weighted,3,3,1,0
MMP28,FinnGen_GO,MR Egger,3,3,1,0
MMP28,FinnGen_GO,Weighted median,3,3,1,0
MMP28,FinnGen_GO,Weighted mode,3,3,1,0
MMP9,BBJ_Graves,Inverse variance weighted,3,3,0,0
MMP9,BBJ_Graves,MR Egger,3,3,0,0
MMP9,BBJ_Graves,Weighted median,3,3,0,0
MMP9,BBJ_Graves,Weighted mode,3,3,0,0
MMP9,UKB_hyperthyroid,Inverse variance weighted,3,2,0,1
MMP9,FinnGen_GO,Inverse variance weighted,3,3,0,0
MMP9,FinnGen_GO,MR Egger,3,3,0,0
MMP9,FinnGen_GO,Weighted median,3,3,0,0
MMP9,FinnGen_GO,Weighted mode,3,3,0,0
MMRN1,BBJ_Graves,Wald ratio,1,1,0,0
MMRN1,UKB_hyperthyroid,Wald ratio,1,1,0,0
MMRN1,FinnGen_GO,Wald ratio,1,1,0,0
MMRN2,UKB_hyperthyroid,Wald ratio,1,1,0,0
MMRN2,FinnGen_GO,Wald ratio,1,1,0,0
MOK,UKB_hyperthyroid,Wald ratio,1,1,0,0
MOK,FinnGen_GO,Wald ratio,1,1,0,0
MPI,BBJ_Graves,Wald ratio,2,1,0,1
MPI,UKB_hyperthyroid,Inverse variance weighted,2,2,0,0
MPI,FinnGen_GO,Inverse variance weighted,2,2,0,0
MPL,BBJ_Graves,Wald ratio,1,1,1,0
MPL,UKB_hyperthyroid,Wald ratio,1,1,1,0
MPO,BBJ_Graves,Wald ratio,2,1,0,1
MPO,UKB_hyperthyroid,Inverse variance weighted,2,2,0,0
MPO,FinnGen_GO,Inverse variance weighted,2,2,0,0
MPZ,BBJ_Graves,Wald ratio,1,1,0,0
MPZ,UKB_hyperthyroid,Wald ratio,1,1,0,0
MPZ,FinnGen_GO,Wald ratio,1,1,0,0
MPZL3,BBJ_Graves,Inverse variance weighted,3,2,0,1
MPZL3,UKB_hyperthyroid,Inverse variance weighted,3,3,0,0
MPZL3,UKB_hyperthyroid,MR Egger,3,3,0,0
MPZL3,UKB_hyperthyroid,Weighted median,3,3,0,0
MPZL3,UKB_hyperthyroid,Weighted mode,3,3,0,0
MPZL3,FinnGen_GO,Inverse variance weighted,3,3,0,0
MPZL3,FinnGen_GO,MR Egger,3,3,0,0
MPZL3,FinnGen_GO,Weighted median,3,3,0,0
MPZL3,FinnGen_GO,Weighted mode,3,3,0,0
MR1,BBJ_Graves,Wald ratio,4,1,0,3
MR1,UKB_hyperthyroid,Inverse variance weighted,4,2,0,2
MR1,FinnGen_GO,Inverse variance weighted,4,4,1,0
MR1,FinnGen_GO,MR Egger,4,4,1,0
MR1,FinnGen_GO,Weighted median,4,4,1,0
MR1,FinnGen_GO,Weighted mode,4,4,1,0
MRGPRE,BBJ_Graves,Wald ratio,2,1,0,1
MRGPRE,UKB_hyperthyroid,Inverse variance weighted,2,2,0,0
MRGPRE,FinnGen_GO,Inverse variance weighted,2,2,0,0
MS4A1,UKB_hyperthyroid,Wald ratio,1,1,0,0
MS4A1,FinnGen_GO,Wald ratio,1,1,0,0
MSLN,BBJ_Graves,Inverse variance weighted,3,2,0,1
MSLN,UKB_hyperthyroid,Inverse variance weighted,3,3,0,0
MSLN,UKB_hyperthyroid,MR Egger,3,3,0,0
MSLN,UKB_hyperthyroid,Weighted median,3,3,0,0
MSLN,UKB_hyperthyroid,Weighted mode,3,3,0,0
MSLN,FinnGen_GO,Inverse variance weighted,3,3,0,0
MSLN,FinnGen_GO,MR Egger,3,3,0,0
MSLN,FinnGen_GO,Weighted median,3,3,0,0
MSLN,FinnGen_GO,Weighted mode,3,3,0,0
MSR1,BBJ_Graves,Inverse variance weighted,2,2,0,0
MSR1,UKB_hyperthyroid,Inverse variance weighted,2,2,0,0
MSR1,FinnGen_GO,Inverse variance weighted,2,2,0,0
MST1,BBJ_Graves,Wald ratio,1,1,0,0
MST1,UKB_hyperthyroid,Wald ratio,1,1,0,0
MST1,FinnGen_GO,Wald ratio,1,1,0,0
MTAP,BBJ_Graves,Wald ratio,3,1,2,2
MTAP,UKB_hyperthyroid,Inverse variance weighted,3,3,2,0
MTAP,UKB_hyperthyroid,MR Egger,3,3,2,0
MTAP,UKB_hyperthyroid,Weighted median,3,3,2,0
MTAP,UKB_hyperthyroid,Weighted mode,3,3,2,0
MTAP,FinnGen_GO,Inverse variance weighted,3,3,2,0
MTAP,FinnGen_GO,MR Egger,3,3,2,0
MTAP,FinnGen_GO,Weighted median,3,3,2,0
MTAP,FinnGen_GO,Weighted mode,3,3,2,0
MTOR,BBJ_Graves,Wald ratio,1,1,0,0
MTOR,UKB_hyperthyroid,Wald ratio,1,1,0,0
MTOR,FinnGen_GO,Wald ratio,1,1,0,0
MUC1,BBJ_Graves,Inverse variance weighted,4,2,0,2
MUC1,UKB_hyperthyroid,Inverse variance weighted,4,4,0,0
MUC1,UKB_hyperthyroid,MR Egger,4,4,0,0
MUC1,UKB_hyperthyroid,Weighted median,4,4,0,0
MUC1,UKB_hyperthyroid,Weighted mode,4,4,0,0
MUC1,FinnGen_GO,Inverse variance weighted,4,4,0,0
MUC1,FinnGen_GO,MR Egger,4,4,0,0
MUC1,FinnGen_GO,Weighted median,4,4,0,0
MUC1,FinnGen_GO,Weighted mode,4,4,0,0
MUC16,BBJ_Graves,Inverse variance weighted,2,2,1,0
MUC16,UKB_hyperthyroid,Inverse variance weighted,2,2,1,0
MUC16,FinnGen_GO,Inverse variance weighted,2,2,1,0
MUC4,BBJ_Graves,Wald ratio,2,1,0,1
MUC4,UKB_hyperthyroid,Inverse variance weighted,2,2,0,0
MUC4,FinnGen_GO,Inverse variance weighted,2,2,0,0
MUC6,BBJ_Graves,Wald ratio,1,1,0,0
MUC6,UKB_hyperthyroid,Wald ratio,1,1,0,0
MUC6,FinnGen_GO,Wald ratio,1,1,0,0
MVD,BBJ_Graves,Wald ratio,2,1,0,1
MVD,UKB_hyperthyroid,Inverse variance weighted,2,2,0,0
MVD,FinnGen_GO,Inverse variance weighted,2,2,0,0
MYLK,UKB_hyperthyroid,Wald ratio,1,1,0,0
MYLK,FinnGen_GO,Wald ratio,1,1,0,0
MYLK4,BBJ_Graves,Inverse variance weighted,4,2,0,2
MYLK4,UKB_hyperthyroid,Inverse variance weighted,4,4,0,0
MYLK4,UKB_hyperthyroid,MR Egger,4,4,0,0
MYLK4,UKB_hyperthyroid,Weighted median,4,4,0,0
MYLK4,UKB_hyperthyroid,Weighted mode,4,4,0,0
MYLK4,FinnGen_GO,Inverse variance weighted,4,4,0,0
MYLK4,FinnGen_GO,MR Egger,4,4,0,0
MYLK4,FinnGen_GO,Weighted median,4,4,0,0
MYLK4,FinnGen_GO,Weighted mode,4,4,0,0
MYO3B,BBJ_Graves,Inverse variance weighted,2,2,0,0
MYO3B,UKB_hyperthyroid,Inverse variance weighted,2,2,0,0
MYO3B,FinnGen_GO,Inverse variance weighted,2,2,0,0
NAAA,BBJ_Graves,Inverse variance weighted,16,3,0,13
NAAA,BBJ_Graves,MR Egger,16,3,0,13
NAAA,BBJ_Graves,Weighted median,16,3,0,13
NAAA,BBJ_Graves,Weighted mode,16,3,0,13
NAAA,UKB_hyperthyroid,Inverse variance weighted,16,10,0,6
NAAA,UKB_hyperthyroid,MR Egger,16,10,0,6
NAAA,UKB_hyperthyroid,Weighted median,16,10,0,6
NAAA,UKB_hyperthyroid,Weighted mode,16,10,0,6
NAAA,FinnGen_GO,Inverse variance weighted,16,14,0,2
NAAA,FinnGen_GO,MR Egger,16,14,0,2
NAAA,FinnGen_GO,Weighted median,16,14,0,2
NAAA,FinnGen_GO,Weighted mode,16,14,0,2
NAALAD2,BBJ_Graves,Wald ratio,1,1,1,0
NAALAD2,UKB_hyperthyroid,Wald ratio,1,1,1,0
NAALAD2,FinnGen_GO,Wald ratio,1,1,1,0
NAGA,BBJ_Graves,Inverse variance weighted,5,4,0,1
NAGA,BBJ_Graves,MR Egger,5,4,0,1
NAGA,BBJ_Graves,Weighted median,5,4,0,1
NAGA,BBJ_Graves,Weighted mode,5,4,0,1
NAGA,UKB_hyperthyroid,Inverse variance weighted,5,4,1,1
NAGA,UKB_hyperthyroid,MR Egger,5,4,1,1
NAGA,UKB_hyperthyroid,Weighted median,5,4,1,1
NAGA,UKB_hyperthyroid,Weighted mode,5,4,1,1
NAGA,FinnGen_GO,Inverse variance weighted,5,5,1,0
NAGA,FinnGen_GO,MR Egger,5,5,1,0
NAGA,FinnGen_GO,Weighted median,5,5,1,0
NAGA,FinnGen_GO,Weighted mode,5,5,1,0
NAGLU,BBJ_Graves,Wald ratio,3,1,0,2
NAGLU,UKB_hyperthyroid,Wald ratio,3,1,0,2
NAGLU,FinnGen_GO,Inverse variance weighted,3,2,0,1
NAMPT,BBJ_Graves,Inverse variance weighted,2,2,1,0
NAMPT,UKB_hyperthyroid,Inverse variance weighted,2,2,1,0
NAMPT,FinnGen_GO,Inverse variance weighted,2,2,1,0
NAPSA,BBJ_Graves,Wald ratio,1,1,0,0
NAPSA,UKB_hyperthyroid,Wald ratio,1,1,0,0
NAPSA,FinnGen_GO,Wald ratio,1,1,0,0
NAT1,BBJ_Graves,Inverse variance weighted,2,2,0,0
NAT1,UKB_hyperthyroid,Inverse variance weighted,2,2,0,0
NAT1,FinnGen_GO,Inverse variance weighted,2,2,0,0
NBL1,BBJ_Graves,Inverse variance weighted,5,2,0,3
NBL1,UKB_hyperthyroid,Inverse variance weighted,5,4,0,1
NBL1,UKB_hyperthyroid,MR Egger,5,4,0,1
NBL1,UKB_hyperthyroid,Weighted median,5,4,0,1
NBL1,UKB_hyperthyroid,Weighted mode,5,4,0,1
NBL1,FinnGen_GO,Inverse variance weighted,5,5,0,0
NBL1,FinnGen_GO,MR Egger,5,5,0,0
NBL1,FinnGen_GO,Weighted median,5,5,0,0
NBL1,FinnGen_GO,Weighted mode,5,5,0,0
NCAM1,BBJ_Graves,Inverse variance weighted,2,2,0,0
NCAM1,UKB_hyperthyroid,Inverse variance weighted,2,2,0,0
NCAM1,FinnGen_GO,Inverse variance weighted,2,2,0,0
NCEH1,BBJ_Graves,Inverse variance weighted,3,2,0,1
NCEH1,UKB_hyperthyroid,Inverse variance weighted,3,3,0,0
NCEH1,UKB_hyperthyroid,MR Egger,3,3,0,0
NCEH1,UKB_hyperthyroid,Weighted median,3,3,0,0
NCEH1,UKB_hyperthyroid,Weighted mode,3,3,0,0
NCEH1,FinnGen_GO,Inverse variance weighted,3,3,0,0
NCEH1,FinnGen_GO,MR Egger,3,3,0,0
NCEH1,FinnGen_GO,Weighted median,3,3,0,0
NCEH1,FinnGen_GO,Weighted mode,3,3,0,0
NCOA3,BBJ_Graves,Inverse variance weighted,4,2,0,2
NCOA3,UKB_hyperthyroid,Inverse variance weighted,4,4,0,0
NCOA3,UKB_hyperthyroid,MR Egger,4,4,0,0
NCOA3,UKB_hyperthyroid,Weighted median,4,4,0,0
NCOA3,UKB_hyperthyroid,Weighted mode,4,4,0,0
NCOA3,FinnGen_GO,Inverse variance weighted,4,4,0,0
NCOA3,FinnGen_GO,MR Egger,4,4,0,0
NCOA3,FinnGen_GO,Weighted median,4,4,0,0
NCOA3,FinnGen_GO,Weighted mode,4,4,0,0
NCOR2,BBJ_Graves,Inverse variance weighted,3,3,1,0
NCOR2,BBJ_Graves,MR Egger,3,3,1,0
NCOR2,BBJ_Graves,Weighted median,3,3,1,0
NCOR2,BBJ_Graves,Weighted mode,3,3,1,0
NCOR2,UKB_hyperthyroid,Inverse variance weighted,3,3,1,0
NCOR2,UKB_hyperthyroid,MR Egger,3,3,1,0
NCOR2,UKB_hyperthyroid,Weighted median,3,3,1,0
NCOR2,UKB_hyperthyroid,Weighted mode,3,3,1,0
NCOR2,FinnGen_GO,Inverse variance weighted,3,3,1,0
NCOR2,FinnGen_GO,MR Egger,3,3,1,0
NCOR2,FinnGen_GO,Weighted median,3,3,1,0
NCOR2,FinnGen_GO,Weighted mode,3,3,1,0
NCR1,BBJ_Graves,Wald ratio,2,1,0,1
NCR1,UKB_hyperthyroid,Wald ratio,2,1,0,1
NCR1,FinnGen_GO,Inverse variance weighted,2,2,0,0
NCR3,BBJ_Graves,Inverse variance weighted,3,2,0,1
NCR3,UKB_hyperthyroid,Inverse variance weighted,3,3,0,0
NCR3,UKB_hyperthyroid,MR Egger,3,3,0,0
NCR3,UKB_hyperthyroid,Weighted median,3,3,0,0
NCR3,UKB_hyperthyroid,Weighted mode,3,3,0,0
NCR3,FinnGen_GO,Inverse variance weighted,3,2,0,1
NCSTN,BBJ_Graves,Inverse variance weighted,6,2,0,4
NCSTN,UKB_hyperthyroid,Inverse variance weighted,6,4,0,2
NCSTN,UKB_hyperthyroid,MR Egger,6,4,0,2
NCSTN,UKB_hyperthyroid,Weighted median,6,4,0,2
NCSTN,UKB_hyperthyroid,Weighted mode,6,4,0,2
NCSTN,FinnGen_GO,Inverse variance weighted,6,6,0,0
NCSTN,FinnGen_GO,MR Egger,6,6,0,0
NCSTN,FinnGen_GO,Weighted median,6,6,0,0
NCSTN,FinnGen_GO,Weighted mode,6,6,0,0
NDFIP1,BBJ_Graves,Inverse variance weighted,2,2,0,0
NDFIP1,UKB_hyperthyroid,Inverse variance weighted,2,2,0,0
NDFIP1,FinnGen_GO,Inverse variance weighted,2,2,0,0
NDUFA4,BBJ_Graves,Wald ratio,1,1,0,0
NDUFA4,UKB_hyperthyroid,Wald ratio,1,1,0,0
NDUFA4,FinnGen_GO,Wald ratio,1,1,0,0
NEGR1,BBJ_Graves,Inverse variance weighted,3,3,0,0
NEGR1,BBJ_Graves,MR Egger,3,3,0,0
NEGR1,BBJ_Graves,Weighted median,3,3,0,0
NEGR1,BBJ_Graves,Weighted mode,3,3,0,0
NEGR1,UKB_hyperthyroid,Inverse variance weighted,3,3,0,0
NEGR1,UKB_hyperthyroid,MR Egger,3,3,0,0
NEGR1,UKB_hyperthyroid,Weighted median,3,3,0,0
NEGR1,UKB_hyperthyroid,Weighted mode,3,3,0,0
NEGR1,FinnGen_GO,Inverse variance weighted,3,3,0,0
NEGR1,FinnGen_GO,MR Egger,3,3,0,0
NEGR1,FinnGen_GO,Weighted median,3,3,0,0
NEGR1,FinnGen_GO,Weighted mode,3,3,0,0
NEK1,BBJ_Graves,Wald ratio,2,1,0,1
NEK1,UKB_hyperthyroid,Inverse variance weighted,2,2,0,0
NEK1,FinnGen_GO,Inverse variance weighted,2,2,0,0
NEK10,BBJ_Graves,Wald ratio,1,1,0,0
NEK10,UKB_hyperthyroid,Wald ratio,1,1,0,0
NEK10,FinnGen_GO,Wald ratio,1,1,0,0
NEK11,BBJ_Graves,Wald ratio,1,1,0,0
NEK11,UKB_hyperthyroid,Wald ratio,1,1,0,0
NEK11,FinnGen_GO,Wald ratio,1,1,0,0
NEK3,UKB_hyperthyroid,Inverse variance weighted,3,3,1,0
NEK3,UKB_hyperthyroid,MR Egger,3,3,1,0
NEK3,UKB_hyperthyroid,Weighted median,3,3,1,0
NEK3,UKB_hyperthyroid,Weighted mode,3,3,1,0
NEK3,FinnGen_GO,Inverse variance weighted,3,3,1,0
NEK3,FinnGen_GO,MR Egger,3,3,1,0
NEK3,FinnGen_GO,Weighted median,3,3,1,0
NEK3,FinnGen_GO,Weighted mode,3,3,1,0
NEK4,BBJ_Graves,Wald ratio,1,1,0,0
NEK4,UKB_hyperthyroid,Wald ratio,1,1,0,0
NEK4,FinnGen_GO,Wald ratio,1,1,0,0
NEK6,BBJ_Graves,Inverse variance weighted,4,4,1,0
NEK6,BBJ_Graves,MR Egger,4,4,1,0
NEK6,BBJ_Graves,Weighted median,4,4,1,0
NEK6,BBJ_Graves,Weighted mode,4,4,1,0
NEK6,UKB_hyperthyroid,Inverse variance weighted,4,4,1,0
NEK6,UKB_hyperthyroid,MR Egger,4,4,1,0
NEK6,UKB_hyperthyroid,Weighted median,4,4,1,0
NEK6,UKB_hyperthyroid,Weighted mode,4,4,1,0
NEK6,FinnGen_GO,Inverse variance weighted,4,3,1,1
NEK6,FinnGen_GO,MR Egger,4,3,1,1
NEK6,FinnGen_GO,Weighted median,4,3,1,1
NEK6,FinnGen_GO,Weighted mode,4,3,1,1
NEK7,BBJ_Graves,Wald ratio,1,1,0,0
NEK7,UKB_hyperthyroid,Wald ratio,1,1,0,0
NEK7,FinnGen_GO,Wald ratio,1,1,0,0
NEK8,BBJ_Graves,Wald ratio,1,1,0,0
NEK8,UKB_hyperthyroid,Wald ratio,1,1,0,0
NEK8,FinnGen_GO,Wald ratio,1,1,0,0
NEK9,UKB_hyperthyroid,Wald ratio,1,1,0,0
NEK9,FinnGen_GO,Wald ratio,1,1,0,0
NELL2,BBJ_Graves,Inverse variance weighted,3,3,2,0
NELL2,BBJ_Graves,MR Egger,3,3,2,0
NELL2,BBJ_Graves,Weighted median,3,3,2,0
NELL2,BBJ_Graves,Weighted mode,3,3,2,0
NELL2,UKB_hyperthyroid,Inverse variance weighted,3,3,2,0
NELL2,UKB_hyperthyroid,MR Egger,3,3,2,0
NELL2,UKB_hyperthyroid,Weighted median,3,3,2,0
NELL2,UKB_hyperthyroid,Weighted mode,3,3,2,0
NELL2,FinnGen_GO,Inverse variance weighted,3,3,2,0
NELL2,FinnGen_GO,MR Egger,3,3,2,0
NELL2,FinnGen_GO,Weighted median,3,3,2,0
NELL2,FinnGen_GO,Weighted mode,3,3,2,0
NENF,BBJ_Graves,Inverse variance weighted,3,2,0,1
NENF,UKB_hyperthyroid,Inverse variance weighted,3,3,0,0
NENF,UKB_hyperthyroid,MR Egger,3,3,0,0
NENF,UKB_hyperthyroid,Weighted median,3,3,0,0
NENF,UKB_hyperthyroid,Weighted mode,3,3,0,0
NENF,FinnGen_GO,Inverse variance weighted,3,3,0,0
NENF,FinnGen_GO,MR Egger,3,3,0,0
NENF,FinnGen_GO,Weighted median,3,3,0,0
NENF,FinnGen_GO,Weighted mode,3,3,0,0
NETO2,BBJ_Graves,Wald ratio,1,1,0,0
NETO2,UKB_hyperthyroid,Wald ratio,1,1,0,0
NETO2,FinnGen_GO,Wald ratio,1,1,0,0
NEU1,UKB_hyperthyroid,Wald ratio,1,1,0,0
NEU1,FinnGen_GO,Wald ratio,1,1,0,0
NFKB1,BBJ_Graves,Wald ratio,2,1,0,1
NFKB1,UKB_hyperthyroid,Inverse variance weighted,2,2,0,0
NFKB1,FinnGen_GO,Inverse variance weighted,2,2,0,0
NFKBIA,BBJ_Graves,Inverse variance weighted,2,2,0,0
NFKBIA,UKB_hyperthyroid,Inverse variance weighted,2,2,0,0
NFKBIA,FinnGen_GO,Inverse variance weighted,2,2,0,0
NGFR,BBJ_Graves,Wald ratio,1,1,0,0
NGFR,UKB_hyperthyroid,Wald ratio,1,1,0,0
NGFR,FinnGen_GO,Wald ratio,1,1,0,0
NID1,BBJ_Graves,Inverse variance weighted,3,2,1,1
NID1,UKB_hyperthyroid,Inverse variance weighted,3,3,1,0
NID1,UKB_hyperthyroid,MR Egger,3,3,1,0
NID1,UKB_hyperthyroid,Weighted median,3,3,1,0
NID1,UKB_hyperthyroid,Weighted mode,3,3,1,0
NID1,FinnGen_GO,Inverse variance weighted,3,3,1,0
NID1,FinnGen_GO,MR Egger,3,3,1,0
NID1,FinnGen_GO,Weighted median,3,3,1,0
NID1,FinnGen_GO,Weighted mode,3,3,1,0
NID2,UKB_hyperthyroid,Wald ratio,1,1,0,0
NID2,FinnGen_GO,Wald ratio,1,1,0,0
NIM1K,FinnGen_GO,Wald ratio,1,1,0,0
NISCH,BBJ_Graves,Wald ratio,1,1,0,0
NISCH,UKB_hyperthyroid,Wald ratio,1,1,0,0
NISCH,FinnGen_GO,Wald ratio,1,1,0,0
NKTR,BBJ_Graves,Inverse variance weighted,2,2,0,0
NKTR,UKB_hyperthyroid,Inverse variance weighted,2,2,0,0
NKTR,FinnGen_GO,Inverse variance weighted,2,2,0,0
NLGN2,BBJ_Graves,Wald ratio,2,1,1,1
NLGN2,UKB_hyperthyroid,Inverse variance weighted,2,2,1,0
NLGN2,FinnGen_GO,Inverse variance weighted,2,2,1,0
NLRP3,BBJ_Graves,Wald ratio,4,1,1,3
NLRP3,UKB_hyperthyroid,Inverse variance weighted,4,4,1,0
NLRP3,UKB_hyperthyroid,MR Egger,4,4,1,0
NLRP3,UKB_hyperthyroid,Weighted median,4,4,1,0
NLRP3,UKB_hyperthyroid,Weighted mode,4,4,1,0
NLRP3,FinnGen_GO,Inverse variance weighted,4,4,1,0
NLRP3,FinnGen_GO,MR Egger,4,4,1,0
NLRP3,FinnGen_GO,Weighted median,4,4,1,0
NLRP3,FinnGen_GO,Weighted mode,4,4,1,0
NMB,BBJ_Graves,Inverse variance weighted,2,2,0,0
NMB,UKB_hyperthyroid,Inverse variance weighted,2,2,0,0
NMB,FinnGen_GO,Inverse variance weighted,2,2,0,0
NMT1,BBJ_Graves,Wald ratio,3,1,1,2
NMT1,UKB_hyperthyroid,Inverse variance weighted,3,2,2,1
NMT1,FinnGen_GO,Inverse variance weighted,3,2,2,1
NMUR1,BBJ_Graves,Inverse variance weighted,2,2,0,0
NMUR1,UKB_hyperthyroid,Inverse variance weighted,2,2,0,0
NMUR1,FinnGen_GO,Inverse variance weighted,2,2,0,0
NOD1,BBJ_Graves,Inverse variance weighted,2,2,0,0
NOD1,UKB_hyperthyroid,Inverse variance weighted,2,2,0,0
NOD1,FinnGen_GO,Inverse variance weighted,2,2,0,0
NOD2,BBJ_Graves,Inverse variance weighted,8,2,0,6
NOD2,UKB_hyperthyroid,Inverse variance weighted,8,7,0,1
NOD2,UKB_hyperthyroid,MR Egger,8,7,0,1
NOD2,UKB_hyperthyroid,Weighted median,8,7,0,1
NOD2,UKB_hyperthyroid,Weighted mode,8,7,0,1
NOD2,FinnGen_GO,Inverse variance weighted,8,7,0,1
NOD2,FinnGen_GO,MR Egger,8,7,0,1
NOD2,FinnGen_GO,Weighted median,8,7,0,1
NOD2,FinnGen_GO,Weighted mode,8,7,0,1
NODAL,BBJ_Graves,Wald ratio,1,1,1,0
NODAL,UKB_hyperthyroid,Wald ratio,1,1,1,0
NODAL,FinnGen_GO,Wald ratio,1,1,1,0
NOG,BBJ_Graves,Wald ratio,1,1,0,0
NOG,UKB_hyperthyroid,Wald ratio,1,1,0,0
NOG,FinnGen_GO,Wald ratio,1,1,0,0
NOS2,BBJ_Graves,Wald ratio,1,1,0,0
NOS2,UKB_hyperthyroid,Wald ratio,1,1,0,0
NOS2,FinnGen_GO,Wald ratio,1,1,0,0
NOS3,BBJ_Graves,Wald ratio,1,1,0,0
NOS3,UKB_hyperthyroid,Wald ratio,1,1,0,0
NOS3,FinnGen_GO,Wald ratio,1,1,0,0
NOTCH1,BBJ_Graves,Wald ratio,1,1,0,0
NOTCH1,UKB_hyperthyroid,Wald ratio,1,1,0,0
NOTCH1,FinnGen_GO,Wald ratio,1,1,0,0
NOTCH2,BBJ_Graves,Wald ratio,3,1,0,2
NOTCH2,UKB_hyperthyroid,Inverse variance weighted,3,3,0,0
NOTCH2,UKB_hyperthyroid,MR Egger,3,3,0,0
NOTCH2,UKB_hyperthyroid,Weighted median,3,3,0,0
NOTCH2,UKB_hyperthyroid,Weighted mode,3,3,0,0
NOTCH2,FinnGen_GO,Inverse variance weighted,3,3,0,0
NOTCH2,FinnGen_GO,MR Egger,3,3,0,0
NOTCH2,FinnGen_GO,Weighted median,3,3,0,0
NOTCH2,FinnGen_GO,Weighted mode,3,3,0,0
NOTCH2NL,BBJ_Graves,Wald ratio,1,1,1,0
NOTCH2NL,UKB_hyperthyroid,Wald ratio,1,1,1,0
NOTCH2NL,FinnGen_GO,Wald ratio,1,1,1,0
NOTCH4,BBJ_Graves,Inverse variance weighted,2,2,0,0
NOTCH4,UKB_hyperthyroid,Inverse variance weighted,2,2,0,0
NOTCH4,FinnGen_GO,Inverse variance weighted,2,2,0,0
NOV,BBJ_Graves,Wald ratio,2,1,0,1
NOV,UKB_hyperthyroid,Inverse variance weighted,2,2,0,0
NOV,FinnGen_GO,Inverse variance weighted,2,2,0,0
NPC1,BBJ_Graves,Inverse variance weighted,2,2,0,0
NPC1,UKB_hyperthyroid,Inverse variance weighted,2,2,0,0
NPC1,FinnGen_GO,Inverse variance weighted,2,2,0,0
NPPA,UKB_hyperthyroid,Wald ratio,1,1,0,0
NPPA,FinnGen_GO,Wald ratio,1,1,0,0
NPTX2,BBJ_Graves,Wald ratio,2,1,0,1
NPTX2,UKB_hyperthyroid,Inverse variance weighted,2,2,0,0
NPTX2,FinnGen_GO,Inverse variance weighted,2,2,0,0
NQO1,BBJ_Graves,Wald ratio,2,1,0,1
NQO1,UKB_hyperthyroid,Wald ratio,2,1,0,1
NQO1,FinnGen_GO,Inverse variance weighted,2,2,0,0
NQO2,BBJ_Graves,Inverse variance weighted,5,2,1,3
NQO2,UKB_hyperthyroid,Inverse variance weighted,5,5,1,0
NQO2,UKB_hyperthyroid,MR Egger,5,5,1,0
NQO2,UKB_hyperthyroid,Weighted median,5,5,1,0
NQO2,UKB_hyperthyroid,Weighted mode,5,5,1,0
NQO2,FinnGen_GO,Inverse variance weighted,5,5,1,0
NQO2,FinnGen_GO,MR Egger,5,5,1,0
NQO2,FinnGen_GO,Weighted median,5,5,1,0
NQO2,FinnGen_GO,Weighted mode,5,5,1,0
NR1D1,BBJ_Graves,Wald ratio,1,1,0,0
NR1D1,UKB_hyperthyroid,Wald ratio,1,1,0,0
NR1D1,FinnGen_GO,Wald ratio,1,1,0,0
NR1D2,BBJ_Graves,Inverse variance weighted,2,2,0,0
NR1D2,UKB_hyperthyroid,Inverse variance weighted,2,2,0,0
NR1D2,FinnGen_GO,Inverse variance weighted,2,2,0,0
NR1H2,BBJ_Graves,Wald ratio,1,1,0,0
NR1H2,UKB_hyperthyroid,Wald ratio,1,1,0,0
NR1H2,FinnGen_GO,Wald ratio,1,1,0,0
NR1H3,BBJ_Graves,Inverse variance weighted,4,3,0,1
NR1H3,BBJ_Graves,MR Egger,4,3,0,1
NR1H3,BBJ_Graves,Weighted median,4,3,0,1
NR1H3,BBJ_Graves,Weighted mode,4,3,0,1
NR1H3,UKB_hyperthyroid,Inverse variance weighted,4,3,0,1
NR1H3,UKB_hyperthyroid,MR Egger,4,3,0,1
NR1H3,UKB_hyperthyroid,Weighted median,4,3,0,1
NR1H3,UKB_hyperthyroid,Weighted mode,4,3,0,1
NR1H3,FinnGen_GO,Inverse variance weighted,4,3,0,1
NR1H3,FinnGen_GO,MR Egger,4,3,0,1
NR1H3,FinnGen_GO,Weighted median,4,3,0,1
NR1H3,FinnGen_GO,Weighted mode,4,3,0,1
NR1I2,BBJ_Graves,Wald ratio,1,1,0,0
NR1I2,UKB_hyperthyroid,Wald ratio,1,1,0,0
NR1I2,FinnGen_GO,Wald ratio,1,1,0,0
NR1I3,UKB_hyperthyroid,Wald ratio,1,1,0,0
NR1I3,FinnGen_GO,Wald ratio,1,1,0,0
NR2C1,BBJ_Graves,Inverse variance weighted,2,2,0,0
NR2C1,UKB_hyperthyroid,Wald ratio,2,1,0,1
NR2C1,FinnGen_GO,Inverse variance weighted,2,2,0,0
NR2C2,BBJ_Graves,Inverse variance weighted,2,2,1,0
NR2C2,UKB_hyperthyroid,Inverse variance weighted,2,2,1,0
NR2C2,FinnGen_GO,Inverse variance weighted,2,2,1,0
NR2F6,BBJ_Graves,Inverse variance weighted,6,2,2,4
NR2F6,UKB_hyperthyroid,Inverse variance weighted,6,5,2,1
NR2F6,UKB_hyperthyroid,MR Egger,6,5,2,1
NR2F6,UKB_hyperthyroid,Weighted median,6,5,2,1
NR2F6,UKB_hyperthyroid,Weighted mode,6,5,2,1
NR2F6,FinnGen_GO,Inverse variance weighted,6,5,2,1
NR2F6,FinnGen_GO,MR Egger,6,5,2,1
NR2F6,FinnGen_GO,Weighted median,6,5,2,1
NR2F6,FinnGen_GO,Weighted mode,6,5,2,1
NR3C1,BBJ_Graves,Wald ratio,1,1,0,0
NR3C1,UKB_hyperthyroid,Wald ratio,1,1,0,0
NR3C1,FinnGen_GO,Wald ratio,1,1,0,0
NR3C2,BBJ_Graves,Wald ratio,1,1,0,0
NR3C2,UKB_hyperthyroid,Wald ratio,1,1,0,0
NR3C2,FinnGen_GO,Wald ratio,1,1,0,0
NR4A2,BBJ_Graves,Wald ratio,1,1,0,0
NR4A2,UKB_hyperthyroid,Wald ratio,1,1,0,0
NR4A2,FinnGen_GO,Wald ratio,1,1,0,0
NR6A1,BBJ_Graves,Wald ratio,1,1,0,0
NR6A1,UKB_hyperthyroid,Wald ratio,1,1,0,0
NR6A1,FinnGen_GO,Wald ratio,1,1,0,0
NRBP1,BBJ_Graves,Wald ratio,1,1,0,0
NRBP1,UKB_hyperthyroid,Wald ratio,1,1,0,0
NRBP1,FinnGen_GO,Wald ratio,1,1,0,0
NRG1,BBJ_Graves,Inverse variance weighted,8,2,1,6
NRG1,UKB_hyperthyroid,Inverse variance weighted,8,7,1,1
NRG1,UKB_hyperthyroid,MR Egger,8,7,1,1
NRG1,UKB_hyperthyroid,Weighted median,8,7,1,1
NRG1,UKB_hyperthyroid,Weighted mode,8,7,1,1
NRG1,FinnGen_GO,Inverse variance weighted,8,8,1,0
NRG1,FinnGen_GO,MR Egger,8,8,1,0
NRG1,FinnGen_GO,Weighted median,8,8,1,0
NRG1,FinnGen_GO,Weighted mode,8,8,1,0
NRP1,BBJ_Graves,Inverse variance weighted,4,2,0,2
NRP1,UKB_hyperthyroid,Inverse variance weighted,4,4,0,0
NRP1,UKB_hyperthyroid,MR Egger,4,4,0,0
NRP1,UKB_hyperthyroid,Weighted median,4,4,0,0
NRP1,UKB_hyperthyroid,Weighted mode,4,4,0,0
NRP1,FinnGen_GO,Inverse variance weighted,4,4,0,0
NRP1,FinnGen_GO,MR Egger,4,4,0,0
NRP1,FinnGen_GO,Weighted median,4,4,0,0
NRP1,FinnGen_GO,Weighted mode,4,4,0,0
NRXN1,BBJ_Graves,Inverse variance weighted,2,2,0,0
NRXN1,UKB_hyperthyroid,Inverse variance weighted,2,2,0,0
NRXN1,FinnGen_GO,Inverse variance weighted,2,2,0,0
NT5E,BBJ_Graves,Inverse variance weighted,10,3,0,7
NT5E,BBJ_Graves,MR Egger,10,3,0,7
NT5E,BBJ_Graves,Weighted median,10,3,0,7
NT5E,BBJ_Graves,Weighted mode,10,3,0,7
NT5E,UKB_hyperthyroid,Inverse variance weighted,10,6,0,4
NT5E,UKB_hyperthyroid,MR Egger,10,6,0,4
NT5E,UKB_hyperthyroid,Weighted median,10,6,0,4
NT5E,UKB_hyperthyroid,Weighted mode,10,6,0,4
NT5E,FinnGen_GO,Inverse variance weighted,10,10,0,0
NT5E,FinnGen_GO,MR Egger,10,10,0,0
NT5E,FinnGen_GO,Weighted median,10,10,0,0
NT5E,FinnGen_GO,Weighted mode,10,10,0,0
NTN1,BBJ_Graves,Wald ratio,1,1,1,0
NTN1,UKB_hyperthyroid,Wald ratio,1,1,1,0
NTN1,FinnGen_GO,Wald ratio,1,1,1,0
NTNG1,UKB_hyperthyroid,Wald ratio,1,1,0,0
NTNG1,FinnGen_GO,Wald ratio,1,1,0,0
NTSR1,BBJ_Graves,Inverse variance weighted,3,3,0,0
NTSR1,BBJ_Graves,MR Egger,3,3,0,0
NTSR1,BBJ_Graves,Weighted median,3,3,0,0
NTSR1,BBJ_Graves,Weighted mode,3,3,0,0
NTSR1,UKB_hyperthyroid,Inverse variance weighted,3,3,0,0
NTSR1,UKB_hyperthyroid,MR Egger,3,3,0,0
NTSR1,UKB_hyperthyroid,Weighted median,3,3,0,0
NTSR1,UKB_hyperthyroid,Weighted mode,3,3,0,0
NTSR1,FinnGen_GO,Inverse variance weighted,3,3,0,0
NTSR1,FinnGen_GO,MR Egger,3,3,0,0
NTSR1,FinnGen_GO,Weighted median,3,3,0,0
NTSR1,FinnGen_GO,Weighted mode,3,3,0,0
NUAK1,BBJ_Graves,Inverse variance weighted,4,4,0,0
NUAK1,BBJ_Graves,MR Egger,4,4,0,0
NUAK1,BBJ_Graves,Weighted median,4,4,0,0
NUAK1,BBJ_Graves,Weighted mode,4,4,0,0
NUAK1,UKB_hyperthyroid,Inverse variance weighted,4,3,0,1
NUAK1,UKB_hyperthyroid,MR Egger,4,3,0,1
NUAK1,UKB_hyperthyroid,Weighted median,4,3,0,1
NUAK1,UKB_hyperthyroid,Weighted mode,4,3,0,1
NUAK1,FinnGen_GO,Inverse variance weighted,4,3,0,1
NUAK1,FinnGen_GO,MR Egger,4,3,0,1
NUAK1,FinnGen_GO,Weighted median,4,3,0,1
NUAK1,FinnGen_GO,Weighted mode,4,3,0,1
NUAK2,BBJ_Graves,Wald ratio,2,1,0,1
NUAK2,UKB_hyperthyroid,Inverse variance weighted,2,2,0,0
NUAK2,FinnGen_GO,Inverse variance weighted,2,2,0,0
NUCB1,BBJ_Graves,Inverse variance weighted,4,2,0,2
NUCB1,UKB_hyperthyroid,Inverse variance weighted,4,4,0,0
NUCB1,UKB_hyperthyroid,MR Egger,4,4,0,0
NUCB1,UKB_hyperthyroid,Weighted median,4,4,0,0
NUCB1,UKB_hyperthyroid,Weighted mode,4,4,0,0
NUCB1,FinnGen_GO,Inverse variance weighted,4,4,0,0
NUCB1,FinnGen_GO,MR Egger,4,4,0,0
NUCB1,FinnGen_GO,Weighted median,4,4,0,0
NUCB1,FinnGen_GO,Weighted mode,4,4,0,0
NUCB2,BBJ_Graves,Inverse variance weighted,2,2,0,0
NUCB2,UKB_hyperthyroid,Inverse variance weighted,2,2,0,0
NUCB2,FinnGen_GO,Inverse variance weighted,2,2,0,0
NUP210,BBJ_Graves,Wald ratio,3,1,0,2
NUP210,UKB_hyperthyroid,Inverse variance weighted,3,2,0,1
NUP210,FinnGen_GO,Wald ratio,3,1,0,2
NUP62,BBJ_Graves,Inverse variance weighted,3,2,0,1
NUP62,UKB_hyperthyroid,Inverse variance weighted,3,3,0,0
NUP62,UKB_hyperthyroid,MR Egger,3,3,0,0
NUP62,UKB_hyperthyroid,Weighted median,3,3,0,0
NUP62,UKB_hyperthyroid,Weighted mode,3,3,0,0
NUP62,FinnGen_GO,Inverse variance weighted,3,2,0,1
OAS1,BBJ_Graves,Inverse variance weighted,5,5,0,0
OAS1,BBJ_Graves,MR Egger,5,5,0,0
OAS1,BBJ_Graves,Weighted median,5,5,0,0
OAS1,BBJ_Graves,Weighted mode,5,5,0,0
OAS1,UKB_hyperthyroid,Inverse variance weighted,5,5,0,0
OAS1,UKB_hyperthyroid,MR Egger,5,5,0,0
OAS1,UKB_hyperthyroid,Weighted median,5,5,0,0
OAS1,UKB_hyperthyroid,Weighted mode,5,5,0,0
OAS1,FinnGen_GO,Inverse variance weighted,5,5,0,0
OAS1,FinnGen_GO,MR Egger,5,5,0,0
OAS1,FinnGen_GO,Weighted median,5,5,0,0
OAS1,FinnGen_GO,Weighted mode,5,5,0,0
OBSCN,BBJ_Graves,Wald ratio,1,1,0,0
OBSCN,UKB_hyperthyroid,Wald ratio,1,1,0,0
OBSCN,FinnGen_GO,Wald ratio,1,1,0,0
OCLN,BBJ_Graves,Inverse variance weighted,2,2,1,0
OCLN,UKB_hyperthyroid,Inverse variance weighted,2,2,1,0
OCLN,FinnGen_GO,Inverse variance weighted,2,2,1,0
ODC1,BBJ_Graves,Wald ratio,1,1,0,0
ODC1,UKB_hyperthyroid,Wald ratio,1,1,0,0
ODC1,FinnGen_GO,Wald ratio,1,1,0,0
OLFM4,BBJ_Graves,Inverse variance weighted,5,5,0,0
OLFM4,BBJ_Graves,MR Egger,5,5,0,0
OLFM4,BBJ_Graves,Weighted median,5,5,0,0
OLFM4,BBJ_Graves,Weighted mode,5,5,0,0
OLFM4,UKB_hyperthyroid,Inverse variance weighted,5,5,0,0
OLFM4,UKB_hyperthyroid,MR Egger,5,5,0,0
OLFM4,UKB_hyperthyroid,Weighted median,5,5,0,0
OLFM4,UKB_hyperthyroid,Weighted mode,5,5,0,0
OLFM4,FinnGen_GO,Inverse variance weighted,5,5,0,0
OLFM4,FinnGen_GO,MR Egger,5,5,0,0
OLFM4,FinnGen_GO,Weighted median,5,5,0,0
OLFM4,FinnGen_GO,Weighted mode,5,5,0,0
OLFML1,UKB_hyperthyroid,Wald ratio,1,1,0,0
OLFML1,FinnGen_GO,Wald ratio,1,1,0,0
OLFML2A,BBJ_Graves,Wald ratio,1,1,0,0
OLFML2A,UKB_hyperthyroid,Wald ratio,1,1,0,0
OLFML2A,FinnGen_GO,Wald ratio,1,1,0,0
OLFML2B,BBJ_Graves,Inverse variance weighted,2,2,0,0
OLFML2B,UKB_hyperthyroid,Inverse variance weighted,2,2,0,0
OLFML2B,FinnGen_GO,Inverse variance weighted,2,2,0,0
OLR1,BBJ_Graves,Wald ratio,1,1,1,0
OLR1,UKB_hyperthyroid,Wald ratio,1,1,1,0
OLR1,FinnGen_GO,Wald ratio,1,1,1,0
OMG,UKB_hyperthyroid,Wald ratio,2,1,1,1
OMG,FinnGen_GO,Inverse variance weighted,2,2,1,0
OPN1SW,BBJ_Graves,Wald ratio,4,1,0,3
OPN1SW,UKB_hyperthyroid,Wald ratio,4,1,0,3
OPN1SW,FinnGen_GO,Inverse variance weighted,4,4,0,0
OPN1SW,FinnGen_GO,MR Egger,4,4,0,0
OPN1SW,FinnGen_GO,Weighted median,4,4,0,0
OPN1SW,FinnGen_GO,Weighted mode,4,4,0,0
OPN3,BBJ_Graves,Inverse variance weighted,3,3,1,0
OPN3,BBJ_Graves,MR Egger,3,3,1,0
OPN3,BBJ_Graves,Weighted median,3,3,1,0
OPN3,BBJ_Graves,Weighted mode,3,3,1,0
OPN3,UKB_hyperthyroid,Inverse variance weighted,3,3,1,0
OPN3,UKB_hyperthyroid,MR Egger,3,3,1,0
OPN3,UKB_hyperthyroid,Weighted median,3,3,1,0
OPN3,UKB_hyperthyroid,Weighted mode,3,3,1,0
OPN3,FinnGen_GO,Inverse variance weighted,3,3,1,0
OPN3,FinnGen_GO,MR Egger,3,3,1,0
OPN3,FinnGen_GO,Weighted median,3,3,1,0
OPN3,FinnGen_GO,Weighted mode,3,3,1,0
OPRL1,BBJ_Graves,Wald ratio,3,1,0,2
OPRL1,UKB_hyperthyroid,Inverse variance weighted,3,3,0,0
OPRL1,UKB_hyperthyroid,MR Egger,3,3,0,0
OPRL1,UKB_hyperthyroid,Weighted median,3,3,0,0
OPRL1,UKB_hyperthyroid,Weighted mode,3,3,0,0
OPRL1,FinnGen_GO,Inverse variance weighted,3,3,0,0
OPRL1,FinnGen_GO,MR Egger,3,3,0,0
OPRL1,FinnGen_GO,Weighted median,3,3,0,0
OPRL1,FinnGen_GO,Weighted mode,3,3,0,0
ORM1,BBJ_Graves,Inverse variance weighted,4,3,0,1
ORM1,BBJ_Graves,MR Egger,4,3,0,1
ORM1,BBJ_Graves,Weighted median,4,3,0,1
ORM1,BBJ_Graves,Weighted mode,4,3,0,1
ORM1,UKB_hyperthyroid,Inverse variance weighted,4,4,1,0
ORM1,UKB_hyperthyroid,MR Egger,4,4,1,0
ORM1,UKB_hyperthyroid,Weighted median,4,4,1,0
ORM1,UKB_hyperthyroid,Weighted mode,4,4,1,0
ORM1,FinnGen_GO,Inverse variance weighted,4,4,1,0
ORM1,FinnGen_GO,MR Egger,4,4,1,0
ORM1,FinnGen_GO,Weighted median,4,4,1,0
ORM1,FinnGen_GO,Weighted mode,4,4,1,0
ORM2,BBJ_Graves,Inverse variance weighted,5,4,0,1
ORM2,BBJ_Graves,MR Egger,5,4,0,1
ORM2,BBJ_Graves,Weighted median,5,4,0,1
ORM2,BBJ_Graves,Weighted mode,5,4,0,1
ORM2,UKB_hyperthyroid,Inverse variance weighted,5,5,0,0
ORM2,UKB_hyperthyroid,MR Egger,5,5,0,0
ORM2,UKB_hyperthyroid,Weighted median,5,5,0,0
ORM2,UKB_hyperthyroid,Weighted mode,5,5,0,0
ORM2,FinnGen_GO,Inverse variance weighted,5,5,0,0
ORM2,FinnGen_GO,MR Egger,5,5,0,0
ORM2,FinnGen_GO,Weighted median,5,5,0,0
ORM2,FinnGen_GO,Weighted mode,5,5,0,0
OVCH1,BBJ_Graves,Wald ratio,1,1,0,0
OVCH1,UKB_hyperthyroid,Wald ratio,1,1,0,0
OVCH1,FinnGen_GO,Wald ratio,1,1,0,0
OVGP1,BBJ_Graves,Wald ratio,4,1,0,3
OVGP1,UKB_hyperthyroid,Inverse variance weighted,4,3,0,1
OVGP1,UKB_hyperthyroid,MR Egger,4,3,0,1
OVGP1,UKB_hyperthyroid,Weighted median,4,3,0,1
OVGP1,UKB_hyperthyroid,Weighted mode,4,3,0,1
OVGP1,FinnGen_GO,Inverse variance weighted,4,4,0,0
OVGP1,FinnGen_GO,MR Egger,4,4,0,0
OVGP1,FinnGen_GO,Weighted median,4,4,0,0
OVGP1,FinnGen_GO,Weighted mode,4,4,0,0
OXER1,BBJ_Graves,Inverse variance weighted,2,2,1,0
OXER1,UKB_hyperthyroid,Inverse variance weighted,2,2,1,0
OXER1,FinnGen_GO,Inverse variance weighted,2,2,1,0
OXSR1,BBJ_Graves,Wald ratio,1,1,0,0
OXSR1,UKB_hyperthyroid,Wald ratio,1,1,0,0
OXSR1,FinnGen_GO,Wald ratio,1,1,0,0
OXTR,BBJ_Graves,Inverse variance weighted,2,2,1,0
OXTR,UKB_hyperthyroid,Inverse variance weighted,2,2,1,0
OXTR,FinnGen_GO,Inverse variance weighted,2,2,1,0
P2RX1,BBJ_Graves,Wald ratio,6,1,0,5
P2RX1,UKB_hyperthyroid,Inverse variance weighted,6,6,1,0
P2RX1,UKB_hyperthyroid,MR Egger,6,6,1,0
P2RX1,UKB_hyperthyroid,Weighted median,6,6,1,0
P2RX1,UKB_hyperthyroid,Weighted mode,6,6,1,0
P2RX1,FinnGen_GO,Inverse variance weighted,6,6,1,0
P2RX1,FinnGen_GO,MR Egger,6,6,1,0
P2RX1,FinnGen_GO,Weighted median,6,6,1,0
P2RX1,FinnGen_GO,Weighted mode,6,6,1,0
P2RX4,UKB_hyperthyroid,Inverse variance weighted,6,3,0,3
P2RX4,UKB_hyperthyroid,MR Egger,6,3,0,3
P2RX4,UKB_hyperthyroid,Weighted median,6,3,0,3
P2RX4,UKB_hyperthyroid,Weighted mode,6,3,0,3
P2RX4,FinnGen_GO,Inverse variance weighted,6,5,1,1
P2RX4,FinnGen_GO,MR Egger,6,5,1,1
P2RX4,FinnGen_GO,Weighted median,6,5,1,1
P2RX4,FinnGen_GO,Weighted mode,6,5,1,1
P2RX5,BBJ_Graves,Wald ratio,1,1,0,0
P2RX5,UKB_hyperthyroid,Wald ratio,1,1,0,0
P2RX5,FinnGen_GO,Wald ratio,1,1,0,0
P2RX6,BBJ_Graves,Wald ratio,2,1,1,1
P2RX6,UKB_hyperthyroid,Inverse variance weighted,2,2,1,0
P2RX6,FinnGen_GO,Wald ratio,2,1,1,1
P2RX7,BBJ_Graves,Wald ratio,5,1,0,4
P2RX7,UKB_hyperthyroid,Inverse variance weighted,5,4,0,1
P2RX7,UKB_hyperthyroid,MR Egger,5,4,0,1
P2RX7,UKB_hyperthyroid,Weighted median,5,4,0,1
P2RX7,UKB_hyperthyroid,Weighted mode,5,4,0,1
P2RX7,FinnGen_GO,Inverse variance weighted,5,5,0,0
P2RX7,FinnGen_GO,MR Egger,5,5,0,0
P2RX7,FinnGen_GO,Weighted median,5,5,0,0
P2RX7,FinnGen_GO,Weighted mode,5,5,0,0
P2RY1,UKB_hyperthyroid,Wald ratio,1,1,0,0
P2RY1,FinnGen_GO,Wald ratio,1,1,0,0
P2RY12,BBJ_Graves,Inverse variance weighted,2,2,1,0
P2RY12,UKB_hyperthyroid,Inverse variance weighted,2,2,1,0
P2RY12,FinnGen_GO,Inverse variance weighted,2,2,1,0
P2RY13,BBJ_Graves,Inverse variance weighted,3,2,0,1
P2RY13,UKB_hyperthyroid,Inverse variance weighted,3,3,0,0
P2RY13,UKB_hyperthyroid,MR Egger,3,3,0,0
P2RY13,UKB_hyperthyroid,Weighted median,3,3,0,0
P2RY13,UKB_hyperthyroid,Weighted mode,3,3,0,0
P2RY13,FinnGen_GO,Inverse variance weighted,3,2,0,1
P2RY14,BBJ_Graves,Inverse variance weighted,3,2,0,1
P2RY14,UKB_hyperthyroid,Inverse variance weighted,3,3,0,0
P2RY14,UKB_hyperthyroid,MR Egger,3,3,0,0
P2RY14,UKB_hyperthyroid,Weighted median,3,3,0,0
P2RY14,UKB_hyperthyroid,Weighted mode,3,3,0,0
P2RY14,FinnGen_GO,Inverse variance weighted,3,3,0,0
P2RY14,FinnGen_GO,MR Egger,3,3,0,0
P2RY14,FinnGen_GO,Weighted median,3,3,0,0
P2RY14,FinnGen_GO,Weighted mode,3,3,0,0
P2RY2,BBJ_Graves,Wald ratio,1,1,0,0
P2RY2,UKB_hyperthyroid,Wald ratio,1,1,0,0
P2RY2,FinnGen_GO,Wald ratio,1,1,0,0
P2RY6,BBJ_Graves,Wald ratio,1,1,0,0
P2RY6,UKB_hyperthyroid,Wald ratio,1,1,0,0
P2RY6,FinnGen_GO,Wald ratio,1,1,0,0
P4HA1,BBJ_Graves,Wald ratio,1,1,0,0
P4HA1,UKB_hyperthyroid,Wald ratio,1,1,0,0
P4HA1,FinnGen_GO,Wald ratio,1,1,0,0
P4HTM,BBJ_Graves,Wald ratio,1,1,0,0
P4HTM,UKB_hyperthyroid,Wald ratio,1,1,0,0
P4HTM,FinnGen_GO,Wald ratio,1,1,0,0
PAK1,UKB_hyperthyroid,Inverse variance weighted,4,3,0,1
PAK1,UKB_hyperthyroid,MR Egger,4,3,0,1
PAK1,UKB_hyperthyroid,Weighted median,4,3,0,1
PAK1,UKB_hyperthyroid,Weighted mode,4,3,0,1
PAK1,FinnGen_GO,Inverse variance weighted,4,3,0,1
PAK1,FinnGen_GO,MR Egger,4,3,0,1
PAK1,FinnGen_GO,Weighted median,4,3,0,1
PAK1,FinnGen_GO,Weighted mode,4,3,0,1
PAK2,BBJ_Graves,Wald ratio,2,1,0,1
PAK2,UKB_hyperthyroid,Inverse variance weighted,2,2,0,0
PAK2,FinnGen_GO,Inverse variance weighted,2,2,0,0
PAK4,BBJ_Graves,Wald ratio,1,1,0,0
PAK4,UKB_hyperthyroid,Wald ratio,1,1,0,0
PAK4,FinnGen_GO,Wald ratio,1,1,0,0
PAK6,BBJ_Graves,Wald ratio,1,1,0,0
PAK6,UKB_hyperthyroid,Wald ratio,1,1,0,0
PAK6,FinnGen_GO,Wald ratio,1,1,0,0
PAM,BBJ_Graves,Inverse variance weighted,11,4,1,7
PAM,BBJ_Graves,MR Egger,11,4,1,7
PAM,BBJ_Graves,Weighted median,11,4,1,7
PAM,BBJ_Graves,Weighted mode,11,4,1,7
PAM,UKB_hyperthyroid,Inverse variance weighted,11,7,1,4
PAM,UKB_hyperthyroid,MR Egger,11,7,1,4
PAM,UKB_hyperthyroid,Weighted median,11,7,1,4
PAM,UKB_hyperthyroid,Weighted mode,11,7,1,4
PAM,FinnGen_GO,Inverse variance weighted,11,9,1,2
PAM,FinnGen_GO,MR Egger,11,9,1,2
PAM,FinnGen_GO,Weighted median,11,9,1,2
PAM,FinnGen_GO,Weighted mode,11,9,1,2
PAOX,UKB_hyperthyroid,Inverse variance weighted,3,3,0,0
PAOX,UKB_hyperthyroid,MR Egger,3,3,0,0
PAOX,UKB_hyperthyroid,Weighted median,3,3,0,0
PAOX,UKB_hyperthyroid,Weighted mode,3,3,0,0
PAOX,FinnGen_GO,Inverse variance weighted,3,3,0,0
PAOX,FinnGen_GO,MR Egger,3,3,0,0
PAOX,FinnGen_GO,Weighted median,3,3,0,0
PAOX,FinnGen_GO,Weighted mode,3,3,0,0
PARM1,BBJ_Graves,Inverse variance weighted,3,3,0,0
PARM1,BBJ_Graves,MR Egger,3,3,0,0
PARM1,BBJ_Graves,Weighted median,3,3,0,0
PARM1,BBJ_Graves,Weighted mode,3,3,0,0
PARM1,UKB_hyperthyroid,Inverse variance weighted,3,2,0,1
PARM1,FinnGen_GO,Inverse variance weighted,3,3,0,0
PARM1,FinnGen_GO,MR Egger,3,3,0,0
PARM1,FinnGen_GO,Weighted median,3,3,0,0
PARM1,FinnGen_GO,Weighted mode,3,3,0,0
PARP1,BBJ_Graves,Inverse variance weighted,3,3,0,0
PARP1,BBJ_Graves,MR Egger,3,3,0,0
PARP1,BBJ_Graves,Weighted median,3,3,0,0
PARP1,BBJ_Graves,Weighted mode,3,3,0,0
PARP1,UKB_hyperthyroid,Inverse variance weighted,3,3,0,0
PARP1,UKB_hyperthyroid,MR Egger,3,3,0,0
PARP1,UKB_hyperthyroid,Weighted median,3,3,0,0
PARP1,UKB_hyperthyroid,Weighted mode,3,3,0,0
PARP1,FinnGen_GO,Inverse variance weighted,3,3,0,0
PARP1,FinnGen_GO,MR Egger,3,3,0,0
PARP1,FinnGen_GO,Weighted median,3,3,0,0
PARP1,FinnGen_GO,Weighted mode,3,3,0,0
PARP2,BBJ_Graves,Inverse variance weighted,2,2,1,0
PARP2,UKB_hyperthyroid,Inverse variance weighted,2,2,1,0
PARP2,FinnGen_GO,Inverse variance weighted,2,2,1,0
PARP3,UKB_hyperthyroid,Wald ratio,1,1,0,0
PARP3,FinnGen_GO,Wald ratio,1,1,0,0
PARP4,BBJ_Graves,Wald ratio,3,1,0,2
PARP4,UKB_hyperthyroid,Inverse variance weighted,3,3,0,0
PARP4,UKB_hyperthyroid,MR Egger,3,3,0,0
PARP4,UKB_hyperthyroid,Weighted median,3,3,0,0
PARP4,UKB_hyperthyroid,Weighted mode,3,3,0,0
PARP4,FinnGen_GO,Inverse variance weighted,3,3,0,0
PARP4,FinnGen_GO,MR Egger,3,3,0,0
PARP4,FinnGen_GO,Weighted median,3,3,0,0
PARP4,FinnGen_GO,Weighted mode,3,3,0,0
PASK,BBJ_Graves,Inverse variance weighted,3,2,1,1
PASK,UKB_hyperthyroid,Inverse variance weighted,3,3,1,0
PASK,UKB_hyperthyroid,MR Egger,3,3,1,0
PASK,UKB_hyperthyroid,Weighted median,3,3,1,0
PASK,UKB_hyperthyroid,Weighted mode,3,3,1,0
PASK,FinnGen_GO,Inverse variance weighted,3,3,1,0
PASK,FinnGen_GO,MR Egger,3,3,1,0
PASK,FinnGen_GO,Weighted median,3,3,1,0
PASK,FinnGen_GO,Weighted mode,3,3,1,0
PCOLCE,BBJ_Graves,Wald ratio,1,1,0,0
PCOLCE,UKB_hyperthyroid,Wald ratio,1,1,0,0
PCOLCE,FinnGen_GO,Wald ratio,1,1,0,0
PCOLCE2,BBJ_Graves,Wald ratio,1,1,0,0
PCOLCE2,UKB_hyperthyroid,Wald ratio,1,1,0,0
PCOLCE2,FinnGen_GO,Wald ratio,1,1,0,0
PCSK5,BBJ_Graves,Inverse variance weighted,5,4,1,1
PCSK5,BBJ_Graves,MR Egger,5,4,1,1
PCSK5,BBJ_Graves,Weighted median,5,4,1,1
PCSK5,BBJ_Graves,Weighted mode,5,4,1,1
PCSK5,UKB_hyperthyroid,Inverse variance weighted,5,5,1,0
PCSK5,UKB_hyperthyroid,MR Egger,5,5,1,0
PCSK5,UKB_hyperthyroid,Weighted median,5,5,1,0
PCSK5,UKB_hyperthyroid,Weighted mode,5,5,1,0
PCSK5,FinnGen_GO,Inverse variance weighted,5,5,1,0
PCSK5,FinnGen_GO,MR Egger,5,5,1,0
PCSK5,FinnGen_GO,Weighted median,5,5,1,0
PCSK5,FinnGen_GO,Weighted mode,5,5,1,0
PCSK6,BBJ_Graves,Inverse variance weighted,2,2,0,0
PCSK6,UKB_hyperthyroid,Inverse variance weighted,2,2,0,0
PCSK6,FinnGen_GO,Inverse variance weighted,2,2,0,0
PCSK7,BBJ_Graves,Inverse variance weighted,2,2,0,0
PCSK7,UKB_hyperthyroid,Inverse variance weighted,2,2,0,0
PCSK7,FinnGen_GO,Inverse variance weighted,2,2,0,0
PCYOX1,UKB_hyperthyroid,Inverse variance weighted,2,2,0,0
PCYOX1,FinnGen_GO,Inverse variance weighted,2,2,0,0
PCYOX1L,BBJ_Graves,Inverse variance weighted,5,4,1,1
PCYOX1L,BBJ_Graves,MR Egger,5,4,1,1
PCYOX1L,BBJ_Graves,Weighted median,5,4,1,1
PCYOX1L,BBJ_Graves,Weighted mode,5,4,1,1
PCYOX1L,UKB_hyperthyroid,Inverse variance weighted,5,5,1,0
PCYOX1L,UKB_hyperthyroid,MR Egger,5,5,1,0
PCYOX1L,UKB_hyperthyroid,Weighted median,5,5,1,0
PCYOX1L,UKB_hyperthyroid,Weighted mode,5,5,1,0
PCYOX1L,FinnGen_GO,Inverse variance weighted,5,5,1,0
PCYOX1L,FinnGen_GO,MR Egger,5,5,1,0
PCYOX1L,FinnGen_GO,Weighted median,5,5,1,0
PCYOX1L,FinnGen_GO,Weighted mode,5,5,1,0
PDCD1,BBJ_Graves,Inverse variance weighted,2,2,0,0
PDCD1,UKB_hyperthyroid,Inverse variance weighted,2,2,0,0
PDCD1,FinnGen_GO,Inverse variance weighted,2,2,0,0
PDCD1LG2,BBJ_Graves,Inverse variance weighted,2,2,0,0
PDCD1LG2,UKB_hyperthyroid,Inverse variance weighted,2,2,0,0
PDCD1LG2,FinnGen_GO,Inverse variance weighted,2,2,0,0
PDCD4,BBJ_Graves,Inverse variance weighted,3,3,0,0
PDCD4,BBJ_Graves,MR Egger,3,3,0,0
PDCD4,BBJ_Graves,Weighted median,3,3,0,0
PDCD4,BBJ_Graves,Weighted mode,3,3,0,0
PDCD4,UKB_hyperthyroid,Inverse variance weighted,3,3,0,0
PDCD4,UKB_hyperthyroid,MR Egger,3,3,0,0
PDCD4,UKB_hyperthyroid,Weighted median,3,3,0,0
PDCD4,UKB_hyperthyroid,Weighted mode,3,3,0,0
PDCD4,FinnGen_GO,Inverse variance weighted,3,3,0,0
PDCD4,FinnGen_GO,MR Egger,3,3,0,0
PDCD4,FinnGen_GO,Weighted median,3,3,0,0
PDCD4,FinnGen_GO,Weighted mode,3,3,0,0
PDE1B,BBJ_Graves,Inverse variance weighted,4,3,0,1
PDE1B,BBJ_Graves,MR Egger,4,3,0,1
PDE1B,BBJ_Graves,Weighted median,4,3,0,1
PDE1B,BBJ_Graves,Weighted mode,4,3,0,1
PDE1B,UKB_hyperthyroid,Inverse variance weighted,4,4,0,0
PDE1B,UKB_hyperthyroid,MR Egger,4,4,0,0
PDE1B,UKB_hyperthyroid,Weighted median,4,4,0,0
PDE1B,UKB_hyperthyroid,Weighted mode,4,4,0,0
PDE1B,FinnGen_GO,Inverse variance weighted,4,4,0,0
PDE1B,FinnGen_GO,MR Egger,4,4,0,0
PDE1B,FinnGen_GO,Weighted median,4,4,0,0
PDE1B,FinnGen_GO,Weighted mode,4,4,0,0
PDE2A,BBJ_Graves,Inverse variance weighted,2,2,0,0
PDE2A,UKB_hyperthyroid,Inverse variance weighted,2,2,0,0
PDE2A,FinnGen_GO,Inverse variance weighted,2,2,0,0
PDE3B,BBJ_Graves,Wald ratio,1,1,0,0
PDE3B,UKB_hyperthyroid,Wald ratio,1,1,0,0
PDE3B,FinnGen_GO,Wald ratio,1,1,0,0
PDE4A,UKB_hyperthyroid,Inverse variance weighted,3,2,0,1
PDE4A,FinnGen_GO,Inverse variance weighted,3,3,0,0
PDE4A,FinnGen_GO,MR Egger,3,3,0,0
PDE4A,FinnGen_GO,Weighted median,3,3,0,0
PDE4A,FinnGen_GO,Weighted mode,3,3,0,0
PDE4B,UKB_hyperthyroid,Wald ratio,1,1,0,0
PDE4B,FinnGen_GO,Wald ratio,1,1,0,0
PDE4D,BBJ_Graves,Inverse variance weighted,2,2,0,0
PDE4D,UKB_hyperthyroid,Inverse variance weighted,2,2,0,0
PDE4D,FinnGen_GO,Inverse variance weighted,2,2,0,0
PDE5A,BBJ_Graves,Wald ratio,2,1,0,1
PDE5A,UKB_hyperthyroid,Inverse variance weighted,2,2,0,0
PDE5A,FinnGen_GO,Inverse variance weighted,2,2,0,0
PDE6B,UKB_hyperthyroid,Wald ratio,1,1,0,0
PDE6B,FinnGen_GO,Wald ratio,1,1,0,0
PDE6C,BBJ_Graves,Wald ratio,1,1,0,0
PDE6C,UKB_hyperthyroid,Wald ratio,1,1,0,0
PDE6C,FinnGen_GO,Wald ratio,1,1,0,0
PDE6D,BBJ_Graves,Wald ratio,1,1,0,0
PDE6D,UKB_hyperthyroid,Wald ratio,1,1,0,0
PDE6D,FinnGen_GO,Wald ratio,1,1,0,0
PDE6G,BBJ_Graves,Wald ratio,1,1,0,0
PDE6G,UKB_hyperthyroid,Wald ratio,1,1,0,0
PDE6H,BBJ_Graves,Wald ratio,1,1,0,0
PDE6H,UKB_hyperthyroid,Wald ratio,1,1,0,0
PDE6H,FinnGen_GO,Wald ratio,1,1,0,0
PDE7A,BBJ_Graves,Wald ratio,2,1,0,1
PDE7A,UKB_hyperthyroid,Inverse variance weighted,2,2,0,0
PDE7A,FinnGen_GO,Inverse variance weighted,2,2,0,0
PDE7B,BBJ_Graves,Wald ratio,1,1,0,0
PDE7B,UKB_hyperthyroid,Wald ratio,1,1,0,0
PDE7B,FinnGen_GO,Wald ratio,1,1,0,0
PDE8A,BBJ_Graves,Inverse variance weighted,2,2,0,0
PDE8A,UKB_hyperthyroid,Inverse variance weighted,2,2,0,0
PDE8A,FinnGen_GO,Inverse variance weighted,2,2,0,0
PDE8B,BBJ_Graves,Inverse variance weighted,2,2,0,0
PDE8B,UKB_hyperthyroid,Inverse variance weighted,2,2,0,0
PDE8B,FinnGen_GO,Inverse variance weighted,2,2,0,0
PDE9A,BBJ_Graves,Inverse variance weighted,5,5,0,0
PDE9A,BBJ_Graves,MR Egger,5,5,0,0
PDE9A,BBJ_Graves,Weighted median,5,5,0,0
PDE9A,BBJ_Graves,Weighted mode,5,5,0,0
PDE9A,UKB_hyperthyroid,Inverse variance weighted,5,4,0,1
PDE9A,UKB_hyperthyroid,MR Egger,5,4,0,1
PDE9A,UKB_hyperthyroid,Weighted median,5,4,0,1
PDE9A,UKB_hyperthyroid,Weighted mode,5,4,0,1
PDE9A,FinnGen_GO,Inverse variance weighted,5,5,0,0
PDE9A,FinnGen_GO,MR Egger,5,5,0,0
PDE9A,FinnGen_GO,Weighted median,5,5,0,0
PDE9A,FinnGen_GO,Weighted mode,5,5,0,0
PDF,BBJ_Graves,Wald ratio,1,1,0,0
PDF,UKB_hyperthyroid,Wald ratio,1,1,0,0
PDF,FinnGen_GO,Wald ratio,1,1,0,0
PDGFA,UKB_hyperthyroid,Wald ratio,1,1,0,0
PDGFA,FinnGen_GO,Wald ratio,1,1,0,0
PDGFB,BBJ_Graves,Wald ratio,2,1,0,1
PDGFB,UKB_hyperthyroid,Inverse variance weighted,2,2,1,0
PDGFB,FinnGen_GO,Inverse variance weighted,2,2,1,0
PDGFC,BBJ_Graves,Inverse variance weighted,2,2,0,0
PDGFC,UKB_hyperthyroid,Inverse variance weighted,2,2,0,0
PDGFC,FinnGen_GO,Inverse variance weighted,2,2,0,0
PDGFD,BBJ_Graves,Inverse variance weighted,3,3,0,0
PDGFD,BBJ_Graves,MR Egger,3,3,0,0
PDGFD,BBJ_Graves,Weighted median,3,3,0,0
PDGFD,BBJ_Graves,Weighted mode,3,3,0,0
PDGFD,UKB_hyperthyroid,Inverse variance weighted,3,3,0,0
PDGFD,UKB_hyperthyroid,MR Egger,3,3,0,0
PDGFD,UKB_hyperthyroid,Weighted median,3,3,0,0
PDGFD,UKB_hyperthyroid,Weighted mode,3,3,0,0
PDGFD,FinnGen_GO,Inverse variance weighted,3,3,0,0
PDGFD,FinnGen_GO,MR Egger,3,3,0,0
PDGFD,FinnGen_GO,Weighted median,3,3,0,0
PDGFD,FinnGen_GO,Weighted mode,3,3,0,0
PDIA3,BBJ_Graves,Wald ratio,1,1,0,0
PDIA3,UKB_hyperthyroid,Wald ratio,1,1,0,0
PDIA3,FinnGen_GO,Wald ratio,1,1,0,0
PDIA6,BBJ_Graves,Inverse variance weighted,3,3,0,0
PDIA6,BBJ_Graves,MR Egger,3,3,0,0
PDIA6,BBJ_Graves,Weighted median,3,3,0,0
PDIA6,BBJ_Graves,Weighted mode,3,3,0,0
PDIA6,UKB_hyperthyroid,Inverse variance weighted,3,3,0,0
PDIA6,UKB_hyperthyroid,MR Egger,3,3,0,0
PDIA6,UKB_hyperthyroid,Weighted median,3,3,0,0
PDIA6,UKB_hyperthyroid,Weighted mode,3,3,0,0
PDIA6,FinnGen_GO,Inverse variance weighted,3,3,0,0
PDIA6,FinnGen_GO,MR Egger,3,3,0,0
PDIA6,FinnGen_GO,Weighted median,3,3,0,0
PDIA6,FinnGen_GO,Weighted mode,3,3,0,0
PDK1,BBJ_Graves,Inverse variance weighted,4,3,0,1
PDK1,BBJ_Graves,MR Egger,4,3,0,1
PDK1,BBJ_Graves,Weighted median,4,3,0,1
PDK1,BBJ_Graves,Weighted mode,4,3,0,1
PDK1,UKB_hyperthyroid,Inverse variance weighted,4,4,0,0
PDK1,UKB_hyperthyroid,MR Egger,4,4,0,0
PDK1,UKB_hyperthyroid,Weighted median,4,4,0,0
PDK1,UKB_hyperthyroid,Weighted mode,4,4,0,0
PDK1,FinnGen_GO,Inverse variance weighted,4,4,0,0
PDK1,FinnGen_GO,MR Egger,4,4,0,0
PDK1,FinnGen_GO,Weighted median,4,4,0,0
PDK1,FinnGen_GO,Weighted mode,4,4,0,0
PDZD2,BBJ_Graves,Wald ratio,1,1,0,0
PDZD2,UKB_hyperthyroid,Wald ratio,1,1,0,0
PDZD2,FinnGen_GO,Wald ratio,1,1,0,0
PEAK1,BBJ_Graves,Wald ratio,1,1,0,0
PEAK1,UKB_hyperthyroid,Wald ratio,1,1,0,0
PEAK1,FinnGen_GO,Wald ratio,1,1,0,0
PEPD,BBJ_Graves,Wald ratio,2,1,0,1
PEPD,UKB_hyperthyroid,Inverse variance weighted,2,2,0,0
PEPD,FinnGen_GO,Inverse variance weighted,2,2,0,0
PF4,BBJ_Graves,Wald ratio,1,1,0,0
PF4,UKB_hyperthyroid,Wald ratio,1,1,0,0
PF4,FinnGen_GO,Wald ratio,1,1,0,0
PF4V1,BBJ_Graves,Wald ratio,5,1,2,4
PF4V1,UKB_hyperthyroid,Inverse variance weighted,5,3,2,2
PF4V1,UKB_hyperthyroid,MR Egger,5,3,2,2
PF4V1,UKB_hyperthyroid,Weighted median,5,3,2,2
PF4V1,UKB_hyperthyroid,Weighted mode,5,3,2,2
PF4V1,FinnGen_GO,Inverse variance weighted,5,4,2,1
PF4V1,FinnGen_GO,MR Egger,5,4,2,1
PF4V1,FinnGen_GO,Weighted median,5,4,2,1
PF4V1,FinnGen_GO,Weighted mode,5,4,2,1
PGD,BBJ_Graves,Wald ratio,1,1,0,0
PGD,UKB_hyperthyroid,Wald ratio,1,1,0,0
PGD,FinnGen_GO,Wald ratio,1,1,0,0
PGF,BBJ_Graves,Wald ratio,1,1,0,0
PGF,UKB_hyperthyroid,Wald ratio,1,1,0,0
PGF,FinnGen_GO,Wald ratio,1,1,0,0
PGGT1B,BBJ_Graves,Wald ratio,2,1,0,1
PGGT1B,UKB_hyperthyroid,Inverse variance weighted,2,2,0,0
PGGT1B,FinnGen_GO,Inverse variance weighted,2,2,0,0
PGLYRP1,BBJ_Graves,Inverse variance weighted,3,2,1,1
PGLYRP1,UKB_hyperthyroid,Inverse variance weighted,3,3,1,0
PGLYRP1,UKB_hyperthyroid,MR Egger,3,3,1,0
PGLYRP1,UKB_hyperthyroid,Weighted median,3,3,1,0
PGLYRP1,UKB_hyperthyroid,Weighted mode,3,3,1,0
PGLYRP1,FinnGen_GO,Inverse variance weighted,3,2,1,1
PGLYRP2,BBJ_Graves,Inverse variance weighted,2,2,0,0
PGLYRP2,UKB_hyperthyroid,Inverse variance weighted,2,2,0,0
PGLYRP2,FinnGen_GO,Inverse variance weighted,2,2,0,0
PHKG1,BBJ_Graves,Wald ratio,2,1,0,1
PHKG1,UKB_hyperthyroid,Inverse variance weighted,2,2,1,0
PHKG1,FinnGen_GO,Inverse variance weighted,2,2,1,0
PHKG2,UKB_hyperthyroid,Wald ratio,1,1,0,0
PHKG2,FinnGen_GO,Wald ratio,1,1,0,0
PHOSPHO1,BBJ_Graves,Inverse variance weighted,2,2,0,0
PHOSPHO1,UKB_hyperthyroid,Inverse variance weighted,2,2,0,0
PHOSPHO1,FinnGen_GO,Inverse variance weighted,2,2,0,0
PI16,BBJ_Graves,Inverse variance weighted,4,2,0,2
PI16,UKB_hyperthyroid,Inverse variance weighted,4,3,0,1
PI16,UKB_hyperthyroid,MR Egger,4,3,0,1
PI16,UKB_hyperthyroid,Weighted median,4,3,0,1
PI16,UKB_hyperthyroid,Weighted mode,4,3,0,1
PI16,FinnGen_GO,Inverse variance weighted,4,4,0,0
PI16,FinnGen_GO,MR Egger,4,4,0,0
PI16,FinnGen_GO,Weighted median,4,4,0,0
PI16,FinnGen_GO,Weighted mode,4,4,0,0
PI3,BBJ_Graves,Inverse variance weighted,2,2,1,0
PI3,UKB_hyperthyroid,Inverse variance weighted,2,2,1,0
PI3,FinnGen_GO,Inverse variance weighted,2,2,1,0
PIGF,BBJ_Graves,Wald ratio,1,1,1,0
PIGF,UKB_hyperthyroid,Wald ratio,1,1,1,0
PIGF,FinnGen_GO,Wald ratio,1,1,1,0
PIGK,BBJ_Graves,Inverse variance weighted,2,2,1,0
PIGK,UKB_hyperthyroid,Inverse variance weighted,2,2,1,0
PIGK,FinnGen_GO,Inverse variance weighted,2,2,1,0
PIGT,BBJ_Graves,Wald ratio,3,1,0,2
PIGT,UKB_hyperthyroid,Inverse variance weighted,3,2,0,1
PIGT,FinnGen_GO,Inverse variance weighted,3,3,0,0
PIGT,FinnGen_GO,MR Egger,3,3,0,0
PIGT,FinnGen_GO,Weighted median,3,3,0,0
PIGT,FinnGen_GO,Weighted mode,3,3,0,0
PIK3C2A,BBJ_Graves,Inverse variance weighted,5,2,0,3
PIK3C2A,UKB_hyperthyroid,Inverse variance weighted,5,3,0,2
PIK3C2A,UKB_hyperthyroid,MR Egger,5,3,0,2
PIK3C2A,UKB_hyperthyroid,Weighted median,5,3,0,2
PIK3C2A,UKB_hyperthyroid,Weighted mode,5,3,0,2
PIK3C2A,FinnGen_GO,Inverse variance weighted,5,2,0,3
PIK3C2B,BBJ_Graves,Wald ratio,1,1,0,0
PIK3C2B,UKB_hyperthyroid,Wald ratio,1,1,0,0
PIK3C2B,FinnGen_GO,Wald ratio,1,1,0,0
PIK3C3,BBJ_Graves,Wald ratio,1,1,0,0
PIK3C3,UKB_hyperthyroid,Wald ratio,1,1,0,0
PIK3C3,FinnGen_GO,Wald ratio,1,1,0,0
PIK3CA,BBJ_Graves,Inverse variance weighted,2,2,1,0
PIK3CA,UKB_hyperthyroid,Inverse variance weighted,2,2,1,0
PIK3CA,FinnGen_GO,Inverse variance weighted,2,2,1,0
PIK3CB,BBJ_Graves,Wald ratio,1,1,0,0
PIK3CB,UKB_hyperthyroid,Wald ratio,1,1,0,0
PIK3CB,FinnGen_GO,Wald ratio,1,1,0,0
PIK3CD,BBJ_Graves,Wald ratio,1,1,0,0
PIK3CD,UKB_hyperthyroid,Wald ratio,1,1,0,0
PIK3CD,FinnGen_GO,Wald ratio,1,1,0,0
PIK3CG,BBJ_Graves,Wald ratio,1,1,0,0
PIK3CG,UKB_hyperthyroid,Wald ratio,1,1,0,0
PIK3CG,FinnGen_GO,Wald ratio,1,1,0,0
PIK3IP1,BBJ_Graves,Inverse variance weighted,4,3,0,1
PIK3IP1,BBJ_Graves,MR Egger,4,3,0,1
PIK3IP1,BBJ_Graves,Weighted median,4,3,0,1
PIK3IP1,BBJ_Graves,Weighted mode,4,3,0,1
PIK3IP1,UKB_hyperthyroid,Inverse variance weighted,4,4,0,0
PIK3IP1,UKB_hyperthyroid,MR Egger,4,4,0,0
PIK3IP1,UKB_hyperthyroid,Weighted median,4,4,0,0
PIK3IP1,UKB_hyperthyroid,Weighted mode,4,4,0,0
PIK3IP1,FinnGen_GO,Inverse variance weighted,4,4,0,0
PIK3IP1,FinnGen_GO,MR Egger,4,4,0,0
PIK3IP1,FinnGen_GO,Weighted median,4,4,0,0
PIK3IP1,FinnGen_GO,Weighted mode,4,4,0,0
PIK3R1,BBJ_Graves,Inverse variance weighted,3,2,0,1
PIK3R1,UKB_hyperthyroid,Inverse variance weighted,3,3,0,0
PIK3R1,UKB_hyperthyroid,MR Egger,3,3,0,0
PIK3R1,UKB_hyperthyroid,Weighted median,3,3,0,0
PIK3R1,UKB_hyperthyroid,Weighted mode,3,3,0,0
PIK3R1,FinnGen_GO,Inverse variance weighted,3,3,0,0
PIK3R1,FinnGen_GO,MR Egger,3,3,0,0
PIK3R1,FinnGen_GO,Weighted median,3,3,0,0
PIK3R1,FinnGen_GO,Weighted mode,3,3,0,0
PIK3R4,BBJ_Graves,Wald ratio,1,1,0,0
PIK3R4,UKB_hyperthyroid,Wald ratio,1,1,0,0
PIK3R4,FinnGen_GO,Wald ratio,1,1,0,0
PIM1,BBJ_Graves,Wald ratio,3,1,0,2
PIM1,UKB_hyperthyroid,Inverse variance weighted,3,3,0,0
PIM1,UKB_hyperthyroid,MR Egger,3,3,0,0
PIM1,UKB_hyperthyroid,Weighted median,3,3,0,0
PIM1,UKB_hyperthyroid,Weighted mode,3,3,0,0
PIM1,FinnGen_GO,Inverse variance weighted,3,3,0,0
PIM1,FinnGen_GO,MR Egger,3,3,0,0
PIM1,FinnGen_GO,Weighted median,3,3,0,0
PIM1,FinnGen_GO,Weighted mode,3,3,0,0
PIM3,BBJ_Graves,Inverse variance weighted,4,2,0,2
PIM3,UKB_hyperthyroid,Inverse variance weighted,4,3,0,1
PIM3,UKB_hyperthyroid,MR Egger,4,3,0,1
PIM3,UKB_hyperthyroid,Weighted median,4,3,0,1
PIM3,UKB_hyperthyroid,Weighted mode,4,3,0,1
PIM3,FinnGen_GO,Inverse variance weighted,4,3,0,1
PIM3,FinnGen_GO,MR Egger,4,3,0,1
PIM3,FinnGen_GO,Weighted median,4,3,0,1
PIM3,FinnGen_GO,Weighted mode,4,3,0,1
PIN1,BBJ_Graves,Wald ratio,1,1,0,0
PIN1,UKB_hyperthyroid,Wald ratio,1,1,0,0
PIN1,FinnGen_GO,Wald ratio,1,1,0,0
PINK1,BBJ_Graves,Inverse variance weighted,2,2,0,0
PINK1,UKB_hyperthyroid,Inverse variance weighted,2,2,0,0
PINK1,FinnGen_GO,Inverse variance weighted,2,2,0,0
PIP4K2B,BBJ_Graves,Wald ratio,1,1,0,0
PIP4K2B,UKB_hyperthyroid,Wald ratio,1,1,0,0
PIP4K2B,FinnGen_GO,Wald ratio,1,1,0,0
PIP4K2C,BBJ_Graves,Wald ratio,1,1,0,0
PIP4K2C,UKB_hyperthyroid,Wald ratio,1,1,0,0
PIP4K2C,FinnGen_GO,Wald ratio,1,1,0,0
PIP5K1A,UKB_hyperthyroid,Wald ratio,1,1,0,0
PIP5K1A,FinnGen_GO,Wald ratio,1,1,0,0
PIP5K1C,BBJ_Graves,Wald ratio,2,1,0,1
PIP5K1C,UKB_hyperthyroid,Inverse variance weighted,2,2,1,0
PIP5K1C,FinnGen_GO,Inverse variance weighted,2,2,1,0
PKD2,UKB_hyperthyroid,Inverse variance weighted,4,4,0,0
PKD2,UKB_hyperthyroid,MR Egger,4,4,0,0
PKD2,UKB_hyperthyroid,Weighted median,4,4,0,0
PKD2,UKB_hyperthyroid,Weighted mode,4,4,0,0
PKD2,FinnGen_GO,Inverse variance weighted,4,3,0,1
PKD2,FinnGen_GO,MR Egger,4,3,0,1
PKD2,FinnGen_GO,Weighted median,4,3,0,1
PKD2,FinnGen_GO,Weighted mode,4,3,0,1
PKD2L1,BBJ_Graves,Inverse variance weighted,3,3,0,0
PKD2L1,BBJ_Graves,MR Egger,3,3,0,0
PKD2L1,BBJ_Graves,Weighted median,3,3,0,0
PKD2L1,BBJ_Graves,Weighted mode,3,3,0,0
PKD2L1,UKB_hyperthyroid,Inverse variance weighted,3,3,0,0
PKD2L1,UKB_hyperthyroid,MR Egger,3,3,0,0
PKD2L1,UKB_hyperthyroid,Weighted median,3,3,0,0
PKD2L1,UKB_hyperthyroid,Weighted mode,3,3,0,0
PKD2L1,FinnGen_GO,Inverse variance weighted,3,3,0,0
PKD2L1,FinnGen_GO,MR Egger,3,3,0,0
PKD2L1,FinnGen_GO,Weighted median,3,3,0,0
PKD2L1,FinnGen_GO,Weighted mode,3,3,0,0
PKD2L2,BBJ_Graves,Wald ratio,1,1,0,0
PKD2L2,UKB_hyperthyroid,Wald ratio,1,1,0,0
PKD2L2,FinnGen_GO,Wald ratio,1,1,0,0
PKN1,BBJ_Graves,Inverse variance weighted,3,3,0,0
PKN1,BBJ_Graves,MR Egger,3,3,0,0
PKN1,BBJ_Graves,Weighted median,3,3,0,0
PKN1,BBJ_Graves,Weighted mode,3,3,0,0
PKN1,UKB_hyperthyroid,Inverse variance weighted,3,3,0,0
PKN1,UKB_hyperthyroid,MR Egger,3,3,0,0
PKN1,UKB_hyperthyroid,Weighted median,3,3,0,0
PKN1,UKB_hyperthyroid,Weighted mode,3,3,0,0
PKN1,FinnGen_GO,Inverse variance weighted,3,3,0,0
PKN1,FinnGen_GO,MR Egger,3,3,0,0
PKN1,FinnGen_GO,Weighted median,3,3,0,0
PKN1,FinnGen_GO,Weighted mode,3,3,0,0
PKN3,BBJ_Graves,Wald ratio,3,1,1,2
PKN3,UKB_hyperthyroid,Inverse variance weighted,3,3,1,0
PKN3,UKB_hyperthyroid,MR Egger,3,3,1,0
PKN3,UKB_hyperthyroid,Weighted median,3,3,1,0
PKN3,UKB_hyperthyroid,Weighted mode,3,3,1,0
PKN3,FinnGen_GO,Inverse variance weighted,3,3,1,0
PKN3,FinnGen_GO,MR Egger,3,3,1,0
PKN3,FinnGen_GO,Weighted median,3,3,1,0
PKN3,FinnGen_GO,Weighted mode,3,3,1,0
PLA2G12A,UKB_hyperthyroid,Wald ratio,1,1,0,0
PLA2G15,BBJ_Graves,Wald ratio,1,1,1,0
PLA2G15,UKB_hyperthyroid,Wald ratio,1,1,1,0
PLA2G15,FinnGen_GO,Wald ratio,1,1,1,0
PLA2G2C,BBJ_Graves,Inverse variance weighted,2,2,0,0
PLA2G2C,UKB_hyperthyroid,Inverse variance weighted,2,2,0,0
PLA2G2C,FinnGen_GO,Inverse variance weighted,2,2,0,0
PLA2G4A,BBJ_Graves,Inverse variance weighted,2,2,0,0
PLA2G4A,UKB_hyperthyroid,Inverse variance weighted,2,2,0,0
PLA2G4A,FinnGen_GO,Inverse variance weighted,2,2,0,0
PLA2G4B,BBJ_Graves,Wald ratio,2,1,0,1
PLA2G4B,UKB_hyperthyroid,Inverse variance weighted,2,2,0,0
PLA2G4B,FinnGen_GO,Inverse variance weighted,2,2,0,0
PLA2G6,BBJ_Graves,Wald ratio,1,1,0,0
PLA2G6,UKB_hyperthyroid,Wald ratio,1,1,0,0
PLA2G6,FinnGen_GO,Wald ratio,1,1,0,0
PLA2G7,BBJ_Graves,Inverse variance weighted,4,2,0,2
PLA2G7,UKB_hyperthyroid,Inverse variance weighted,4,4,0,0
PLA2G7,UKB_hyperthyroid,MR Egger,4,4,0,0
PLA2G7,UKB_hyperthyroid,Weighted median,4,4,0,0
PLA2G7,UKB_hyperthyroid,Weighted mode,4,4,0,0
PLA2G7,FinnGen_GO,Inverse variance weighted,4,4,0,0
PLA2G7,FinnGen_GO,MR Egger,4,4,0,0
PLA2G7,FinnGen_GO,Weighted median,4,4,0,0
PLA2G7,FinnGen_GO,Weighted mode,4,4,0,0
PLAA,BBJ_Graves,Inverse variance weighted,2,2,0,0
PLAA,UKB_hyperthyroid,Inverse variance weighted,2,2,0,0
PLAA,FinnGen_GO,Inverse variance weighted,2,2,0,0
PLAT,BBJ_Graves,Wald ratio,1,1,0,0
PLAT,UKB_hyperthyroid,Wald ratio,1,1,0,0
PLAT,FinnGen_GO,Wald ratio,1,1,0,0
PLAU,BBJ_Graves,Inverse variance weighted,2,2,0,0
PLAU,UKB_hyperthyroid,Inverse variance weighted,2,2,0,0
PLAU,FinnGen_GO,Inverse variance weighted,2,2,0,0
PLAUR,BBJ_Graves,Wald ratio,3,1,0,2
PLAUR,UKB_hyperthyroid,Inverse variance weighted,3,3,0,0
PLAUR,UKB_hyperthyroid,MR Egger,3,3,0,0
PLAUR,UKB_hyperthyroid,Weighted median,3,3,0,0
PLAUR,UKB_hyperthyroid,Weighted mode,3,3,0,0
PLAUR,FinnGen_GO,Inverse variance weighted,3,3,0,0
PLAUR,FinnGen_GO,MR Egger,3,3,0,0
PLAUR,FinnGen_GO,Weighted median,3,3,0,0
PLAUR,FinnGen_GO,Weighted mode,3,3,0,0
PLBD1,BBJ_Graves,Wald ratio,3,1,0,2
PLBD1,UKB_hyperthyroid,Inverse variance weighted,3,2,0,1
PLBD1,FinnGen_GO,Inverse variance weighted,3,3,0,0
PLBD1,FinnGen_GO,MR Egger,3,3,0,0
PLBD1,FinnGen_GO,Weighted median,3,3,0,0
PLBD1,FinnGen_GO,Weighted mode,3,3,0,0
PLBD2,BBJ_Graves,Wald ratio,1,1,0,0
PLBD2,UKB_hyperthyroid,Wald ratio,1,1,0,0
PLBD2,FinnGen_GO,Wald ratio,1,1,0,0
PLCG2,BBJ_Graves,Inverse variance weighted,4,4,0,0
PLCG2,BBJ_Graves,MR Egger,4,4,0,0
PLCG2,BBJ_Graves,Weighted median,4,4,0,0
PLCG2,BBJ_Graves,Weighted mode,4,4,0,0
PLCG2,UKB_hyperthyroid,Inverse variance weighted,4,4,0,0
PLCG2,UKB_hyperthyroid,MR Egger,4,4,0,0
PLCG2,UKB_hyperthyroid,Weighted median,4,4,0,0
PLCG2,UKB_hyperthyroid,Weighted mode,4,4,0,0
PLCG2,FinnGen_GO,Inverse variance weighted,4,4,0,0
PLCG2,FinnGen_GO,MR Egger,4,4,0,0
PLCG2,FinnGen_GO,Weighted median,4,4,0,0
PLCG2,FinnGen_GO,Weighted mode,4,4,0,0
PLD1,BBJ_Graves,Inverse variance weighted,2,2,0,0
PLD1,UKB_hyperthyroid,Inverse variance weighted,2,2,0,0
PLD1,FinnGen_GO,Inverse variance weighted,2,2,0,0
PLD2,BBJ_Graves,Inverse variance weighted,4,3,0,1
PLD2,BBJ_Graves,MR Egger,4,3,0,1
PLD2,BBJ_Graves,Weighted median,4,3,0,1
PLD2,BBJ_Graves,Weighted mode,4,3,0,1
PLD2,UKB_hyperthyroid,Inverse variance weighted,4,3,0,1
PLD2,UKB_hyperthyroid,MR Egger,4,3,0,1
PLD2,UKB_hyperthyroid,Weighted median,4,3,0,1
PLD2,UKB_hyperthyroid,Weighted mode,4,3,0,1
PLD2,FinnGen_GO,Inverse variance weighted,4,4,0,0
PLD2,FinnGen_GO,MR Egger,4,4,0,0
PLD2,FinnGen_GO,Weighted median,4,4,0,0
PLD2,FinnGen_GO,Weighted mode,4,4,0,0
PLEK,BBJ_Graves,Inverse variance weighted,3,2,0,1
PLEK,UKB_hyperthyroid,Inverse variance weighted,3,3,0,0
PLEK,UKB_hyperthyroid,MR Egger,3,3,0,0
PLEK,UKB_hyperthyroid,Weighted median,3,3,0,0
PLEK,UKB_hyperthyroid,Weighted mode,3,3,0,0
PLEK,FinnGen_GO,Inverse variance weighted,3,3,0,0
PLEK,FinnGen_GO,MR Egger,3,3,0,0
PLEK,FinnGen_GO,Weighted median,3,3,0,0
PLEK,FinnGen_GO,Weighted mode,3,3,0,0
PLGLB1,BBJ_Graves,Wald ratio,4,1,1,3
PLGLB1,UKB_hyperthyroid,Inverse variance weighted,4,4,1,0
PLGLB1,UKB_hyperthyroid,MR Egger,4,4,1,0
PLGLB1,UKB_hyperthyroid,Weighted median,4,4,1,0
PLGLB1,UKB_hyperthyroid,Weighted mode,4,4,1,0
PLGLB1,FinnGen_GO,Inverse variance weighted,4,4,1,0
PLGLB1,FinnGen_GO,MR Egger,4,4,1,0
PLGLB1,FinnGen_GO,Weighted median,4,4,1,0
PLGLB1,FinnGen_GO,Weighted mode,4,4,1,0
PLGLB2,BBJ_Graves,Wald ratio,2,1,0,1
PLGLB2,UKB_hyperthyroid,Inverse variance weighted,2,2,0,0
PLGLB2,FinnGen_GO,Inverse variance weighted,2,2,0,0
PLIN2,BBJ_Graves,Inverse variance weighted,6,3,0,3
PLIN2,BBJ_Graves,MR Egger,6,3,0,3
PLIN2,BBJ_Graves,Weighted median,6,3,0,3
PLIN2,BBJ_Graves,Weighted mode,6,3,0,3
PLIN2,UKB_hyperthyroid,Inverse variance weighted,6,4,0,2
PLIN2,UKB_hyperthyroid,MR Egger,6,4,0,2
PLIN2,UKB_hyperthyroid,Weighted median,6,4,0,2
PLIN2,UKB_hyperthyroid,Weighted mode,6,4,0,2
PLIN2,FinnGen_GO,Inverse variance weighted,6,6,0,0
PLIN2,FinnGen_GO,MR Egger,6,6,0,0
PLIN2,FinnGen_GO,Weighted median,6,6,0,0
PLIN2,FinnGen_GO,Weighted mode,6,6,0,0
PLK1,BBJ_Graves,Wald ratio,2,1,0,1
PLK1,UKB_hyperthyroid,Inverse variance weighted,2,2,0,0
PLK1,FinnGen_GO,Inverse variance weighted,2,2,0,0
PLK2,BBJ_Graves,Wald ratio,1,1,0,0
PLK2,UKB_hyperthyroid,Wald ratio,1,1,0,0
PLK2,FinnGen_GO,Wald ratio,1,1,0,0
PLK3,BBJ_Graves,Wald ratio,1,1,0,0
PLK3,UKB_hyperthyroid,Wald ratio,1,1,0,0
PLK3,FinnGen_GO,Wald ratio,1,1,0,0
PLOD1,BBJ_Graves,Wald ratio,4,1,0,3
PLOD1,UKB_hyperthyroid,Inverse variance weighted,4,3,1,1
PLOD1,UKB_hyperthyroid,MR Egger,4,3,1,1
PLOD1,UKB_hyperthyroid,Weighted median,4,3,1,1
PLOD1,UKB_hyperthyroid,Weighted mode,4,3,1,1
PLOD1,FinnGen_GO,Inverse variance weighted,4,3,1,1
PLOD1,FinnGen_GO,MR Egger,4,3,1,1
PLOD1,FinnGen_GO,Weighted median,4,3,1,1
PLOD1,FinnGen_GO,Weighted mode,4,3,1,1
PLSCR1,BBJ_Graves,Wald ratio,2,1,1,1
PLSCR1,UKB_hyperthyroid,Wald ratio,2,1,1,1
PLSCR1,FinnGen_GO,Wald ratio,2,1,1,1
PLTP,BBJ_Graves,Inverse variance weighted,5,4,1,1
PLTP,BBJ_Graves,MR Egger,5,4,1,1
PLTP,BBJ_Graves,Weighted median,5,4,1,1
PLTP,BBJ_Graves,Weighted mode,5,4,1,1
PLTP,UKB_hyperthyroid,Inverse variance weighted,5,5,1,0
PLTP,UKB_hyperthyroid,MR Egger,5,5,1,0
PLTP,UKB_hyperthyroid,Weighted median,5,5,1,0
PLTP,UKB_hyperthyroid,Weighted mode,5,5,1,0
PLTP,FinnGen_GO,Inverse variance weighted,5,5,1,0
PLTP,FinnGen_GO,MR Egger,5,5,1,0
PLTP,FinnGen_GO,Weighted median,5,5,1,0
PLTP,FinnGen_GO,Weighted mode,5,5,1,0
PLXNB1,BBJ_Graves,Wald ratio,1,1,0,0
PLXNB1,UKB_hyperthyroid,Wald ratio,1,1,0,0
PLXNB1,FinnGen_GO,Wald ratio,1,1,0,0
PLXNC1,BBJ_Graves,Wald ratio,2,1,0,1
PLXNC1,UKB_hyperthyroid,Inverse variance weighted,2,2,0,0
PLXNC1,FinnGen_GO,Inverse variance weighted,2,2,0,0
PMEL,UKB_hyperthyroid,Wald ratio,1,1,0,0
PMEL,FinnGen_GO,Wald ratio,1,1,0,0
PMP22,BBJ_Graves,Inverse variance weighted,3,3,2,0
PMP22,BBJ_Graves,MR Egger,3,3,2,0
PMP22,BBJ_Graves,Weighted median,3,3,2,0
PMP22,BBJ_Graves,Weighted mode,3,3,2,0
PMP22,UKB_hyperthyroid,Inverse variance weighted,3,3,2,0
PMP22,UKB_hyperthyroid,MR Egger,3,3,2,0
PMP22,UKB_hyperthyroid,Weighted median,3,3,2,0
PMP22,UKB_hyperthyroid,Weighted mode,3,3,2,0
PMP22,FinnGen_GO,Inverse variance weighted,3,3,2,0
PMP22,FinnGen_GO,MR Egger,3,3,2,0
PMP22,FinnGen_GO,Weighted median,3,3,2,0
PMP22,FinnGen_GO,Weighted mode,3,3,2,0
PNMT,BBJ_Graves,Wald ratio,1,1,0,0
PNMT,UKB_hyperthyroid,Wald ratio,1,1,0,0
PNMT,FinnGen_GO,Wald ratio,1,1,0,0
PNP,BBJ_Graves,Inverse variance weighted,3,3,0,0
PNP,BBJ_Graves,MR Egger,3,3,0,0
PNP,BBJ_Graves,Weighted median,3,3,0,0
PNP,BBJ_Graves,Weighted mode,3,3,0,0
PNP,UKB_hyperthyroid,Inverse variance weighted,3,3,0,0
PNP,UKB_hyperthyroid,MR Egger,3,3,0,0
PNP,UKB_hyperthyroid,Weighted median,3,3,0,0
PNP,UKB_hyperthyroid,Weighted mode,3,3,0,0
PNP,FinnGen_GO,Inverse variance weighted,3,3,0,0
PNP,FinnGen_GO,MR Egger,3,3,0,0
PNP,FinnGen_GO,Weighted median,3,3,0,0
PNP,FinnGen_GO,Weighted mode,3,3,0,0
PODN,BBJ_Graves,Inverse variance weighted,3,2,0,1
PODN,UKB_hyperthyroid,Inverse variance weighted,3,3,0,0
PODN,UKB_hyperthyroid,MR Egger,3,3,0,0
PODN,UKB_hyperthyroid,Weighted median,3,3,0,0
PODN,UKB_hyperthyroid,Weighted mode,3,3,0,0
PODN,FinnGen_GO,Inverse variance weighted,3,3,0,0
PODN,FinnGen_GO,MR Egger,3,3,0,0
PODN,FinnGen_GO,Weighted median,3,3,0,0
PODN,FinnGen_GO,Weighted mode,3,3,0,0
POGLUT1,BBJ_Graves,Inverse variance weighted,4,3,1,1
POGLUT1,BBJ_Graves,MR Egger,4,3,1,1
POGLUT1,BBJ_Graves,Weighted median,4,3,1,1
POGLUT1,BBJ_Graves,Weighted mode,4,3,1,1
POGLUT1,UKB_hyperthyroid,Inverse variance weighted,4,4,1,0
POGLUT1,UKB_hyperthyroid,MR Egger,4,4,1,0
POGLUT1,UKB_hyperthyroid,Weighted median,4,4,1,0
POGLUT1,UKB_hyperthyroid,Weighted mode,4,4,1,0
POGLUT1,FinnGen_GO,Inverse variance weighted,4,4,1,0
POGLUT1,FinnGen_GO,MR Egger,4,4,1,0
POGLUT1,FinnGen_GO,Weighted median,4,4,1,0
POGLUT1,FinnGen_GO,Weighted mode,4,4,1,0
POLB,BBJ_Graves,Wald ratio,2,1,0,1
POLB,UKB_hyperthyroid,Wald ratio,2,1,0,1
POLB,FinnGen_GO,Wald ratio,2,1,0,1
POLD1,BBJ_Graves,Wald ratio,1,1,0,0
POLD1,UKB_hyperthyroid,Wald ratio,1,1,0,0
POLD1,FinnGen_GO,Wald ratio,1,1,0,0
POLE,UKB_hyperthyroid,Wald ratio,1,1,0,0
POLE,FinnGen_GO,Wald ratio,1,1,0,0
POMC,BBJ_Graves,Inverse variance weighted,5,2,0,3
POMC,UKB_hyperthyroid,Inverse variance weighted,5,3,0,2
POMC,UKB_hyperthyroid,MR Egger,5,3,0,2
POMC,UKB_hyperthyroid,Weighted median,5,3,0,2
POMC,UKB_hyperthyroid,Weighted mode,5,3,0,2
POMC,FinnGen_GO,Inverse variance weighted,5,5,0,0
POMC,FinnGen_GO,MR Egger,5,5,0,0
POMC,FinnGen_GO,Weighted median,5,5,0,0
POMC,FinnGen_GO,Weighted mode,5,5,0,0
PON2,BBJ_Graves,Inverse variance weighted,4,2,0,2
PON2,UKB_hyperthyroid,Inverse variance weighted,4,4,0,0
PON2,UKB_hyperthyroid,MR Egger,4,4,0,0
PON2,UKB_hyperthyroid,Weighted median,4,4,0,0
PON2,UKB_hyperthyroid,Weighted mode,4,4,0,0
PON2,FinnGen_GO,Inverse variance weighted,4,4,0,0
PON2,FinnGen_GO,MR Egger,4,4,0,0
PON2,FinnGen_GO,Weighted median,4,4,0,0
PON2,FinnGen_GO,Weighted mode,4,4,0,0
POR,BBJ_Graves,Inverse variance weighted,4,2,0,2
POR,UKB_hyperthyroid,Inverse variance weighted,4,4,0,0
POR,UKB_hyperthyroid,MR Egger,4,4,0,0
POR,UKB_hyperthyroid,Weighted median,4,4,0,0
POR,UKB_hyperthyroid,Weighted mode,4,4,0,0
POR,FinnGen_GO,Inverse variance weighted,4,3,0,1
POR,FinnGen_GO,MR Egger,4,3,0,1
POR,FinnGen_GO,Weighted median,4,3,0,1
POR,FinnGen_GO,Weighted mode,4,3,0,1
PPARA,BBJ_Graves,Wald ratio,1,1,0,0
PPARA,UKB_hyperthyroid,Wald ratio,1,1,0,0
PPARA,FinnGen_GO,Wald ratio,1,1,0,0
PPARD,UKB_hyperthyroid,Inverse variance weighted,2,2,0,0
PPARD,FinnGen_GO,Wald ratio,2,1,0,1
PPARG,BBJ_Graves,Inverse variance weighted,2,2,0,0
PPARG,UKB_hyperthyroid,Inverse variance weighted,2,2,0,0
PPARG,FinnGen_GO,Inverse variance weighted,2,2,0,0
PPAT,BBJ_Graves,Wald ratio,1,1,0,0
PPAT,UKB_hyperthyroid,Wald ratio,1,1,0,0
PPAT,FinnGen_GO,Wald ratio,1,1,0,0
PPIA,BBJ_Graves,Wald ratio,1,1,0,0
PPIA,UKB_hyperthyroid,Wald ratio,1,1,0,0
PPIA,FinnGen_GO,Wald ratio,1,1,0,0
PPIB,BBJ_Graves,Wald ratio,1,1,1,0
PPIB,UKB_hyperthyroid,Wald ratio,1,1,1,0
PPIB,FinnGen_GO,Wald ratio,1,1,1,0
PPID,BBJ_Graves,Inverse variance weighted,2,2,1,0
PPID,UKB_hyperthyroid,Inverse variance weighted,2,2,1,0
PPID,FinnGen_GO,Inverse variance weighted,2,2,1,0
PPIE,BBJ_Graves,Inverse variance weighted,5,2,0,3
PPIE,UKB_hyperthyroid,Inverse variance weighted,5,5,0,0
PPIE,UKB_hyperthyroid,MR Egger,5,5,0,0
PPIE,UKB_hyperthyroid,Weighted median,5,5,0,0
PPIE,UKB_hyperthyroid,Weighted mode,5,5,0,0
PPIE,FinnGen_GO,Inverse variance weighted,5,5,0,0
PPIE,FinnGen_GO,MR Egger,5,5,0,0
PPIE,FinnGen_GO,Weighted median,5,5,0,0
PPIE,FinnGen_GO,Weighted mode,5,5,0,0
PPIF,BBJ_Graves,Inverse variance weighted,2,2,0,0
PPIF,UKB_hyperthyroid,Inverse variance weighted,2,2,0,0
PPIF,FinnGen_GO,Inverse variance weighted,2,2,0,0
PPIG,BBJ_Graves,Wald ratio,1,1,0,0
PPIG,UKB_hyperthyroid,Wald ratio,1,1,0,0
PPIG,FinnGen_GO,Wald ratio,1,1,0,0
PPIH,BBJ_Graves,Wald ratio,1,1,0,0
PPIH,UKB_hyperthyroid,Wald ratio,1,1,0,0
PPIH,FinnGen_GO,Wald ratio,1,1,0,0
PPIL1,BBJ_Graves,Inverse variance weighted,2,2,0,0
PPIL1,UKB_hyperthyroid,Inverse variance weighted,2,2,0,0
PPIL1,FinnGen_GO,Inverse variance weighted,2,2,0,0
PPIL2,BBJ_Graves,Wald ratio,2,1,0,1
PPIL2,UKB_hyperthyroid,Inverse variance weighted,2,2,0,0
PPIL2,FinnGen_GO,Inverse variance weighted,2,2,0,0
PPIL3,BBJ_Graves,Inverse variance weighted,12,4,1,8
PPIL3,BBJ_Graves,MR Egger,12,4,1,8
PPIL3,BBJ_Graves,Weighted median,12,4,1,8
PPIL3,BBJ_Graves,Weighted mode,12,4,1,8
PPIL3,UKB_hyperthyroid,Inverse variance weighted,12,6,1,6
PPIL3,UKB_hyperthyroid,MR Egger,12,6,1,6
PPIL3,UKB_hyperthyroid,Weighted median,12,6,1,6
PPIL3,UKB_hyperthyroid,Weighted mode,12,6,1,6
PPIL3,FinnGen_GO,Inverse variance weighted,12,10,1,2
PPIL3,FinnGen_GO,MR Egger,12,10,1,2
PPIL3,FinnGen_GO,Weighted median,12,10,1,2
PPIL3,FinnGen_GO,Weighted mode,12,10,1,2
PPIL6,BBJ_Graves,Wald ratio,1,1,0,0
PPIL6,UKB_hyperthyroid,Wald ratio,1,1,0,0
PPIL6,FinnGen_GO,Wald ratio,1,1,0,0
PPM1B,BBJ_Graves,Wald ratio,1,1,0,0
PPM1B,UKB_hyperthyroid,Wald ratio,1,1,0,0
PPM1B,FinnGen_GO,Wald ratio,1,1,0,0
PPME1,BBJ_Graves,Wald ratio,1,1,0,0
PPME1,UKB_hyperthyroid,Wald ratio,1,1,0,0
PPME1,FinnGen_GO,Wald ratio,1,1,0,0
PPOX,BBJ_Graves,Wald ratio,3,1,1,2
PPOX,UKB_hyperthyroid,Inverse variance weighted,3,3,1,0
PPOX,UKB_hyperthyroid,MR Egger,3,3,1,0
PPOX,UKB_hyperthyroid,Weighted median,3,3,1,0
PPOX,UKB_hyperthyroid,Weighted mode,3,3,1,0
PPOX,FinnGen_GO,Inverse variance weighted,3,3,1,0
PPOX,FinnGen_GO,MR Egger,3,3,1,0
PPOX,FinnGen_GO,Weighted median,3,3,1,0
PPOX,FinnGen_GO,Weighted mode,3,3,1,0
PPP1CA,BBJ_Graves,Wald ratio,1,1,1,0
PPP1CA,FinnGen_GO,Wald ratio,1,1,1,0
PPP3CA,BBJ_Graves,Inverse variance weighted,3,2,0,1
PPP3CA,UKB_hyperthyroid,Inverse variance weighted,3,3,0,0
PPP3CA,UKB_hyperthyroid,MR Egger,3,3,0,0
PPP3CA,UKB_hyperthyroid,Weighted median,3,3,0,0
PPP3CA,UKB_hyperthyroid,Weighted mode,3,3,0,0
PPP3CA,FinnGen_GO,Inverse variance weighted,3,3,0,0
PPP3CA,FinnGen_GO,MR Egger,3,3,0,0
PPP3CA,FinnGen_GO,Weighted median,3,3,0,0
PPP3CA,FinnGen_GO,Weighted mode,3,3,0,0
PPP5C,BBJ_Graves,Wald ratio,2,1,0,1
PPP5C,UKB_hyperthyroid,Wald ratio,2,1,0,1
PPP5C,FinnGen_GO,Inverse variance weighted,2,2,0,0
PPT1,BBJ_Graves,Inverse variance weighted,6,5,0,1
PPT1,BBJ_Graves,MR Egger,6,5,0,1
PPT1,BBJ_Graves,Weighted median,6,5,0,1
PPT1,BBJ_Graves,Weighted mode,6,5,0,1
PPT1,UKB_hyperthyroid,Inverse variance weighted,6,5,0,1
PPT1,UKB_hyperthyroid,MR Egger,6,5,0,1
PPT1,UKB_hyperthyroid,Weighted median,6,5,0,1
PPT1,UKB_hyperthyroid,Weighted mode,6,5,0,1
PPT1,FinnGen_GO,Inverse variance weighted,6,5,0,1
PPT1,FinnGen_GO,MR Egger,6,5,0,1
PPT1,FinnGen_GO,Weighted median,6,5,0,1
PPT1,FinnGen_GO,Weighted mode,6,5,0,1
PPWD1,BBJ_Graves,Wald ratio,1,1,0,0
PPWD1,UKB_hyperthyroid,Wald ratio,1,1,0,0
PPWD1,FinnGen_GO,Wald ratio,1,1,0,0
PRADC1,BBJ_Graves,Wald ratio,1,1,0,0
PRADC1,UKB_hyperthyroid,Wald ratio,1,1,0,0
PRADC1,FinnGen_GO,Wald ratio,1,1,0,0
PRB3,BBJ_Graves,Wald ratio,1,1,0,0
PRB3,UKB_hyperthyroid,Wald ratio,1,1,0,0
PRB3,FinnGen_GO,Wald ratio,1,1,0,0
PRCP,BBJ_Graves,Inverse variance weighted,3,2,0,1
PRCP,UKB_hyperthyroid,Inverse variance weighted,3,2,0,1
PRCP,FinnGen_GO,Inverse variance weighted,3,3,0,0
PRCP,FinnGen_GO,MR Egger,3,3,0,0
PRCP,FinnGen_GO,Weighted median,3,3,0,0
PRCP,FinnGen_GO,Weighted mode,3,3,0,0
PREP,BBJ_Graves,Wald ratio,1,1,0,0
PREP,UKB_hyperthyroid,Wald ratio,1,1,0,0
PREP,FinnGen_GO,Wald ratio,1,1,0,0
PRF1,UKB_hyperthyroid,Wald ratio,1,1,0,0
PRF1,FinnGen_GO,Wald ratio,1,1,0,0
PRG4,BBJ_Graves,Inverse variance weighted,2,2,1,0
PRG4,UKB_hyperthyroid,Inverse variance weighted,2,2,1,0
PRG4,FinnGen_GO,Inverse variance weighted,2,2,1,0
PRKAA1,BBJ_Graves,Wald ratio,1,1,0,0
PRKAA1,UKB_hyperthyroid,Wald ratio,1,1,0,0
PRKAA1,FinnGen_GO,Wald ratio,1,1,0,0
PRKAB1,BBJ_Graves,Wald ratio,8,1,0,7
PRKAB1,UKB_hyperthyroid,Inverse variance weighted,8,7,0,1
PRKAB1,UKB_hyperthyroid,MR Egger,8,7,0,1
PRKAB1,UKB_hyperthyroid,Weighted median,8,7,0,1
PRKAB1,UKB_hyperthyroid,Weighted mode,8,7,0,1
PRKAB1,FinnGen_GO,Inverse variance weighted,8,6,0,2
PRKAB1,FinnGen_GO,MR Egger,8,6,0,2
PRKAB1,FinnGen_GO,Weighted median,8,6,0,2
PRKAB1,FinnGen_GO,Weighted mode,8,6,0,2
PRKCA,BBJ_Graves,Inverse variance weighted,3,3,1,0
PRKCA,BBJ_Graves,MR Egger,3,3,1,0
PRKCA,BBJ_Graves,Weighted median,3,3,1,0
PRKCA,BBJ_Graves,Weighted mode,3,3,1,0
PRKCA,UKB_hyperthyroid,Inverse variance weighted,3,3,1,0
PRKCA,UKB_hyperthyroid,MR Egger,3,3,1,0
PRKCA,UKB_hyperthyroid,Weighted median,3,3,1,0
PRKCA,UKB_hyperthyroid,Weighted mode,3,3,1,0
PRKCA,FinnGen_GO,Inverse variance weighted,3,3,1,0
PRKCA,FinnGen_GO,MR Egger,3,3,1,0
PRKCA,FinnGen_GO,Weighted median,3,3,1,0
PRKCA,FinnGen_GO,Weighted mode,3,3,1,0
PRKCB,BBJ_Graves,Inverse variance weighted,4,4,0,0
PRKCB,BBJ_Graves,MR Egger,4,4,0,0
PRKCB,BBJ_Graves,Weighted median,4,4,0,0
PRKCB,BBJ_Graves,Weighted mode,4,4,0,0
PRKCB,UKB_hyperthyroid,Inverse variance weighted,4,4,0,0
PRKCB,UKB_hyperthyroid,MR Egger,4,4,0,0
PRKCB,UKB_hyperthyroid,Weighted median,4,4,0,0
PRKCB,UKB_hyperthyroid,Weighted mode,4,4,0,0
PRKCB,FinnGen_GO,Inverse variance weighted,4,4,0,0
PRKCB,FinnGen_GO,MR Egger,4,4,0,0
PRKCB,FinnGen_GO,Weighted median,4,4,0,0
PRKCB,FinnGen_GO,Weighted mode,4,4,0,0
PRKCD,BBJ_Graves,Wald ratio,1,1,0,0
PRKCD,UKB_hyperthyroid,Wald ratio,1,1,0,0
PRKCD,FinnGen_GO,Wald ratio,1,1,0,0
PRKCE,BBJ_Graves,Inverse variance weighted,2,2,0,0
PRKCE,UKB_hyperthyroid,Inverse variance weighted,2,2,0,0
PRKCE,FinnGen_GO,Inverse variance weighted,2,2,0,0
PRKCH,BBJ_Graves,Inverse variance weighted,3,3,1,0
PRKCH,BBJ_Graves,MR Egger,3,3,1,0
PRKCH,BBJ_Graves,Weighted median,3,3,1,0
PRKCH,BBJ_Graves,Weighted mode,3,3,1,0
PRKCH,UKB_hyperthyroid,Inverse variance weighted,3,3,1,0
PRKCH,UKB_hyperthyroid,MR Egger,3,3,1,0
PRKCH,UKB_hyperthyroid,Weighted median,3,3,1,0
PRKCH,UKB_hyperthyroid,Weighted mode,3,3,1,0
PRKCH,FinnGen_GO,Inverse variance weighted,3,3,1,0
PRKCH,FinnGen_GO,MR Egger,3,3,1,0
PRKCH,FinnGen_GO,Weighted median,3,3,1,0
PRKCH,FinnGen_GO,Weighted mode,3,3,1,0
PRKCI,BBJ_Graves,Wald ratio,1,1,0,0
PRKCI,UKB_hyperthyroid,Wald ratio,1,1,0,0
PRKCI,FinnGen_GO,Wald ratio,1,1,0,0
PRKCQ,BBJ_Graves,Inverse variance weighted,3,3,0,0
PRKCQ,BBJ_Graves,MR Egger,3,3,0,0
PRKCQ,BBJ_Graves,Weighted median,3,3,0,0
PRKCQ,BBJ_Graves,Weighted mode,3,3,0,0
PRKCQ,UKB_hyperthyroid,Inverse variance weighted,3,3,0,0
PRKCQ,UKB_hyperthyroid,MR Egger,3,3,0,0
PRKCQ,UKB_hyperthyroid,Weighted median,3,3,0,0
PRKCQ,UKB_hyperthyroid,Weighted mode,3,3,0,0
PRKCQ,FinnGen_GO,Inverse variance weighted,3,3,0,0
PRKCQ,FinnGen_GO,MR Egger,3,3,0,0
PRKCQ,FinnGen_GO,Weighted median,3,3,0,0
PRKCQ,FinnGen_GO,Weighted mode,3,3,0,0
PRKCSH,BBJ_Graves,Inverse variance weighted,2,2,0,0
PRKCSH,UKB_hyperthyroid,Inverse variance weighted,2,2,0,0
PRKCSH,FinnGen_GO,Inverse variance weighted,2,2,0,0
PRKCZ,BBJ_Graves,Wald ratio,2,1,0,1
PRKCZ,UKB_hyperthyroid,Inverse variance weighted,2,2,0,0
PRKCZ,FinnGen_GO,Inverse variance weighted,2,2,0,0
PRKD1,BBJ_Graves,Wald ratio,1,1,0,0
PRKD1,UKB_hyperthyroid,Wald ratio,1,1,0,0
PRKD1,FinnGen_GO,Wald ratio,1,1,0,0
PRKD2,BBJ_Graves,Inverse variance weighted,6,3,1,3
PRKD2,BBJ_Graves,MR Egger,6,3,1,3
PRKD2,BBJ_Graves,Weighted median,6,3,1,3
PRKD2,BBJ_Graves,Weighted mode,6,3,1,3
PRKD2,UKB_hyperthyroid,Inverse variance weighted,6,3,1,3
PRKD2,UKB_hyperthyroid,MR Egger,6,3,1,3
PRKD2,UKB_hyperthyroid,Weighted median,6,3,1,3
PRKD2,UKB_hyperthyroid,Weighted mode,6,3,1,3
PRKD2,FinnGen_GO,Inverse variance weighted,6,4,1,2
PRKD2,FinnGen_GO,MR Egger,6,4,1,2
PRKD2,FinnGen_GO,Weighted median,6,4,1,2
PRKD2,FinnGen_GO,Weighted mode,6,4,1,2
PRKD3,BBJ_Graves,Wald ratio,5,1,0,4
PRKD3,UKB_hyperthyroid,Inverse variance weighted,5,5,0,0
PRKD3,UKB_hyperthyroid,MR Egger,5,5,0,0
PRKD3,UKB_hyperthyroid,Weighted median,5,5,0,0
PRKD3,UKB_hyperthyroid,Weighted mode,5,5,0,0
PRKD3,FinnGen_GO,Inverse variance weighted,5,5,0,0
PRKD3,FinnGen_GO,MR Egger,5,5,0,0
PRKD3,FinnGen_GO,Weighted median,5,5,0,0
PRKD3,FinnGen_GO,Weighted mode,5,5,0,0
PRKG1,BBJ_Graves,Inverse variance weighted,2,2,0,0
PRKG1,UKB_hyperthyroid,Inverse variance weighted,2,2,0,0
PRKG1,FinnGen_GO,Inverse variance weighted,2,2,0,0
PRKG2,BBJ_Graves,Inverse variance weighted,3,3,1,0
PRKG2,BBJ_Graves,MR Egger,3,3,1,0
PRKG2,BBJ_Graves,Weighted median,3,3,1,0
PRKG2,BBJ_Graves,Weighted mode,3,3,1,0
PRKG2,UKB_hyperthyroid,Inverse variance weighted,3,2,0,1
PRKG2,FinnGen_GO,Inverse variance weighted,3,3,1,0
PRKG2,FinnGen_GO,MR Egger,3,3,1,0
PRKG2,FinnGen_GO,Weighted median,3,3,1,0
PRKG2,FinnGen_GO,Weighted mode,3,3,1,0
PRLR,BBJ_Graves,Wald ratio,1,1,0,0
PRLR,UKB_hyperthyroid,Wald ratio,1,1,0,0
PRLR,FinnGen_GO,Wald ratio,1,1,0,0
PRMT3,BBJ_Graves,Wald ratio,1,1,0,0
PRMT3,UKB_hyperthyroid,Wald ratio,1,1,0,0
PRMT3,FinnGen_GO,Wald ratio,1,1,0,0
PRNP,BBJ_Graves,Inverse variance weighted,2,2,0,0
PRNP,UKB_hyperthyroid,Inverse variance weighted,2,2,0,0
PRNP,FinnGen_GO,Inverse variance weighted,2,2,0,0
PROC,BBJ_Graves,Wald ratio,1,1,0,0
PROC,UKB_hyperthyroid,Wald ratio,1,1,0,0
PROC,FinnGen_GO,Wald ratio,1,1,0,0
PROCR,BBJ_Graves,Wald ratio,1,1,0,0
PROCR,UKB_hyperthyroid,Wald ratio,1,1,0,0
PROCR,FinnGen_GO,Wald ratio,1,1,0,0
PROK2,BBJ_Graves,Inverse variance weighted,3,2,1,1
PROK2,UKB_hyperthyroid,Inverse variance weighted,3,3,2,0
PROK2,UKB_hyperthyroid,MR Egger,3,3,2,0
PROK2,UKB_hyperthyroid,Weighted median,3,3,2,0
PROK2,UKB_hyperthyroid,Weighted mode,3,3,2,0
PROK2,FinnGen_GO,Inverse variance weighted,3,3,2,0
PROK2,FinnGen_GO,MR Egger,3,3,2,0
PROK2,FinnGen_GO,Weighted median,3,3,2,0
PROK2,FinnGen_GO,Weighted mode,3,3,2,0
PROS1,BBJ_Graves,Wald ratio,1,1,0,0
PROS1,UKB_hyperthyroid,Wald ratio,1,1,0,0
PROS1,FinnGen_GO,Wald ratio,1,1,0,0
PROZ,BBJ_Graves,Wald ratio,1,1,1,0
PROZ,UKB_hyperthyroid,Wald ratio,1,1,1,0
PROZ,FinnGen_GO,Wald ratio,1,1,1,0
PRPF4,BBJ_Graves,Wald ratio,1,1,1,0
PRPF4,UKB_hyperthyroid,Wald ratio,1,1,1,0
PRPF4,FinnGen_GO,Wald ratio,1,1,1,0
PRPF4B,BBJ_Graves,Wald ratio,1,1,0,0
PRPF4B,UKB_hyperthyroid,Wald ratio,1,1,0,0
PRPF4B,FinnGen_GO,Wald ratio,1,1,0,0
PRR4,BBJ_Graves,Inverse variance weighted,4,2,0,2
PRR4,UKB_hyperthyroid,Inverse variance weighted,4,4,0,0
PRR4,UKB_hyperthyroid,MR Egger,4,4,0,0
PRR4,UKB_hyperthyroid,Weighted median,4,4,0,0
PRR4,UKB_hyperthyroid,Weighted mode,4,4,0,0
PRR4,FinnGen_GO,Inverse variance weighted,4,3,0,1
PRR4,FinnGen_GO,MR Egger,4,3,0,1
PRR4,FinnGen_GO,Weighted median,4,3,0,1
PRR4,FinnGen_GO,Weighted mode,4,3,0,1
PRRT3,BBJ_Graves,Wald ratio,6,1,0,5
PRRT3,UKB_hyperthyroid,Inverse variance weighted,6,3,1,3
PRRT3,UKB_hyperthyroid,MR Egger,6,3,1,3
PRRT3,UKB_hyperthyroid,Weighted median,6,3,1,3
PRRT3,UKB_hyperthyroid,Weighted mode,6,3,1,3
PRRT3,FinnGen_GO,Inverse variance weighted,6,5,1,1
PRRT3,FinnGen_GO,MR Egger,6,5,1,1
PRRT3,FinnGen_GO,Weighted median,6,5,1,1
PRRT3,FinnGen_GO,Weighted mode,6,5,1,1
PRSS1,FinnGen_GO,Wald ratio,1,1,1,0
PRSS22,BBJ_Graves,Wald ratio,2,1,0,1
PRSS22,UKB_hyperthyroid,Inverse variance weighted,2,2,0,0
PRSS22,FinnGen_GO,Inverse variance weighted,2,2,0,0
PRSS3,UKB_hyperthyroid,Wald ratio,1,1,0,0
PRSS3,FinnGen_GO,Wald ratio,1,1,0,0
PRSS33,BBJ_Graves,Wald ratio,1,1,0,0
PRSS33,UKB_hyperthyroid,Wald ratio,1,1,0,0
PRSS33,FinnGen_GO,Wald ratio,1,1,0,0
PRSS36,BBJ_Graves,Wald ratio,1,1,0,0
PRSS36,UKB_hyperthyroid,Wald ratio,1,1,0,0
PRSS36,FinnGen_GO,Wald ratio,1,1,0,0
PRSS53,BBJ_Graves,Wald ratio,2,1,0,1
PRSS53,UKB_hyperthyroid,Wald ratio,2,1,0,1
PRSS53,FinnGen_GO,Inverse variance weighted,2,2,0,0
PRTN3,UKB_hyperthyroid,Wald ratio,1,1,0,0
PRTN3,FinnGen_GO,Wald ratio,1,1,0,0
PSAP,BBJ_Graves,Wald ratio,1,1,0,0
PSAP,UKB_hyperthyroid,Wald ratio,1,1,0,0
PSAP,FinnGen_GO,Wald ratio,1,1,0,0
PSEN1,BBJ_Graves,Inverse variance weighted,4,3,1,1
PSEN1,BBJ_Graves,MR Egger,4,3,1,1
PSEN1,BBJ_Graves,Weighted median,4,3,1,1
PSEN1,BBJ_Graves,Weighted mode,4,3,1,1
PSEN1,UKB_hyperthyroid,Inverse variance weighted,4,4,1,0
PSEN1,UKB_hyperthyroid,MR Egger,4,4,1,0
PSEN1,UKB_hyperthyroid,Weighted median,4,4,1,0
PSEN1,UKB_hyperthyroid,Weighted mode,4,4,1,0
PSEN1,FinnGen_GO,Inverse variance weighted,4,4,1,0
PSEN1,FinnGen_GO,MR Egger,4,4,1,0
PSEN1,FinnGen_GO,Weighted median,4,4,1,0
PSEN1,FinnGen_GO,Weighted mode,4,4,1,0
PSEN2,BBJ_Graves,Inverse variance weighted,2,2,0,0
PSEN2,UKB_hyperthyroid,Inverse variance weighted,2,2,0,0
PSEN2,FinnGen_GO,Inverse variance weighted,2,2,0,0
PSENEN,BBJ_Graves,Wald ratio,1,1,0,0
PSENEN,UKB_hyperthyroid,Wald ratio,1,1,0,0
PSENEN,FinnGen_GO,Wald ratio,1,1,0,0
PSKH1,BBJ_Graves,Wald ratio,2,1,0,1
PSKH1,FinnGen_GO,Inverse variance weighted,2,2,0,0
PSMA2,BBJ_Graves,Wald ratio,1,1,0,0
PSMA2,UKB_hyperthyroid,Wald ratio,1,1,0,0
PSMA2,FinnGen_GO,Wald ratio,1,1,0,0
PSMA4,BBJ_Graves,Wald ratio,1,1,0,0
PSMA4,UKB_hyperthyroid,Wald ratio,1,1,0,0
PSMA4,FinnGen_GO,Wald ratio,1,1,0,0
PSMA6,UKB_hyperthyroid,Wald ratio,1,1,0,0
PSMA6,FinnGen_GO,Wald ratio,1,1,0,0
PSMA7,UKB_hyperthyroid,Wald ratio,1,1,0,0
PSMA7,FinnGen_GO,Wald ratio,1,1,0,0
PSMB1,BBJ_Graves,Inverse variance weighted,4,2,0,2
PSMB1,UKB_hyperthyroid,Inverse variance weighted,4,2,0,2
PSMB1,FinnGen_GO,Inverse variance weighted,4,3,0,1
PSMB1,FinnGen_GO,MR Egger,4,3,0,1
PSMB1,FinnGen_GO,Weighted median,4,3,0,1
PSMB1,FinnGen_GO,Weighted mode,4,3,0,1
PSMB10,UKB_hyperthyroid,Wald ratio,1,1,0,0
PSMB10,FinnGen_GO,Wald ratio,1,1,0,0
PSMB11,BBJ_Graves,Wald ratio,1,1,0,0
PSMB11,UKB_hyperthyroid,Wald ratio,1,1,0,0
PSMB11,FinnGen_GO,Wald ratio,1,1,0,0
PSMB2,BBJ_Graves,Wald ratio,2,1,1,1
PSMB2,FinnGen_GO,Wald ratio,2,1,1,1
PSMB3,BBJ_Graves,Inverse variance weighted,3,2,0,1
PSMB3,UKB_hyperthyroid,Inverse variance weighted,3,3,0,0
PSMB3,UKB_hyperthyroid,MR Egger,3,3,0,0
PSMB3,UKB_hyperthyroid,Weighted median,3,3,0,0
PSMB3,UKB_hyperthyroid,Weighted mode,3,3,0,0
PSMB3,FinnGen_GO,Inverse variance weighted,3,3,0,0
PSMB3,FinnGen_GO,MR Egger,3,3,0,0
PSMB3,FinnGen_GO,Weighted median,3,3,0,0
PSMB3,FinnGen_GO,Weighted mode,3,3,0,0
PSMB4,BBJ_Graves,Wald ratio,1,1,0,0
PSMB4,UKB_hyperthyroid,Wald ratio,1,1,0,0
PSMB4,FinnGen_GO,Wald ratio,1,1,0,0
PSMB5,BBJ_Graves,Wald ratio,3,1,0,2
PSMB5,UKB_hyperthyroid,Inverse variance weighted,3,3,0,0
PSMB5,UKB_hyperthyroid,MR Egger,3,3,0,0
PSMB5,UKB_hyperthyroid,Weighted median,3,3,0,0
PSMB5,UKB_hyperthyroid,Weighted mode,3,3,0,0
PSMB5,FinnGen_GO,Inverse variance weighted,3,3,0,0
PSMB5,FinnGen_GO,MR Egger,3,3,0,0
PSMB5,FinnGen_GO,Weighted median,3,3,0,0
PSMB5,FinnGen_GO,Weighted mode,3,3,0,0
PSMB6,BBJ_Graves,Wald ratio,1,1,0,0
PSMB6,UKB_hyperthyroid,Wald ratio,1,1,0,0
PSMB6,FinnGen_GO,Wald ratio,1,1,0,0
PSMB7,BBJ_Graves,Inverse variance weighted,2,2,0,0
PSMB7,UKB_hyperthyroid,Inverse variance weighted,2,2,0,0
PSMB7,FinnGen_GO,Wald ratio,2,1,0,1
PSMB8,BBJ_Graves,Wald ratio,1,1,0,0
PSMB8,UKB_hyperthyroid,Wald ratio,1,1,0,0
PSMB8,FinnGen_GO,Wald ratio,1,1,0,0
PSMB9,BBJ_Graves,Inverse variance weighted,2,2,0,0
PSMB9,UKB_hyperthyroid,Inverse variance weighted,2,2,0,0
PSMB9,FinnGen_GO,Inverse variance weighted,2,2,0,0
PSMG3,BBJ_Graves,Wald ratio,2,1,0,1
PSMG3,UKB_hyperthyroid,Inverse variance weighted,2,2,1,0
PSMG3,FinnGen_GO,Inverse variance weighted,2,2,1,0
PTAFR,UKB_hyperthyroid,Wald ratio,1,1,0,0
PTAFR,FinnGen_GO,Wald ratio,1,1,0,0
PTGDR,BBJ_Graves,Inverse variance weighted,4,2,0,2
PTGDR,UKB_hyperthyroid,Inverse variance weighted,4,4,0,0
PTGDR,UKB_hyperthyroid,MR Egger,4,4,0,0
PTGDR,UKB_hyperthyroid,Weighted median,4,4,0,0
PTGDR,UKB_hyperthyroid,Weighted mode,4,4,0,0
PTGDR,FinnGen_GO,Inverse variance weighted,4,4,0,0
PTGDR,FinnGen_GO,MR Egger,4,4,0,0
PTGDR,FinnGen_GO,Weighted median,4,4,0,0
PTGDR,FinnGen_GO,Weighted mode,4,4,0,0
PTGDR2,BBJ_Graves,Wald ratio,1,1,0,0
PTGDR2,UKB_hyperthyroid,Wald ratio,1,1,0,0
PTGDR2,FinnGen_GO,Wald ratio,1,1,0,0
PTGDS,BBJ_Graves,Wald ratio,1,1,0,0
PTGDS,UKB_hyperthyroid,Wald ratio,1,1,0,0
PTGDS,FinnGen_GO,Wald ratio,1,1,0,0
PTGER2,BBJ_Graves,Inverse variance weighted,3,2,0,1
PTGER2,UKB_hyperthyroid,Inverse variance weighted,3,3,0,0
PTGER2,UKB_hyperthyroid,MR Egger,3,3,0,0
PTGER2,UKB_hyperthyroid,Weighted median,3,3,0,0
PTGER2,UKB_hyperthyroid,Weighted mode,3,3,0,0
PTGER2,FinnGen_GO,Inverse variance weighted,3,3,0,0
PTGER2,FinnGen_GO,MR Egger,3,3,0,0
PTGER2,FinnGen_GO,Weighted median,3,3,0,0
PTGER2,FinnGen_GO,Weighted mode,3,3,0,0
PTGER4,BBJ_Graves,Inverse variance weighted,3,2,0,1
PTGER4,UKB_hyperthyroid,Inverse variance weighted,3,3,0,0
PTGER4,UKB_hyperthyroid,MR Egger,3,3,0,0
PTGER4,UKB_hyperthyroid,Weighted median,3,3,0,0
PTGER4,UKB_hyperthyroid,Weighted mode,3,3,0,0
PTGER4,FinnGen_GO,Inverse variance weighted,3,3,0,0
PTGER4,FinnGen_GO,MR Egger,3,3,0,0
PTGER4,FinnGen_GO,Weighted median,3,3,0,0
PTGER4,FinnGen_GO,Weighted mode,3,3,0,0
PTGES,UKB_hyperthyroid,Inverse variance weighted,5,5,0,0
PTGES,UKB_hyperthyroid,MR Egger,5,5,0,0
PTGES,UKB_hyperthyroid,Weighted median,5,5,0,0
PTGES,UKB_hyperthyroid,Weighted mode,5,5,0,0
PTGES,FinnGen_GO,Inverse variance weighted,5,5,0,0
PTGES,FinnGen_GO,MR Egger,5,5,0,0
PTGES,FinnGen_GO,Weighted median,5,5,0,0
PTGES,FinnGen_GO,Weighted mode,5,5,0,0
PTGFR,BBJ_Graves,Inverse variance weighted,3,3,0,0
PTGFR,BBJ_Graves,MR Egger,3,3,0,0
PTGFR,BBJ_Graves,Weighted median,3,3,0,0
PTGFR,BBJ_Graves,Weighted mode,3,3,0,0
PTGFR,UKB_hyperthyroid,Inverse variance weighted,3,3,0,0
PTGFR,UKB_hyperthyroid,MR Egger,3,3,0,0
PTGFR,UKB_hyperthyroid,Weighted median,3,3,0,0
PTGFR,UKB_hyperthyroid,Weighted mode,3,3,0,0
PTGFR,FinnGen_GO,Inverse variance weighted,3,3,0,0
PTGFR,FinnGen_GO,MR Egger,3,3,0,0
PTGFR,FinnGen_GO,Weighted median,3,3,0,0
PTGFR,FinnGen_GO,Weighted mode,3,3,0,0
PTGFRN,BBJ_Graves,Wald ratio,2,1,0,1
PTGFRN,UKB_hyperthyroid,Inverse variance weighted,2,2,0,0
PTGFRN,FinnGen_GO,Inverse variance weighted,2,2,0,0
PTGIR,BBJ_Graves,Wald ratio,2,1,0,1
PTGIR,UKB_hyperthyroid,Inverse variance weighted,2,2,0,0
PTGIR,FinnGen_GO,Inverse variance weighted,2,2,0,0
PTGS1,BBJ_Graves,Wald ratio,2,1,0,1
PTGS1,UKB_hyperthyroid,Inverse variance weighted,2,2,0,0
PTGS1,FinnGen_GO,Inverse variance weighted,2,2,0,0
PTGS2,BBJ_Graves,Inverse variance weighted,3,3,0,0
PTGS2,BBJ_Graves,MR Egger,3,3,0,0
PTGS2,BBJ_Graves,Weighted median,3,3,0,0
PTGS2,BBJ_Graves,Weighted mode,3,3,0,0
PTGS2,UKB_hyperthyroid,Inverse variance weighted,3,3,0,0
PTGS2,UKB_hyperthyroid,MR Egger,3,3,0,0
PTGS2,UKB_hyperthyroid,Weighted median,3,3,0,0
PTGS2,UKB_hyperthyroid,Weighted mode,3,3,0,0
PTGS2,FinnGen_GO,Inverse variance weighted,3,3,0,0
PTGS2,FinnGen_GO,MR Egger,3,3,0,0
PTGS2,FinnGen_GO,Weighted median,3,3,0,0
PTGS2,FinnGen_GO,Weighted mode,3,3,0,0
PTH2R,BBJ_Graves,Inverse variance weighted,2,2,0,0
PTH2R,UKB_hyperthyroid,Inverse variance weighted,2,2,0,0
PTH2R,FinnGen_GO,Inverse variance weighted,2,2,0,0
PTK2,BBJ_Graves,Inverse variance weighted,3,3,0,0
PTK2,BBJ_Graves,MR Egger,3,3,0,0
PTK2,BBJ_Graves,Weighted median,3,3,0,0
PTK2,BBJ_Graves,Weighted mode,3,3,0,0
PTK2,UKB_hyperthyroid,Inverse variance weighted,3,3,0,0
PTK2,UKB_hyperthyroid,MR Egger,3,3,0,0
PTK2,UKB_hyperthyroid,Weighted median,3,3,0,0
PTK2,UKB_hyperthyroid,Weighted mode,3,3,0,0
PTK2,FinnGen_GO,Inverse variance weighted,3,3,0,0
PTK2,FinnGen_GO,MR Egger,3,3,0,0
PTK2,FinnGen_GO,Weighted median,3,3,0,0
PTK2,FinnGen_GO,Weighted mode,3,3,0,0
PTK2B,BBJ_Graves,Inverse variance weighted,3,2,0,1
PTK2B,UKB_hyperthyroid,Inverse variance weighted,3,3,0,0
PTK2B,UKB_hyperthyroid,MR Egger,3,3,0,0
PTK2B,UKB_hyperthyroid,Weighted median,3,3,0,0
PTK2B,UKB_hyperthyroid,Weighted mode,3,3,0,0
PTK2B,FinnGen_GO,Inverse variance weighted,3,3,0,0
PTK2B,FinnGen_GO,MR Egger,3,3,0,0
PTK2B,FinnGen_GO,Weighted median,3,3,0,0
PTK2B,FinnGen_GO,Weighted mode,3,3,0,0
PTK6,BBJ_Graves,Inverse variance weighted,2,2,0,0
PTK6,UKB_hyperthyroid,Inverse variance weighted,2,2,0,0
PTK6,FinnGen_GO,Inverse variance weighted,2,2,0,0
PTK7,BBJ_Graves,Wald ratio,2,1,0,1
PTK7,UKB_hyperthyroid,Inverse variance weighted,2,2,0,0
PTK7,FinnGen_GO,Inverse variance weighted,2,2,0,0
PTP4A1,BBJ_Graves,Wald ratio,4,1,1,3
PTP4A1,UKB_hyperthyroid,Inverse variance weighted,4,3,1,1
PTP4A1,UKB_hyperthyroid,MR Egger,4,3,1,1
PTP4A1,UKB_hyperthyroid,Weighted median,4,3,1,1
PTP4A1,UKB_hyperthyroid,Weighted mode,4,3,1,1
PTP4A1,FinnGen_GO,Inverse variance weighted,4,4,1,0
PTP4A1,FinnGen_GO,MR Egger,4,4,1,0
PTP4A1,FinnGen_GO,Weighted median,4,4,1,0
PTP4A1,FinnGen_GO,Weighted mode,4,4,1,0
PTP4A2,BBJ_Graves,Wald ratio,1,1,0,0
PTP4A2,UKB_hyperthyroid,Wald ratio,1,1,0,0
PTP4A2,FinnGen_GO,Wald ratio,1,1,0,0
PTPN1,UKB_hyperthyroid,Wald ratio,1,1,0,0
PTPN11,BBJ_Graves,Wald ratio,1,1,1,0
PTPN11,UKB_hyperthyroid,Wald ratio,1,1,1,0
PTPN11,FinnGen_GO,Wald ratio,1,1,1,0
PTPN12,BBJ_Graves,Inverse variance weighted,3,2,0,1
PTPN12,UKB_hyperthyroid,Inverse variance weighted,3,3,0,0
PTPN12,UKB_hyperthyroid,MR Egger,3,3,0,0
PTPN12,UKB_hyperthyroid,Weighted median,3,3,0,0
PTPN12,UKB_hyperthyroid,Weighted mode,3,3,0,0
PTPN12,FinnGen_GO,Inverse variance weighted,3,3,0,0
PTPN12,FinnGen_GO,MR Egger,3,3,0,0
PTPN12,FinnGen_GO,Weighted median,3,3,0,0
PTPN12,FinnGen_GO,Weighted mode,3,3,0,0
PTPN13,BBJ_Graves,Wald ratio,1,1,0,0
PTPN13,UKB_hyperthyroid,Wald ratio,1,1,0,0
PTPN13,FinnGen_GO,Wald ratio,1,1,0,0
PTPN2,BBJ_Graves,Inverse variance weighted,2,2,0,0
PTPN2,UKB_hyperthyroid,Inverse variance weighted,2,2,0,0
PTPN2,FinnGen_GO,Inverse variance weighted,2,2,0,0
PTPN22,BBJ_Graves,Wald ratio,2,1,0,1
PTPN22,UKB_hyperthyroid,Inverse variance weighted,2,2,0,0
PTPN22,FinnGen_GO,Inverse variance weighted,2,2,0,0
PTPN7,BBJ_Graves,Inverse variance weighted,4,2,0,2
PTPN7,UKB_hyperthyroid,Inverse variance weighted,4,3,0,1
PTPN7,UKB_hyperthyroid,MR Egger,4,3,0,1
PTPN7,UKB_hyperthyroid,Weighted median,4,3,0,1
PTPN7,UKB_hyperthyroid,Weighted mode,4,3,0,1
PTPN7,FinnGen_GO,Inverse variance weighted,4,3,0,1
PTPN7,FinnGen_GO,MR Egger,4,3,0,1
PTPN7,FinnGen_GO,Weighted median,4,3,0,1
PTPN7,FinnGen_GO,Weighted mode,4,3,0,1
PTPRA,BBJ_Graves,Wald ratio,1,1,0,0
PTPRA,UKB_hyperthyroid,Wald ratio,1,1,0,0
PTPRA,FinnGen_GO,Wald ratio,1,1,0,0
PTPRB,BBJ_Graves,Inverse variance weighted,2,2,0,0
PTPRB,UKB_hyperthyroid,Inverse variance weighted,2,2,0,0
PTPRB,FinnGen_GO,Inverse variance weighted,2,2,0,0
PTPRC,BBJ_Graves,Wald ratio,2,1,0,1
PTPRC,UKB_hyperthyroid,Wald ratio,2,1,0,1
PTPRC,FinnGen_GO,Inverse variance weighted,2,2,0,0
PTPRF,BBJ_Graves,Wald ratio,1,1,0,0
PTPRF,UKB_hyperthyroid,Wald ratio,1,1,0,0
PTPRF,FinnGen_GO,Wald ratio,1,1,0,0
PTPRG,BBJ_Graves,Wald ratio,2,1,0,1
PTPRG,UKB_hyperthyroid,Inverse variance weighted,2,2,0,0
PTPRG,FinnGen_GO,Inverse variance weighted,2,2,0,0
PTPRJ,BBJ_Graves,Wald ratio,1,1,0,0
PTPRJ,UKB_hyperthyroid,Wald ratio,1,1,0,0
PTPRJ,FinnGen_GO,Wald ratio,1,1,0,0
PTPRN,BBJ_Graves,Inverse variance weighted,2,2,0,0
PTPRN,UKB_hyperthyroid,Inverse variance weighted,2,2,0,0
PTPRN,FinnGen_GO,Inverse variance weighted,2,2,0,0
PTPRS,UKB_hyperthyroid,Wald ratio,1,1,0,0
PTX3,UKB_hyperthyroid,Wald ratio,1,1,0,0
PTX3,FinnGen_GO,Wald ratio,1,1,0,0
PVR,BBJ_Graves,Wald ratio,2,1,0,1
PVR,UKB_hyperthyroid,Inverse variance weighted,2,2,0,0
PVR,FinnGen_GO,Inverse variance weighted,2,2,0,0
PVRL1,BBJ_Graves,Wald ratio,1,1,0,0
PVRL1,UKB_hyperthyroid,Wald ratio,1,1,0,0
PVRL1,FinnGen_GO,Wald ratio,1,1,0,0
PVRL2,BBJ_Graves,Inverse variance weighted,5,2,0,3
PVRL2,UKB_hyperthyroid,Inverse variance weighted,5,5,0,0
PVRL2,UKB_hyperthyroid,MR Egger,5,5,0,0
PVRL2,UKB_hyperthyroid,Weighted median,5,5,0,0
PVRL2,UKB_hyperthyroid,Weighted mode,5,5,0,0
PVRL2,FinnGen_GO,Inverse variance weighted,5,5,0,0
PVRL2,FinnGen_GO,MR Egger,5,5,0,0
PVRL2,FinnGen_GO,Weighted median,5,5,0,0
PVRL2,FinnGen_GO,Weighted mode,5,5,0,0
PVRL3,BBJ_Graves,Inverse variance weighted,3,2,0,1
PVRL3,UKB_hyperthyroid,Inverse variance weighted,3,3,0,0
PVRL3,UKB_hyperthyroid,MR Egger,3,3,0,0
PVRL3,UKB_hyperthyroid,Weighted median,3,3,0,0
PVRL3,UKB_hyperthyroid,Weighted mode,3,3,0,0
PVRL3,FinnGen_GO,Inverse variance weighted,3,3,0,0
PVRL3,FinnGen_GO,MR Egger,3,3,0,0
PVRL3,FinnGen_GO,Weighted median,3,3,0,0
PVRL3,FinnGen_GO,Weighted mode,3,3,0,0
PXDN,BBJ_Graves,Inverse variance weighted,6,2,0,4
PXDN,UKB_hyperthyroid,Inverse variance weighted,6,3,0,3
PXDN,UKB_hyperthyroid,MR Egger,6,3,0,3
PXDN,UKB_hyperthyroid,Weighted median,6,3,0,3
PXDN,UKB_hyperthyroid,Weighted mode,6,3,0,3
PXDN,FinnGen_GO,Inverse variance weighted,6,5,0,1
PXDN,FinnGen_GO,MR Egger,6,5,0,1
PXDN,FinnGen_GO,Weighted median,6,5,0,1
PXDN,FinnGen_GO,Weighted mode,6,5,0,1
PXDNL,BBJ_Graves,Wald ratio,1,1,0,0
PXDNL,UKB_hyperthyroid,Wald ratio,1,1,0,0
PXDNL,FinnGen_GO,Wald ratio,1,1,0,0
PYGL,BBJ_Graves,Wald ratio,2,1,0,1
PYGL,UKB_hyperthyroid,Wald ratio,2,1,0,1
PYGL,FinnGen_GO,Inverse variance weighted,2,2,0,0
PZP,BBJ_Graves,Inverse variance weighted,4,3,0,1
PZP,BBJ_Graves,MR Egger,4,3,0,1
PZP,BBJ_Graves,Weighted median,4,3,0,1
PZP,BBJ_Graves,Weighted mode,4,3,0,1
PZP,UKB_hyperthyroid,Inverse variance weighted,4,4,0,0
PZP,UKB_hyperthyroid,MR Egger,4,4,0,0
PZP,UKB_hyperthyroid,Weighted median,4,4,0,0
PZP,UKB_hyperthyroid,Weighted mode,4,4,0,0
PZP,FinnGen_GO,Inverse variance weighted,4,4,0,0
PZP,FinnGen_GO,MR Egger,4,4,0,0
PZP,FinnGen_GO,Weighted median,4,4,0,0
PZP,FinnGen_GO,Weighted mode,4,4,0,0
QDPR,BBJ_Graves,Inverse variance weighted,5,4,0,1
QDPR,BBJ_Graves,MR Egger,5,4,0,1
QDPR,BBJ_Graves,Weighted median,5,4,0,1
QDPR,BBJ_Graves,Weighted mode,5,4,0,1
QDPR,UKB_hyperthyroid,Inverse variance weighted,5,5,0,0
QDPR,UKB_hyperthyroid,MR Egger,5,5,0,0
QDPR,UKB_hyperthyroid,Weighted median,5,5,0,0
QDPR,UKB_hyperthyroid,Weighted mode,5,5,0,0
QDPR,FinnGen_GO,Inverse variance weighted,5,5,0,0
QDPR,FinnGen_GO,MR Egger,5,5,0,0
QDPR,FinnGen_GO,Weighted median,5,5,0,0
QDPR,FinnGen_GO,Weighted mode,5,5,0,0
QPCT,BBJ_Graves,Inverse variance weighted,2,2,0,0
QPCT,UKB_hyperthyroid,Inverse variance weighted,2,2,0,0
QPCT,FinnGen_GO,Inverse variance weighted,2,2,0,0
QSOX1,BBJ_Graves,Inverse variance weighted,4,3,0,1
QSOX1,BBJ_Graves,MR Egger,4,3,0,1
QSOX1,BBJ_Graves,Weighted median,4,3,0,1
QSOX1,BBJ_Graves,Weighted mode,4,3,0,1
QSOX1,UKB_hyperthyroid,Inverse variance weighted,4,4,0,0
QSOX1,UKB_hyperthyroid,MR Egger,4,4,0,0
QSOX1,UKB_hyperthyroid,Weighted median,4,4,0,0
QSOX1,UKB_hyperthyroid,Weighted mode,4,4,0,0
QSOX1,FinnGen_GO,Inverse variance weighted,4,3,0,1
QSOX1,FinnGen_GO,MR Egger,4,3,0,1
QSOX1,FinnGen_GO,Weighted median,4,3,0,1
QSOX1,FinnGen_GO,Weighted mode,4,3,0,1
QSOX2,UKB_hyperthyroid,Wald ratio,1,1,0,0
QSOX2,FinnGen_GO,Wald ratio,1,1,0,0
RAB35,UKB_hyperthyroid,Wald ratio,1,1,1,0
RAB35,FinnGen_GO,Wald ratio,1,1,1,0
RAD51,UKB_hyperthyroid,Wald ratio,1,1,0,0
RAD51,FinnGen_GO,Wald ratio,1,1,0,0
RAF1,BBJ_Graves,Wald ratio,1,1,0,0
RAF1,UKB_hyperthyroid,Wald ratio,1,1,0,0
RAF1,FinnGen_GO,Wald ratio,1,1,0,0
RAMP1,BBJ_Graves,Inverse variance weighted,3,3,0,0
RAMP1,BBJ_Graves,MR Egger,3,3,0,0
RAMP1,BBJ_Graves,Weighted median,3,3,0,0
RAMP1,BBJ_Graves,Weighted mode,3,3,0,0
RAMP1,UKB_hyperthyroid,Inverse variance weighted,3,3,0,0
RAMP1,UKB_hyperthyroid,MR Egger,3,3,0,0
RAMP1,UKB_hyperthyroid,Weighted median,3,3,0,0
RAMP1,UKB_hyperthyroid,Weighted mode,3,3,0,0
RAMP1,FinnGen_GO,Inverse variance weighted,3,3,0,0
RAMP1,FinnGen_GO,MR Egger,3,3,0,0
RAMP1,FinnGen_GO,Weighted median,3,3,0,0
RAMP1,FinnGen_GO,Weighted mode,3,3,0,0
RAMP3,BBJ_Graves,Wald ratio,1,1,0,0
RAMP3,UKB_hyperthyroid,Wald ratio,1,1,0,0
RAMP3,FinnGen_GO,Wald ratio,1,1,0,0
RANBP2,UKB_hyperthyroid,Wald ratio,1,1,0,0
RANBP2,FinnGen_GO,Wald ratio,1,1,0,0
RARA,BBJ_Graves,Wald ratio,1,1,0,0
RARA,UKB_hyperthyroid,Wald ratio,1,1,0,0
RARA,FinnGen_GO,Wald ratio,1,1,0,0
RARB,BBJ_Graves,Wald ratio,1,1,1,0
RARB,UKB_hyperthyroid,Wald ratio,1,1,1,0
RARB,FinnGen_GO,Wald ratio,1,1,1,0
RARG,BBJ_Graves,Wald ratio,1,1,1,0
RARG,UKB_hyperthyroid,Wald ratio,1,1,1,0
RARG,FinnGen_GO,Wald ratio,1,1,1,0
RASGRP3,BBJ_Graves,Inverse variance weighted,2,2,0,0
RASGRP3,UKB_hyperthyroid,Inverse variance weighted,2,2,0,0
RASGRP3,FinnGen_GO,Inverse variance weighted,2,2,0,0
RB1,BBJ_Graves,Wald ratio,1,1,0,0
RB1,UKB_hyperthyroid,Wald ratio,1,1,0,0
RB1,FinnGen_GO,Wald ratio,1,1,0,0
RBBP9,BBJ_Graves,Inverse variance weighted,2,2,0,0
RBBP9,UKB_hyperthyroid,Inverse variance weighted,2,2,0,0
RBBP9,FinnGen_GO,Inverse variance weighted,2,2,0,0
RCE1,UKB_hyperthyroid,Wald ratio,1,1,0,0
RCE1,FinnGen_GO,Wald ratio,1,1,0,0
RECQL,BBJ_Graves,Inverse variance weighted,2,2,1,0
RECQL,UKB_hyperthyroid,Inverse variance weighted,2,2,1,0
RECQL,FinnGen_GO,Inverse variance weighted,2,2,1,0
RELA,BBJ_Graves,Wald ratio,1,1,0,0
RELA,UKB_hyperthyroid,Wald ratio,1,1,0,0
RELA,FinnGen_GO,Wald ratio,1,1,0,0
RELT,BBJ_Graves,Inverse variance weighted,3,2,0,1
RELT,UKB_hyperthyroid,Inverse variance weighted,3,2,0,1
RELT,FinnGen_GO,Inverse variance weighted,3,2,0,1
RET,BBJ_Graves,Wald ratio,1,1,0,0
RET,UKB_hyperthyroid,Wald ratio,1,1,0,0
RET,FinnGen_GO,Wald ratio,1,1,0,0
RETN,BBJ_Graves,Wald ratio,3,1,0,2
RETN,UKB_hyperthyroid,Inverse variance weighted,3,3,0,0
RETN,UKB_hyperthyroid,MR Egger,3,3,0,0
RETN,UKB_hyperthyroid,Weighted median,3,3,0,0
RETN,UKB_hyperthyroid,Weighted mode,3,3,0,0
RETN,FinnGen_GO,Inverse variance weighted,3,3,0,0
RETN,FinnGen_GO,MR Egger,3,3,0,0
RETN,FinnGen_GO,Weighted median,3,3,0,0
RETN,FinnGen_GO,Weighted mode,3,3,0,0
REV3L,UKB_hyperthyroid,Inverse variance weighted,2,2,0,0
REV3L,FinnGen_GO,Inverse variance weighted,2,2,0,0
RGS12,BBJ_Graves,Wald ratio,5,1,0,4
RGS12,UKB_hyperthyroid,Inverse variance weighted,5,5,0,0
RGS12,UKB_hyperthyroid,MR Egger,5,5,0,0
RGS12,UKB_hyperthyroid,Weighted median,5,5,0,0
RGS12,UKB_hyperthyroid,Weighted mode,5,5,0,0
RGS12,FinnGen_GO,Inverse variance weighted,5,5,0,0
RGS12,FinnGen_GO,MR Egger,5,5,0,0
RGS12,FinnGen_GO,Weighted median,5,5,0,0
RGS12,FinnGen_GO,Weighted mode,5,5,0,0
RHCE,BBJ_Graves,Wald ratio,1,1,0,0
RHCE,UKB_hyperthyroid,Wald ratio,1,1,0,0
RHCE,FinnGen_GO,Wald ratio,1,1,0,0
RHD,UKB_hyperthyroid,Inverse variance weighted,11,4,0,7
RHD,UKB_hyperthyroid,MR Egger,11,4,0,7
RHD,UKB_hyperthyroid,Weighted median,11,4,0,7
RHD,UKB_hyperthyroid,Weighted mode,11,4,0,7
RHD,FinnGen_GO,Inverse variance weighted,11,5,0,6
RHD,FinnGen_GO,MR Egger,11,5,0,6
RHD,FinnGen_GO,Weighted median,11,5,0,6
RHD,FinnGen_GO,Weighted mode,11,5,0,6
RIOK1,BBJ_Graves,Wald ratio,1,1,0,0
RIOK1,UKB_hyperthyroid,Wald ratio,1,1,0,0
RIOK1,FinnGen_GO,Wald ratio,1,1,0,0
RIOK2,BBJ_Graves,Wald ratio,2,1,0,1
RIOK2,UKB_hyperthyroid,Inverse variance weighted,2,2,0,0
RIOK2,FinnGen_GO,Inverse variance weighted,2,2,0,0
RIOK3,BBJ_Graves,Wald ratio,1,1,0,0
RIOK3,UKB_hyperthyroid,Wald ratio,1,1,0,0
RIOK3,FinnGen_GO,Wald ratio,1,1,0,0
RIPK1,BBJ_Graves,Inverse variance weighted,2,2,0,0
RIPK1,UKB_hyperthyroid,Inverse variance weighted,2,2,0,0
RIPK1,FinnGen_GO,Inverse variance weighted,2,2,0,0
RIPK2,BBJ_Graves,Inverse variance weighted,2,2,0,0
RIPK2,UKB_hyperthyroid,Inverse variance weighted,2,2,0,0
RIPK2,FinnGen_GO,Inverse variance weighted,2,2,0,0
RIPK3,BBJ_Graves,Inverse variance weighted,2,2,0,0
RIPK3,UKB_hyperthyroid,Inverse variance weighted,2,2,0,0
RIPK3,FinnGen_GO,Inverse variance weighted,2,2,0,0
RIPK4,BBJ_Graves,Inverse variance weighted,2,2,0,0
RIPK4,UKB_hyperthyroid,Inverse variance weighted,2,2,0,0
RIPK4,FinnGen_GO,Inverse variance weighted,2,2,0,0
RLN1,BBJ_Graves,Wald ratio,2,1,1,1
RLN1,UKB_hyperthyroid,Wald ratio,2,1,1,1
RLN2,UKB_hyperthyroid,Inverse variance weighted,2,2,1,0
RLN2,FinnGen_GO,Inverse variance weighted,2,2,1,0
RNASE1,BBJ_Graves,Inverse variance weighted,2,2,0,0
RNASE1,UKB_hyperthyroid,Inverse variance weighted,2,2,0,0
RNASE1,FinnGen_GO,Inverse variance weighted,2,2,0,0
RNASE2,BBJ_Graves,Inverse variance weighted,4,4,0,0
RNASE2,BBJ_Graves,MR Egger,4,4,0,0
RNASE2,BBJ_Graves,Weighted median,4,4,0,0
RNASE2,BBJ_Graves,Weighted mode,4,4,0,0
RNASE2,UKB_hyperthyroid,Inverse variance weighted,4,4,0,0
RNASE2,UKB_hyperthyroid,MR Egger,4,4,0,0
RNASE2,UKB_hyperthyroid,Weighted median,4,4,0,0
RNASE2,UKB_hyperthyroid,Weighted mode,4,4,0,0
RNASE2,FinnGen_GO,Inverse variance weighted,4,4,0,0
RNASE2,FinnGen_GO,MR Egger,4,4,0,0
RNASE2,FinnGen_GO,Weighted median,4,4,0,0
RNASE2,FinnGen_GO,Weighted mode,4,4,0,0
RNASE3,BBJ_Graves,Inverse variance weighted,4,4,0,0
RNASE3,BBJ_Graves,MR Egger,4,4,0,0
RNASE3,BBJ_Graves,Weighted median,4,4,0,0
RNASE3,BBJ_Graves,Weighted mode,4,4,0,0
RNASE3,UKB_hyperthyroid,Inverse variance weighted,4,4,0,0
RNASE3,UKB_hyperthyroid,MR Egger,4,4,0,0
RNASE3,UKB_hyperthyroid,Weighted median,4,4,0,0
RNASE3,UKB_hyperthyroid,Weighted mode,4,4,0,0
RNASE3,FinnGen_GO,Inverse variance weighted,4,4,0,0
RNASE3,FinnGen_GO,MR Egger,4,4,0,0
RNASE3,FinnGen_GO,Weighted median,4,4,0,0
RNASE3,FinnGen_GO,Weighted mode,4,4,0,0
RNASE6,BBJ_Graves,Inverse variance weighted,4,2,1,2
RNASE6,UKB_hyperthyroid,Inverse variance weighted,4,4,1,0
RNASE6,UKB_hyperthyroid,MR Egger,4,4,1,0
RNASE6,UKB_hyperthyroid,Weighted median,4,4,1,0
RNASE6,UKB_hyperthyroid,Weighted mode,4,4,1,0
RNASE6,FinnGen_GO,Inverse variance weighted,4,4,1,0
RNASE6,FinnGen_GO,MR Egger,4,4,1,0
RNASE6,FinnGen_GO,Weighted median,4,4,1,0
RNASE6,FinnGen_GO,Weighted mode,4,4,1,0
RNASEH1,BBJ_Graves,Wald ratio,1,1,0,0
RNASEH1,UKB_hyperthyroid,Wald ratio,1,1,0,0
RNASEH1,FinnGen_GO,Wald ratio,1,1,0,0
RNASET2,BBJ_Graves,Inverse variance weighted,7,4,0,3
RNASET2,BBJ_Graves,MR Egger,7,4,0,3
RNASET2,BBJ_Graves,Weighted median,7,4,0,3
RNASET2,BBJ_Graves,Weighted mode,7,4,0,3
RNASET2,UKB_hyperthyroid,Inverse variance weighted,7,4,0,3
RNASET2,UKB_hyperthyroid,MR Egger,7,4,0,3
RNASET2,UKB_hyperthyroid,Weighted median,7,4,0,3
RNASET2,UKB_hyperthyroid,Weighted mode,7,4,0,3
RNASET2,FinnGen_GO,Inverse variance weighted,7,6,0,1
RNASET2,FinnGen_GO,MR Egger,7,6,0,1
RNASET2,FinnGen_GO,Weighted median,7,6,0,1
RNASET2,FinnGen_GO,Weighted mode,7,6,0,1
RNLS,BBJ_Graves,Wald ratio,1,1,0,0
RNLS,UKB_hyperthyroid,Wald ratio,1,1,0,0
RNLS,FinnGen_GO,Wald ratio,1,1,0,0
RNPEP,BBJ_Graves,Inverse variance weighted,6,4,0,2
RNPEP,BBJ_Graves,MR Egger,6,4,0,2
RNPEP,BBJ_Graves,Weighted median,6,4,0,2
RNPEP,BBJ_Graves,Weighted mode,6,4,0,2
RNPEP,UKB_hyperthyroid,Inverse variance weighted,6,6,0,0
RNPEP,UKB_hyperthyroid,MR Egger,6,6,0,0
RNPEP,UKB_hyperthyroid,Weighted median,6,6,0,0
RNPEP,UKB_hyperthyroid,Weighted mode,6,6,0,0
RNPEP,FinnGen_GO,Inverse variance weighted,6,5,0,1
RNPEP,FinnGen_GO,MR Egger,6,5,0,1
RNPEP,FinnGen_GO,Weighted median,6,5,0,1
RNPEP,FinnGen_GO,Weighted mode,6,5,0,1
ROCK1,UKB_hyperthyroid,Wald ratio,1,1,0,0
ROCK1,FinnGen_GO,Wald ratio,1,1,0,0
ROCK2,BBJ_Graves,Wald ratio,1,1,0,0
ROCK2,UKB_hyperthyroid,Wald ratio,1,1,0,0
ROCK2,FinnGen_GO,Wald ratio,1,1,0,0
ROR1,BBJ_Graves,Wald ratio,1,1,0,0
ROR1,UKB_hyperthyroid,Wald ratio,1,1,0,0
ROR1,FinnGen_GO,Wald ratio,1,1,0,0
ROR2,BBJ_Graves,Wald ratio,1,1,0,0
ROR2,UKB_hyperthyroid,Wald ratio,1,1,0,0
ROR2,FinnGen_GO,Wald ratio,1,1,0,0
RORA,BBJ_Graves,Inverse variance weighted,2,2,0,0
RORA,UKB_hyperthyroid,Inverse variance weighted,2,2,0,0
RORA,FinnGen_GO,Inverse variance weighted,2,2,0,0
RORC,BBJ_Graves,Wald ratio,1,1,0,0
RORC,UKB_hyperthyroid,Wald ratio,1,1,0,0
RORC,FinnGen_GO,Wald ratio,1,1,0,0
RPN1,BBJ_Graves,Inverse variance weighted,4,3,0,1
RPN1,BBJ_Graves,MR Egger,4,3,0,1
RPN1,BBJ_Graves,Weighted median,4,3,0,1
RPN1,BBJ_Graves,Weighted mode,4,3,0,1
RPN1,UKB_hyperthyroid,Inverse variance weighted,4,4,0,0
RPN1,UKB_hyperthyroid,MR Egger,4,4,0,0
RPN1,UKB_hyperthyroid,Weighted median,4,4,0,0
RPN1,UKB_hyperthyroid,Weighted mode,4,4,0,0
RPN1,FinnGen_GO,Inverse variance weighted,4,4,0,0
RPN1,FinnGen_GO,MR Egger,4,4,0,0
RPN1,FinnGen_GO,Weighted median,4,4,0,0
RPN1,FinnGen_GO,Weighted mode,4,4,0,0
RPN2,BBJ_Graves,Wald ratio,1,1,0,0
RPN2,UKB_hyperthyroid,Wald ratio,1,1,0,0
RPN2,FinnGen_GO,Wald ratio,1,1,0,0
RPS6KA1,BBJ_Graves,Wald ratio,1,1,0,0
RPS6KA1,UKB_hyperthyroid,Wald ratio,1,1,0,0
RPS6KA1,FinnGen_GO,Wald ratio,1,1,0,0
RPS6KA2,BBJ_Graves,Inverse variance weighted,5,4,1,1
RPS6KA2,BBJ_Graves,MR Egger,5,4,1,1
RPS6KA2,BBJ_Graves,Weighted median,5,4,1,1
RPS6KA2,BBJ_Graves,Weighted mode,5,4,1,1
RPS6KA2,UKB_hyperthyroid,Inverse variance weighted,5,5,1,0
RPS6KA2,UKB_hyperthyroid,MR Egger,5,5,1,0
RPS6KA2,UKB_hyperthyroid,Weighted median,5,5,1,0
RPS6KA2,UKB_hyperthyroid,Weighted mode,5,5,1,0
RPS6KA2,FinnGen_GO,Inverse variance weighted,5,5,1,0
RPS6KA2,FinnGen_GO,MR Egger,5,5,1,0
RPS6KA2,FinnGen_GO,Weighted median,5,5,1,0
RPS6KA2,FinnGen_GO,Weighted mode,5,5,1,0
RPS6KA4,BBJ_Graves,Wald ratio,4,1,1,3
RPS6KA4,UKB_hyperthyroid,Inverse variance weighted,4,3,1,1
RPS6KA4,UKB_hyperthyroid,MR Egger,4,3,1,1
RPS6KA4,UKB_hyperthyroid,Weighted median,4,3,1,1
RPS6KA4,UKB_hyperthyroid,Weighted mode,4,3,1,1
RPS6KA4,FinnGen_GO,Inverse variance weighted,4,3,1,1
RPS6KA4,FinnGen_GO,MR Egger,4,3,1,1
RPS6KA4,FinnGen_GO,Weighted median,4,3,1,1
RPS6KA4,FinnGen_GO,Weighted mode,4,3,1,1
RPS6KA5,BBJ_Graves,Wald ratio,3,1,1,2
RPS6KA5,UKB_hyperthyroid,Inverse variance weighted,3,3,1,0
RPS6KA5,UKB_hyperthyroid,MR Egger,3,3,1,0
RPS6KA5,UKB_hyperthyroid,Weighted median,3,3,1,0
RPS6KA5,UKB_hyperthyroid,Weighted mode,3,3,1,0
RPS6KA5,FinnGen_GO,Inverse variance weighted,3,3,1,0
RPS6KA5,FinnGen_GO,MR Egger,3,3,1,0
RPS6KA5,FinnGen_GO,Weighted median,3,3,1,0
RPS6KA5,FinnGen_GO,Weighted mode,3,3,1,0
RPS6KB1,BBJ_Graves,Wald ratio,1,1,0,0
RPS6KB1,UKB_hyperthyroid,Wald ratio,1,1,0,0
RPS6KB1,FinnGen_GO,Wald ratio,1,1,0,0
RPS6KB2,BBJ_Graves,Inverse variance weighted,3,2,1,1
RPS6KB2,UKB_hyperthyroid,Inverse variance weighted,3,3,1,0
RPS6KB2,UKB_hyperthyroid,MR Egger,3,3,1,0
RPS6KB2,UKB_hyperthyroid,Weighted median,3,3,1,0
RPS6KB2,UKB_hyperthyroid,Weighted mode,3,3,1,0
RPS6KB2,FinnGen_GO,Inverse variance weighted,3,3,1,0
RPS6KB2,FinnGen_GO,MR Egger,3,3,1,0
RPS6KB2,FinnGen_GO,Weighted median,3,3,1,0
RPS6KB2,FinnGen_GO,Weighted mode,3,3,1,0
RPS6KL1,BBJ_Graves,Wald ratio,1,1,0,0
RPS6KL1,UKB_hyperthyroid,Wald ratio,1,1,0,0
RPS6KL1,FinnGen_GO,Wald ratio,1,1,0,0
RRM1,BBJ_Graves,Inverse variance weighted,3,3,0,0
RRM1,BBJ_Graves,MR Egger,3,3,0,0
RRM1,BBJ_Graves,Weighted median,3,3,0,0
RRM1,BBJ_Graves,Weighted mode,3,3,0,0
RRM1,UKB_hyperthyroid,Inverse variance weighted,3,3,0,0
RRM1,UKB_hyperthyroid,MR Egger,3,3,0,0
RRM1,UKB_hyperthyroid,Weighted median,3,3,0,0
RRM1,UKB_hyperthyroid,Weighted mode,3,3,0,0
RRM1,FinnGen_GO,Inverse variance weighted,3,3,0,0
RRM1,FinnGen_GO,MR Egger,3,3,0,0
RRM1,FinnGen_GO,Weighted median,3,3,0,0
RRM1,FinnGen_GO,Weighted mode,3,3,0,0
RRM2B,BBJ_Graves,Inverse variance weighted,2,2,1,0
RRM2B,UKB_hyperthyroid,Inverse variance weighted,2,2,1,0
RRM2B,FinnGen_GO,Inverse variance weighted,2,2,1,0
RSPO4,BBJ_Graves,Wald ratio,2,1,1,1
RSPO4,UKB_hyperthyroid,Inverse variance weighted,2,2,1,0
RSPO4,FinnGen_GO,Inverse variance weighted,2,2,1,0
RTN3,BBJ_Graves,Wald ratio,1,1,0,0
RTN3,UKB_hyperthyroid,Wald ratio,1,1,0,0
RTN3,FinnGen_GO,Wald ratio,1,1,0,0
RTN4,BBJ_Graves,Inverse variance weighted,3,3,0,0
RTN4,BBJ_Graves,MR Egger,3,3,0,0
RTN4,BBJ_Graves,Weighted median,3,3,0,0
RTN4,BBJ_Graves,Weighted mode,3,3,0,0
RTN4,UKB_hyperthyroid,Inverse variance weighted,3,3,0,0
RTN4,UKB_hyperthyroid,MR Egger,3,3,0,0
RTN4,UKB_hyperthyroid,Weighted median,3,3,0,0
RTN4,UKB_hyperthyroid,Weighted mode,3,3,0,0
RTN4,FinnGen_GO,Inverse variance weighted,3,3,0,0
RTN4,FinnGen_GO,MR Egger,3,3,0,0
RTN4,FinnGen_GO,Weighted median,3,3,0,0
RTN4,FinnGen_GO,Weighted mode,3,3,0,0
RTN4R,UKB_hyperthyroid,Wald ratio,1,1,0,0
RTN4R,FinnGen_GO,Wald ratio,1,1,0,0
RTN4RL1,UKB_hyperthyroid,Wald ratio,1,1,0,0
RTN4RL1,FinnGen_GO,Wald ratio,1,1,0,0
RXFP2,BBJ_Graves,Inverse variance weighted,2,2,0,0
RXFP2,UKB_hyperthyroid,Inverse variance weighted,2,2,0,0
RXFP2,FinnGen_GO,Inverse variance weighted,2,2,0,0
RXRA,BBJ_Graves,Inverse variance weighted,2,2,0,0
RXRA,UKB_hyperthyroid,Inverse variance weighted,2,2,0,0
RXRA,FinnGen_GO,Inverse variance weighted,2,2,0,0
RYK,BBJ_Graves,Inverse variance weighted,3,2,1,1
RYK,UKB_hyperthyroid,Inverse variance weighted,3,2,1,1
RYK,FinnGen_GO,Inverse variance weighted,3,3,2,0
RYK,FinnGen_GO,MR Egger,3,3,2,0
RYK,FinnGen_GO,Weighted median,3,3,2,0
RYK,FinnGen_GO,Weighted mode,3,3,2,0
RYR1,BBJ_Graves,Inverse variance weighted,2,2,1,0
RYR1,UKB_hyperthyroid,Inverse variance weighted,2,2,1,0
RYR1,FinnGen_GO,Inverse variance weighted,2,2,1,0
RYR2,BBJ_Graves,Wald ratio,1,1,0,0
RYR2,UKB_hyperthyroid,Wald ratio,1,1,0,0
RYR2,FinnGen_GO,Wald ratio,1,1,0,0
S100A12,BBJ_Graves,Inverse variance weighted,5,2,1,3
S100A12,UKB_hyperthyroid,Inverse variance weighted,5,3,1,2
S100A12,UKB_hyperthyroid,MR Egger,5,3,1,2
S100A12,UKB_hyperthyroid,Weighted median,5,3,1,2
S100A12,UKB_hyperthyroid,Weighted mode,5,3,1,2
S100A12,FinnGen_GO,Inverse variance weighted,5,5,1,0
S100A12,FinnGen_GO,MR Egger,5,5,1,0
S100A12,FinnGen_GO,Weighted median,5,5,1,0
S100A12,FinnGen_GO,Weighted mode,5,5,1,0
S100A13,BBJ_Graves,Inverse variance weighted,2,2,0,0
S100A13,UKB_hyperthyroid,Inverse variance weighted,2,2,0,0
S100A13,FinnGen_GO,Inverse variance weighted,2,2,0,0
S100A8,BBJ_Graves,Inverse variance weighted,2,2,0,0
S100A8,UKB_hyperthyroid,Inverse variance weighted,2,2,0,0
S100A8,FinnGen_GO,Inverse variance weighted,2,2,0,0
S100A9,BBJ_Graves,Inverse variance weighted,2,2,0,0
S100A9,UKB_hyperthyroid,Inverse variance weighted,2,2,0,0
S100A9,FinnGen_GO,Inverse variance weighted,2,2,0,0
S100B,BBJ_Graves,Inverse variance weighted,4,4,0,0
S100B,BBJ_Graves,MR Egger,4,4,0,0
S100B,BBJ_Graves,Weighted median,4,4,0,0
S100B,BBJ_Graves,Weighted mode,4,4,0,0
S100B,UKB_hyperthyroid,Inverse variance weighted,4,4,0,0
S100B,UKB_hyperthyroid,MR Egger,4,4,0,0
S100B,UKB_hyperthyroid,Weighted median,4,4,0,0
S100B,UKB_hyperthyroid,Weighted mode,4,4,0,0
S100B,FinnGen_GO,Inverse variance weighted,4,4,0,0
S100B,FinnGen_GO,MR Egger,4,4,0,0
S100B,FinnGen_GO,Weighted median,4,4,0,0
S100B,FinnGen_GO,Weighted mode,4,4,0,0
S1PR1,BBJ_Graves,Wald ratio,1,1,0,0
S1PR1,UKB_hyperthyroid,Wald ratio,1,1,0,0
S1PR1,FinnGen_GO,Wald ratio,1,1,0,0
S1PR2,BBJ_Graves,Wald ratio,1,1,0,0
S1PR2,UKB_hyperthyroid,Wald ratio,1,1,0,0
S1PR2,FinnGen_GO,Wald ratio,1,1,0,0
S1PR3,BBJ_Graves,Wald ratio,2,1,0,1
S1PR3,UKB_hyperthyroid,Inverse variance weighted,2,2,0,0
S1PR3,FinnGen_GO,Inverse variance weighted,2,2,0,0
S1PR4,BBJ_Graves,Wald ratio,2,1,0,1
S1PR4,UKB_hyperthyroid,Inverse variance weighted,2,2,0,0
S1PR4,FinnGen_GO,Inverse variance weighted,2,2,0,0
S1PR5,BBJ_Graves,Inverse variance weighted,2,2,0,0
S1PR5,UKB_hyperthyroid,Inverse variance weighted,2,2,0,0
S1PR5,FinnGen_GO,Wald ratio,2,1,0,1
SAE1,BBJ_Graves,Wald ratio,2,1,0,1
SAE1,UKB_hyperthyroid,Inverse variance weighted,2,2,0,0
SAE1,FinnGen_GO,Inverse variance weighted,2,2,0,0
SAMD1,UKB_hyperthyroid,Wald ratio,1,1,0,0
SAMD1,FinnGen_GO,Wald ratio,1,1,0,0
SBK1,BBJ_Graves,Wald ratio,3,1,0,2
SBK1,UKB_hyperthyroid,Wald ratio,3,1,0,2
SBK1,FinnGen_GO,Inverse variance weighted,3,2,0,1
SCARB1,BBJ_Graves,Inverse variance weighted,3,3,0,0
SCARB1,BBJ_Graves,MR Egger,3,3,0,0
SCARB1,BBJ_Graves,Weighted median,3,3,0,0
SCARB1,BBJ_Graves,Weighted mode,3,3,0,0
SCARB1,UKB_hyperthyroid,Inverse variance weighted,3,3,0,0
SCARB1,UKB_hyperthyroid,MR Egger,3,3,0,0
SCARB1,UKB_hyperthyroid,Weighted median,3,3,0,0
SCARB1,UKB_hyperthyroid,Weighted mode,3,3,0,0
SCARB1,FinnGen_GO,Inverse variance weighted,3,3,0,0
SCARB1,FinnGen_GO,MR Egger,3,3,0,0
SCARB1,FinnGen_GO,Weighted median,3,3,0,0
SCARB1,FinnGen_GO,Weighted mode,3,3,0,0
SCD,BBJ_Graves,Wald ratio,2,1,1,1
SCD,UKB_hyperthyroid,Wald ratio,2,1,1,1
SCD,FinnGen_GO,Inverse variance weighted,2,2,1,0
SCD5,BBJ_Graves,Inverse variance weighted,4,3,0,1
SCD5,BBJ_Graves,MR Egger,4,3,0,1
SCD5,BBJ_Graves,Weighted median,4,3,0,1
SCD5,BBJ_Graves,Weighted mode,4,3,0,1
SCD5,UKB_hyperthyroid,Inverse variance weighted,4,4,0,0
SCD5,UKB_hyperthyroid,MR Egger,4,4,0,0
SCD5,UKB_hyperthyroid,Weighted median,4,4,0,0
SCD5,UKB_hyperthyroid,Weighted mode,4,4,0,0
SCD5,FinnGen_GO,Inverse variance weighted,4,4,0,0
SCD5,FinnGen_GO,MR Egger,4,4,0,0
SCD5,FinnGen_GO,Weighted median,4,4,0,0
SCD5,FinnGen_GO,Weighted mode,4,4,0,0
SCG5,BBJ_Graves,Wald ratio,1,1,0,0
SCG5,UKB_hyperthyroid,Wald ratio,1,1,0,0
SCG5,FinnGen_GO,Wald ratio,1,1,0,0
SCGB1C1,BBJ_Graves,Wald ratio,2,1,1,1
SCGB1C1,UKB_hyperthyroid,Inverse variance weighted,2,2,1,0
SCGB1C1,FinnGen_GO,Inverse variance weighted,2,2,1,0
SCGB3A1,BBJ_Graves,Inverse variance weighted,5,3,0,2
SCGB3A1,BBJ_Graves,MR Egger,5,3,0,2
SCGB3A1,BBJ_Graves,Weighted median,5,3,0,2
SCGB3A1,BBJ_Graves,Weighted mode,5,3,0,2
SCGB3A1,UKB_hyperthyroid,Inverse variance weighted,5,5,0,0
SCGB3A1,UKB_hyperthyroid,MR Egger,5,5,0,0
SCGB3A1,UKB_hyperthyroid,Weighted median,5,5,0,0
SCGB3A1,UKB_hyperthyroid,Weighted mode,5,5,0,0
SCGB3A1,FinnGen_GO,Inverse variance weighted,5,5,0,0
SCGB3A1,FinnGen_GO,MR Egger,5,5,0,0
SCGB3A1,FinnGen_GO,Weighted median,5,5,0,0
SCGB3A1,FinnGen_GO,Weighted mode,5,5,0,0
SCGB3A2,BBJ_Graves,Inverse variance weighted,5,4,2,1
SCGB3A2,BBJ_Graves,MR Egger,5,4,2,1
SCGB3A2,BBJ_Graves,Weighted median,5,4,2,1
SCGB3A2,BBJ_Graves,Weighted mode,5,4,2,1
SCGB3A2,UKB_hyperthyroid,Inverse variance weighted,5,5,3,0
SCGB3A2,UKB_hyperthyroid,MR Egger,5,5,3,0
SCGB3A2,UKB_hyperthyroid,Weighted median,5,5,3,0
SCGB3A2,UKB_hyperthyroid,Weighted mode,5,5,3,0
SCGB3A2,FinnGen_GO,Inverse variance weighted,5,5,3,0
SCGB3A2,FinnGen_GO,MR Egger,5,5,3,0
SCGB3A2,FinnGen_GO,Weighted median,5,5,3,0
SCGB3A2,FinnGen_GO,Weighted mode,5,5,3,0
SCN2B,BBJ_Graves,Wald ratio,1,1,0,0
SCN2B,UKB_hyperthyroid,Wald ratio,1,1,0,0
SCN2B,FinnGen_GO,Wald ratio,1,1,0,0
SCN3A,BBJ_Graves,Wald ratio,1,1,0,0
SCN3A,UKB_hyperthyroid,Wald ratio,1,1,0,0
SCN3A,FinnGen_GO,Wald ratio,1,1,0,0
SCN4A,BBJ_Graves,Wald ratio,1,1,0,0
SCN4A,UKB_hyperthyroid,Wald ratio,1,1,0,0
SCN4A,FinnGen_GO,Wald ratio,1,1,0,0
SCN5A,BBJ_Graves,Wald ratio,2,1,0,1
SCN5A,UKB_hyperthyroid,Inverse variance weighted,2,2,0,0
SCN5A,FinnGen_GO,Inverse variance weighted,2,2,0,0
SCN8A,UKB_hyperthyroid,Wald ratio,1,1,0,0
SCN8A,FinnGen_GO,Wald ratio,1,1,0,0
SCN9A,BBJ_Graves,Inverse variance weighted,3,3,0,0
SCN9A,BBJ_Graves,MR Egger,3,3,0,0
SCN9A,BBJ_Graves,Weighted median,3,3,0,0
SCN9A,BBJ_Graves,Weighted mode,3,3,0,0
SCN9A,UKB_hyperthyroid,Inverse variance weighted,3,3,0,0
SCN9A,UKB_hyperthyroid,MR Egger,3,3,0,0
SCN9A,UKB_hyperthyroid,Weighted median,3,3,0,0
SCN9A,UKB_hyperthyroid,Weighted mode,3,3,0,0
SCN9A,FinnGen_GO,Inverse variance weighted,3,3,0,0
SCN9A,FinnGen_GO,MR Egger,3,3,0,0
SCN9A,FinnGen_GO,Weighted median,3,3,0,0
SCN9A,FinnGen_GO,Weighted mode,3,3,0,0
SCNN1A,BBJ_Graves,Inverse variance weighted,2,2,0,0
SCNN1A,UKB_hyperthyroid,Inverse variance weighted,2,2,0,0
SCNN1A,FinnGen_GO,Inverse variance weighted,2,2,0,0
SCNN1D,UKB_hyperthyroid,Wald ratio,1,1,0,0
SCNN1D,FinnGen_GO,Wald ratio,1,1,0,0
SCP2,BBJ_Graves,Inverse variance weighted,5,3,0,2
SCP2,BBJ_Graves,MR Egger,5,3,0,2
SCP2,BBJ_Graves,Weighted median,5,3,0,2
SCP2,BBJ_Graves,Weighted mode,5,3,0,2
SCP2,UKB_hyperthyroid,Inverse variance weighted,5,3,0,2
SCP2,UKB_hyperthyroid,MR Egger,5,3,0,2
SCP2,UKB_hyperthyroid,Weighted median,5,3,0,2
SCP2,UKB_hyperthyroid,Weighted mode,5,3,0,2
SCP2,FinnGen_GO,Inverse variance weighted,5,4,0,1
SCP2,FinnGen_GO,MR Egger,5,4,0,1
SCP2,FinnGen_GO,Weighted median,5,4,0,1
SCP2,FinnGen_GO,Weighted mode,5,4,0,1
SCPEP1,BBJ_Graves,Wald ratio,1,1,0,0
SCPEP1,UKB_hyperthyroid,Wald ratio,1,1,0,0
SCPEP1,FinnGen_GO,Wald ratio,1,1,0,0
SDC2,BBJ_Graves,Inverse variance weighted,2,2,0,0
SDC2,UKB_hyperthyroid,Inverse variance weighted,2,2,0,0
SDC2,FinnGen_GO,Inverse variance weighted,2,2,0,0
SDC4,BBJ_Graves,Wald ratio,1,1,0,0
SDC4,UKB_hyperthyroid,Wald ratio,1,1,0,0
SDC4,FinnGen_GO,Wald ratio,1,1,0,0
SDR42E1,BBJ_Graves,Wald ratio,2,1,0,1
SDR42E1,UKB_hyperthyroid,Wald ratio,2,1,0,1
SDR42E1,FinnGen_GO,Inverse variance weighted,2,2,0,0
SECTM1,BBJ_Graves,Wald ratio,2,1,0,1
SECTM1,UKB_hyperthyroid,Inverse variance weighted,2,2,1,0
SECTM1,FinnGen_GO,Inverse variance weighted,2,2,1,0
SELL,BBJ_Graves,Inverse variance weighted,6,5,0,1
SELL,BBJ_Graves,MR Egger,6,5,0,1
SELL,BBJ_Graves,Weighted median,6,5,0,1
SELL,BBJ_Graves,Weighted mode,6,5,0,1
SELL,UKB_hyperthyroid,Inverse variance weighted,6,5,0,1
SELL,UKB_hyperthyroid,MR Egger,6,5,0,1
SELL,UKB_hyperthyroid,Weighted median,6,5,0,1
SELL,UKB_hyperthyroid,Weighted mode,6,5,0,1
SELL,FinnGen_GO,Inverse variance weighted,6,5,0,1
SELL,FinnGen_GO,MR Egger,6,5,0,1
SELL,FinnGen_GO,Weighted median,6,5,0,1
SELL,FinnGen_GO,Weighted mode,6,5,0,1
SELP,BBJ_Graves,Inverse variance weighted,2,2,0,0
SELP,UKB_hyperthyroid,Inverse variance weighted,2,2,0,0
SELP,FinnGen_GO,Inverse variance weighted,2,2,0,0
SELPLG,BBJ_Graves,Wald ratio,3,1,0,2
SELPLG,UKB_hyperthyroid,Wald ratio,3,1,0,2
SELPLG,FinnGen_GO,Inverse variance weighted,3,2,0,1
SEMA3A,BBJ_Graves,Wald ratio,3,1,0,2
SEMA3A,UKB_hyperthyroid,Inverse variance weighted,3,3,0,0
SEMA3A,UKB_hyperthyroid,MR Egger,3,3,0,0
SEMA3A,UKB_hyperthyroid,Weighted median,3,3,0,0
SEMA3A,UKB_hyperthyroid,Weighted mode,3,3,0,0
SEMA3A,FinnGen_GO,Inverse variance weighted,3,3,0,0
SEMA3A,FinnGen_GO,MR Egger,3,3,0,0
SEMA3A,FinnGen_GO,Weighted median,3,3,0,0
SEMA3A,FinnGen_GO,Weighted mode,3,3,0,0
SEMA3C,BBJ_Graves,Inverse variance weighted,2,2,0,0
SEMA3C,UKB_hyperthyroid,Inverse variance weighted,2,2,0,0
SEMA3C,FinnGen_GO,Inverse variance weighted,2,2,0,0
SEMA4B,BBJ_Graves,Wald ratio,2,1,0,1
SEMA4B,UKB_hyperthyroid,Inverse variance weighted,2,2,0,0
SEMA4B,FinnGen_GO,Inverse variance weighted,2,2,0,0
SEMA4D,BBJ_Graves,Inverse variance weighted,7,3,0,4
SEMA4D,BBJ_Graves,MR Egger,7,3,0,4
SEMA4D,BBJ_Graves,Weighted median,7,3,0,4
SEMA4D,BBJ_Graves,Weighted mode,7,3,0,4
SEMA4D,UKB_hyperthyroid,Inverse variance weighted,7,6,0,1
SEMA4D,UKB_hyperthyroid,MR Egger,7,6,0,1
SEMA4D,UKB_hyperthyroid,Weighted median,7,6,0,1
SEMA4D,UKB_hyperthyroid,Weighted mode,7,6,0,1
SEMA4D,FinnGen_GO,Inverse variance weighted,7,6,0,1
SEMA4D,FinnGen_GO,MR Egger,7,6,0,1
SEMA4D,FinnGen_GO,Weighted median,7,6,0,1
SEMA4D,FinnGen_GO,Weighted mode,7,6,0,1
SEMA6B,UKB_hyperthyroid,Wald ratio,1,1,0,0
SEMA6B,FinnGen_GO,Wald ratio,1,1,0,0
SEMG1,BBJ_Graves,Inverse variance weighted,2,2,0,0
SEMG1,UKB_hyperthyroid,Inverse variance weighted,2,2,0,0
SEMG1,FinnGen_GO,Inverse variance weighted,2,2,0,0
SENP6,BBJ_Graves,Inverse variance weighted,3,2,0,1
SENP6,UKB_hyperthyroid,Inverse variance weighted,3,3,0,0
SENP6,UKB_hyperthyroid,MR Egger,3,3,0,0
SENP6,UKB_hyperthyroid,Weighted median,3,3,0,0
SENP6,UKB_hyperthyroid,Weighted mode,3,3,0,0
SENP6,FinnGen_GO,Inverse variance weighted,3,3,0,0
SENP6,FinnGen_GO,MR Egger,3,3,0,0
SENP6,FinnGen_GO,Weighted median,3,3,0,0
SENP6,FinnGen_GO,Weighted mode,3,3,0,0
SENP7,BBJ_Graves,Inverse variance weighted,5,5,0,0
SENP7,BBJ_Graves,MR Egger,5,5,0,0
SENP7,BBJ_Graves,Weighted median,5,5,0,0
SENP7,BBJ_Graves,Weighted mode,5,5,0,0
SENP7,UKB_hyperthyroid,Inverse variance weighted,5,5,0,0
SENP7,UKB_hyperthyroid,MR Egger,5,5,0,0
SENP7,UKB_hyperthyroid,Weighted median,5,5,0,0
SENP7,UKB_hyperthyroid,Weighted mode,5,5,0,0
SENP7,FinnGen_GO,Inverse variance weighted,5,5,0,0
SENP7,FinnGen_GO,MR Egger,5,5,0,0
SENP7,FinnGen_GO,Weighted median,5,5,0,0
SENP7,FinnGen_GO,Weighted mode,5,5,0,0
SEPP1,BBJ_Graves,Wald ratio,1,1,0,0
SEPP1,UKB_hyperthyroid,Wald ratio,1,1,0,0
SEPP1,FinnGen_GO,Wald ratio,1,1,0,0
SERPINA1,BBJ_Graves,Inverse variance weighted,4,2,1,2
SERPINA1,UKB_hyperthyroid,Inverse variance weighted,4,4,1,0
SERPINA1,UKB_hyperthyroid,MR Egger,4,4,1,0
SERPINA1,UKB_hyperthyroid,Weighted median,4,4,1,0
SERPINA1,UKB_hyperthyroid,Weighted mode,4,4,1,0
SERPINA1,FinnGen_GO,Inverse variance weighted,4,4,1,0
SERPINA1,FinnGen_GO,MR Egger,4,4,1,0
SERPINA1,FinnGen_GO,Weighted median,4,4,1,0
SERPINA1,FinnGen_GO,Weighted mode,4,4,1,0
SERPINB1,BBJ_Graves,Inverse variance weighted,4,4,0,0
SERPINB1,BBJ_Graves,MR Egger,4,4,0,0
SERPINB1,BBJ_Graves,Weighted median,4,4,0,0
SERPINB1,BBJ_Graves,Weighted mode,4,4,0,0
SERPINB1,UKB_hyperthyroid,Inverse variance weighted,4,4,0,0
SERPINB1,UKB_hyperthyroid,MR Egger,4,4,0,0
SERPINB1,UKB_hyperthyroid,Weighted median,4,4,0,0
SERPINB1,UKB_hyperthyroid,Weighted mode,4,4,0,0
SERPINB1,FinnGen_GO,Inverse variance weighted,4,4,0,0
SERPINB1,FinnGen_GO,MR Egger,4,4,0,0
SERPINB1,FinnGen_GO,Weighted median,4,4,0,0
SERPINB1,FinnGen_GO,Weighted mode,4,4,0,0
SERPINB10,BBJ_Graves,Inverse variance weighted,4,3,0,1
SERPINB10,BBJ_Graves,MR Egger,4,3,0,1
SERPINB10,BBJ_Graves,Weighted median,4,3,0,1
SERPINB10,BBJ_Graves,Weighted mode,4,3,0,1
SERPINB10,UKB_hyperthyroid,Inverse variance weighted,4,3,0,1
SERPINB10,UKB_hyperthyroid,MR Egger,4,3,0,1
SERPINB10,UKB_hyperthyroid,Weighted median,4,3,0,1
SERPINB10,UKB_hyperthyroid,Weighted mode,4,3,0,1
SERPINB10,FinnGen_GO,Inverse variance weighted,4,4,0,0
SERPINB10,FinnGen_GO,MR Egger,4,4,0,0
SERPINB10,FinnGen_GO,Weighted median,4,4,0,0
SERPINB10,FinnGen_GO,Weighted mode,4,4,0,0
SERPINB2,BBJ_Graves,Inverse variance weighted,2,2,0,0
SERPINB2,UKB_hyperthyroid,Inverse variance weighted,2,2,0,0
SERPINB2,FinnGen_GO,Inverse variance weighted,2,2,0,0
SERPINB6,BBJ_Graves,Inverse variance weighted,6,3,1,3
SERPINB6,BBJ_Graves,MR Egger,6,3,1,3
SERPINB6,BBJ_Graves,Weighted median,6,3,1,3
SERPINB6,BBJ_Graves,Weighted mode,6,3,1,3
SERPINB6,UKB_hyperthyroid,Inverse variance weighted,6,4,1,2
SERPINB6,UKB_hyperthyroid,MR Egger,6,4,1,2
SERPINB6,UKB_hyperthyroid,Weighted median,6,4,1,2
SERPINB6,UKB_hyperthyroid,Weighted mode,6,4,1,2
SERPINB6,FinnGen_GO,Inverse variance weighted,6,5,1,1
SERPINB6,FinnGen_GO,MR Egger,6,5,1,1
SERPINB6,FinnGen_GO,Weighted median,6,5,1,1
SERPINB6,FinnGen_GO,Weighted mode,6,5,1,1
SERPINB8,BBJ_Graves,Inverse variance weighted,2,2,0,0
SERPINB8,UKB_hyperthyroid,Inverse variance weighted,2,2,0,0
SERPINB8,FinnGen_GO,Inverse variance weighted,2,2,0,0
SERPINB9,BBJ_Graves,Wald ratio,4,1,0,3
SERPINB9,UKB_hyperthyroid,Inverse variance weighted,4,4,0,0
SERPINB9,UKB_hyperthyroid,MR Egger,4,4,0,0
SERPINB9,UKB_hyperthyroid,Weighted median,4,4,0,0
SERPINB9,UKB_hyperthyroid,Weighted mode,4,4,0,0
SERPINB9,FinnGen_GO,Inverse variance weighted,4,4,0,0
SERPINB9,FinnGen_GO,MR Egger,4,4,0,0
SERPINB9,FinnGen_GO,Weighted median,4,4,0,0
SERPINB9,FinnGen_GO,Weighted mode,4,4,0,0
SERPINC1,BBJ_Graves,Wald ratio,1,1,0,0
SERPINC1,UKB_hyperthyroid,Wald ratio,1,1,0,0
SERPINC1,FinnGen_GO,Wald ratio,1,1,0,0
SERPINE1,BBJ_Graves,Wald ratio,1,1,0,0
SERPINE1,UKB_hyperthyroid,Wald ratio,1,1,0,0
SERPINE1,FinnGen_GO,Wald ratio,1,1,0,0
SERPINE2,BBJ_Graves,Inverse variance weighted,4,4,0,0
SERPINE2,BBJ_Graves,MR Egger,4,4,0,0
SERPINE2,BBJ_Graves,Weighted median,4,4,0,0
SERPINE2,BBJ_Graves,Weighted mode,4,4,0,0
SERPINE2,UKB_hyperthyroid,Inverse variance weighted,4,4,0,0
SERPINE2,UKB_hyperthyroid,MR Egger,4,4,0,0
SERPINE2,UKB_hyperthyroid,Weighted median,4,4,0,0
SERPINE2,UKB_hyperthyroid,Weighted mode,4,4,0,0
SERPINE2,FinnGen_GO,Inverse variance weighted,4,4,0,0
SERPINE2,FinnGen_GO,MR Egger,4,4,0,0
SERPINE2,FinnGen_GO,Weighted median,4,4,0,0
SERPINE2,FinnGen_GO,Weighted mode,4,4,0,0
SERPINF1,BBJ_Graves,Wald ratio,1,1,0,0
SERPINF1,UKB_hyperthyroid,Wald ratio,1,1,0,0
SERPINF1,FinnGen_GO,Wald ratio,1,1,0,0
SERPINF2,BBJ_Graves,Inverse variance weighted,2,2,0,0
SERPINF2,UKB_hyperthyroid,Inverse variance weighted,2,2,0,0
SERPINF2,FinnGen_GO,Inverse variance weighted,2,2,0,0
SERPING1,BBJ_Graves,Inverse variance weighted,3,2,1,1
SERPING1,UKB_hyperthyroid,Inverse variance weighted,3,2,1,1
SERPING1,FinnGen_GO,Inverse variance weighted,3,2,1,1
SERPINI1,BBJ_Graves,Wald ratio,2,1,0,1
SERPINI1,UKB_hyperthyroid,Inverse variance weighted,2,2,0,0
SERPINI1,FinnGen_GO,Inverse variance weighted,2,2,0,0
SF3B3,BBJ_Graves,Wald ratio,1,1,0,0
SF3B3,UKB_hyperthyroid,Wald ratio,1,1,0,0
SF3B3,FinnGen_GO,Wald ratio,1,1,0,0
SFN,BBJ_Graves,Wald ratio,1,1,0,0
SFN,UKB_hyperthyroid,Wald ratio,1,1,0,0
SFN,FinnGen_GO,Wald ratio,1,1,0,0
SFRP1,BBJ_Graves,Wald ratio,2,1,0,1
SFRP1,UKB_hyperthyroid,Inverse variance weighted,2,2,1,0
SFRP1,FinnGen_GO,Inverse variance weighted,2,2,1,0
SFRP2,BBJ_Graves,Wald ratio,1,1,0,0
SFRP2,UKB_hyperthyroid,Wald ratio,1,1,0,0
SFRP2,FinnGen_GO,Wald ratio,1,1,0,0
SFRP5,BBJ_Graves,Wald ratio,1,1,0,0
SFRP5,UKB_hyperthyroid,Wald ratio,1,1,0,0
SFRP5,FinnGen_GO,Wald ratio,1,1,0,0
SFTPB,BBJ_Graves,Wald ratio,1,1,0,0
SFTPB,UKB_hyperthyroid,Wald ratio,1,1,0,0
SFTPB,FinnGen_GO,Wald ratio,1,1,0,0
SFTPD,BBJ_Graves,Wald ratio,4,1,0,3
SFTPD,UKB_hyperthyroid,Inverse variance weighted,4,4,0,0
SFTPD,UKB_hyperthyroid,MR Egger,4,4,0,0
SFTPD,UKB_hyperthyroid,Weighted median,4,4,0,0
SFTPD,UKB_hyperthyroid,Weighted mode,4,4,0,0
SFTPD,FinnGen_GO,Inverse variance weighted,4,4,0,0
SFTPD,FinnGen_GO,MR Egger,4,4,0,0
SFTPD,FinnGen_GO,Weighted median,4,4,0,0
SFTPD,FinnGen_GO,Weighted mode,4,4,0,0
SGK1,BBJ_Graves,Wald ratio,4,1,1,3
SGK1,UKB_hyperthyroid,Inverse variance weighted,4,3,1,1
SGK1,UKB_hyperthyroid,MR Egger,4,3,1,1
SGK1,UKB_hyperthyroid,Weighted median,4,3,1,1
SGK1,UKB_hyperthyroid,Weighted mode,4,3,1,1
SGK1,FinnGen_GO,Inverse variance weighted,4,4,1,0
SGK1,FinnGen_GO,MR Egger,4,4,1,0
SGK1,FinnGen_GO,Weighted median,4,4,1,0
SGK1,FinnGen_GO,Weighted mode,4,4,1,0
SGK3,BBJ_Graves,Wald ratio,1,1,0,0
SGK3,UKB_hyperthyroid,Wald ratio,1,1,0,0
SGK3,FinnGen_GO,Wald ratio,1,1,0,0
SGSH,BBJ_Graves,Wald ratio,2,1,0,1
SGSH,UKB_hyperthyroid,Inverse variance weighted,2,2,0,0
SGSH,FinnGen_GO,Inverse variance weighted,2,2,0,0
SHISA2,BBJ_Graves,Inverse variance weighted,3,2,0,1
SHISA2,UKB_hyperthyroid,Inverse variance weighted,3,3,1,0
SHISA2,UKB_hyperthyroid,MR Egger,3,3,1,0
SHISA2,UKB_hyperthyroid,Weighted median,3,3,1,0
SHISA2,UKB_hyperthyroid,Weighted mode,3,3,1,0
SHISA2,FinnGen_GO,Inverse variance weighted,3,3,1,0
SHISA2,FinnGen_GO,MR Egger,3,3,1,0
SHISA2,FinnGen_GO,Weighted median,3,3,1,0
SHISA2,FinnGen_GO,Weighted mode,3,3,1,0
SIAE,UKB_hyperthyroid,Wald ratio,1,1,0,0
SIAE,FinnGen_GO,Wald ratio,1,1,0,0
SIDT2,BBJ_Graves,Inverse variance weighted,20,8,1,12
SIDT2,BBJ_Graves,MR Egger,20,8,1,12
SIDT2,BBJ_Graves,Weighted median,20,8,1,12
SIDT2,BBJ_Graves,Weighted mode,20,8,1,12
SIDT2,UKB_hyperthyroid,Inverse variance weighted,20,11,1,9
SIDT2,UKB_hyperthyroid,MR Egger,20,11,1,9
SIDT2,UKB_hyperthyroid,Weighted median,20,11,1,9
SIDT2,UKB_hyperthyroid,Weighted mode,20,11,1,9
SIDT2,FinnGen_GO,Inverse variance weighted,20,19,1,1
SIDT2,FinnGen_GO,MR Egger,20,19,1,1
SIDT2,FinnGen_GO,Weighted median,20,19,1,1
SIDT2,FinnGen_GO,Weighted mode,20,19,1,1
SIGLEC10,BBJ_Graves,Inverse variance weighted,2,2,0,0
SIGLEC10,UKB_hyperthyroid,Inverse variance weighted,2,2,0,0
SIGLEC10,FinnGen_GO,Inverse variance weighted,2,2,0,0
SIGLEC11,BBJ_Graves,Inverse variance weighted,4,3,2,1
SIGLEC11,BBJ_Graves,MR Egger,4,3,2,1
SIGLEC11,BBJ_Graves,Weighted median,4,3,2,1
SIGLEC11,BBJ_Graves,Weighted mode,4,3,2,1
SIGLEC11,UKB_hyperthyroid,Inverse variance weighted,4,4,2,0
SIGLEC11,UKB_hyperthyroid,MR Egger,4,4,2,0
SIGLEC11,UKB_hyperthyroid,Weighted median,4,4,2,0
SIGLEC11,UKB_hyperthyroid,Weighted mode,4,4,2,0
SIGLEC11,FinnGen_GO,Inverse variance weighted,4,4,2,0
SIGLEC11,FinnGen_GO,MR Egger,4,4,2,0
SIGLEC11,FinnGen_GO,Weighted median,4,4,2,0
SIGLEC11,FinnGen_GO,Weighted mode,4,4,2,0
SIGLEC12,BBJ_Graves,Inverse variance weighted,2,2,0,0
SIGLEC12,UKB_hyperthyroid,Inverse variance weighted,2,2,0,0
SIGLEC12,FinnGen_GO,Inverse variance weighted,2,2,0,0
SIGLEC5,BBJ_Graves,Inverse variance weighted,6,4,0,2
SIGLEC5,BBJ_Graves,MR Egger,6,4,0,2
SIGLEC5,BBJ_Graves,Weighted median,6,4,0,2
SIGLEC5,BBJ_Graves,Weighted mode,6,4,0,2
SIGLEC5,UKB_hyperthyroid,Inverse variance weighted,6,5,0,1
SIGLEC5,UKB_hyperthyroid,MR Egger,6,5,0,1
SIGLEC5,UKB_hyperthyroid,Weighted median,6,5,0,1
SIGLEC5,UKB_hyperthyroid,Weighted mode,6,5,0,1
SIGLEC5,FinnGen_GO,Inverse variance weighted,6,5,0,1
SIGLEC5,FinnGen_GO,MR Egger,6,5,0,1
SIGLEC5,FinnGen_GO,Weighted median,6,5,0,1
SIGLEC5,FinnGen_GO,Weighted mode,6,5,0,1
SIGLEC6,BBJ_Graves,Wald ratio,1,1,0,0
SIGLEC6,UKB_hyperthyroid,Wald ratio,1,1,0,0
SIGLEC6,FinnGen_GO,Wald ratio,1,1,0,0
SIGLEC7,BBJ_Graves,Inverse variance weighted,2,2,0,0
SIGLEC7,UKB_hyperthyroid,Inverse variance weighted,2,2,0,0
SIGLEC7,FinnGen_GO,Inverse variance weighted,2,2,0,0
SIGLEC9,BBJ_Graves,Inverse variance weighted,3,2,0,1
SIGLEC9,UKB_hyperthyroid,Inverse variance weighted,3,3,0,0
SIGLEC9,UKB_hyperthyroid,MR Egger,3,3,0,0
SIGLEC9,UKB_hyperthyroid,Weighted median,3,3,0,0
SIGLEC9,UKB_hyperthyroid,Weighted mode,3,3,0,0
SIGLEC9,FinnGen_GO,Inverse variance weighted,3,3,0,0
SIGLEC9,FinnGen_GO,MR Egger,3,3,0,0
SIGLEC9,FinnGen_GO,Weighted median,3,3,0,0
SIGLEC9,FinnGen_GO,Weighted mode,3,3,0,0
SIGMAR1,BBJ_Graves,Inverse variance weighted,4,3,0,1
SIGMAR1,BBJ_Graves,MR Egger,4,3,0,1
SIGMAR1,BBJ_Graves,Weighted median,4,3,0,1
SIGMAR1,BBJ_Graves,Weighted mode,4,3,0,1
SIGMAR1,UKB_hyperthyroid,Inverse variance weighted,4,4,0,0
SIGMAR1,UKB_hyperthyroid,MR Egger,4,4,0,0
SIGMAR1,UKB_hyperthyroid,Weighted median,4,4,0,0
SIGMAR1,UKB_hyperthyroid,Weighted mode,4,4,0,0
SIGMAR1,FinnGen_GO,Inverse variance weighted,4,4,0,0
SIGMAR1,FinnGen_GO,MR Egger,4,4,0,0
SIGMAR1,FinnGen_GO,Weighted median,4,4,0,0
SIGMAR1,FinnGen_GO,Weighted mode,4,4,0,0
SIK1,BBJ_Graves,Inverse variance weighted,2,2,0,0
SIK1,UKB_hyperthyroid,Inverse variance weighted,2,2,0,0
SIK1,FinnGen_GO,Wald ratio,2,1,0,1
SIK2,BBJ_Graves,Wald ratio,1,1,0,0
SIK2,UKB_hyperthyroid,Wald ratio,1,1,0,0
SIK2,FinnGen_GO,Wald ratio,1,1,0,0
SIK3,BBJ_Graves,Wald ratio,1,1,0,0
SIK3,UKB_hyperthyroid,Wald ratio,1,1,0,0
SIK3,FinnGen_GO,Wald ratio,1,1,0,0
SIRPA,BBJ_Graves,Inverse variance weighted,5,5,2,0
SIRPA,BBJ_Graves,MR Egger,5,5,2,0
SIRPA,BBJ_Graves,Weighted median,5,5,2,0
SIRPA,BBJ_Graves,Weighted mode,5,5,2,0
SIRPA,UKB_hyperthyroid,Inverse variance weighted,5,5,2,0
SIRPA,UKB_hyperthyroid,MR Egger,5,5,2,0
SIRPA,UKB_hyperthyroid,Weighted median,5,5,2,0
SIRPA,UKB_hyperthyroid,Weighted mode,5,5,2,0
SIRPA,FinnGen_GO,Inverse variance weighted,5,5,2,0
SIRPA,FinnGen_GO,MR Egger,5,5,2,0
SIRPA,FinnGen_GO,Weighted median,5,5,2,0
SIRPA,FinnGen_GO,Weighted mode,5,5,2,0
SIRPB1,BBJ_Graves,Inverse variance weighted,7,3,1,4
SIRPB1,BBJ_Graves,MR Egger,7,3,1,4
SIRPB1,BBJ_Graves,Weighted median,7,3,1,4
SIRPB1,BBJ_Graves,Weighted mode,7,3,1,4
SIRPB1,UKB_hyperthyroid,Inverse variance weighted,7,3,1,4
SIRPB1,UKB_hyperthyroid,MR Egger,7,3,1,4
SIRPB1,UKB_hyperthyroid,Weighted median,7,3,1,4
SIRPB1,UKB_hyperthyroid,Weighted mode,7,3,1,4
SIRPB1,FinnGen_GO,Inverse variance weighted,7,7,1,0
SIRPB1,FinnGen_GO,MR Egger,7,7,1,0
SIRPB1,FinnGen_GO,Weighted median,7,7,1,0
SIRPB1,FinnGen_GO,Weighted mode,7,7,1,0
SIRPG,BBJ_Graves,Inverse variance weighted,3,2,1,1
SIRPG,UKB_hyperthyroid,Inverse variance weighted,3,2,1,1
SIRPG,FinnGen_GO,Inverse variance weighted,3,2,1,1
SIRT1,BBJ_Graves,Wald ratio,3,1,1,2
SIRT1,UKB_hyperthyroid,Inverse variance weighted,3,3,1,0
SIRT1,UKB_hyperthyroid,MR Egger,3,3,1,0
SIRT1,UKB_hyperthyroid,Weighted median,3,3,1,0
SIRT1,UKB_hyperthyroid,Weighted mode,3,3,1,0
SIRT1,FinnGen_GO,Inverse variance weighted,3,2,1,1
SIRT2,BBJ_Graves,Wald ratio,1,1,0,0
SIRT2,UKB_hyperthyroid,Wald ratio,1,1,0,0
SIRT2,FinnGen_GO,Wald ratio,1,1,0,0
SIRT3,UKB_hyperthyroid,Wald ratio,1,1,0,0
SIRT3,FinnGen_GO,Wald ratio,1,1,0,0
SLAMF1,BBJ_Graves,Inverse variance weighted,2,2,0,0
SLAMF1,UKB_hyperthyroid,Inverse variance weighted,2,2,0,0
SLAMF1,FinnGen_GO,Inverse variance weighted,2,2,0,0
SLAMF6,BBJ_Graves,Inverse variance weighted,2,2,0,0
SLAMF6,UKB_hyperthyroid,Inverse variance weighted,2,2,0,0
SLAMF6,FinnGen_GO,Inverse variance weighted,2,2,0,0
SLAMF7,BBJ_Graves,Wald ratio,1,1,0,0
SLAMF7,UKB_hyperthyroid,Wald ratio,1,1,0,0
SLAMF7,FinnGen_GO,Wald ratio,1,1,0,0
SLAMF8,BBJ_Graves,Wald ratio,2,1,0,1
SLAMF8,UKB_hyperthyroid,Inverse variance weighted,2,2,0,0
SLAMF8,FinnGen_GO,Inverse variance weighted,2,2,0,0
SLC11A2,BBJ_Graves,Wald ratio,1,1,1,0
SLC11A2,UKB_hyperthyroid,Wald ratio,1,1,1,0
SLC11A2,FinnGen_GO,Wald ratio,1,1,1,0
SLC12A1,BBJ_Graves,Inverse variance weighted,5,5,0,0
SLC12A1,BBJ_Graves,MR Egger,5,5,0,0
SLC12A1,BBJ_Graves,Weighted median,5,5,0,0
SLC12A1,BBJ_Graves,Weighted mode,5,5,0,0
SLC12A1,UKB_hyperthyroid,Inverse variance weighted,5,5,0,0
SLC12A1,UKB_hyperthyroid,MR Egger,5,5,0,0
SLC12A1,UKB_hyperthyroid,Weighted median,5,5,0,0
SLC12A1,UKB_hyperthyroid,Weighted mode,5,5,0,0
SLC12A1,FinnGen_GO,Inverse variance weighted,5,5,0,0
SLC12A1,FinnGen_GO,MR Egger,5,5,0,0
SLC12A1,FinnGen_GO,Weighted median,5,5,0,0
SLC12A1,FinnGen_GO,Weighted mode,5,5,0,0
SLC12A2,BBJ_Graves,Wald ratio,1,1,0,0
SLC12A2,UKB_hyperthyroid,Wald ratio,1,1,0,0
SLC12A2,FinnGen_GO,Wald ratio,1,1,0,0
SLC12A3,BBJ_Graves,Inverse variance weighted,2,2,0,0
SLC12A3,UKB_hyperthyroid,Inverse variance weighted,2,2,0,0
SLC12A3,FinnGen_GO,Inverse variance weighted,2,2,0,0
SLC12A4,BBJ_Graves,Wald ratio,1,1,0,0
SLC12A4,UKB_hyperthyroid,Wald ratio,1,1,0,0
SLC12A4,FinnGen_GO,Wald ratio,1,1,0,0
SLC12A6,BBJ_Graves,Wald ratio,2,1,0,1
SLC12A6,UKB_hyperthyroid,Inverse variance weighted,2,2,0,0
SLC12A6,FinnGen_GO,Inverse variance weighted,2,2,0,0
SLC12A7,BBJ_Graves,Inverse variance weighted,3,2,0,1
SLC12A7,UKB_hyperthyroid,Inverse variance weighted,3,3,0,0
SLC12A7,UKB_hyperthyroid,MR Egger,3,3,0,0
SLC12A7,UKB_hyperthyroid,Weighted median,3,3,0,0
SLC12A7,UKB_hyperthyroid,Weighted mode,3,3,0,0
SLC12A7,FinnGen_GO,Inverse variance weighted,3,3,0,0
SLC12A7,FinnGen_GO,MR Egger,3,3,0,0
SLC12A7,FinnGen_GO,Weighted median,3,3,0,0
SLC12A7,FinnGen_GO,Weighted mode,3,3,0,0
SLC12A9,BBJ_Graves,Wald ratio,2,1,0,1
SLC12A9,UKB_hyperthyroid,Inverse variance weighted,2,2,0,0
SLC12A9,FinnGen_GO,Inverse variance weighted,2,2,0,0
SLC15A2,BBJ_Graves,Wald ratio,1,1,0,0
SLC15A2,UKB_hyperthyroid,Wald ratio,1,1,0,0
SLC15A2,FinnGen_GO,Wald ratio,1,1,0,0
SLC16A1,BBJ_Graves,Wald ratio,1,1,0,0
SLC16A1,UKB_hyperthyroid,Wald ratio,1,1,0,0
SLC16A1,FinnGen_GO,Wald ratio,1,1,0,0
SLC18A1,BBJ_Graves,Wald ratio,3,1,0,2
SLC18A1,UKB_hyperthyroid,Inverse variance weighted,3,3,0,0
SLC18A1,UKB_hyperthyroid,MR Egger,3,3,0,0
SLC18A1,UKB_hyperthyroid,Weighted median,3,3,0,0
SLC18A1,UKB_hyperthyroid,Weighted mode,3,3,0,0
SLC18A1,FinnGen_GO,Inverse variance weighted,3,3,0,0
SLC18A1,FinnGen_GO,MR Egger,3,3,0,0
SLC18A1,FinnGen_GO,Weighted median,3,3,0,0
SLC18A1,FinnGen_GO,Weighted mode,3,3,0,0
SLC18A2,BBJ_Graves,Wald ratio,2,1,1,1
SLC18A2,UKB_hyperthyroid,Wald ratio,2,1,1,1
SLC18A2,FinnGen_GO,Wald ratio,2,1,1,1
SLC19A1,BBJ_Graves,Wald ratio,2,1,1,1
SLC19A1,UKB_hyperthyroid,Wald ratio,2,1,1,1
SLC19A1,FinnGen_GO,Inverse variance weighted,2,2,1,0
SLC1A3,BBJ_Graves,Wald ratio,1,1,1,0
SLC1A3,UKB_hyperthyroid,Wald ratio,1,1,1,0
SLC1A3,FinnGen_GO,Wald ratio,1,1,1,0
SLC1A7,BBJ_Graves,Inverse variance weighted,4,3,0,1
SLC1A7,BBJ_Graves,MR Egger,4,3,0,1
SLC1A7,BBJ_Graves,Weighted median,4,3,0,1
SLC1A7,BBJ_Graves,Weighted mode,4,3,0,1
SLC1A7,UKB_hyperthyroid,Inverse variance weighted,4,4,0,0
SLC1A7,UKB_hyperthyroid,MR Egger,4,4,0,0
SLC1A7,UKB_hyperthyroid,Weighted median,4,4,0,0
SLC1A7,UKB_hyperthyroid,Weighted mode,4,4,0,0
SLC1A7,FinnGen_GO,Inverse variance weighted,4,4,0,0
SLC1A7,FinnGen_GO,MR Egger,4,4,0,0
SLC1A7,FinnGen_GO,Weighted median,4,4,0,0
SLC1A7,FinnGen_GO,Weighted mode,4,4,0,0
SLC22A1,BBJ_Graves,Wald ratio,3,1,1,2
SLC22A1,UKB_hyperthyroid,Inverse variance weighted,3,3,1,0
SLC22A1,UKB_hyperthyroid,MR Egger,3,3,1,0
SLC22A1,UKB_hyperthyroid,Weighted median,3,3,1,0
SLC22A1,UKB_hyperthyroid,Weighted mode,3,3,1,0
SLC22A1,FinnGen_GO,Inverse variance weighted,3,3,1,0
SLC22A1,FinnGen_GO,MR Egger,3,3,1,0
SLC22A1,FinnGen_GO,Weighted median,3,3,1,0
SLC22A1,FinnGen_GO,Weighted mode,3,3,1,0
SLC22A14,BBJ_Graves,Wald ratio,1,1,0,0
SLC22A14,UKB_hyperthyroid,Wald ratio,1,1,0,0
SLC22A14,FinnGen_GO,Wald ratio,1,1,0,0
SLC22A15,BBJ_Graves,Wald ratio,6,1,0,5
SLC22A15,UKB_hyperthyroid,Inverse variance weighted,6,3,0,3
SLC22A15,UKB_hyperthyroid,MR Egger,6,3,0,3
SLC22A15,UKB_hyperthyroid,Weighted median,6,3,0,3
SLC22A15,UKB_hyperthyroid,Weighted mode,6,3,0,3
SLC22A15,FinnGen_GO,Inverse variance weighted,6,5,0,1
SLC22A15,FinnGen_GO,MR Egger,6,5,0,1
SLC22A15,FinnGen_GO,Weighted median,6,5,0,1
SLC22A15,FinnGen_GO,Weighted mode,6,5,0,1
SLC22A16,BBJ_Graves,Inverse variance weighted,7,5,1,2
SLC22A16,BBJ_Graves,MR Egger,7,5,1,2
SLC22A16,BBJ_Graves,Weighted median,7,5,1,2
SLC22A16,BBJ_Graves,Weighted mode,7,5,1,2
SLC22A16,UKB_hyperthyroid,Inverse variance weighted,7,5,1,2
SLC22A16,UKB_hyperthyroid,MR Egger,7,5,1,2
SLC22A16,UKB_hyperthyroid,Weighted median,7,5,1,2
SLC22A16,UKB_hyperthyroid,Weighted mode,7,5,1,2
SLC22A16,FinnGen_GO,Inverse variance weighted,7,7,1,0
SLC22A16,FinnGen_GO,MR Egger,7,7,1,0
SLC22A16,FinnGen_GO,Weighted median,7,7,1,0
SLC22A16,FinnGen_GO,Weighted mode,7,7,1,0
SLC22A17,BBJ_Graves,Wald ratio,2,1,0,1
SLC22A17,UKB_hyperthyroid,Wald ratio,2,1,0,1
SLC22A17,FinnGen_GO,Inverse variance weighted,2,2,0,0
SLC22A18,BBJ_Graves,Inverse variance weighted,3,2,0,1
SLC22A18,UKB_hyperthyroid,Inverse variance weighted,3,3,0,0
SLC22A18,UKB_hyperthyroid,MR Egger,3,3,0,0
SLC22A18,UKB_hyperthyroid,Weighted median,3,3,0,0
SLC22A18,UKB_hyperthyroid,Weighted mode,3,3,0,0
SLC22A18,FinnGen_GO,Inverse variance weighted,3,2,0,1
SLC22A3,UKB_hyperthyroid,Inverse variance weighted,2,2,0,0
SLC22A3,FinnGen_GO,Inverse variance weighted,2,2,0,0
SLC22A31,BBJ_Graves,Wald ratio,2,1,1,1
SLC22A31,UKB_hyperthyroid,Inverse variance weighted,2,2,1,0
SLC22A31,FinnGen_GO,Inverse variance weighted,2,2,1,0
SLC22A4,BBJ_Graves,Inverse variance weighted,6,2,0,4
SLC22A4,UKB_hyperthyroid,Inverse variance weighted,6,3,0,3
SLC22A4,UKB_hyperthyroid,MR Egger,6,3,0,3
SLC22A4,UKB_hyperthyroid,Weighted median,6,3,0,3
SLC22A4,UKB_hyperthyroid,Weighted mode,6,3,0,3
SLC22A4,FinnGen_GO,Inverse variance weighted,6,6,0,0
SLC22A4,FinnGen_GO,MR Egger,6,6,0,0
SLC22A4,FinnGen_GO,Weighted median,6,6,0,0
SLC22A4,FinnGen_GO,Weighted mode,6,6,0,0
SLC22A5,BBJ_Graves,Inverse variance weighted,4,2,1,2
SLC22A5,UKB_hyperthyroid,Inverse variance weighted,4,4,1,0
SLC22A5,UKB_hyperthyroid,MR Egger,4,4,1,0
SLC22A5,UKB_hyperthyroid,Weighted median,4,4,1,0
SLC22A5,UKB_hyperthyroid,Weighted mode,4,4,1,0
SLC22A5,FinnGen_GO,Inverse variance weighted,4,3,0,1
SLC22A5,FinnGen_GO,MR Egger,4,3,0,1
SLC22A5,FinnGen_GO,Weighted median,4,3,0,1
SLC22A5,FinnGen_GO,Weighted mode,4,3,0,1
SLC24A1,BBJ_Graves,Inverse variance weighted,2,2,0,0
SLC24A1,UKB_hyperthyroid,Inverse variance weighted,2,2,0,0
SLC24A1,FinnGen_GO,Inverse variance weighted,2,2,0,0
SLC27A1,BBJ_Graves,Wald ratio,4,1,0,3
SLC27A1,UKB_hyperthyroid,Inverse variance weighted,4,3,0,1
SLC27A1,UKB_hyperthyroid,MR Egger,4,3,0,1
SLC27A1,UKB_hyperthyroid,Weighted median,4,3,0,1
SLC27A1,UKB_hyperthyroid,Weighted mode,4,3,0,1
SLC27A1,FinnGen_GO,Inverse variance weighted,4,3,0,1
SLC27A1,FinnGen_GO,MR Egger,4,3,0,1
SLC27A1,FinnGen_GO,Weighted median,4,3,0,1
SLC27A1,FinnGen_GO,Weighted mode,4,3,0,1
SLC27A4,UKB_hyperthyroid,Wald ratio,1,1,0,0
SLC27A4,FinnGen_GO,Wald ratio,1,1,0,0
SLC28A3,BBJ_Graves,Wald ratio,1,1,0,0
SLC28A3,UKB_hyperthyroid,Wald ratio,1,1,0,0
SLC28A3,FinnGen_GO,Wald ratio,1,1,0,0
SLC29A1,BBJ_Graves,Inverse variance weighted,2,2,1,0
SLC29A1,UKB_hyperthyroid,Inverse variance weighted,2,2,1,0
SLC29A1,FinnGen_GO,Inverse variance weighted,2,2,1,0
SLC29A2,BBJ_Graves,Wald ratio,1,1,1,0
SLC29A2,UKB_hyperthyroid,Wald ratio,1,1,1,0
SLC29A3,BBJ_Graves,Inverse variance weighted,3,3,0,0
SLC29A3,BBJ_Graves,MR Egger,3,3,0,0
SLC29A3,BBJ_Graves,Weighted median,3,3,0,0
SLC29A3,BBJ_Graves,Weighted mode,3,3,0,0
SLC29A3,UKB_hyperthyroid,Inverse variance weighted,3,3,0,0
SLC29A3,UKB_hyperthyroid,MR Egger,3,3,0,0
SLC29A3,UKB_hyperthyroid,Weighted median,3,3,0,0
SLC29A3,UKB_hyperthyroid,Weighted mode,3,3,0,0
SLC29A3,FinnGen_GO,Inverse variance weighted,3,2,0,1
SLC2A1,BBJ_Graves,Wald ratio,1,1,0,0
SLC2A1,UKB_hyperthyroid,Wald ratio,1,1,0,0
SLC2A1,FinnGen_GO,Wald ratio,1,1,0,0
SLC2A4,BBJ_Graves,Wald ratio,1,1,0,0
SLC2A4,UKB_hyperthyroid,Wald ratio,1,1,0,0
SLC2A4,FinnGen_GO,Wald ratio,1,1,0,0
SLC2A5,BBJ_Graves,Wald ratio,2,1,0,1
SLC2A5,UKB_hyperthyroid,Inverse variance weighted,2,2,0,0
SLC2A5,FinnGen_GO,Inverse variance weighted,2,2,0,0
SLC39A6,BBJ_Graves,Wald ratio,1,1,0,0
SLC39A6,UKB_hyperthyroid,Wald ratio,1,1,0,0
SLC39A6,FinnGen_GO,Wald ratio,1,1,0,0
SLC3A2,BBJ_Graves,Wald ratio,1,1,0,0
SLC3A2,UKB_hyperthyroid,Wald ratio,1,1,0,0
SLC3A2,FinnGen_GO,Wald ratio,1,1,0,0
SLC40A1,BBJ_Graves,Inverse variance weighted,5,3,1,2
SLC40A1,BBJ_Graves,MR Egger,5,3,1,2
SLC40A1,BBJ_Graves,Weighted median,5,3,1,2
SLC40A1,BBJ_Graves,Weighted mode,5,3,1,2
SLC40A1,UKB_hyperthyroid,Inverse variance weighted,5,5,1,0
SLC40A1,UKB_hyperthyroid,MR Egger,5,5,1,0
SLC40A1,UKB_hyperthyroid,Weighted median,5,5,1,0
SLC40A1,UKB_hyperthyroid,Weighted mode,5,5,1,0
SLC40A1,FinnGen_GO,Inverse variance weighted,5,5,1,0
SLC40A1,FinnGen_GO,MR Egger,5,5,1,0
SLC40A1,FinnGen_GO,Weighted median,5,5,1,0
SLC40A1,FinnGen_GO,Weighted mode,5,5,1,0
SLC41A2,BBJ_Graves,Inverse variance weighted,2,2,0,0
SLC41A2,UKB_hyperthyroid,Inverse variance weighted,2,2,0,0
SLC41A2,FinnGen_GO,Wald ratio,2,1,0,1
SLC44A1,BBJ_Graves,Wald ratio,2,1,0,1
SLC44A1,UKB_hyperthyroid,Inverse variance weighted,2,2,0,0
SLC44A1,FinnGen_GO,Inverse variance weighted,2,2,0,0
SLC47A1,BBJ_Graves,Inverse variance weighted,3,2,0,1
SLC47A1,UKB_hyperthyroid,Inverse variance weighted,3,3,0,0
SLC47A1,UKB_hyperthyroid,MR Egger,3,3,0,0
SLC47A1,UKB_hyperthyroid,Weighted median,3,3,0,0
SLC47A1,UKB_hyperthyroid,Weighted mode,3,3,0,0
SLC47A1,FinnGen_GO,Inverse variance weighted,3,3,0,0
SLC47A1,FinnGen_GO,MR Egger,3,3,0,0
SLC47A1,FinnGen_GO,Weighted median,3,3,0,0
SLC47A1,FinnGen_GO,Weighted mode,3,3,0,0
SLC4A1,BBJ_Graves,Wald ratio,1,1,0,0
SLC4A1,UKB_hyperthyroid,Wald ratio,1,1,0,0
SLC5A10,BBJ_Graves,Wald ratio,1,1,1,0
SLC5A10,UKB_hyperthyroid,Wald ratio,1,1,1,0
SLC5A10,FinnGen_GO,Wald ratio,1,1,1,0
SLC5A11,BBJ_Graves,Inverse variance weighted,3,3,0,0
SLC5A11,BBJ_Graves,MR Egger,3,3,0,0
SLC5A11,BBJ_Graves,Weighted median,3,3,0,0
SLC5A11,BBJ_Graves,Weighted mode,3,3,0,0
SLC5A11,UKB_hyperthyroid,Inverse variance weighted,3,3,0,0
SLC5A11,UKB_hyperthyroid,MR Egger,3,3,0,0
SLC5A11,UKB_hyperthyroid,Weighted median,3,3,0,0
SLC5A11,UKB_hyperthyroid,Weighted mode,3,3,0,0
SLC5A11,FinnGen_GO,Inverse variance weighted,3,3,0,0
SLC5A11,FinnGen_GO,MR Egger,3,3,0,0
SLC5A11,FinnGen_GO,Weighted median,3,3,0,0
SLC5A11,FinnGen_GO,Weighted mode,3,3,0,0
SLC5A2,BBJ_Graves,Wald ratio,1,1,1,0
SLC5A2,UKB_hyperthyroid,Wald ratio,1,1,1,0
SLC5A2,FinnGen_GO,Wald ratio,1,1,1,0
SLC5A3,BBJ_Graves,Wald ratio,1,1,0,0
SLC5A3,UKB_hyperthyroid,Wald ratio,1,1,0,0
SLC5A3,FinnGen_GO,Wald ratio,1,1,0,0
SLC5A6,BBJ_Graves,Inverse variance weighted,3,3,0,0
SLC5A6,BBJ_Graves,MR Egger,3,3,0,0
SLC5A6,BBJ_Graves,Weighted median,3,3,0,0
SLC5A6,BBJ_Graves,Weighted mode,3,3,0,0
SLC5A6,UKB_hyperthyroid,Inverse variance weighted,3,2,0,1
SLC5A6,FinnGen_GO,Inverse variance weighted,3,2,0,1
SLC5A9,BBJ_Graves,Wald ratio,1,1,0,0
SLC5A9,UKB_hyperthyroid,Wald ratio,1,1,0,0
SLC5A9,FinnGen_GO,Wald ratio,1,1,0,0
SLC6A12,BBJ_Graves,Inverse variance weighted,3,3,0,0
SLC6A12,BBJ_Graves,MR Egger,3,3,0,0
SLC6A12,BBJ_Graves,Weighted median,3,3,0,0
SLC6A12,BBJ_Graves,Weighted mode,3,3,0,0
SLC6A12,UKB_hyperthyroid,Inverse variance weighted,3,3,0,0
SLC6A12,UKB_hyperthyroid,MR Egger,3,3,0,0
SLC6A12,UKB_hyperthyroid,Weighted median,3,3,0,0
SLC6A12,UKB_hyperthyroid,Weighted mode,3,3,0,0
SLC6A12,FinnGen_GO,Inverse variance weighted,3,3,0,0
SLC6A12,FinnGen_GO,MR Egger,3,3,0,0
SLC6A12,FinnGen_GO,Weighted median,3,3,0,0
SLC6A12,FinnGen_GO,Weighted mode,3,3,0,0
SLC6A13,UKB_hyperthyroid,Wald ratio,2,1,1,1
SLC6A13,FinnGen_GO,Inverse variance weighted,2,2,1,0
SLC6A16,BBJ_Graves,Inverse variance weighted,2,2,0,0
SLC6A16,UKB_hyperthyroid,Inverse variance weighted,2,2,0,0
SLC6A16,FinnGen_GO,Inverse variance weighted,2,2,0,0
SLC6A19,BBJ_Graves,Wald ratio,1,1,0,0
SLC6A19,UKB_hyperthyroid,Wald ratio,1,1,0,0
SLC6A19,FinnGen_GO,Wald ratio,1,1,0,0
SLC6A20,BBJ_Graves,Wald ratio,1,1,0,0
SLC6A20,UKB_hyperthyroid,Wald ratio,1,1,0,0
SLC6A20,FinnGen_GO,Wald ratio,1,1,0,0
SLC6A6,BBJ_Graves,Inverse variance weighted,2,2,0,0
SLC6A6,UKB_hyperthyroid,Inverse variance weighted,2,2,0,0
SLC6A6,FinnGen_GO,Inverse variance weighted,2,2,0,0
SLC6A9,BBJ_Graves,Wald ratio,1,1,0,0
SLC6A9,UKB_hyperthyroid,Wald ratio,1,1,0,0
SLC6A9,FinnGen_GO,Wald ratio,1,1,0,0
SLC7A5,BBJ_Graves,Inverse variance weighted,3,2,0,1
SLC7A5,UKB_hyperthyroid,Inverse variance weighted,3,3,0,0
SLC7A5,UKB_hyperthyroid,MR Egger,3,3,0,0
SLC7A5,UKB_hyperthyroid,Weighted median,3,3,0,0
SLC7A5,UKB_hyperthyroid,Weighted mode,3,3,0,0
SLC7A5,FinnGen_GO,Inverse variance weighted,3,3,0,0
SLC7A5,FinnGen_GO,MR Egger,3,3,0,0
SLC7A5,FinnGen_GO,Weighted median,3,3,0,0
SLC7A5,FinnGen_GO,Weighted mode,3,3,0,0
SLC7A7,BBJ_Graves,Inverse variance weighted,3,3,0,0
SLC7A7,BBJ_Graves,MR Egger,3,3,0,0
SLC7A7,BBJ_Graves,Weighted median,3,3,0,0
SLC7A7,BBJ_Graves,Weighted mode,3,3,0,0
SLC7A7,UKB_hyperthyroid,Inverse variance weighted,3,3,0,0
SLC7A7,UKB_hyperthyroid,MR Egger,3,3,0,0
SLC7A7,UKB_hyperthyroid,Weighted median,3,3,0,0
SLC7A7,UKB_hyperthyroid,Weighted mode,3,3,0,0
SLC7A7,FinnGen_GO,Inverse variance weighted,3,3,0,0
SLC7A7,FinnGen_GO,MR Egger,3,3,0,0
SLC7A7,FinnGen_GO,Weighted median,3,3,0,0
SLC7A7,FinnGen_GO,Weighted mode,3,3,0,0
SLC7A8,BBJ_Graves,Inverse variance weighted,4,2,0,2
SLC7A8,UKB_hyperthyroid,Inverse variance weighted,4,4,1,0
SLC7A8,UKB_hyperthyroid,MR Egger,4,4,1,0
SLC7A8,UKB_hyperthyroid,Weighted median,4,4,1,0
SLC7A8,UKB_hyperthyroid,Weighted mode,4,4,1,0
SLC7A8,FinnGen_GO,Inverse variance weighted,4,4,1,0
SLC7A8,FinnGen_GO,MR Egger,4,4,1,0
SLC7A8,FinnGen_GO,Weighted median,4,4,1,0
SLC7A8,FinnGen_GO,Weighted mode,4,4,1,0
SLC9A1,BBJ_Graves,Wald ratio,1,1,0,0
SLC9A1,UKB_hyperthyroid,Wald ratio,1,1,0,0
SLC9A1,FinnGen_GO,Wald ratio,1,1,0,0
SLC9A3,UKB_hyperthyroid,Inverse variance weighted,4,4,0,0
SLC9A3,UKB_hyperthyroid,MR Egger,4,4,0,0
SLC9A3,UKB_hyperthyroid,Weighted median,4,4,0,0
SLC9A3,UKB_hyperthyroid,Weighted mode,4,4,0,0
SLC9A3,FinnGen_GO,Inverse variance weighted,4,3,0,1
SLC9A3,FinnGen_GO,MR Egger,4,3,0,1
SLC9A3,FinnGen_GO,Weighted median,4,3,0,1
SLC9A3,FinnGen_GO,Weighted mode,4,3,0,1
SLCO3A1,BBJ_Graves,Wald ratio,7,1,1,6
SLCO3A1,UKB_hyperthyroid,Inverse variance weighted,7,3,1,4
SLCO3A1,UKB_hyperthyroid,MR Egger,7,3,1,4
SLCO3A1,UKB_hyperthyroid,Weighted median,7,3,1,4
SLCO3A1,UKB_hyperthyroid,Weighted mode,7,3,1,4
SLCO3A1,FinnGen_GO,Inverse variance weighted,7,5,1,2
SLCO3A1,FinnGen_GO,MR Egger,7,5,1,2
SLCO3A1,FinnGen_GO,Weighted median,7,5,1,2
SLCO3A1,FinnGen_GO,Weighted mode,7,5,1,2
SLCO4A1,BBJ_Graves,Wald ratio,1,1,0,0
SLCO4A1,UKB_hyperthyroid,Wald ratio,1,1,0,0
SLCO4A1,FinnGen_GO,Wald ratio,1,1,0,0
SLCO4C1,BBJ_Graves,Inverse variance weighted,3,2,1,1
SLCO4C1,UKB_hyperthyroid,Inverse variance weighted,3,3,1,0
SLCO4C1,UKB_hyperthyroid,MR Egger,3,3,1,0
SLCO4C1,UKB_hyperthyroid,Weighted median,3,3,1,0
SLCO4C1,UKB_hyperthyroid,Weighted mode,3,3,1,0
SLCO4C1,FinnGen_GO,Inverse variance weighted,3,3,1,0
SLCO4C1,FinnGen_GO,MR Egger,3,3,1,0
SLCO4C1,FinnGen_GO,Weighted median,3,3,1,0
SLCO4C1,FinnGen_GO,Weighted mode,3,3,1,0
SLCO5A1,BBJ_Graves,Wald ratio,1,1,0,0
SLCO5A1,UKB_hyperthyroid,Wald ratio,1,1,0,0
SLCO5A1,FinnGen_GO,Wald ratio,1,1,0,0
SLK,BBJ_Graves,Inverse variance weighted,3,3,0,0
SLK,BBJ_Graves,MR Egger,3,3,0,0
SLK,BBJ_Graves,Weighted median,3,3,0,0
SLK,BBJ_Graves,Weighted mode,3,3,0,0
SLK,UKB_hyperthyroid,Inverse variance weighted,3,3,0,0
SLK,UKB_hyperthyroid,MR Egger,3,3,0,0
SLK,UKB_hyperthyroid,Weighted median,3,3,0,0
SLK,UKB_hyperthyroid,Weighted mode,3,3,0,0
SLK,FinnGen_GO,Inverse variance weighted,3,3,0,0
SLK,FinnGen_GO,MR Egger,3,3,0,0
SLK,FinnGen_GO,Weighted median,3,3,0,0
SLK,FinnGen_GO,Weighted mode,3,3,0,0
SLPI,BBJ_Graves,Inverse variance weighted,3,2,0,1
SLPI,UKB_hyperthyroid,Inverse variance weighted,3,3,0,0
SLPI,UKB_hyperthyroid,MR Egger,3,3,0,0
SLPI,UKB_hyperthyroid,Weighted median,3,3,0,0
SLPI,UKB_hyperthyroid,Weighted mode,3,3,0,0
SLPI,FinnGen_GO,Inverse variance weighted,3,3,0,0
SLPI,FinnGen_GO,MR Egger,3,3,0,0
SLPI,FinnGen_GO,Weighted median,3,3,0,0
SLPI,FinnGen_GO,Weighted mode,3,3,0,0
SMAD3,BBJ_Graves,Inverse variance weighted,2,2,0,0
SMAD3,UKB_hyperthyroid,Inverse variance weighted,2,2,0,0
SMAD3,FinnGen_GO,Inverse variance weighted,2,2,0,0
SMC3,BBJ_Graves,Wald ratio,1,1,0,0
SMC3,UKB_hyperthyroid,Wald ratio,1,1,0,0
SMC3,FinnGen_GO,Wald ratio,1,1,0,0
SMG1,BBJ_Graves,Wald ratio,2,1,1,1
SMG1,UKB_hyperthyroid,Wald ratio,2,1,1,1
SMG1,FinnGen_GO,Wald ratio,2,1,1,1
SMN2,BBJ_Graves,Wald ratio,5,1,0,4
SMN2,UKB_hyperthyroid,Inverse variance weighted,5,4,0,1
SMN2,UKB_hyperthyroid,MR Egger,5,4,0,1
SMN2,UKB_hyperthyroid,Weighted median,5,4,0,1
SMN2,UKB_hyperthyroid,Weighted mode,5,4,0,1
SMN2,FinnGen_GO,Inverse variance weighted,5,5,0,0
SMN2,FinnGen_GO,MR Egger,5,5,0,0
SMN2,FinnGen_GO,Weighted median,5,5,0,0
SMN2,FinnGen_GO,Weighted mode,5,5,0,0
SMO,BBJ_Graves,Wald ratio,1,1,0,0
SMO,UKB_hyperthyroid,Wald ratio,1,1,0,0
SMO,FinnGen_GO,Wald ratio,1,1,0,0
SMPD1,BBJ_Graves,Wald ratio,1,1,1,0
SMPD1,UKB_hyperthyroid,Wald ratio,1,1,1,0
SMPD1,FinnGen_GO,Wald ratio,1,1,1,0
SMPD2,BBJ_Graves,Inverse variance weighted,2,2,0,0
SMPD2,UKB_hyperthyroid,Inverse variance weighted,2,2,0,0
SMPD2,FinnGen_GO,Inverse variance weighted,2,2,0,0
SMPDL3A,BBJ_Graves,Inverse variance weighted,4,3,1,1
SMPDL3A,BBJ_Graves,MR Egger,4,3,1,1
SMPDL3A,BBJ_Graves,Weighted median,4,3,1,1
SMPDL3A,BBJ_Graves,Weighted mode,4,3,1,1
SMPDL3A,UKB_hyperthyroid,Inverse variance weighted,4,3,1,1
SMPDL3A,UKB_hyperthyroid,MR Egger,4,3,1,1
SMPDL3A,UKB_hyperthyroid,Weighted median,4,3,1,1
SMPDL3A,UKB_hyperthyroid,Weighted mode,4,3,1,1
SMPDL3A,FinnGen_GO,Inverse variance weighted,4,4,1,0
SMPDL3A,FinnGen_GO,MR Egger,4,4,1,0
SMPDL3A,FinnGen_GO,Weighted median,4,4,1,0
SMPDL3A,FinnGen_GO,Weighted mode,4,4,1,0
SMPDL3B,BBJ_Graves,Wald ratio,1,1,0,0
SMPDL3B,UKB_hyperthyroid,Wald ratio,1,1,0,0
SMPDL3B,FinnGen_GO,Wald ratio,1,1,0,0
SNAP23,BBJ_Graves,Wald ratio,1,1,0,0
SNAP23,UKB_hyperthyroid,Wald ratio,1,1,0,0
SNAP23,FinnGen_GO,Wald ratio,1,1,0,0
SNAP29,BBJ_Graves,Wald ratio,4,1,1,3
SNAP29,UKB_hyperthyroid,Inverse variance weighted,4,3,1,1
SNAP29,UKB_hyperthyroid,MR Egger,4,3,1,1
SNAP29,UKB_hyperthyroid,Weighted median,4,3,1,1
SNAP29,UKB_hyperthyroid,Weighted mode,4,3,1,1
SNAP29,FinnGen_GO,Inverse variance weighted,4,4,1,0
SNAP29,FinnGen_GO,MR Egger,4,4,1,0
SNAP29,FinnGen_GO,Weighted median,4,4,1,0
SNAP29,FinnGen_GO,Weighted mode,4,4,1,0
SNCA,BBJ_Graves,Inverse variance weighted,3,2,0,1
SNCA,UKB_hyperthyroid,Inverse variance weighted,3,3,0,0
SNCA,UKB_hyperthyroid,MR Egger,3,3,0,0
SNCA,UKB_hyperthyroid,Weighted median,3,3,0,0
SNCA,UKB_hyperthyroid,Weighted mode,3,3,0,0
SNCA,FinnGen_GO,Inverse variance weighted,3,3,0,0
SNCA,FinnGen_GO,MR Egger,3,3,0,0
SNCA,FinnGen_GO,Weighted median,3,3,0,0
SNCA,FinnGen_GO,Weighted mode,3,3,0,0
SNRK,BBJ_Graves,Wald ratio,1,1,0,0
SNRK,UKB_hyperthyroid,Wald ratio,1,1,0,0
SNRK,FinnGen_GO,Wald ratio,1,1,0,0
SOAT1,BBJ_Graves,Inverse variance weighted,4,3,0,1
SOAT1,BBJ_Graves,MR Egger,4,3,0,1
SOAT1,BBJ_Graves,Weighted median,4,3,0,1
SOAT1,BBJ_Graves,Weighted mode,4,3,0,1
SOAT1,UKB_hyperthyroid,Inverse variance weighted,4,4,1,0
SOAT1,UKB_hyperthyroid,MR Egger,4,4,1,0
SOAT1,UKB_hyperthyroid,Weighted median,4,4,1,0
SOAT1,UKB_hyperthyroid,Weighted mode,4,4,1,0
SOAT1,FinnGen_GO,Inverse variance weighted,4,3,1,1
SOAT1,FinnGen_GO,MR Egger,4,3,1,1
SOAT1,FinnGen_GO,Weighted median,4,3,1,1
SOAT1,FinnGen_GO,Weighted mode,4,3,1,1
SOAT2,BBJ_Graves,Wald ratio,1,1,0,0
SOAT2,UKB_hyperthyroid,Wald ratio,1,1,0,0
SOAT2,FinnGen_GO,Wald ratio,1,1,0,0
SOD1,UKB_hyperthyroid,Wald ratio,1,1,0,0
SOD1,FinnGen_GO,Wald ratio,1,1,0,0
SOD2,UKB_hyperthyroid,Inverse variance weighted,5,3,0,2
SOD2,UKB_hyperthyroid,MR Egger,5,3,0,2
SOD2,UKB_hyperthyroid,Weighted median,5,3,0,2
SOD2,UKB_hyperthyroid,Weighted mode,5,3,0,2
SOD2,FinnGen_GO,Inverse variance weighted,5,3,0,2
SOD2,FinnGen_GO,MR Egger,5,3,0,2
SOD2,FinnGen_GO,Weighted median,5,3,0,2
SOD2,FinnGen_GO,Weighted mode,5,3,0,2
SORD,BBJ_Graves,Wald ratio,1,1,0,0
SORD,UKB_hyperthyroid,Wald ratio,1,1,0,0
SORD,FinnGen_GO,Wald ratio,1,1,0,0
SPACA3,BBJ_Graves,Wald ratio,1,1,0,0
SPACA3,UKB_hyperthyroid,Wald ratio,1,1,0,0
SPACA3,FinnGen_GO,Wald ratio,1,1,0,0
SPARC,BBJ_Graves,Inverse variance weighted,2,2,0,0
SPARC,UKB_hyperthyroid,Inverse variance weighted,2,2,0,0
SPARC,FinnGen_GO,Inverse variance weighted,2,2,0,0
SPEG,BBJ_Graves,Wald ratio,1,1,0,0
SPEG,UKB_hyperthyroid,Wald ratio,1,1,0,0
SPEG,FinnGen_GO,Wald ratio,1,1,0,0
SPHK1,BBJ_Graves,Inverse variance weighted,2,2,1,0
SPHK1,UKB_hyperthyroid,Inverse variance weighted,2,2,1,0
SPHK1,FinnGen_GO,Inverse variance weighted,2,2,1,0
SPINK2,BBJ_Graves,Inverse variance weighted,3,2,0,1
SPINK2,UKB_hyperthyroid,Inverse variance weighted,3,3,0,0
SPINK2,UKB_hyperthyroid,MR Egger,3,3,0,0
SPINK2,UKB_hyperthyroid,Weighted median,3,3,0,0
SPINK2,UKB_hyperthyroid,Weighted mode,3,3,0,0
SPINK2,FinnGen_GO,Inverse variance weighted,3,3,0,0
SPINK2,FinnGen_GO,MR Egger,3,3,0,0
SPINK2,FinnGen_GO,Weighted median,3,3,0,0
SPINK2,FinnGen_GO,Weighted mode,3,3,0,0
SPINT1,BBJ_Graves,Wald ratio,2,1,0,1
SPINT1,UKB_hyperthyroid,Inverse variance weighted,2,2,0,0
SPINT1,FinnGen_GO,Inverse variance weighted,2,2,0,0
SPINT2,BBJ_Graves,Inverse variance weighted,3,3,0,0
SPINT2,BBJ_Graves,MR Egger,3,3,0,0
SPINT2,BBJ_Graves,Weighted median,3,3,0,0
SPINT2,BBJ_Graves,Weighted mode,3,3,0,0
SPINT2,UKB_hyperthyroid,Inverse variance weighted,3,3,0,0
SPINT2,UKB_hyperthyroid,MR Egger,3,3,0,0
SPINT2,UKB_hyperthyroid,Weighted median,3,3,0,0
SPINT2,UKB_hyperthyroid,Weighted mode,3,3,0,0
SPINT2,FinnGen_GO,Inverse variance weighted,3,3,0,0
SPINT2,FinnGen_GO,MR Egger,3,3,0,0
SPINT2,FinnGen_GO,Weighted median,3,3,0,0
SPINT2,FinnGen_GO,Weighted mode,3,3,0,0
SPOCK1,BBJ_Graves,Wald ratio,1,1,0,0
SPOCK1,UKB_hyperthyroid,Wald ratio,1,1,0,0
SPOCK1,FinnGen_GO,Wald ratio,1,1,0,0
SPOCK2,BBJ_Graves,Inverse variance weighted,3,2,0,1
SPOCK2,UKB_hyperthyroid,Inverse variance weighted,3,3,0,0
SPOCK2,UKB_hyperthyroid,MR Egger,3,3,0,0
SPOCK2,UKB_hyperthyroid,Weighted median,3,3,0,0
SPOCK2,UKB_hyperthyroid,Weighted mode,3,3,0,0
SPOCK2,FinnGen_GO,Inverse variance weighted,3,3,0,0
SPOCK2,FinnGen_GO,MR Egger,3,3,0,0
SPOCK2,FinnGen_GO,Weighted median,3,3,0,0
SPOCK2,FinnGen_GO,Weighted mode,3,3,0,0
SPON2,UKB_hyperthyroid,Inverse variance weighted,3,3,0,0
SPON2,UKB_hyperthyroid,MR Egger,3,3,0,0
SPON2,UKB_hyperthyroid,Weighted median,3,3,0,0
SPON2,UKB_hyperthyroid,Weighted mode,3,3,0,0
SPON2,FinnGen_GO,Inverse variance weighted,3,3,0,0
SPON2,FinnGen_GO,MR Egger,3,3,0,0
SPON2,FinnGen_GO,Weighted median,3,3,0,0
SPON2,FinnGen_GO,Weighted mode,3,3,0,0
SPP1,BBJ_Graves,Inverse variance weighted,5,3,0,2
SPP1,BBJ_Graves,MR Egger,5,3,0,2
SPP1,BBJ_Graves,Weighted median,5,3,0,2
SPP1,BBJ_Graves,Weighted mode,5,3,0,2
SPP1,UKB_hyperthyroid,Inverse variance weighted,5,3,0,2
SPP1,UKB_hyperthyroid,MR Egger,5,3,0,2
SPP1,UKB_hyperthyroid,Weighted median,5,3,0,2
SPP1,UKB_hyperthyroid,Weighted mode,5,3,0,2
SPP1,FinnGen_GO,Inverse variance weighted,5,5,0,0
SPP1,FinnGen_GO,MR Egger,5,5,0,0
SPP1,FinnGen_GO,Weighted median,5,5,0,0
SPP1,FinnGen_GO,Weighted mode,5,5,0,0
SQLE,BBJ_Graves,Wald ratio,1,1,0,0
SQLE,UKB_hyperthyroid,Wald ratio,1,1,0,0
SQLE,FinnGen_GO,Wald ratio,1,1,0,0
SRC,BBJ_Graves,Inverse variance weighted,3,2,0,1
SRC,UKB_hyperthyroid,Inverse variance weighted,3,3,0,0
SRC,UKB_hyperthyroid,MR Egger,3,3,0,0
SRC,UKB_hyperthyroid,Weighted median,3,3,0,0
SRC,UKB_hyperthyroid,Weighted mode,3,3,0,0
SRC,FinnGen_GO,Inverse variance weighted,3,3,0,0
SRC,FinnGen_GO,MR Egger,3,3,0,0
SRC,FinnGen_GO,Weighted median,3,3,0,0
SRC,FinnGen_GO,Weighted mode,3,3,0,0
SRD5A1,BBJ_Graves,Wald ratio,2,1,0,1
SRD5A1,UKB_hyperthyroid,Inverse variance weighted,2,2,0,0
SRD5A1,FinnGen_GO,Wald ratio,2,1,0,1
SRD5A3,BBJ_Graves,Wald ratio,6,1,1,5
SRD5A3,UKB_hyperthyroid,Inverse variance weighted,6,4,1,2
SRD5A3,UKB_hyperthyroid,MR Egger,6,4,1,2
SRD5A3,UKB_hyperthyroid,Weighted median,6,4,1,2
SRD5A3,UKB_hyperthyroid,Weighted mode,6,4,1,2
SRD5A3,FinnGen_GO,Inverse variance weighted,6,5,1,1
SRD5A3,FinnGen_GO,MR Egger,6,5,1,1
SRD5A3,FinnGen_GO,Weighted median,6,5,1,1
SRD5A3,FinnGen_GO,Weighted mode,6,5,1,1
SRGN,BBJ_Graves,Inverse variance weighted,2,2,0,0
SRGN,UKB_hyperthyroid,Inverse variance weighted,2,2,0,0
SRGN,FinnGen_GO,Inverse variance weighted,2,2,0,0
SRM,UKB_hyperthyroid,Wald ratio,2,1,0,1
SRM,FinnGen_GO,Inverse variance weighted,2,2,0,0
SRPK1,BBJ_Graves,Inverse variance weighted,4,3,0,1
SRPK1,BBJ_Graves,MR Egger,4,3,0,1
SRPK1,BBJ_Graves,Weighted median,4,3,0,1
SRPK1,BBJ_Graves,Weighted mode,4,3,0,1
SRPK1,UKB_hyperthyroid,Inverse variance weighted,4,4,0,0
SRPK1,UKB_hyperthyroid,MR Egger,4,4,0,0
SRPK1,UKB_hyperthyroid,Weighted median,4,4,0,0
SRPK1,UKB_hyperthyroid,Weighted mode,4,4,0,0
SRPK1,FinnGen_GO,Inverse variance weighted,4,4,0,0
SRPK1,FinnGen_GO,MR Egger,4,4,0,0
SRPK1,FinnGen_GO,Weighted median,4,4,0,0
SRPK1,FinnGen_GO,Weighted mode,4,4,0,0
SRPK2,BBJ_Graves,Wald ratio,1,1,0,0
SRPK2,UKB_hyperthyroid,Wald ratio,1,1,0,0
SRPK2,FinnGen_GO,Wald ratio,1,1,0,0
SSR1,BBJ_Graves,Inverse variance weighted,3,2,1,1
SSR1,UKB_hyperthyroid,Inverse variance weighted,3,3,1,0
SSR1,UKB_hyperthyroid,MR Egger,3,3,1,0
SSR1,UKB_hyperthyroid,Weighted median,3,3,1,0
SSR1,UKB_hyperthyroid,Weighted mode,3,3,1,0
SSR1,FinnGen_GO,Inverse variance weighted,3,2,1,1
SSTR3,BBJ_Graves,Inverse variance weighted,2,2,0,0
SSTR3,UKB_hyperthyroid,Inverse variance weighted,2,2,0,0
SSTR3,FinnGen_GO,Inverse variance weighted,2,2,0,0
ST14,BBJ_Graves,Wald ratio,3,1,0,2
ST14,UKB_hyperthyroid,Inverse variance weighted,3,3,1,0
ST14,UKB_hyperthyroid,MR Egger,3,3,1,0
ST14,UKB_hyperthyroid,Weighted median,3,3,1,0
ST14,UKB_hyperthyroid,Weighted mode,3,3,1,0
ST14,FinnGen_GO,Inverse variance weighted,3,3,1,0
ST14,FinnGen_GO,MR Egger,3,3,1,0
ST14,FinnGen_GO,Weighted median,3,3,1,0
ST14,FinnGen_GO,Weighted mode,3,3,1,0
ST3GAL1,BBJ_Graves,Wald ratio,4,1,0,3
ST3GAL1,UKB_hyperthyroid,Inverse variance weighted,4,4,1,0
ST3GAL1,UKB_hyperthyroid,MR Egger,4,4,1,0
ST3GAL1,UKB_hyperthyroid,Weighted median,4,4,1,0
ST3GAL1,UKB_hyperthyroid,Weighted mode,4,4,1,0
ST3GAL1,FinnGen_GO,Inverse variance weighted,4,4,1,0
ST3GAL1,FinnGen_GO,MR Egger,4,4,1,0
ST3GAL1,FinnGen_GO,Weighted median,4,4,1,0
ST3GAL1,FinnGen_GO,Weighted mode,4,4,1,0
ST3GAL2,BBJ_Graves,Wald ratio,2,1,0,1
ST3GAL2,UKB_hyperthyroid,Inverse variance weighted,2,2,0,0
ST3GAL2,FinnGen_GO,Wald ratio,2,1,0,1
ST3GAL3,BBJ_Graves,Wald ratio,1,1,1,0
ST3GAL3,FinnGen_GO,Wald ratio,1,1,1,0
ST3GAL4,BBJ_Graves,Wald ratio,1,1,0,0
ST3GAL4,UKB_hyperthyroid,Wald ratio,1,1,0,0
ST3GAL4,FinnGen_GO,Wald ratio,1,1,0,0
ST6GAL1,BBJ_Graves,Inverse variance weighted,6,5,0,1
ST6GAL1,BBJ_Graves,MR Egger,6,5,0,1
ST6GAL1,BBJ_Graves,Weighted median,6,5,0,1
ST6GAL1,BBJ_Graves,Weighted mode,6,5,0,1
ST6GAL1,UKB_hyperthyroid,Inverse variance weighted,6,3,0,3
ST6GAL1,UKB_hyperthyroid,MR Egger,6,3,0,3
ST6GAL1,UKB_hyperthyroid,Weighted median,6,3,0,3
ST6GAL1,UKB_hyperthyroid,Weighted mode,6,3,0,3
ST6GAL1,FinnGen_GO,Inverse variance weighted,6,6,0,0
ST6GAL1,FinnGen_GO,MR Egger,6,6,0,0
ST6GAL1,FinnGen_GO,Weighted median,6,6,0,0
ST6GAL1,FinnGen_GO,Weighted mode,6,6,0,0
STAT1,BBJ_Graves,Wald ratio,2,1,1,1
STAT1,UKB_hyperthyroid,Inverse variance weighted,2,2,1,0
STAT1,FinnGen_GO,Inverse variance weighted,2,2,1,0
STAT3,BBJ_Graves,Inverse variance weighted,3,2,0,1
STAT3,UKB_hyperthyroid,Inverse variance weighted,3,3,0,0
STAT3,UKB_hyperthyroid,MR Egger,3,3,0,0
STAT3,UKB_hyperthyroid,Weighted median,3,3,0,0
STAT3,UKB_hyperthyroid,Weighted mode,3,3,0,0
STAT3,FinnGen_GO,Inverse variance weighted,3,3,0,0
STAT3,FinnGen_GO,MR Egger,3,3,0,0
STAT3,FinnGen_GO,Weighted median,3,3,0,0
STAT3,FinnGen_GO,Weighted mode,3,3,0,0
STAT5A,BBJ_Graves,Wald ratio,1,1,0,0
STAT5A,UKB_hyperthyroid,Wald ratio,1,1,0,0
STAT5A,FinnGen_GO,Wald ratio,1,1,0,0
STAT5B,BBJ_Graves,Wald ratio,1,1,0,0
STAT5B,UKB_hyperthyroid,Wald ratio,1,1,0,0
STAT5B,FinnGen_GO,Wald ratio,1,1,0,0
STAT6,BBJ_Graves,Inverse variance weighted,6,2,0,4
STAT6,UKB_hyperthyroid,Inverse variance weighted,6,4,0,2
STAT6,UKB_hyperthyroid,MR Egger,6,4,0,2
STAT6,UKB_hyperthyroid,Weighted median,6,4,0,2
STAT6,UKB_hyperthyroid,Weighted mode,6,4,0,2
STAT6,FinnGen_GO,Inverse variance weighted,6,6,0,0
STAT6,FinnGen_GO,MR Egger,6,6,0,0
STAT6,FinnGen_GO,Weighted median,6,6,0,0
STAT6,FinnGen_GO,Weighted mode,6,6,0,0
STIM2,BBJ_Graves,Inverse variance weighted,4,3,1,1
STIM2,BBJ_Graves,MR Egger,4,3,1,1
STIM2,BBJ_Graves,Weighted median,4,3,1,1
STIM2,BBJ_Graves,Weighted mode,4,3,1,1
STIM2,UKB_hyperthyroid,Inverse variance weighted,4,3,1,1
STIM2,UKB_hyperthyroid,MR Egger,4,3,1,1
STIM2,UKB_hyperthyroid,Weighted median,4,3,1,1
STIM2,UKB_hyperthyroid,Weighted mode,4,3,1,1
STIM2,FinnGen_GO,Inverse variance weighted,4,4,1,0
STIM2,FinnGen_GO,MR Egger,4,4,1,0
STIM2,FinnGen_GO,Weighted median,4,4,1,0
STIM2,FinnGen_GO,Weighted mode,4,4,1,0
STK10,BBJ_Graves,Inverse variance weighted,3,3,0,0
STK10,BBJ_Graves,MR Egger,3,3,0,0
STK10,BBJ_Graves,Weighted median,3,3,0,0
STK10,BBJ_Graves,Weighted mode,3,3,0,0
STK10,UKB_hyperthyroid,Inverse variance weighted,3,3,0,0
STK10,UKB_hyperthyroid,MR Egger,3,3,0,0
STK10,UKB_hyperthyroid,Weighted median,3,3,0,0
STK10,UKB_hyperthyroid,Weighted mode,3,3,0,0
STK10,FinnGen_GO,Inverse variance weighted,3,3,0,0
STK10,FinnGen_GO,MR Egger,3,3,0,0
STK10,FinnGen_GO,Weighted median,3,3,0,0
STK10,FinnGen_GO,Weighted mode,3,3,0,0
STK11,BBJ_Graves,Wald ratio,2,1,1,1
STK11,UKB_hyperthyroid,Inverse variance weighted,2,2,1,0
STK11,FinnGen_GO,Inverse variance weighted,2,2,1,0
STK17A,BBJ_Graves,Wald ratio,1,1,0,0
STK17A,UKB_hyperthyroid,Wald ratio,1,1,0,0
STK17A,FinnGen_GO,Wald ratio,1,1,0,0
STK17B,BBJ_Graves,Inverse variance weighted,2,2,0,0
STK17B,UKB_hyperthyroid,Inverse variance weighted,2,2,0,0
STK17B,FinnGen_GO,Inverse variance weighted,2,2,0,0
STK24,BBJ_Graves,Inverse variance weighted,2,2,0,0
STK24,UKB_hyperthyroid,Inverse variance weighted,2,2,0,0
STK24,FinnGen_GO,Inverse variance weighted,2,2,0,0
STK25,BBJ_Graves,Wald ratio,2,1,1,1
STK25,UKB_hyperthyroid,Wald ratio,2,1,1,1
STK25,FinnGen_GO,Wald ratio,2,1,1,1
STK3,BBJ_Graves,Wald ratio,1,1,0,0
STK3,UKB_hyperthyroid,Wald ratio,1,1,0,0
STK3,FinnGen_GO,Wald ratio,1,1,0,0
STK32B,BBJ_Graves,Wald ratio,2,1,0,1
STK32B,UKB_hyperthyroid,Inverse variance weighted,2,2,0,0
STK32B,FinnGen_GO,Inverse variance weighted,2,2,0,0
STK32C,BBJ_Graves,Inverse variance weighted,6,2,1,4
STK32C,UKB_hyperthyroid,Inverse variance weighted,6,3,1,3
STK32C,UKB_hyperthyroid,MR Egger,6,3,1,3
STK32C,UKB_hyperthyroid,Weighted median,6,3,1,3
STK32C,UKB_hyperthyroid,Weighted mode,6,3,1,3
STK32C,FinnGen_GO,Inverse variance weighted,6,6,1,0
STK32C,FinnGen_GO,MR Egger,6,6,1,0
STK32C,FinnGen_GO,Weighted median,6,6,1,0
STK32C,FinnGen_GO,Weighted mode,6,6,1,0
STK33,BBJ_Graves,Inverse variance weighted,3,2,1,1
STK33,UKB_hyperthyroid,Inverse variance weighted,3,3,1,0
STK33,UKB_hyperthyroid,MR Egger,3,3,1,0
STK33,UKB_hyperthyroid,Weighted median,3,3,1,0
STK33,UKB_hyperthyroid,Weighted mode,3,3,1,0
STK33,FinnGen_GO,Inverse variance weighted,3,2,1,1
STK35,BBJ_Graves,Wald ratio,1,1,0,0
STK35,UKB_hyperthyroid,Wald ratio,1,1,0,0
STK35,FinnGen_GO,Wald ratio,1,1,0,0
STK36,BBJ_Graves,Wald ratio,1,1,0,0
STK36,UKB_hyperthyroid,Wald ratio,1,1,0,0
STK36,FinnGen_GO,Wald ratio,1,1,0,0
STK38,BBJ_Graves,Wald ratio,1,1,0,0
STK38,UKB_hyperthyroid,Wald ratio,1,1,0,0
STK38,FinnGen_GO,Wald ratio,1,1,0,0
STK38L,BBJ_Graves,Wald ratio,1,1,0,0
STK38L,UKB_hyperthyroid,Wald ratio,1,1,0,0
STK38L,FinnGen_GO,Wald ratio,1,1,0,0
STK39,BBJ_Graves,Inverse variance weighted,2,2,1,0
STK39,UKB_hyperthyroid,Inverse variance weighted,2,2,1,0
STK39,FinnGen_GO,Inverse variance weighted,2,2,1,0
STK4,BBJ_Graves,Wald ratio,1,1,0,0
STK4,UKB_hyperthyroid,Wald ratio,1,1,0,0
STK4,FinnGen_GO,Wald ratio,1,1,0,0
STK40,BBJ_Graves,Wald ratio,1,1,0,0
STK40,UKB_hyperthyroid,Wald ratio,1,1,0,0
STK40,FinnGen_GO,Wald ratio,1,1,0,0
STX1A,BBJ_Graves,Wald ratio,1,1,0,0
STX1A,UKB_hyperthyroid,Wald ratio,1,1,0,0
STX1A,FinnGen_GO,Wald ratio,1,1,0,0
STYK1,BBJ_Graves,Inverse variance weighted,2,2,0,0
STYK1,UKB_hyperthyroid,Inverse variance weighted,2,2,0,0
STYK1,FinnGen_GO,Inverse variance weighted,2,2,0,0
SUCNR1,BBJ_Graves,Wald ratio,1,1,1,0
SUCNR1,UKB_hyperthyroid,Wald ratio,1,1,1,0
SUCNR1,FinnGen_GO,Wald ratio,1,1,1,0
SULT1A1,BBJ_Graves,Inverse variance weighted,4,2,2,2
SULT1A1,UKB_hyperthyroid,Inverse variance weighted,4,3,2,1
SULT1A1,UKB_hyperthyroid,MR Egger,4,3,2,1
SULT1A1,UKB_hyperthyroid,Weighted median,4,3,2,1
SULT1A1,UKB_hyperthyroid,Weighted mode,4,3,2,1
SULT1A1,FinnGen_GO,Inverse variance weighted,4,2,2,2
SULT1A2,UKB_hyperthyroid,Inverse variance weighted,3,3,1,0
SULT1A2,UKB_hyperthyroid,MR Egger,3,3,1,0
SULT1A2,UKB_hyperthyroid,Weighted median,3,3,1,0
SULT1A2,UKB_hyperthyroid,Weighted mode,3,3,1,0
SULT1A2,FinnGen_GO,Inverse variance weighted,3,2,1,1
SULT1B1,BBJ_Graves,Wald ratio,1,1,0,0
SULT1B1,UKB_hyperthyroid,Wald ratio,1,1,0,0
SULT1B1,FinnGen_GO,Wald ratio,1,1,0,0
SULT2B1,BBJ_Graves,Inverse variance weighted,2,2,0,0
SULT2B1,UKB_hyperthyroid,Inverse variance weighted,2,2,0,0
SULT2B1,FinnGen_GO,Inverse variance weighted,2,2,0,0
SUMF1,BBJ_Graves,Inverse variance weighted,6,3,1,3
SUMF1,BBJ_Graves,MR Egger,6,3,1,3
SUMF1,BBJ_Graves,Weighted median,6,3,1,3
SUMF1,BBJ_Graves,Weighted mode,6,3,1,3
SUMF1,UKB_hyperthyroid,Inverse variance weighted,6,5,1,1
SUMF1,UKB_hyperthyroid,MR Egger,6,5,1,1
SUMF1,UKB_hyperthyroid,Weighted median,6,5,1,1
SUMF1,UKB_hyperthyroid,Weighted mode,6,5,1,1
SUMF1,FinnGen_GO,Inverse variance weighted,6,5,1,1
SUMF1,FinnGen_GO,MR Egger,6,5,1,1
SUMF1,FinnGen_GO,Weighted median,6,5,1,1
SUMF1,FinnGen_GO,Weighted mode,6,5,1,1
SV2A,UKB_hyperthyroid,Wald ratio,1,1,1,0
SV2A,FinnGen_GO,Wald ratio,1,1,1,0
SYK,BBJ_Graves,Inverse variance weighted,4,3,2,1
SYK,BBJ_Graves,MR Egger,4,3,2,1
SYK,BBJ_Graves,Weighted median,4,3,2,1
SYK,BBJ_Graves,Weighted mode,4,3,2,1
SYK,UKB_hyperthyroid,Inverse variance weighted,4,3,2,1
SYK,UKB_hyperthyroid,MR Egger,4,3,2,1
SYK,UKB_hyperthyroid,Weighted median,4,3,2,1
SYK,UKB_hyperthyroid,Weighted mode,4,3,2,1
SYK,FinnGen_GO,Inverse variance weighted,4,3,2,1
SYK,FinnGen_GO,MR Egger,4,3,2,1
SYK,FinnGen_GO,Weighted median,4,3,2,1
SYK,FinnGen_GO,Weighted mode,4,3,2,1
SYT15,UKB_hyperthyroid,Wald ratio,1,1,0,0
SYT15,FinnGen_GO,Wald ratio,1,1,0,0
TAB1,BBJ_Graves,Wald ratio,1,1,0,0
TAB1,UKB_hyperthyroid,Wald ratio,1,1,0,0
TAB1,FinnGen_GO,Wald ratio,1,1,0,0
TAC3,UKB_hyperthyroid,Wald ratio,1,1,0,0
TAC3,FinnGen_GO,Wald ratio,1,1,0,0
TAC4,BBJ_Graves,Wald ratio,1,1,0,0
TAC4,UKB_hyperthyroid,Wald ratio,1,1,0,0
TAC4,FinnGen_GO,Wald ratio,1,1,0,0
TACR2,BBJ_Graves,Wald ratio,1,1,0,0
TACR2,UKB_hyperthyroid,Wald ratio,1,1,0,0
TACR2,FinnGen_GO,Wald ratio,1,1,0,0
TAF1A,BBJ_Graves,Wald ratio,1,1,0,0
TAF1A,UKB_hyperthyroid,Wald ratio,1,1,0,0
TAF1A,FinnGen_GO,Wald ratio,1,1,0,0
TAOK3,BBJ_Graves,Wald ratio,1,1,0,0
TAOK3,UKB_hyperthyroid,Wald ratio,1,1,0,0
TAOK3,FinnGen_GO,Wald ratio,1,1,0,0
TAPBPL,BBJ_Graves,Inverse variance weighted,5,2,1,3
TAPBPL,UKB_hyperthyroid,Inverse variance weighted,5,5,1,0
TAPBPL,UKB_hyperthyroid,MR Egger,5,5,1,0
TAPBPL,UKB_hyperthyroid,Weighted median,5,5,1,0
TAPBPL,UKB_hyperthyroid,Weighted mode,5,5,1,0
TAPBPL,FinnGen_GO,Inverse variance weighted,5,4,1,1
TAPBPL,FinnGen_GO,MR Egger,5,4,1,1
TAPBPL,FinnGen_GO,Weighted median,5,4,1,1
TAPBPL,FinnGen_GO,Weighted mode,5,4,1,1
TARS,BBJ_Graves,Inverse variance weighted,2,2,0,0
TARS,UKB_hyperthyroid,Inverse variance weighted,2,2,0,0
TARS,FinnGen_GO,Inverse variance weighted,2,2,0,0
TAS1R3,BBJ_Graves,Wald ratio,1,1,1,0
TAS1R3,UKB_hyperthyroid,Wald ratio,1,1,1,0
TAS1R3,FinnGen_GO,Wald ratio,1,1,1,0
TBK1,BBJ_Graves,Inverse variance weighted,2,2,0,0
TBK1,UKB_hyperthyroid,Inverse variance weighted,2,2,0,0
TBK1,FinnGen_GO,Inverse variance weighted,2,2,0,0
TBXA2R,BBJ_Graves,Wald ratio,1,1,0,0
TBXA2R,UKB_hyperthyroid,Wald ratio,1,1,0,0
TBXA2R,FinnGen_GO,Wald ratio,1,1,0,0
TBXAS1,BBJ_Graves,Wald ratio,5,1,1,4
TBXAS1,UKB_hyperthyroid,Inverse variance weighted,5,4,2,1
TBXAS1,UKB_hyperthyroid,MR Egger,5,4,2,1
TBXAS1,UKB_hyperthyroid,Weighted median,5,4,2,1
TBXAS1,UKB_hyperthyroid,Weighted mode,5,4,2,1
TBXAS1,FinnGen_GO,Inverse variance weighted,5,5,2,0
TBXAS1,FinnGen_GO,MR Egger,5,5,2,0
TBXAS1,FinnGen_GO,Weighted median,5,5,2,0
TBXAS1,FinnGen_GO,Weighted mode,5,5,2,0
TCN1,BBJ_Graves,Inverse variance weighted,3,2,0,1
TCN1,UKB_hyperthyroid,Inverse variance weighted,3,3,0,0
TCN1,UKB_hyperthyroid,MR Egger,3,3,0,0
TCN1,UKB_hyperthyroid,Weighted median,3,3,0,0
TCN1,UKB_hyperthyroid,Weighted mode,3,3,0,0
TCN1,FinnGen_GO,Inverse variance weighted,3,3,0,0
TCN1,FinnGen_GO,MR Egger,3,3,0,0
TCN1,FinnGen_GO,Weighted median,3,3,0,0
TCN1,FinnGen_GO,Weighted mode,3,3,0,0
TCN2,BBJ_Graves,Inverse variance weighted,3,2,0,1
TCN2,UKB_hyperthyroid,Inverse variance weighted,3,3,0,0
TCN2,UKB_hyperthyroid,MR Egger,3,3,0,0
TCN2,UKB_hyperthyroid,Weighted median,3,3,0,0
TCN2,UKB_hyperthyroid,Weighted mode,3,3,0,0
TCN2,FinnGen_GO,Inverse variance weighted,3,3,0,0
TCN2,FinnGen_GO,MR Egger,3,3,0,0
TCN2,FinnGen_GO,Weighted median,3,3,0,0
TCN2,FinnGen_GO,Weighted mode,3,3,0,0
TDP1,BBJ_Graves,Inverse variance weighted,2,2,0,0
TDP1,UKB_hyperthyroid,Inverse variance weighted,2,2,0,0
TDP1,FinnGen_GO,Inverse variance weighted,2,2,0,0
TEC,BBJ_Graves,Wald ratio,1,1,0,0
TEC,UKB_hyperthyroid,Wald ratio,1,1,0,0
TEC,FinnGen_GO,Wald ratio,1,1,0,0
TECTA,BBJ_Graves,Wald ratio,1,1,0,0
TECTA,UKB_hyperthyroid,Wald ratio,1,1,0,0
TECTA,FinnGen_GO,Wald ratio,1,1,0,0
TEK,BBJ_Graves,Inverse variance weighted,5,3,0,2
TEK,BBJ_Graves,MR Egger,5,3,0,2
TEK,BBJ_Graves,Weighted median,5,3,0,2
TEK,BBJ_Graves,Weighted mode,5,3,0,2
TEK,UKB_hyperthyroid,Inverse variance weighted,5,4,0,1
TEK,UKB_hyperthyroid,MR Egger,5,4,0,1
TEK,UKB_hyperthyroid,Weighted median,5,4,0,1
TEK,UKB_hyperthyroid,Weighted mode,5,4,0,1
TEK,FinnGen_GO,Inverse variance weighted,5,4,0,1
TEK,FinnGen_GO,MR Egger,5,4,0,1
TEK,FinnGen_GO,Weighted median,5,4,0,1
TEK,FinnGen_GO,Weighted mode,5,4,0,1
TESK1,BBJ_Graves,Wald ratio,1,1,0,0
TESK1,UKB_hyperthyroid,Wald ratio,1,1,0,0
TESK1,FinnGen_GO,Wald ratio,1,1,0,0
TESK2,BBJ_Graves,Inverse variance weighted,2,2,0,0
TESK2,UKB_hyperthyroid,Inverse variance weighted,2,2,0,0
TESK2,FinnGen_GO,Inverse variance weighted,2,2,0,0
TEX101,BBJ_Graves,Wald ratio,3,1,0,2
TEX101,UKB_hyperthyroid,Inverse variance weighted,3,2,0,1
TEX101,FinnGen_GO,Inverse variance weighted,3,2,0,1
TEX14,BBJ_Graves,Wald ratio,1,1,0,0
TEX14,UKB_hyperthyroid,Wald ratio,1,1,0,0
TEX14,FinnGen_GO,Wald ratio,1,1,0,0
TF,BBJ_Graves,Inverse variance weighted,2,2,0,0
TF,UKB_hyperthyroid,Inverse variance weighted,2,2,0,0
TF,FinnGen_GO,Inverse variance weighted,2,2,0,0
TFF3,BBJ_Graves,Inverse variance weighted,3,2,0,1
TFF3,UKB_hyperthyroid,Inverse variance weighted,3,3,0,0
TFF3,UKB_hyperthyroid,MR Egger,3,3,0,0
TFF3,UKB_hyperthyroid,Weighted median,3,3,0,0
TFF3,UKB_hyperthyroid,Weighted mode,3,3,0,0
TFF3,FinnGen_GO,Inverse variance weighted,3,3,0,0
TFF3,FinnGen_GO,MR Egger,3,3,0,0
TFF3,FinnGen_GO,Weighted median,3,3,0,0
TFF3,FinnGen_GO,Weighted mode,3,3,0,0
TFPI,UKB_hyperthyroid,Wald ratio,1,1,0,0
TFPI,FinnGen_GO,Wald ratio,1,1,0,0
TFRC,BBJ_Graves,Inverse variance weighted,4,3,0,1
TFRC,BBJ_Graves,MR Egger,4,3,0,1
TFRC,BBJ_Graves,Weighted median,4,3,0,1
TFRC,BBJ_Graves,Weighted mode,4,3,0,1
TFRC,UKB_hyperthyroid,Inverse variance weighted,4,4,0,0
TFRC,UKB_hyperthyroid,MR Egger,4,4,0,0
TFRC,UKB_hyperthyroid,Weighted median,4,4,0,0
TFRC,UKB_hyperthyroid,Weighted mode,4,4,0,0
TFRC,FinnGen_GO,Inverse variance weighted,4,4,0,0
TFRC,FinnGen_GO,MR Egger,4,4,0,0
TFRC,FinnGen_GO,Weighted median,4,4,0,0
TFRC,FinnGen_GO,Weighted mode,4,4,0,0
TG,BBJ_Graves,Inverse variance weighted,3,3,0,0
TG,BBJ_Graves,MR Egger,3,3,0,0
TG,BBJ_Graves,Weighted median,3,3,0,0
TG,BBJ_Graves,Weighted mode,3,3,0,0
TG,UKB_hyperthyroid,Inverse variance weighted,3,3,0,0
TG,UKB_hyperthyroid,MR Egger,3,3,0,0
TG,UKB_hyperthyroid,Weighted median,3,3,0,0
TG,UKB_hyperthyroid,Weighted mode,3,3,0,0
TG,FinnGen_GO,Inverse variance weighted,3,3,0,0
TG,FinnGen_GO,MR Egger,3,3,0,0
TG,FinnGen_GO,Weighted median,3,3,0,0
TG,FinnGen_GO,Weighted mode,3,3,0,0
TGFA,BBJ_Graves,Inverse variance weighted,2,2,1,0
TGFA,UKB_hyperthyroid,Inverse variance weighted,2,2,1,0
TGFA,FinnGen_GO,Inverse variance weighted,2,2,1,0
TGFB2,BBJ_Graves,Wald ratio,1,1,0,0
TGFB2,UKB_hyperthyroid,Wald ratio,1,1,0,0
TGFB2,FinnGen_GO,Wald ratio,1,1,0,0
TGFB3,BBJ_Graves,Wald ratio,2,1,0,1
TGFB3,UKB_hyperthyroid,Inverse variance weighted,2,2,0,0
TGFB3,FinnGen_GO,Inverse variance weighted,2,2,0,0
TGFBI,BBJ_Graves,Inverse variance weighted,6,2,0,4
TGFBI,UKB_hyperthyroid,Inverse variance weighted,6,6,0,0
TGFBI,UKB_hyperthyroid,MR Egger,6,6,0,0
TGFBI,UKB_hyperthyroid,Weighted median,6,6,0,0
TGFBI,UKB_hyperthyroid,Weighted mode,6,6,0,0
TGFBI,FinnGen_GO,Inverse variance weighted,6,6,0,0
TGFBI,FinnGen_GO,MR Egger,6,6,0,0
TGFBI,FinnGen_GO,Weighted median,6,6,0,0
TGFBI,FinnGen_GO,Weighted mode,6,6,0,0
TGFBR1,BBJ_Graves,Wald ratio,2,1,0,1
TGFBR1,UKB_hyperthyroid,Inverse variance weighted,2,2,0,0
TGFBR1,FinnGen_GO,Inverse variance weighted,2,2,0,0
TGFBR2,BBJ_Graves,Wald ratio,2,1,0,1
TGFBR2,UKB_hyperthyroid,Inverse variance weighted,2,2,0,0
TGFBR2,FinnGen_GO,Inverse variance weighted,2,2,0,0
TGFBR3,BBJ_Graves,Inverse variance weighted,2,2,0,0
TGFBR3,UKB_hyperthyroid,Inverse variance weighted,2,2,0,0
TGFBR3,FinnGen_GO,Inverse variance weighted,2,2,0,0
TGM1,BBJ_Graves,Wald ratio,2,1,0,1
TGM1,UKB_hyperthyroid,Inverse variance weighted,2,2,0,0
TGM1,FinnGen_GO,Inverse variance weighted,2,2,0,0
TGM2,BBJ_Graves,Wald ratio,2,1,0,1
TGM2,UKB_hyperthyroid,Inverse variance weighted,2,2,0,0
TGM2,FinnGen_GO,Inverse variance weighted,2,2,0,0
TGM3,BBJ_Graves,Inverse variance weighted,2,2,0,0
TGM3,UKB_hyperthyroid,Inverse variance weighted,2,2,0,0
TGM3,FinnGen_GO,Inverse variance weighted,2,2,0,0
THBD,BBJ_Graves,Wald ratio,3,1,0,2
THBD,UKB_hyperthyroid,Wald ratio,3,1,0,2
THBD,FinnGen_GO,Inverse variance weighted,3,2,0,1
THBS1,BBJ_Graves,Inverse variance weighted,3,2,0,1
THBS1,UKB_hyperthyroid,Inverse variance weighted,3,3,0,0
THBS1,UKB_hyperthyroid,MR Egger,3,3,0,0
THBS1,UKB_hyperthyroid,Weighted median,3,3,0,0
THBS1,UKB_hyperthyroid,Weighted mode,3,3,0,0
THBS1,FinnGen_GO,Inverse variance weighted,3,3,0,0
THBS1,FinnGen_GO,MR Egger,3,3,0,0
THBS1,FinnGen_GO,Weighted median,3,3,0,0
THBS1,FinnGen_GO,Weighted mode,3,3,0,0
THBS2,BBJ_Graves,Inverse variance weighted,2,2,0,0
THBS2,UKB_hyperthyroid,Inverse variance weighted,2,2,0,0
THBS2,FinnGen_GO,Inverse variance weighted,2,2,0,0
THBS3,BBJ_Graves,Inverse variance weighted,5,2,1,3
THBS3,UKB_hyperthyroid,Inverse variance weighted,5,5,1,0
THBS3,UKB_hyperthyroid,MR Egger,5,5,1,0
THBS3,UKB_hyperthyroid,Weighted median,5,5,1,0
THBS3,UKB_hyperthyroid,Weighted mode,5,5,1,0
THBS3,FinnGen_GO,Inverse variance weighted,5,5,1,0
THBS3,FinnGen_GO,MR Egger,5,5,1,0
THBS3,FinnGen_GO,Weighted median,5,5,1,0
THBS3,FinnGen_GO,Weighted mode,5,5,1,0
THBS4,BBJ_Graves,Wald ratio,1,1,0,0
THBS4,UKB_hyperthyroid,Wald ratio,1,1,0,0
THBS4,FinnGen_GO,Wald ratio,1,1,0,0
THNSL2,BBJ_Graves,Wald ratio,12,1,0,11
THNSL2,UKB_hyperthyroid,Inverse variance weighted,12,8,0,4
THNSL2,UKB_hyperthyroid,MR Egger,12,8,0,4
THNSL2,UKB_hyperthyroid,Weighted median,12,8,0,4
THNSL2,UKB_hyperthyroid,Weighted mode,12,8,0,4
THNSL2,FinnGen_GO,Inverse variance weighted,12,10,0,2
THNSL2,FinnGen_GO,MR Egger,12,10,0,2
THNSL2,FinnGen_GO,Weighted median,12,10,0,2
THNSL2,FinnGen_GO,Weighted mode,12,10,0,2
THRA,BBJ_Graves,Wald ratio,2,1,0,1
THRA,UKB_hyperthyroid,Inverse variance weighted,2,2,0,0
THRA,FinnGen_GO,Inverse variance weighted,2,2,0,0
THRB,BBJ_Graves,Wald ratio,1,1,0,0
THRB,UKB_hyperthyroid,Wald ratio,1,1,0,0
THRB,FinnGen_GO,Wald ratio,1,1,0,0
THSD1,BBJ_Graves,Wald ratio,1,1,0,0
THSD1,UKB_hyperthyroid,Wald ratio,1,1,0,0
TIE1,BBJ_Graves,Wald ratio,1,1,0,0
TIE1,UKB_hyperthyroid,Wald ratio,1,1,0,0
TIE1,FinnGen_GO,Wald ratio,1,1,0,0
TIMP2,BBJ_Graves,Inverse variance weighted,3,2,0,1
TIMP2,UKB_hyperthyroid,Inverse variance weighted,3,3,0,0
TIMP2,UKB_hyperthyroid,MR Egger,3,3,0,0
TIMP2,UKB_hyperthyroid,Weighted median,3,3,0,0
TIMP2,UKB_hyperthyroid,Weighted mode,3,3,0,0
TIMP2,FinnGen_GO,Inverse variance weighted,3,3,0,0
TIMP2,FinnGen_GO,MR Egger,3,3,0,0
TIMP2,FinnGen_GO,Weighted median,3,3,0,0
TIMP2,FinnGen_GO,Weighted mode,3,3,0,0
TIMP3,BBJ_Graves,Wald ratio,1,1,0,0
TIMP3,UKB_hyperthyroid,Wald ratio,1,1,0,0
TIMP3,FinnGen_GO,Wald ratio,1,1,0,0
TK1,BBJ_Graves,Wald ratio,1,1,1,0
TK1,UKB_hyperthyroid,Wald ratio,1,1,1,0
TK1,FinnGen_GO,Wald ratio,1,1,1,0
TK2,BBJ_Graves,Inverse variance weighted,3,2,0,1
TK2,UKB_hyperthyroid,Inverse variance weighted,3,2,0,1
TK2,FinnGen_GO,Inverse variance weighted,3,2,0,1
TKT,BBJ_Graves,Inverse variance weighted,4,3,0,1
TKT,BBJ_Graves,MR Egger,4,3,0,1
TKT,BBJ_Graves,Weighted median,4,3,0,1
TKT,BBJ_Graves,Weighted mode,4,3,0,1
TKT,UKB_hyperthyroid,Inverse variance weighted,4,4,0,0
TKT,UKB_hyperthyroid,MR Egger,4,4,0,0
TKT,UKB_hyperthyroid,Weighted median,4,4,0,0
TKT,UKB_hyperthyroid,Weighted mode,4,4,0,0
TKT,FinnGen_GO,Inverse variance weighted,4,4,0,0
TKT,FinnGen_GO,MR Egger,4,4,0,0
TKT,FinnGen_GO,Weighted median,4,4,0,0
TKT,FinnGen_GO,Weighted mode,4,4,0,0
TLK1,BBJ_Graves,Inverse variance weighted,2,2,1,0
TLK1,UKB_hyperthyroid,Inverse variance weighted,2,2,1,0
TLK1,FinnGen_GO,Inverse variance weighted,2,2,1,0
TLR1,BBJ_Graves,Wald ratio,2,1,0,1
TLR1,UKB_hyperthyroid,Inverse variance weighted,2,2,1,0
TLR1,FinnGen_GO,Inverse variance weighted,2,2,1,0
TLR10,BBJ_Graves,Wald ratio,2,1,0,1
TLR10,UKB_hyperthyroid,Inverse variance weighted,2,2,0,0
TLR10,FinnGen_GO,Inverse variance weighted,2,2,0,0
TLR2,UKB_hyperthyroid,Inverse variance weighted,2,2,0,0
TLR2,FinnGen_GO,Inverse variance weighted,2,2,0,0
TLR3,BBJ_Graves,Wald ratio,2,1,1,1
TLR3,UKB_hyperthyroid,Inverse variance weighted,2,2,1,0
TLR3,FinnGen_GO,Inverse variance weighted,2,2,1,0
TLR4,BBJ_Graves,Inverse variance weighted,7,2,0,5
TLR4,UKB_hyperthyroid,Inverse variance weighted,7,7,0,0
TLR4,UKB_hyperthyroid,MR Egger,7,7,0,0
TLR4,UKB_hyperthyroid,Weighted median,7,7,0,0
TLR4,UKB_hyperthyroid,Weighted mode,7,7,0,0
TLR4,FinnGen_GO,Inverse variance weighted,7,6,0,1
TLR4,FinnGen_GO,MR Egger,7,6,0,1
TLR4,FinnGen_GO,Weighted median,7,6,0,1
TLR4,FinnGen_GO,Weighted mode,7,6,0,1
TLR5,BBJ_Graves,Inverse variance weighted,3,2,1,1
TLR5,UKB_hyperthyroid,Inverse variance weighted,3,3,1,0
TLR5,UKB_hyperthyroid,MR Egger,3,3,1,0
TLR5,UKB_hyperthyroid,Weighted median,3,3,1,0
TLR5,UKB_hyperthyroid,Weighted mode,3,3,1,0
TLR5,FinnGen_GO,Inverse variance weighted,3,3,1,0
TLR5,FinnGen_GO,MR Egger,3,3,1,0
TLR5,FinnGen_GO,Weighted median,3,3,1,0
TLR5,FinnGen_GO,Weighted mode,3,3,1,0
TLR6,BBJ_Graves,Inverse variance weighted,2,2,0,0
TLR6,UKB_hyperthyroid,Wald ratio,2,1,0,1
TLR6,FinnGen_GO,Inverse variance weighted,2,2,0,0
TLR9,BBJ_Graves,Wald ratio,1,1,0,0
TLR9,UKB_hyperthyroid,Wald ratio,1,1,0,0
TLR9,FinnGen_GO,Wald ratio,1,1,0,0
TM2D1,BBJ_Graves,Inverse variance weighted,2,2,0,0
TM2D1,UKB_hyperthyroid,Inverse variance weighted,2,2,0,0
TM2D1,FinnGen_GO,Inverse variance weighted,2,2,0,0
TM4SF1,BBJ_Graves,Wald ratio,2,1,0,1
TM4SF1,UKB_hyperthyroid,Inverse variance weighted,2,2,0,0
TM4SF1,FinnGen_GO,Inverse variance weighted,2,2,0,0
TMED1,BBJ_Graves,Wald ratio,2,1,0,1
TMED1,UKB_hyperthyroid,Inverse variance weighted,2,2,0,0
TMED1,FinnGen_GO,Wald ratio,2,1,0,1
TMED10,BBJ_Graves,Wald ratio,1,1,0,0
TMED10,UKB_hyperthyroid,Wald ratio,1,1,0,0
TMED10,FinnGen_GO,Wald ratio,1,1,0,0
TMED9,BBJ_Graves,Inverse variance weighted,4,2,1,2
TMED9,UKB_hyperthyroid,Inverse variance weighted,4,3,1,1
TMED9,UKB_hyperthyroid,MR Egger,4,3,1,1
TMED9,UKB_hyperthyroid,Weighted median,4,3,1,1
TMED9,UKB_hyperthyroid,Weighted mode,4,3,1,1
TMED9,FinnGen_GO,Inverse variance weighted,4,4,1,0
TMED9,FinnGen_GO,MR Egger,4,4,1,0
TMED9,FinnGen_GO,Weighted median,4,4,1,0
TMED9,FinnGen_GO,Weighted mode,4,4,1,0
TMEM123,BBJ_Graves,Wald ratio,2,1,0,1
TMEM123,UKB_hyperthyroid,Inverse variance weighted,2,2,0,0
TMEM123,FinnGen_GO,Inverse variance weighted,2,2,0,0
TMEM256-PLSCR3,BBJ_Graves,Wald ratio,1,1,0,0
TMEM256-PLSCR3,UKB_hyperthyroid,Wald ratio,1,1,0,0
TMEM256-PLSCR3,FinnGen_GO,Wald ratio,1,1,0,0
TMEM66,BBJ_Graves,Wald ratio,2,1,0,1
TMEM66,UKB_hyperthyroid,Wald ratio,2,1,0,1
TMEM66,FinnGen_GO,Wald ratio,2,1,0,1
TMEM9B,BBJ_Graves,Inverse variance weighted,3,2,0,1
TMEM9B,UKB_hyperthyroid,Inverse variance weighted,3,3,0,0
TMEM9B,UKB_hyperthyroid,MR Egger,3,3,0,0
TMEM9B,UKB_hyperthyroid,Weighted median,3,3,0,0
TMEM9B,UKB_hyperthyroid,Weighted mode,3,3,0,0
TMEM9B,FinnGen_GO,Inverse variance weighted,3,3,0,0
TMEM9B,FinnGen_GO,MR Egger,3,3,0,0
TMEM9B,FinnGen_GO,Weighted median,3,3,0,0
TMEM9B,FinnGen_GO,Weighted mode,3,3,0,0
TMIGD2,BBJ_Graves,Wald ratio,1,1,0,0
TMIGD2,UKB_hyperthyroid,Wald ratio,1,1,0,0
TMIGD2,FinnGen_GO,Wald ratio,1,1,0,0
TNF,UKB_hyperthyroid,Wald ratio,1,1,1,0
TNF,FinnGen_GO,Wald ratio,1,1,1,0
TNFAIP2,BBJ_Graves,Inverse variance weighted,2,2,0,0
TNFAIP2,UKB_hyperthyroid,Inverse variance weighted,2,2,0,0
TNFAIP2,FinnGen_GO,Inverse variance weighted,2,2,0,0
TNFAIP6,BBJ_Graves,Wald ratio,2,1,0,1
TNFAIP6,UKB_hyperthyroid,Inverse variance weighted,2,2,0,0
TNFAIP6,FinnGen_GO,Inverse variance weighted,2,2,0,0
TNFRSF10A,BBJ_Graves,Inverse variance weighted,3,2,0,1
TNFRSF10A,UKB_hyperthyroid,Inverse variance weighted,3,3,0,0
TNFRSF10A,UKB_hyperthyroid,MR Egger,3,3,0,0
TNFRSF10A,UKB_hyperthyroid,Weighted median,3,3,0,0
TNFRSF10A,UKB_hyperthyroid,Weighted mode,3,3,0,0
TNFRSF10A,FinnGen_GO,Inverse variance weighted,3,3,0,0
TNFRSF10A,FinnGen_GO,MR Egger,3,3,0,0
TNFRSF10A,FinnGen_GO,Weighted median,3,3,0,0
TNFRSF10A,FinnGen_GO,Weighted mode,3,3,0,0
TNFRSF10B,UKB_hyperthyroid,Inverse variance weighted,2,2,0,0
TNFRSF10B,FinnGen_GO,Inverse variance weighted,2,2,0,0
TNFRSF10C,BBJ_Graves,Wald ratio,1,1,1,0
TNFRSF10C,UKB_hyperthyroid,Wald ratio,1,1,1,0
TNFRSF10C,FinnGen_GO,Wald ratio,1,1,1,0
TNFRSF10D,BBJ_Graves,Inverse variance weighted,3,2,0,1
TNFRSF10D,UKB_hyperthyroid,Inverse variance weighted,3,2,0,1
TNFRSF10D,FinnGen_GO,Inverse variance weighted,3,3,1,0
TNFRSF10D,FinnGen_GO,MR Egger,3,3,1,0
TNFRSF10D,FinnGen_GO,Weighted median,3,3,1,0
TNFRSF10D,FinnGen_GO,Weighted mode,3,3,1,0
TNFRSF11A,BBJ_Graves,Wald ratio,1,1,0,0
TNFRSF11A,UKB_hyperthyroid,Wald ratio,1,1,0,0
TNFRSF11A,FinnGen_GO,Wald ratio,1,1,0,0
TNFRSF13B,UKB_hyperthyroid,Wald ratio,1,1,0,0
TNFRSF13B,FinnGen_GO,Wald ratio,1,1,0,0
TNFRSF13C,BBJ_Graves,Inverse variance weighted,3,2,0,1
TNFRSF13C,UKB_hyperthyroid,Inverse variance weighted,3,3,0,0
TNFRSF13C,UKB_hyperthyroid,MR Egger,3,3,0,0
TNFRSF13C,UKB_hyperthyroid,Weighted median,3,3,0,0
TNFRSF13C,UKB_hyperthyroid,Weighted mode,3,3,0,0
TNFRSF13C,FinnGen_GO,Inverse variance weighted,3,3,0,0
TNFRSF13C,FinnGen_GO,MR Egger,3,3,0,0
TNFRSF13C,FinnGen_GO,Weighted median,3,3,0,0
TNFRSF13C,FinnGen_GO,Weighted mode,3,3,0,0
TNFRSF14,BBJ_Graves,Wald ratio,2,1,0,1
TNFRSF14,UKB_hyperthyroid,Wald ratio,2,1,0,1
TNFRSF14,FinnGen_GO,Inverse variance weighted,2,2,0,0
TNFRSF17,BBJ_Graves,Wald ratio,1,1,0,0
TNFRSF17,UKB_hyperthyroid,Wald ratio,1,1,0,0
TNFRSF17,FinnGen_GO,Wald ratio,1,1,0,0
TNFRSF18,BBJ_Graves,Wald ratio,2,1,0,1
TNFRSF18,UKB_hyperthyroid,Inverse variance weighted,2,2,0,0
TNFRSF18,FinnGen_GO,Inverse variance weighted,2,2,0,0
TNFRSF19,BBJ_Graves,Wald ratio,1,1,0,0
TNFRSF19,UKB_hyperthyroid,Wald ratio,1,1,0,0
TNFRSF19,FinnGen_GO,Wald ratio,1,1,0,0
TNFRSF1A,BBJ_Graves,Wald ratio,1,1,0,0
TNFRSF1A,UKB_hyperthyroid,Wald ratio,1,1,0,0
TNFRSF1A,FinnGen_GO,Wald ratio,1,1,0,0
TNFRSF1B,BBJ_Graves,Wald ratio,1,1,0,0
TNFRSF1B,UKB_hyperthyroid,Wald ratio,1,1,0,0
TNFRSF1B,FinnGen_GO,Wald ratio,1,1,0,0
TNFRSF21,UKB_hyperthyroid,Wald ratio,1,1,0,0
TNFRSF21,FinnGen_GO,Wald ratio,1,1,0,0
TNFRSF25,BBJ_Graves,Wald ratio,2,1,1,1
TNFRSF25,UKB_hyperthyroid,Inverse variance weighted,2,2,1,0
TNFRSF25,FinnGen_GO,Inverse variance weighted,2,2,1,0
TNFRSF4,BBJ_Graves,Inverse variance weighted,3,2,0,1
TNFRSF4,UKB_hyperthyroid,Inverse variance weighted,3,2,0,1
TNFRSF4,FinnGen_GO,Inverse variance weighted,3,2,0,1
TNFRSF8,BBJ_Graves,Wald ratio,1,1,0,0
TNFRSF8,UKB_hyperthyroid,Wald ratio,1,1,0,0
TNFRSF8,FinnGen_GO,Wald ratio,1,1,0,0
TNFRSF9,BBJ_Graves,Inverse variance weighted,4,3,0,1
TNFRSF9,BBJ_Graves,MR Egger,4,3,0,1
TNFRSF9,BBJ_Graves,Weighted median,4,3,0,1
TNFRSF9,BBJ_Graves,Weighted mode,4,3,0,1
TNFRSF9,UKB_hyperthyroid,Inverse variance weighted,4,4,0,0
TNFRSF9,UKB_hyperthyroid,MR Egger,4,4,0,0
TNFRSF9,UKB_hyperthyroid,Weighted median,4,4,0,0
TNFRSF9,UKB_hyperthyroid,Weighted mode,4,4,0,0
TNFRSF9,FinnGen_GO,Inverse variance weighted,4,4,0,0
TNFRSF9,FinnGen_GO,MR Egger,4,4,0,0
TNFRSF9,FinnGen_GO,Weighted median,4,4,0,0
TNFRSF9,FinnGen_GO,Weighted mode,4,4,0,0
TNFSF10,BBJ_Graves,Inverse variance weighted,2,2,0,0
TNFSF10,UKB_hyperthyroid,Inverse variance weighted,2,2,0,0
TNFSF10,FinnGen_GO,Inverse variance weighted,2,2,0,0
TNFSF12,BBJ_Graves,Wald ratio,4,1,0,3
TNFSF12,UKB_hyperthyroid,Inverse variance weighted,4,4,1,0
TNFSF12,UKB_hyperthyroid,MR Egger,4,4,1,0
TNFSF12,UKB_hyperthyroid,Weighted median,4,4,1,0
TNFSF12,UKB_hyperthyroid,Weighted mode,4,4,1,0
TNFSF12,FinnGen_GO,Inverse variance weighted,4,4,1,0
TNFSF12,FinnGen_GO,MR Egger,4,4,1,0
TNFSF12,FinnGen_GO,Weighted median,4,4,1,0
TNFSF12,FinnGen_GO,Weighted mode,4,4,1,0
TNFSF13,BBJ_Graves,Inverse variance weighted,4,3,0,1
TNFSF13,BBJ_Graves,MR Egger,4,3,0,1
TNFSF13,BBJ_Graves,Weighted median,4,3,0,1
TNFSF13,BBJ_Graves,Weighted mode,4,3,0,1
TNFSF13,UKB_hyperthyroid,Inverse variance weighted,4,3,0,1
TNFSF13,UKB_hyperthyroid,MR Egger,4,3,0,1
TNFSF13,UKB_hyperthyroid,Weighted median,4,3,0,1
TNFSF13,UKB_hyperthyroid,Weighted mode,4,3,0,1
TNFSF13,FinnGen_GO,Inverse variance weighted,4,4,0,0
TNFSF13,FinnGen_GO,MR Egger,4,4,0,0
TNFSF13,FinnGen_GO,Weighted median,4,4,0,0
TNFSF13,FinnGen_GO,Weighted mode,4,4,0,0
TNFSF13B,BBJ_Graves,Wald ratio,3,1,0,2
TNFSF13B,UKB_hyperthyroid,Inverse variance weighted,3,3,0,0
TNFSF13B,UKB_hyperthyroid,MR Egger,3,3,0,0
TNFSF13B,UKB_hyperthyroid,Weighted median,3,3,0,0
TNFSF13B,UKB_hyperthyroid,Weighted mode,3,3,0,0
TNFSF13B,FinnGen_GO,Inverse variance weighted,3,2,0,1
TNFSF14,BBJ_Graves,Wald ratio,1,1,0,0
TNFSF14,UKB_hyperthyroid,Wald ratio,1,1,0,0
TNFSF14,FinnGen_GO,Wald ratio,1,1,0,0
TNFSF4,BBJ_Graves,Inverse variance weighted,3,2,0,1
TNFSF4,UKB_hyperthyroid,Inverse variance weighted,3,3,0,0
TNFSF4,UKB_hyperthyroid,MR Egger,3,3,0,0
TNFSF4,UKB_hyperthyroid,Weighted median,3,3,0,0
TNFSF4,UKB_hyperthyroid,Weighted mode,3,3,0,0
TNFSF4,FinnGen_GO,Inverse variance weighted,3,3,0,0
TNFSF4,FinnGen_GO,MR Egger,3,3,0,0
TNFSF4,FinnGen_GO,Weighted median,3,3,0,0
TNFSF4,FinnGen_GO,Weighted mode,3,3,0,0
TNFSF8,BBJ_Graves,Inverse variance weighted,3,2,0,1
TNFSF8,UKB_hyperthyroid,Inverse variance weighted,3,3,0,0
TNFSF8,UKB_hyperthyroid,MR Egger,3,3,0,0
TNFSF8,UKB_hyperthyroid,Weighted median,3,3,0,0
TNFSF8,UKB_hyperthyroid,Weighted mode,3,3,0,0
TNFSF8,FinnGen_GO,Inverse variance weighted,3,2,0,1
TNIK,BBJ_Graves,Inverse variance weighted,3,3,0,0
TNIK,BBJ_Graves,MR Egger,3,3,0,0
TNIK,BBJ_Graves,Weighted median,3,3,0,0
TNIK,BBJ_Graves,Weighted mode,3,3,0,0
TNIK,UKB_hyperthyroid,Inverse variance weighted,3,3,0,0
TNIK,UKB_hyperthyroid,MR Egger,3,3,0,0
TNIK,UKB_hyperthyroid,Weighted median,3,3,0,0
TNIK,UKB_hyperthyroid,Weighted mode,3,3,0,0
TNIK,FinnGen_GO,Inverse variance weighted,3,3,0,0
TNIK,FinnGen_GO,MR Egger,3,3,0,0
TNIK,FinnGen_GO,Weighted median,3,3,0,0
TNIK,FinnGen_GO,Weighted mode,3,3,0,0
TNK1,BBJ_Graves,Wald ratio,1,1,0,0
TNK1,UKB_hyperthyroid,Wald ratio,1,1,0,0
TNK1,FinnGen_GO,Wald ratio,1,1,0,0
TNK2,BBJ_Graves,Wald ratio,3,1,0,2
TNK2,UKB_hyperthyroid,Inverse variance weighted,3,3,0,0
TNK2,UKB_hyperthyroid,MR Egger,3,3,0,0
TNK2,UKB_hyperthyroid,Weighted median,3,3,0,0
TNK2,UKB_hyperthyroid,Weighted mode,3,3,0,0
TNK2,FinnGen_GO,Inverse variance weighted,3,3,0,0
TNK2,FinnGen_GO,MR Egger,3,3,0,0
TNK2,FinnGen_GO,Weighted median,3,3,0,0
TNK2,FinnGen_GO,Weighted mode,3,3,0,0
TNKS,UKB_hyperthyroid,Inverse variance weighted,3,2,0,1
TNKS,FinnGen_GO,Inverse variance weighted,3,2,0,1
TNKS2,BBJ_Graves,Wald ratio,2,1,2,1
TNKS2,UKB_hyperthyroid,Wald ratio,2,1,2,1
TNKS2,FinnGen_GO,Wald ratio,2,1,2,1
TNNC1,BBJ_Graves,Wald ratio,1,1,0,0
TNNC1,UKB_hyperthyroid,Wald ratio,1,1,0,0
TNNC1,FinnGen_GO,Wald ratio,1,1,0,0
TNXB,BBJ_Graves,Inverse variance weighted,2,2,0,0
TNXB,UKB_hyperthyroid,Inverse variance weighted,2,2,0,0
TNXB,FinnGen_GO,Inverse variance weighted,2,2,0,0
TOP1MT,BBJ_Graves,Wald ratio,2,1,0,1
TOP1MT,UKB_hyperthyroid,Inverse variance weighted,2,2,0,0
TOP1MT,FinnGen_GO,Inverse variance weighted,2,2,0,0
TOP2B,BBJ_Graves,Wald ratio,1,1,0,0
TOP2B,UKB_hyperthyroid,Wald ratio,1,1,0,0
TOP2B,FinnGen_GO,Wald ratio,1,1,0,0
TOR2A,BBJ_Graves,Wald ratio,1,1,0,0
TOR2A,UKB_hyperthyroid,Wald ratio,1,1,0,0
TOR2A,FinnGen_GO,Wald ratio,1,1,0,0
TP53,BBJ_Graves,Wald ratio,1,1,0,0
TP53,UKB_hyperthyroid,Wald ratio,1,1,0,0
TP53,FinnGen_GO,Wald ratio,1,1,0,0
TPBG,UKB_hyperthyroid,Inverse variance weighted,3,3,0,0
TPBG,UKB_hyperthyroid,MR Egger,3,3,0,0
TPBG,UKB_hyperthyroid,Weighted median,3,3,0,0
TPBG,UKB_hyperthyroid,Weighted mode,3,3,0,0
TPBG,FinnGen_GO,Inverse variance weighted,3,3,0,0
TPBG,FinnGen_GO,MR Egger,3,3,0,0
TPBG,FinnGen_GO,Weighted median,3,3,0,0
TPBG,FinnGen_GO,Weighted mode,3,3,0,0
TPCN1,BBJ_Graves,Wald ratio,1,1,0,0
TPCN1,UKB_hyperthyroid,Wald ratio,1,1,0,0
TPCN1,FinnGen_GO,Wald ratio,1,1,0,0
TPCN2,BBJ_Graves,Inverse variance weighted,6,5,0,1
TPCN2,BBJ_Graves,MR Egger,6,5,0,1
TPCN2,BBJ_Graves,Weighted median,6,5,0,1
TPCN2,BBJ_Graves,Weighted mode,6,5,0,1
TPCN2,UKB_hyperthyroid,Inverse variance weighted,6,5,0,1
TPCN2,UKB_hyperthyroid,MR Egger,6,5,0,1
TPCN2,UKB_hyperthyroid,Weighted median,6,5,0,1
TPCN2,UKB_hyperthyroid,Weighted mode,6,5,0,1
TPCN2,FinnGen_GO,Inverse variance weighted,6,5,0,1
TPCN2,FinnGen_GO,MR Egger,6,5,0,1
TPCN2,FinnGen_GO,Weighted median,6,5,0,1
TPCN2,FinnGen_GO,Weighted mode,6,5,0,1
TPH1,BBJ_Graves,Wald ratio,1,1,0,0
TPH1,UKB_hyperthyroid,Wald ratio,1,1,0,0
TPH1,FinnGen_GO,Wald ratio,1,1,0,0
TPMT,BBJ_Graves,Inverse variance weighted,4,4,0,0
TPMT,BBJ_Graves,MR Egger,4,4,0,0
TPMT,BBJ_Graves,Weighted median,4,4,0,0
TPMT,BBJ_Graves,Weighted mode,4,4,0,0
TPMT,UKB_hyperthyroid,Inverse variance weighted,4,3,0,1
TPMT,UKB_hyperthyroid,MR Egger,4,3,0,1
TPMT,UKB_hyperthyroid,Weighted median,4,3,0,1
TPMT,UKB_hyperthyroid,Weighted mode,4,3,0,1
TPMT,FinnGen_GO,Inverse variance weighted,4,4,0,0
TPMT,FinnGen_GO,MR Egger,4,4,0,0
TPMT,FinnGen_GO,Weighted median,4,4,0,0
TPMT,FinnGen_GO,Weighted mode,4,4,0,0
TPO,BBJ_Graves,Inverse variance weighted,2,2,0,0
TPO,UKB_hyperthyroid,Inverse variance weighted,2,2,0,0
TPO,FinnGen_GO,Inverse variance weighted,2,2,0,0
TPP1,BBJ_Graves,Inverse variance weighted,3,2,0,1
TPP1,UKB_hyperthyroid,Inverse variance weighted,3,3,0,0
TPP1,UKB_hyperthyroid,MR Egger,3,3,0,0
TPP1,UKB_hyperthyroid,Weighted median,3,3,0,0
TPP1,UKB_hyperthyroid,Weighted mode,3,3,0,0
TPP1,FinnGen_GO,Inverse variance weighted,3,3,0,0
TPP1,FinnGen_GO,MR Egger,3,3,0,0
TPP1,FinnGen_GO,Weighted median,3,3,0,0
TPP1,FinnGen_GO,Weighted mode,3,3,0,0
TPSAB1,BBJ_Graves,Wald ratio,4,1,0,3
TPSAB1,UKB_hyperthyroid,Inverse variance weighted,4,3,0,1
TPSAB1,UKB_hyperthyroid,MR Egger,4,3,0,1
TPSAB1,UKB_hyperthyroid,Weighted median,4,3,0,1
TPSAB1,UKB_hyperthyroid,Weighted mode,4,3,0,1
TPSAB1,FinnGen_GO,Inverse variance weighted,4,3,0,1
TPSAB1,FinnGen_GO,MR Egger,4,3,0,1
TPSAB1,FinnGen_GO,Weighted median,4,3,0,1
TPSAB1,FinnGen_GO,Weighted mode,4,3,0,1
TPSD1,UKB_hyperthyroid,Inverse variance weighted,2,2,0,0
TPSD1,FinnGen_GO,Inverse variance weighted,2,2,0,0
TRAC,BBJ_Graves,Wald ratio,2,1,0,1
TRAC,UKB_hyperthyroid,Inverse variance weighted,2,2,0,0
TRAC,FinnGen_GO,Inverse variance weighted,2,2,0,0
TRAP1,UKB_hyperthyroid,Inverse variance weighted,3,3,1,0
TRAP1,UKB_hyperthyroid,MR Egger,3,3,1,0
TRAP1,UKB_hyperthyroid,Weighted median,3,3,1,0
TRAP1,UKB_hyperthyroid,Weighted mode,3,3,1,0
TRAP1,FinnGen_GO,Inverse variance weighted,3,3,1,0
TRAP1,FinnGen_GO,MR Egger,3,3,1,0
TRAP1,FinnGen_GO,Weighted median,3,3,1,0
TRAP1,FinnGen_GO,Weighted mode,3,3,1,0
TRAV8-4,BBJ_Graves,Wald ratio,2,1,1,1
TRAV8-4,UKB_hyperthyroid,Inverse variance weighted,2,2,1,0
TRAV8-4,FinnGen_GO,Inverse variance weighted,2,2,1,0
TRBV7-1,BBJ_Graves,Inverse variance weighted,2,2,0,0
TRBV7-1,UKB_hyperthyroid,Inverse variance weighted,2,2,0,0
TRBV7-1,FinnGen_GO,Inverse variance weighted,2,2,0,0
TREM1,BBJ_Graves,Inverse variance weighted,3,2,1,1
TREM1,UKB_hyperthyroid,Inverse variance weighted,3,2,1,1
TREM1,FinnGen_GO,Inverse variance weighted,3,2,1,1
TRGV3,BBJ_Graves,Inverse variance weighted,3,3,0,0
TRGV3,BBJ_Graves,MR Egger,3,3,0,0
TRGV3,BBJ_Graves,Weighted median,3,3,0,0
TRGV3,BBJ_Graves,Weighted mode,3,3,0,0
TRGV3,UKB_hyperthyroid,Inverse variance weighted,3,3,0,0
TRGV3,UKB_hyperthyroid,MR Egger,3,3,0,0
TRGV3,UKB_hyperthyroid,Weighted median,3,3,0,0
TRGV3,UKB_hyperthyroid,Weighted mode,3,3,0,0
TRGV3,FinnGen_GO,Inverse variance weighted,3,3,0,0
TRGV3,FinnGen_GO,MR Egger,3,3,0,0
TRGV3,FinnGen_GO,Weighted median,3,3,0,0
TRGV3,FinnGen_GO,Weighted mode,3,3,0,0
TRIB3,BBJ_Graves,Inverse variance weighted,4,3,0,1
TRIB3,BBJ_Graves,MR Egger,4,3,0,1
TRIB3,BBJ_Graves,Weighted median,4,3,0,1
TRIB3,BBJ_Graves,Weighted mode,4,3,0,1
TRIB3,UKB_hyperthyroid,Inverse variance weighted,4,4,0,0
TRIB3,UKB_hyperthyroid,MR Egger,4,4,0,0
TRIB3,UKB_hyperthyroid,Weighted median,4,4,0,0
TRIB3,UKB_hyperthyroid,Weighted mode,4,4,0,0
TRIB3,FinnGen_GO,Inverse variance weighted,4,3,0,1
TRIB3,FinnGen_GO,MR Egger,4,3,0,1
TRIB3,FinnGen_GO,Weighted median,4,3,0,1
TRIB3,FinnGen_GO,Weighted mode,4,3,0,1
TRIO,UKB_hyperthyroid,Wald ratio,1,1,0,0
TRIO,FinnGen_GO,Wald ratio,1,1,0,0
TRPC3,BBJ_Graves,Inverse variance weighted,2,2,0,0
TRPC3,UKB_hyperthyroid,Inverse variance weighted,2,2,0,0
TRPC3,FinnGen_GO,Inverse variance weighted,2,2,0,0
TRPC6,BBJ_Graves,Inverse variance weighted,3,3,1,0
TRPC6,BBJ_Graves,MR Egger,3,3,1,0
TRPC6,BBJ_Graves,Weighted median,3,3,1,0
TRPC6,BBJ_Graves,Weighted mode,3,3,1,0
TRPC6,UKB_hyperthyroid,Inverse variance weighted,3,3,1,0
TRPC6,UKB_hyperthyroid,MR Egger,3,3,1,0
TRPC6,UKB_hyperthyroid,Weighted median,3,3,1,0
TRPC6,UKB_hyperthyroid,Weighted mode,3,3,1,0
TRPC6,FinnGen_GO,Inverse variance weighted,3,3,1,0
TRPC6,FinnGen_GO,MR Egger,3,3,1,0
TRPC6,FinnGen_GO,Weighted median,3,3,1,0
TRPC6,FinnGen_GO,Weighted mode,3,3,1,0
TRPM2,BBJ_Graves,Inverse variance weighted,3,3,1,0
TRPM2,BBJ_Graves,MR Egger,3,3,1,0
TRPM2,BBJ_Graves,Weighted median,3,3,1,0
TRPM2,BBJ_Graves,Weighted mode,3,3,1,0
TRPM2,UKB_hyperthyroid,Inverse variance weighted,3,2,1,1
TRPM2,FinnGen_GO,Inverse variance weighted,3,3,1,0
TRPM2,FinnGen_GO,MR Egger,3,3,1,0
TRPM2,FinnGen_GO,Weighted median,3,3,1,0
TRPM2,FinnGen_GO,Weighted mode,3,3,1,0
TRPM4,BBJ_Graves,Inverse variance weighted,3,3,0,0
TRPM4,BBJ_Graves,MR Egger,3,3,0,0
TRPM4,BBJ_Graves,Weighted median,3,3,0,0
TRPM4,BBJ_Graves,Weighted mode,3,3,0,0
TRPM4,UKB_hyperthyroid,Inverse variance weighted,3,3,0,0
TRPM4,UKB_hyperthyroid,MR Egger,3,3,0,0
TRPM4,UKB_hyperthyroid,Weighted median,3,3,0,0
TRPM4,UKB_hyperthyroid,Weighted mode,3,3,0,0
TRPM4,FinnGen_GO,Inverse variance weighted,3,3,0,0
TRPM4,FinnGen_GO,MR Egger,3,3,0,0
TRPM4,FinnGen_GO,Weighted median,3,3,0,0
TRPM4,FinnGen_GO,Weighted mode,3,3,0,0
TRPM6,BBJ_Graves,Inverse variance weighted,3,3,0,0
TRPM6,BBJ_Graves,MR Egger,3,3,0,0
TRPM6,BBJ_Graves,Weighted median,3,3,0,0
TRPM6,BBJ_Graves,Weighted mode,3,3,0,0
TRPM6,UKB_hyperthyroid,Inverse variance weighted,3,3,0,0
TRPM6,UKB_hyperthyroid,MR Egger,3,3,0,0
TRPM6,UKB_hyperthyroid,Weighted median,3,3,0,0
TRPM6,UKB_hyperthyroid,Weighted mode,3,3,0,0
TRPM6,FinnGen_GO,Inverse variance weighted,3,3,0,0
TRPM6,FinnGen_GO,MR Egger,3,3,0,0
TRPM6,FinnGen_GO,Weighted median,3,3,0,0
TRPM6,FinnGen_GO,Weighted mode,3,3,0,0
TRPM7,BBJ_Graves,Wald ratio,2,1,0,1
TRPM7,UKB_hyperthyroid,Inverse variance weighted,2,2,0,0
TRPM7,FinnGen_GO,Wald ratio,2,1,0,1
TRPV1,BBJ_Graves,Wald ratio,1,1,0,0
TRPV1,UKB_hyperthyroid,Wald ratio,1,1,0,0
TRPV1,FinnGen_GO,Wald ratio,1,1,0,0
TRPV2,BBJ_Graves,Inverse variance weighted,2,2,0,0
TRPV2,UKB_hyperthyroid,Inverse variance weighted,2,2,0,0
TRPV2,FinnGen_GO,Inverse variance weighted,2,2,0,0
TRPV3,BBJ_Graves,Wald ratio,1,1,0,0
TRPV3,UKB_hyperthyroid,Wald ratio,1,1,0,0
TRPV3,FinnGen_GO,Wald ratio,1,1,0,0
TRPV4,UKB_hyperthyroid,Wald ratio,2,1,1,1
TRPV4,FinnGen_GO,Wald ratio,2,1,1,1
TRPV5,BBJ_Graves,Wald ratio,3,1,0,2
TRPV5,UKB_hyperthyroid,Inverse variance weighted,3,3,0,0
TRPV5,UKB_hyperthyroid,MR Egger,3,3,0,0
TRPV5,UKB_hyperthyroid,Weighted median,3,3,0,0
TRPV5,UKB_hyperthyroid,Weighted mode,3,3,0,0
TRPV5,FinnGen_GO,Inverse variance weighted,3,3,0,0
TRPV5,FinnGen_GO,MR Egger,3,3,0,0
TRPV5,FinnGen_GO,Weighted median,3,3,0,0
TRPV5,FinnGen_GO,Weighted mode,3,3,0,0
TRPV6,UKB_hyperthyroid,Wald ratio,1,1,1,0
TRPV6,FinnGen_GO,Wald ratio,1,1,1,0
TSG101,BBJ_Graves,Wald ratio,1,1,0,0
TSG101,UKB_hyperthyroid,Wald ratio,1,1,0,0
TSG101,FinnGen_GO,Wald ratio,1,1,0,0
TSHR,BBJ_Graves,Wald ratio,1,1,0,0
TSHR,UKB_hyperthyroid,Wald ratio,1,1,0,0
TSHR,FinnGen_GO,Wald ratio,1,1,0,0
TSPEAR,BBJ_Graves,Wald ratio,2,1,0,1
TSPEAR,UKB_hyperthyroid,Inverse variance weighted,2,2,0,0
TSPEAR,FinnGen_GO,Inverse variance weighted,2,2,0,0
TSPO,BBJ_Graves,Wald ratio,3,1,0,2
TSPO,UKB_hyperthyroid,Inverse variance weighted,3,3,0,0
TSPO,UKB_hyperthyroid,MR Egger,3,3,0,0
TSPO,UKB_hyperthyroid,Weighted median,3,3,0,0
TSPO,UKB_hyperthyroid,Weighted mode,3,3,0,0
TSPO,FinnGen_GO,Inverse variance weighted,3,3,0,0
TSPO,FinnGen_GO,MR Egger,3,3,0,0
TSPO,FinnGen_GO,Weighted median,3,3,0,0
TSPO,FinnGen_GO,Weighted mode,3,3,0,0
TSSK4,BBJ_Graves,Wald ratio,1,1,1,0
TSSK4,UKB_hyperthyroid,Wald ratio,1,1,1,0
TSSK4,FinnGen_GO,Wald ratio,1,1,1,0
TSSK6,UKB_hyperthyroid,Wald ratio,1,1,0,0
TSSK6,FinnGen_GO,Wald ratio,1,1,0,0
TTBK2,BBJ_Graves,Wald ratio,1,1,0,0
TTBK2,UKB_hyperthyroid,Wald ratio,1,1,0,0
TTBK2,FinnGen_GO,Wald ratio,1,1,0,0
TTK,BBJ_Graves,Wald ratio,1,1,0,0
TTK,UKB_hyperthyroid,Wald ratio,1,1,0,0
TTK,FinnGen_GO,Wald ratio,1,1,0,0
TTL,BBJ_Graves,Inverse variance weighted,2,2,1,0
TTL,UKB_hyperthyroid,Inverse variance weighted,2,2,1,0
TTL,FinnGen_GO,Inverse variance weighted,2,2,1,0
TTN,BBJ_Graves,Wald ratio,1,1,0,0
TTN,UKB_hyperthyroid,Wald ratio,1,1,0,0
TTN,FinnGen_GO,Wald ratio,1,1,0,0
TUB,BBJ_Graves,Wald ratio,1,1,0,0
TUB,UKB_hyperthyroid,Wald ratio,1,1,0,0
TUB,FinnGen_GO,Wald ratio,1,1,0,0
TUBA1A,UKB_hyperthyroid,Wald ratio,1,1,0,0
TUBA1A,FinnGen_GO,Wald ratio,1,1,0,0
TUBA1B,BBJ_Graves,Wald ratio,1,1,0,0
TUBA1B,UKB_hyperthyroid,Wald ratio,1,1,0,0
TUBA1B,FinnGen_GO,Wald ratio,1,1,0,0
TUBA1C,BBJ_Graves,Inverse variance weighted,3,2,0,1
TUBA1C,UKB_hyperthyroid,Inverse variance weighted,3,3,0,0
TUBA1C,UKB_hyperthyroid,MR Egger,3,3,0,0
TUBA1C,UKB_hyperthyroid,Weighted median,3,3,0,0
TUBA1C,UKB_hyperthyroid,Weighted mode,3,3,0,0
TUBA1C,FinnGen_GO,Inverse variance weighted,3,3,0,0
TUBA1C,FinnGen_GO,MR Egger,3,3,0,0
TUBA1C,FinnGen_GO,Weighted median,3,3,0,0
TUBA1C,FinnGen_GO,Weighted mode,3,3,0,0
TUBA4A,BBJ_Graves,Wald ratio,1,1,0,0
TUBA4A,UKB_hyperthyroid,Wald ratio,1,1,0,0
TUBA4A,FinnGen_GO,Wald ratio,1,1,0,0
TUBB,BBJ_Graves,Inverse variance weighted,3,2,1,1
TUBB,UKB_hyperthyroid,Inverse variance weighted,3,3,1,0
TUBB,UKB_hyperthyroid,MR Egger,3,3,1,0
TUBB,UKB_hyperthyroid,Weighted median,3,3,1,0
TUBB,UKB_hyperthyroid,Weighted mode,3,3,1,0
TUBB,FinnGen_GO,Inverse variance weighted,3,3,1,0
TUBB,FinnGen_GO,MR Egger,3,3,1,0
TUBB,FinnGen_GO,Weighted median,3,3,1,0
TUBB,FinnGen_GO,Weighted mode,3,3,1,0
TUBB1,BBJ_Graves,Wald ratio,1,1,0,0
TUBB1,UKB_hyperthyroid,Wald ratio,1,1,0,0
TUBB1,FinnGen_GO,Wald ratio,1,1,0,0
TUBB2A,BBJ_Graves,Inverse variance weighted,6,3,0,3
TUBB2A,BBJ_Graves,MR Egger,6,3,0,3
TUBB2A,BBJ_Graves,Weighted median,6,3,0,3
TUBB2A,BBJ_Graves,Weighted mode,6,3,0,3
TUBB2A,UKB_hyperthyroid,Inverse variance weighted,6,6,0,0
TUBB2A,UKB_hyperthyroid,MR Egger,6,6,0,0
TUBB2A,UKB_hyperthyroid,Weighted median,6,6,0,0
TUBB2A,UKB_hyperthyroid,Weighted mode,6,6,0,0
TUBB2A,FinnGen_GO,Inverse variance weighted,6,6,0,0
TUBB2A,FinnGen_GO,MR Egger,6,6,0,0
TUBB2A,FinnGen_GO,Weighted median,6,6,0,0
TUBB2A,FinnGen_GO,Weighted mode,6,6,0,0
TUBB2B,BBJ_Graves,Wald ratio,2,1,0,1
TUBB2B,UKB_hyperthyroid,Inverse variance weighted,2,2,0,0
TUBB2B,FinnGen_GO,Inverse variance weighted,2,2,0,0
TUBB4A,UKB_hyperthyroid,Wald ratio,1,1,0,0
TUBB4A,FinnGen_GO,Wald ratio,1,1,0,0
TUBB6,BBJ_Graves,Wald ratio,7,1,0,6
TUBB6,UKB_hyperthyroid,Inverse variance weighted,7,6,0,1
TUBB6,UKB_hyperthyroid,MR Egger,7,6,0,1
TUBB6,UKB_hyperthyroid,Weighted median,7,6,0,1
TUBB6,UKB_hyperthyroid,Weighted mode,7,6,0,1
TUBB6,FinnGen_GO,Inverse variance weighted,7,7,0,0
TUBB6,FinnGen_GO,MR Egger,7,7,0,0
TUBB6,FinnGen_GO,Weighted median,7,7,0,0
TUBB6,FinnGen_GO,Weighted mode,7,7,0,0
TUBD1,UKB_hyperthyroid,Wald ratio,1,1,0,0
TUBE1,BBJ_Graves,Wald ratio,1,1,0,0
TUBE1,UKB_hyperthyroid,Wald ratio,1,1,0,0
TUBE1,FinnGen_GO,Wald ratio,1,1,0,0
TUBG2,UKB_hyperthyroid,Wald ratio,1,1,0,0
TUBG2,FinnGen_GO,Wald ratio,1,1,0,0
TUFT1,BBJ_Graves,Inverse variance weighted,2,2,0,0
TUFT1,UKB_hyperthyroid,Inverse variance weighted,2,2,0,0
TUFT1,FinnGen_GO,Inverse variance weighted,2,2,0,0
TULP2,BBJ_Graves,Wald ratio,1,1,0,0
TULP2,UKB_hyperthyroid,Wald ratio,1,1,0,0
TULP2,FinnGen_GO,Wald ratio,1,1,0,0
TULP3,BBJ_Graves,Wald ratio,1,1,1,0
TULP3,UKB_hyperthyroid,Wald ratio,1,1,1,0
TULP3,FinnGen_GO,Wald ratio,1,1,1,0
TWSG1,BBJ_Graves,Wald ratio,1,1,0,0
TWSG1,UKB_hyperthyroid,Wald ratio,1,1,0,0
TWSG1,FinnGen_GO,Wald ratio,1,1,0,0
TXK,BBJ_Graves,Wald ratio,2,1,0,1
TXK,UKB_hyperthyroid,Inverse variance weighted,2,2,0,0
TXK,FinnGen_GO,Inverse variance weighted,2,2,0,0
TXN,BBJ_Graves,Inverse variance weighted,3,2,0,1
TXN,UKB_hyperthyroid,Inverse variance weighted,3,3,0,0
TXN,UKB_hyperthyroid,MR Egger,3,3,0,0
TXN,UKB_hyperthyroid,Weighted median,3,3,0,0
TXN,UKB_hyperthyroid,Weighted mode,3,3,0,0
TXN,FinnGen_GO,Inverse variance weighted,3,2,0,1
TXNDC12,BBJ_Graves,Wald ratio,4,1,0,3
TXNDC12,UKB_hyperthyroid,Inverse variance weighted,4,2,0,2
TXNDC12,FinnGen_GO,Inverse variance weighted,4,4,0,0
TXNDC12,FinnGen_GO,MR Egger,4,4,0,0
TXNDC12,FinnGen_GO,Weighted median,4,4,0,0
TXNDC12,FinnGen_GO,Weighted mode,4,4,0,0
TXNRD2,BBJ_Graves,Inverse variance weighted,3,3,0,0
TXNRD2,BBJ_Graves,MR Egger,3,3,0,0
TXNRD2,BBJ_Graves,Weighted median,3,3,0,0
TXNRD2,BBJ_Graves,Weighted mode,3,3,0,0
TXNRD2,UKB_hyperthyroid,Inverse variance weighted,3,3,0,0
TXNRD2,UKB_hyperthyroid,MR Egger,3,3,0,0
TXNRD2,UKB_hyperthyroid,Weighted median,3,3,0,0
TXNRD2,UKB_hyperthyroid,Weighted mode,3,3,0,0
TXNRD2,FinnGen_GO,Inverse variance weighted,3,3,0,0
TXNRD2,FinnGen_GO,MR Egger,3,3,0,0
TXNRD2,FinnGen_GO,Weighted median,3,3,0,0
TXNRD2,FinnGen_GO,Weighted mode,3,3,0,0
TXNRD3,BBJ_Graves,Wald ratio,1,1,1,0
TXNRD3,UKB_hyperthyroid,Wald ratio,1,1,1,0
TXNRD3,FinnGen_GO,Wald ratio,1,1,1,0
TYK2,BBJ_Graves,Inverse variance weighted,3,3,2,0
TYK2,BBJ_Graves,MR Egger,3,3,2,0
TYK2,BBJ_Graves,Weighted median,3,3,2,0
TYK2,BBJ_Graves,Weighted mode,3,3,2,0
TYK2,UKB_hyperthyroid,Inverse variance weighted,3,2,1,1
TYK2,FinnGen_GO,Inverse variance weighted,3,3,2,0
TYK2,FinnGen_GO,MR Egger,3,3,2,0
TYK2,FinnGen_GO,Weighted median,3,3,2,0
TYK2,FinnGen_GO,Weighted mode,3,3,2,0
TYMP,BBJ_Graves,Inverse variance weighted,5,2,0,3
TYMP,UKB_hyperthyroid,Inverse variance weighted,5,5,0,0
TYMP,UKB_hyperthyroid,MR Egger,5,5,0,0
TYMP,UKB_hyperthyroid,Weighted median,5,5,0,0
TYMP,UKB_hyperthyroid,Weighted mode,5,5,0,0
TYMP,FinnGen_GO,Inverse variance weighted,5,5,0,0
TYMP,FinnGen_GO,MR Egger,5,5,0,0
TYMP,FinnGen_GO,Weighted median,5,5,0,0
TYMP,FinnGen_GO,Weighted mode,5,5,0,0
UBA2,UKB_hyperthyroid,Wald ratio,1,1,0,0
UBA2,FinnGen_GO,Wald ratio,1,1,0,0
UBA6,UKB_hyperthyroid,Wald ratio,2,1,0,1
UBA6,FinnGen_GO,Inverse variance weighted,2,2,0,0
UBE2N,BBJ_Graves,Wald ratio,1,1,0,0
UBE2N,UKB_hyperthyroid,Wald ratio,1,1,0,0
UBE2N,FinnGen_GO,Wald ratio,1,1,0,0
UCHL1,BBJ_Graves,Wald ratio,1,1,1,0
UCHL1,UKB_hyperthyroid,Wald ratio,1,1,1,0
UCHL1,FinnGen_GO,Wald ratio,1,1,1,0
UCHL3,BBJ_Graves,Wald ratio,1,1,0,0
UCHL3,UKB_hyperthyroid,Wald ratio,1,1,0,0
UCHL3,FinnGen_GO,Wald ratio,1,1,0,0
UGCG,BBJ_Graves,Wald ratio,2,1,0,1
UGCG,UKB_hyperthyroid,Wald ratio,2,1,0,1
UGCG,FinnGen_GO,Inverse variance weighted,2,2,0,0
UGGT1,BBJ_Graves,Inverse variance weighted,2,2,0,0
UGGT1,UKB_hyperthyroid,Inverse variance weighted,2,2,0,0
UGGT1,FinnGen_GO,Inverse variance weighted,2,2,0,0
UGT2B11,BBJ_Graves,Wald ratio,2,1,0,1
UGT2B11,UKB_hyperthyroid,Inverse variance weighted,2,2,1,0
UGT2B11,FinnGen_GO,Wald ratio,2,1,0,1
UGT2B17,BBJ_Graves,Inverse variance weighted,2,2,0,0
UGT2B17,UKB_hyperthyroid,Inverse variance weighted,2,2,0,0
UGT2B17,FinnGen_GO,Inverse variance weighted,2,2,0,0
UGT2B28,BBJ_Graves,Wald ratio,1,1,1,0
UGT2B28,UKB_hyperthyroid,Wald ratio,1,1,1,0
UGT2B28,FinnGen_GO,Wald ratio,1,1,1,0
UGT8,BBJ_Graves,Wald ratio,1,1,0,0
UGT8,UKB_hyperthyroid,Wald ratio,1,1,0,0
UGT8,FinnGen_GO,Wald ratio,1,1,0,0
UHMK1,BBJ_Graves,Wald ratio,2,1,0,1
UHMK1,UKB_hyperthyroid,Inverse variance weighted,2,2,0,0
UHMK1,FinnGen_GO,Inverse variance weighted,2,2,0,0
ULBP2,BBJ_Graves,Wald ratio,1,1,0,0
ULBP2,UKB_hyperthyroid,Wald ratio,1,1,0,0
ULBP2,FinnGen_GO,Wald ratio,1,1,0,0
ULK1,BBJ_Graves,Wald ratio,1,1,1,0
ULK1,UKB_hyperthyroid,Wald ratio,1,1,1,0
ULK1,FinnGen_GO,Wald ratio,1,1,1,0
ULK2,BBJ_Graves,Wald ratio,1,1,0,0
ULK2,UKB_hyperthyroid,Wald ratio,1,1,0,0
ULK2,FinnGen_GO,Wald ratio,1,1,0,0
ULK3,BBJ_Graves,Wald ratio,2,1,0,1
ULK3,UKB_hyperthyroid,Inverse variance weighted,2,2,0,0
ULK3,FinnGen_GO,Inverse variance weighted,2,2,0,0
ULK4,BBJ_Graves,Inverse variance weighted,2,2,0,0
ULK4,UKB_hyperthyroid,Inverse variance weighted,2,2,0,0
ULK4,FinnGen_GO,Inverse variance weighted,2,2,0,0
UMPS,BBJ_Graves,Wald ratio,1,1,0,0
UMPS,UKB_hyperthyroid,Wald ratio,1,1,0,0
UMPS,FinnGen_GO,Wald ratio,1,1,0,0
UPK3A,BBJ_Graves,Inverse variance weighted,4,2,0,2
UPK3A,UKB_hyperthyroid,Inverse variance weighted,4,4,0,0
UPK3A,UKB_hyperthyroid,MR Egger,4,4,0,0
UPK3A,UKB_hyperthyroid,Weighted median,4,4,0,0
UPK3A,UKB_hyperthyroid,Weighted mode,4,4,0,0
UPK3A,FinnGen_GO,Inverse variance weighted,4,4,0,0
UPK3A,FinnGen_GO,MR Egger,4,4,0,0
UPK3A,FinnGen_GO,Weighted median,4,4,0,0
UPK3A,FinnGen_GO,Weighted mode,4,4,0,0
UPP1,BBJ_Graves,Inverse variance weighted,3,2,0,1
UPP1,UKB_hyperthyroid,Inverse variance weighted,3,3,0,0
UPP1,UKB_hyperthyroid,MR Egger,3,3,0,0
UPP1,UKB_hyperthyroid,Weighted median,3,3,0,0
UPP1,UKB_hyperthyroid,Weighted mode,3,3,0,0
UPP1,FinnGen_GO,Inverse variance weighted,3,3,0,0
UPP1,FinnGen_GO,MR Egger,3,3,0,0
UPP1,FinnGen_GO,Weighted median,3,3,0,0
UPP1,FinnGen_GO,Weighted mode,3,3,0,0
USP47,BBJ_Graves,Inverse variance weighted,2,2,1,0
USP47,UKB_hyperthyroid,Inverse variance weighted,2,2,1,0
USP47,FinnGen_GO,Inverse variance weighted,2,2,1,0
USP7,UKB_hyperthyroid,Wald ratio,1,1,0,0
USP7,FinnGen_GO,Wald ratio,1,1,0,0
UTP11L,BBJ_Graves,Wald ratio,2,1,1,1
UTP11L,UKB_hyperthyroid,Wald ratio,2,1,1,1
UTP11L,FinnGen_GO,Wald ratio,2,1,1,1
UTS2,BBJ_Graves,Inverse variance weighted,3,3,0,0
UTS2,BBJ_Graves,MR Egger,3,3,0,0
UTS2,BBJ_Graves,Weighted median,3,3,0,0
UTS2,BBJ_Graves,Weighted mode,3,3,0,0
UTS2,UKB_hyperthyroid,Inverse variance weighted,3,3,0,0
UTS2,UKB_hyperthyroid,MR Egger,3,3,0,0
UTS2,UKB_hyperthyroid,Weighted median,3,3,0,0
UTS2,UKB_hyperthyroid,Weighted mode,3,3,0,0
UTS2,FinnGen_GO,Inverse variance weighted,3,3,0,0
UTS2,FinnGen_GO,MR Egger,3,3,0,0
UTS2,FinnGen_GO,Weighted median,3,3,0,0
UTS2,FinnGen_GO,Weighted mode,3,3,0,0
UTS2B,BBJ_Graves,Wald ratio,2,1,1,1
UTS2B,UKB_hyperthyroid,Inverse variance weighted,2,2,1,0
UTS2B,FinnGen_GO,Inverse variance weighted,2,2,1,0
VAMP1,BBJ_Graves,Inverse variance weighted,3,3,0,0
VAMP1,BBJ_Graves,MR Egger,3,3,0,0
VAMP1,BBJ_Graves,Weighted median,3,3,0,0
VAMP1,BBJ_Graves,Weighted mode,3,3,0,0
VAMP1,UKB_hyperthyroid,Inverse variance weighted,3,3,0,0
VAMP1,UKB_hyperthyroid,MR Egger,3,3,0,0
VAMP1,UKB_hyperthyroid,Weighted median,3,3,0,0
VAMP1,UKB_hyperthyroid,Weighted mode,3,3,0,0
VAMP1,FinnGen_GO,Inverse variance weighted,3,3,0,0
VAMP1,FinnGen_GO,MR Egger,3,3,0,0
VAMP1,FinnGen_GO,Weighted median,3,3,0,0
VAMP1,FinnGen_GO,Weighted mode,3,3,0,0
VAMP2,BBJ_Graves,Inverse variance weighted,2,2,0,0
VAMP2,UKB_hyperthyroid,Inverse variance weighted,2,2,0,0
VAMP2,FinnGen_GO,Inverse variance weighted,2,2,0,0
VAMP8,BBJ_Graves,Inverse variance weighted,4,3,1,1
VAMP8,BBJ_Graves,MR Egger,4,3,1,1
VAMP8,BBJ_Graves,Weighted median,4,3,1,1
VAMP8,BBJ_Graves,Weighted mode,4,3,1,1
VAMP8,UKB_hyperthyroid,Inverse variance weighted,4,3,1,1
VAMP8,UKB_hyperthyroid,MR Egger,4,3,1,1
VAMP8,UKB_hyperthyroid,Weighted median,4,3,1,1
VAMP8,UKB_hyperthyroid,Weighted mode,4,3,1,1
VAMP8,FinnGen_GO,Inverse variance weighted,4,3,1,1
VAMP8,FinnGen_GO,MR Egger,4,3,1,1
VAMP8,FinnGen_GO,Weighted median,4,3,1,1
VAMP8,FinnGen_GO,Weighted mode,4,3,1,1
VASH1,BBJ_Graves,Inverse variance weighted,7,7,0,0
VASH1,BBJ_Graves,MR Egger,7,7,0,0
VASH1,BBJ_Graves,Weighted median,7,7,0,0
VASH1,BBJ_Graves,Weighted mode,7,7,0,0
VASH1,UKB_hyperthyroid,Inverse variance weighted,7,7,0,0
VASH1,UKB_hyperthyroid,MR Egger,7,7,0,0
VASH1,UKB_hyperthyroid,Weighted median,7,7,0,0
VASH1,UKB_hyperthyroid,Weighted mode,7,7,0,0
VASH1,FinnGen_GO,Inverse variance weighted,7,7,0,0
VASH1,FinnGen_GO,MR Egger,7,7,0,0
VASH1,FinnGen_GO,Weighted median,7,7,0,0
VASH1,FinnGen_GO,Weighted mode,7,7,0,0
VCAM1,BBJ_Graves,Wald ratio,2,1,0,1
VCAM1,UKB_hyperthyroid,Inverse variance weighted,2,2,0,0
VCAM1,FinnGen_GO,Inverse variance weighted,2,2,0,0
VCL,BBJ_Graves,Wald ratio,5,1,0,4
VCL,UKB_hyperthyroid,Inverse variance weighted,5,3,0,2
VCL,UKB_hyperthyroid,MR Egger,5,3,0,2
VCL,UKB_hyperthyroid,Weighted median,5,3,0,2
VCL,UKB_hyperthyroid,Weighted mode,5,3,0,2
VCL,FinnGen_GO,Inverse variance weighted,5,3,0,2
VCL,FinnGen_GO,MR Egger,5,3,0,2
VCL,FinnGen_GO,Weighted median,5,3,0,2
VCL,FinnGen_GO,Weighted mode,5,3,0,2
VCP,BBJ_Graves,Wald ratio,1,1,0,0
VCP,UKB_hyperthyroid,Wald ratio,1,1,0,0
VCP,FinnGen_GO,Wald ratio,1,1,0,0
VDR,BBJ_Graves,Inverse variance weighted,3,2,1,1
VDR,UKB_hyperthyroid,Inverse variance weighted,3,2,1,1
VDR,FinnGen_GO,Inverse variance weighted,3,2,1,1
VEGFA,BBJ_Graves,Inverse variance weighted,3,3,0,0
VEGFA,BBJ_Graves,MR Egger,3,3,0,0
VEGFA,BBJ_Graves,Weighted median,3,3,0,0
VEGFA,BBJ_Graves,Weighted mode,3,3,0,0
VEGFA,UKB_hyperthyroid,Inverse variance weighted,3,3,0,0
VEGFA,UKB_hyperthyroid,MR Egger,3,3,0,0
VEGFA,UKB_hyperthyroid,Weighted median,3,3,0,0
VEGFA,UKB_hyperthyroid,Weighted mode,3,3,0,0
VEGFA,FinnGen_GO,Inverse variance weighted,3,3,0,0
VEGFA,FinnGen_GO,MR Egger,3,3,0,0
VEGFA,FinnGen_GO,Weighted median,3,3,0,0
VEGFA,FinnGen_GO,Weighted mode,3,3,0,0
VEGFB,BBJ_Graves,Wald ratio,1,1,1,0
VEGFB,UKB_hyperthyroid,Wald ratio,1,1,1,0
VEGFB,FinnGen_GO,Wald ratio,1,1,1,0
VIM,BBJ_Graves,Inverse variance weighted,3,2,0,1
VIM,UKB_hyperthyroid,Inverse variance weighted,3,3,0,0
VIM,UKB_hyperthyroid,MR Egger,3,3,0,0
VIM,UKB_hyperthyroid,Weighted median,3,3,0,0
VIM,UKB_hyperthyroid,Weighted mode,3,3,0,0
VIM,FinnGen_GO,Inverse variance weighted,3,3,0,0
VIM,FinnGen_GO,MR Egger,3,3,0,0
VIM,FinnGen_GO,Weighted median,3,3,0,0
VIM,FinnGen_GO,Weighted mode,3,3,0,0
VIMP,BBJ_Graves,Wald ratio,1,1,0,0
VIMP,UKB_hyperthyroid,Wald ratio,1,1,0,0
VIMP,FinnGen_GO,Wald ratio,1,1,0,0
VIPR1,BBJ_Graves,Wald ratio,6,1,0,5
VIPR1,UKB_hyperthyroid,Inverse variance weighted,6,5,0,1
VIPR1,UKB_hyperthyroid,MR Egger,6,5,0,1
VIPR1,UKB_hyperthyroid,Weighted median,6,5,0,1
VIPR1,UKB_hyperthyroid,Weighted mode,6,5,0,1
VIPR1,FinnGen_GO,Inverse variance weighted,6,5,0,1
VIPR1,FinnGen_GO,MR Egger,6,5,0,1
VIPR1,FinnGen_GO,Weighted median,6,5,0,1
VIPR1,FinnGen_GO,Weighted mode,6,5,0,1
VIPR2,BBJ_Graves,Inverse variance weighted,2,2,0,0
VIPR2,UKB_hyperthyroid,Inverse variance weighted,2,2,0,0
VIPR2,FinnGen_GO,Inverse variance weighted,2,2,0,0
VIT,BBJ_Graves,Wald ratio,1,1,0,0
VIT,UKB_hyperthyroid,Wald ratio,1,1,0,0
VIT,FinnGen_GO,Wald ratio,1,1,0,0
VKORC1,BBJ_Graves,Wald ratio,1,1,0,0
VKORC1,UKB_hyperthyroid,Wald ratio,1,1,0,0
VKORC1L1,BBJ_Graves,Wald ratio,4,1,0,3
VKORC1L1,UKB_hyperthyroid,Wald ratio,4,1,0,3
VKORC1L1,FinnGen_GO,Inverse variance weighted,4,2,0,2
VMO1,BBJ_Graves,Inverse variance weighted,3,2,0,1
VMO1,UKB_hyperthyroid,Inverse variance weighted,3,3,0,0
VMO1,UKB_hyperthyroid,MR Egger,3,3,0,0
VMO1,UKB_hyperthyroid,Weighted median,3,3,0,0
VMO1,UKB_hyperthyroid,Weighted mode,3,3,0,0
VMO1,FinnGen_GO,Inverse variance weighted,3,3,0,0
VMO1,FinnGen_GO,MR Egger,3,3,0,0
VMO1,FinnGen_GO,Weighted median,3,3,0,0
VMO1,FinnGen_GO,Weighted mode,3,3,0,0
VN1R1,BBJ_Graves,Inverse variance weighted,2,2,1,0
VN1R1,UKB_hyperthyroid,Inverse variance weighted,2,2,1,0
VN1R1,FinnGen_GO,Wald ratio,2,1,1,1
VPREB1,UKB_hyperthyroid,Inverse variance weighted,2,2,0,0
VPREB1,FinnGen_GO,Inverse variance weighted,2,2,0,0
VRK1,BBJ_Graves,Wald ratio,1,1,0,0
VRK1,UKB_hyperthyroid,Wald ratio,1,1,0,0
VRK1,FinnGen_GO,Wald ratio,1,1,0,0
VRK2,BBJ_Graves,Wald ratio,1,1,0,0
VRK2,UKB_hyperthyroid,Wald ratio,1,1,0,0
VRK2,FinnGen_GO,Wald ratio,1,1,0,0
VSIG2,BBJ_Graves,Wald ratio,1,1,0,0
VSIG2,UKB_hyperthyroid,Wald ratio,1,1,0,0
VSIG2,FinnGen_GO,Wald ratio,1,1,0,0
VSTM1,BBJ_Graves,Inverse variance weighted,4,4,0,0
VSTM1,BBJ_Graves,MR Egger,4,4,0,0
VSTM1,BBJ_Graves,Weighted median,4,4,0,0
VSTM1,BBJ_Graves,Weighted mode,4,4,0,0
VSTM1,UKB_hyperthyroid,Inverse variance weighted,4,4,0,0
VSTM1,UKB_hyperthyroid,MR Egger,4,4,0,0
VSTM1,UKB_hyperthyroid,Weighted median,4,4,0,0
VSTM1,UKB_hyperthyroid,Weighted mode,4,4,0,0
VSTM1,FinnGen_GO,Inverse variance weighted,4,2,0,2
VWF,BBJ_Graves,Inverse variance weighted,4,3,0,1
VWF,BBJ_Graves,MR Egger,4,3,0,1
VWF,BBJ_Graves,Weighted median,4,3,0,1
VWF,BBJ_Graves,Weighted mode,4,3,0,1
VWF,UKB_hyperthyroid,Inverse variance weighted,4,4,0,0
VWF,UKB_hyperthyroid,MR Egger,4,4,0,0
VWF,UKB_hyperthyroid,Weighted median,4,4,0,0
VWF,UKB_hyperthyroid,Weighted mode,4,4,0,0
VWF,FinnGen_GO,Inverse variance weighted,4,4,0,0
VWF,FinnGen_GO,MR Egger,4,4,0,0
VWF,FinnGen_GO,Weighted median,4,4,0,0
VWF,FinnGen_GO,Weighted mode,4,4,0,0
WDR1,BBJ_Graves,Wald ratio,1,1,0,0
WDR1,UKB_hyperthyroid,Wald ratio,1,1,0,0
WDR1,FinnGen_GO,Wald ratio,1,1,0,0
WDR5,BBJ_Graves,Wald ratio,1,1,0,0
WDR5,UKB_hyperthyroid,Wald ratio,1,1,0,0
WDR5,FinnGen_GO,Wald ratio,1,1,0,0
WEE1,BBJ_Graves,Wald ratio,2,1,0,1
WEE1,UKB_hyperthyroid,Inverse variance weighted,2,2,0,0
WEE1,FinnGen_GO,Inverse variance weighted,2,2,0,0
WFIKKN1,BBJ_Graves,Inverse variance weighted,2,2,0,0
WFIKKN1,UKB_hyperthyroid,Inverse variance weighted,2,2,0,0
WFIKKN1,FinnGen_GO,Inverse variance weighted,2,2,0,0
WNK1,UKB_hyperthyroid,Wald ratio,2,1,1,1
WNK1,FinnGen_GO,Wald ratio,2,1,1,1
WNK2,BBJ_Graves,Wald ratio,1,1,0,0
WNK2,UKB_hyperthyroid,Wald ratio,1,1,0,0
WNK2,FinnGen_GO,Wald ratio,1,1,0,0
WNT10A,BBJ_Graves,Wald ratio,1,1,0,0
WNT10A,UKB_hyperthyroid,Wald ratio,1,1,0,0
WNT10A,FinnGen_GO,Wald ratio,1,1,0,0
WNT10B,BBJ_Graves,Wald ratio,1,1,0,0
WNT10B,UKB_hyperthyroid,Wald ratio,1,1,0,0
WNT10B,FinnGen_GO,Wald ratio,1,1,0,0
WNT11,BBJ_Graves,Wald ratio,1,1,0,0
WNT11,UKB_hyperthyroid,Wald ratio,1,1,0,0
WNT11,FinnGen_GO,Wald ratio,1,1,0,0
WNT16,UKB_hyperthyroid,Wald ratio,1,1,0,0
WNT16,FinnGen_GO,Wald ratio,1,1,0,0
WNT3,BBJ_Graves,Wald ratio,1,1,0,0
WNT3,UKB_hyperthyroid,Wald ratio,1,1,0,0
WNT3,FinnGen_GO,Wald ratio,1,1,0,0
WNT5B,BBJ_Graves,Wald ratio,1,1,0,0
WNT5B,UKB_hyperthyroid,Wald ratio,1,1,0,0
WNT5B,FinnGen_GO,Wald ratio,1,1,0,0
WNT7A,BBJ_Graves,Inverse variance weighted,2,2,0,0
WNT7A,UKB_hyperthyroid,Inverse variance weighted,2,2,0,0
WNT7A,FinnGen_GO,Inverse variance weighted,2,2,0,0
XBP1,BBJ_Graves,Inverse variance weighted,5,3,0,2
XBP1,BBJ_Graves,MR Egger,5,3,0,2
XBP1,BBJ_Graves,Weighted median,5,3,0,2
XBP1,BBJ_Graves,Weighted mode,5,3,0,2
XBP1,UKB_hyperthyroid,Inverse variance weighted,5,3,0,2
XBP1,UKB_hyperthyroid,MR Egger,5,3,0,2
XBP1,UKB_hyperthyroid,Weighted median,5,3,0,2
XBP1,UKB_hyperthyroid,Weighted mode,5,3,0,2
XBP1,FinnGen_GO,Inverse variance weighted,5,4,0,1
XBP1,FinnGen_GO,MR Egger,5,4,0,1
XBP1,FinnGen_GO,Weighted median,5,4,0,1
XBP1,FinnGen_GO,Weighted mode,5,4,0,1
XCL1,BBJ_Graves,Inverse variance weighted,4,3,0,1
XCL1,BBJ_Graves,MR Egger,4,3,0,1
XCL1,BBJ_Graves,Weighted median,4,3,0,1
XCL1,BBJ_Graves,Weighted mode,4,3,0,1
XCL1,UKB_hyperthyroid,Inverse variance weighted,4,4,0,0
XCL1,UKB_hyperthyroid,MR Egger,4,4,0,0
XCL1,UKB_hyperthyroid,Weighted median,4,4,0,0
XCL1,UKB_hyperthyroid,Weighted mode,4,4,0,0
XCL1,FinnGen_GO,Inverse variance weighted,4,4,0,0
XCL1,FinnGen_GO,MR Egger,4,4,0,0
XCL1,FinnGen_GO,Weighted median,4,4,0,0
XCL1,FinnGen_GO,Weighted mode,4,4,0,0
XCL2,BBJ_Graves,Wald ratio,2,1,0,1
XCL2,UKB_hyperthyroid,Inverse variance weighted,2,2,0,0
XCL2,FinnGen_GO,Inverse variance weighted,2,2,0,0
XCR1,BBJ_Graves,Wald ratio,1,1,0,0
XCR1,UKB_hyperthyroid,Wald ratio,1,1,0,0
XCR1,FinnGen_GO,Wald ratio,1,1,0,0
XYLT1,BBJ_Graves,Wald ratio,9,1,0,8
XYLT1,UKB_hyperthyroid,Inverse variance weighted,9,5,0,4
XYLT1,UKB_hyperthyroid,MR Egger,9,5,0,4
XYLT1,UKB_hyperthyroid,Weighted median,9,5,0,4
XYLT1,UKB_hyperthyroid,Weighted mode,9,5,0,4
XYLT1,FinnGen_GO,Inverse variance weighted,9,7,0,2
XYLT1,FinnGen_GO,MR Egger,9,7,0,2
XYLT1,FinnGen_GO,Weighted median,9,7,0,2
XYLT1,FinnGen_GO,Weighted mode,9,7,0,2
YARS,BBJ_Graves,Wald ratio,1,1,0,0
YARS,UKB_hyperthyroid,Wald ratio,1,1,0,0
YARS,FinnGen_GO,Wald ratio,1,1,0,0
YES1,BBJ_Graves,Wald ratio,1,1,0,0
YES1,UKB_hyperthyroid,Wald ratio,1,1,0,0
YES1,FinnGen_GO,Wald ratio,1,1,0,0
YWHAG,BBJ_Graves,Inverse variance weighted,3,3,0,0
YWHAG,BBJ_Graves,MR Egger,3,3,0,0
YWHAG,BBJ_Graves,Weighted median,3,3,0,0
YWHAG,BBJ_Graves,Weighted mode,3,3,0,0
YWHAG,UKB_hyperthyroid,Inverse variance weighted,3,3,0,0
YWHAG,UKB_hyperthyroid,MR Egger,3,3,0,0
YWHAG,UKB_hyperthyroid,Weighted median,3,3,0,0
YWHAG,UKB_hyperthyroid,Weighted mode,3,3,0,0
YWHAG,FinnGen_GO,Inverse variance weighted,3,3,0,0
YWHAG,FinnGen_GO,MR Egger,3,3,0,0
YWHAG,FinnGen_GO,Weighted median,3,3,0,0
YWHAG,FinnGen_GO,Weighted mode,3,3,0,0
ZAP70,BBJ_Graves,Inverse variance weighted,2,2,0,0
ZAP70,UKB_hyperthyroid,Inverse variance weighted,2,2,0,0
ZAP70,FinnGen_GO,Inverse variance weighted,2,2,0,0
ZP3,BBJ_Graves,Inverse variance weighted,3,2,0,1
ZP3,UKB_hyperthyroid,Inverse variance weighted,3,3,1,0
ZP3,UKB_hyperthyroid,MR Egger,3,3,1,0
ZP3,UKB_hyperthyroid,Weighted median,3,3,1,0
ZP3,UKB_hyperthyroid,Weighted mode,3,3,1,0
ZP3,FinnGen_GO,Inverse variance weighted,3,3,1,0
ZP3,FinnGen_GO,MR Egger,3,3,1,0
ZP3,FinnGen_GO,Weighted median,3,3,1,0
ZP3,FinnGen_GO,Weighted mode,3,3,1,0
